Season,Gamecode,Home,Player_ID,IsStarter,IsPlaying,Team,Dorsal,Player,Minutes,Points,FieldGoalsMade2,FieldGoalsAttempted2,FieldGoalsMade3,FieldGoalsAttempted3,FreeThrowsMade,FreeThrowsAttempted,OffensiveRebounds,DefensiveRebounds,TotalRebounds,Assistances,Steals,Turnovers,BlocksFavour,BlocksAgainst,FoulsCommited,FoulsReceived,Valuation,Plusminus
2024,1,1,P012099   ,0.0,0.0,BER,2,"GROSBER, DORIAN",DNP,0,0,0,0,0,0,0,0,0,0,0,0,0,0,0,0,0,0,0.0
2024,1,1,P008173   ,0.0,0.0,BER,3,"SPAGNOLO, MATTEO",16:18,8,4,7,0,2,0,0,0,1,1,2,0,1,0,0,2,1,4,-6.0
2024,1,1,P011934   ,0.0,0.0,BER,5,"WETZELL, YANNI",19:03,6,2,6,0,0,2,2,3,4,7,0,0,2,0,0,0,1,8,-12.0
2024,1,1,P008062   ,0.0,0.0,BER,7,"MCDOWELL-WHITE, WILL",15:15,13,2,2,3,4,0,0,0,1,1,1,0,1,0,0,1,0,12,-8.0
2024,1,1,P007025   ,1.0,1.0,BER,9,"MATTISSECK, JONAS",21:09,6,1,1,1,4,1,1,0,1,1,0,1,0,0,1,4,1,1,-7.0
2024,1,1,P006251   ,0.0,0.0,BER,10,"SCHNEIDER, TIM",DNP,0,0,0,0,0,0,0,0,0,0,0,0,0,0,0,0,0,0,0.0
2024,1,1,P008780   ,1.0,1.0,BER,15,"HERMANNSSON, MARTIN",27:18,12,3,4,1,2,3,4,0,2,2,9,0,3,0,0,2,3,18,1.0
2024,1,1,P006919   ,1.0,0.0,BER,19,"OLINDE, LOUIS",25:18,6,2,3,0,7,2,3,1,3,4,1,0,0,0,0,1,2,3,-10.0
2024,1,1,P010791   ,1.0,1.0,BER,21,"KOUMADJE, KHALIFA",22:25,8,4,7,0,0,0,0,5,8,13,0,0,1,0,0,1,2,18,-6.0
2024,1,1,P011631   ,1.0,0.0,BER,25,"RAPIEQUE, ELIAS",10:49,2,1,1,0,3,0,0,0,1,1,1,1,1,0,0,2,0,-1,0.0
2024,1,1,P012721   ,0.0,1.0,BER,34,"BEAN, JUSTIN",18:08,5,1,1,1,1,0,0,1,4,5,1,0,0,0,0,0,1,12,6.0
2024,1,1,P012604   ,0.0,1.0,BER,50,"WILLIAMS, TREVION",24:17,11,1,3,3,8,0,0,2,2,4,4,0,2,1,0,3,0,8,-8.0
2024,1,1,Team,0.0,0.0,BER,,Team,,0,0,0,0,0,0,0,0,1,1,0,0,0,0,0,0,0,1,
2024,1,1,Total,,,BER,,Total,200:00,77,21,35,9,31,8,10,12,28,40,19,2,11,1,1,16,11,84,
2024,1,0,P011209   ,0.0,0.0,PAN,0,"KALAITZAKIS, PANAGIOTIS",00:50,0,0,0,0,0,0,0,0,0,0,0,0,0,0,0,0,0,0,-5.0
2024,1,0,P009622   ,1.0,0.0,PAN,2,"BROWN, LORENZO",20:11,5,2,3,0,2,1,1,0,2,2,5,0,1,0,0,2,2,8,15.0
2024,1,0,P001926   ,0.0,1.0,PAN,10,"SLOUKAS, KOSTAS",16:00,10,1,3,2,5,2,2,0,0,0,5,0,0,0,0,0,5,15,5.0
2024,1,0,P004088   ,0.0,0.0,PAN,16,"OSMAN, CEDI",14:39,5,1,1,1,3,0,0,0,1,1,1,1,0,1,0,0,0,7,-2.0
2024,1,0,P005161   ,0.0,0.0,PAN,21,"PAPAPETROU, IOANNIS",DNP,0,0,0,0,0,0,0,0,0,0,0,0,0,0,0,0,0,0,0.0
2024,1,0,P011204   ,0.0,1.0,PAN,22,"GRANT, JERIAN",21:16,10,2,4,2,3,0,0,0,1,1,2,1,0,0,0,1,1,11,-4.0
2024,1,0,P012774   ,1.0,1.0,PAN,25,"NUNN, KENDRICK",32:13,16,4,9,1,5,5,5,0,3,3,4,1,0,0,1,2,3,15,15.0
2024,1,0,P003842   ,1.0,1.0,PAN,26,"LESSORT, MATHIAS",27:08,14,6,7,0,2,2,2,1,7,8,1,2,0,0,0,1,2,23,8.0
2024,1,0,P002328   ,1.0,0.0,PAN,40,"GRIGONIS, MARIUS",17:15,3,0,1,1,4,0,0,1,1,2,1,0,2,0,0,1,2,1,11.0
2024,1,0,P012712   ,0.0,1.0,PAN,41,"HERNANGOMEZ, JUANCHO",21:16,11,1,2,3,5,0,0,0,1,1,2,1,0,0,0,0,0,12,-3.0
2024,1,0,P007866   ,1.0,0.0,PAN,44,"MITOGLOU, KONSTANTINOS",14:56,5,0,0,1,1,2,2,0,4,4,0,1,0,0,0,3,1,8,7.0
2024,1,0,P005353   ,0.0,0.0,PAN,77,"YURTSEVEN, OMER",14:16,8,4,4,0,0,0,0,1,2,3,0,0,0,0,0,1,0,10,3.0
2024,1,0,Team,0.0,0.0,PAN,,Team,,0,0,0,0,0,0,0,1,2,3,0,0,1,0,0,0,0,2,
2024,1,0,Total,,,PAN,,Total,200:00,87,21,34,11,30,12,12,4,24,28,21,7,4,1,1,11,16,112,
2024,2,1,P011212   ,0.0,1.0,MCO,0,"OKOBO, ELIE",25:40,14,3,4,2,6,2,2,0,1,1,4,3,1,0,0,3,2,15,9.0
2024,2,1,P011231   ,0.0,1.0,MCO,4,"BLOSSOMGAME, JARON",20:37,7,3,4,0,0,1,2,1,1,2,0,0,0,0,0,1,1,7,11.0
2024,2,1,P005844   ,0.0,0.0,MCO,9,"PAPAGIANNIS, GEORGIOS",19:24,7,2,3,1,3,0,0,1,2,3,1,0,1,0,0,1,0,6,9.0
2024,2,1,P005763   ,1.0,0.0,MCO,10,"KORKMAZ, FURKAN",14:20,10,3,4,1,2,1,2,0,1,1,0,2,1,0,0,2,1,8,4.0
2024,2,1,P011226   ,1.0,1.0,MCO,11,"DIALLO, ALPHA",29:27,20,5,8,2,3,4,5,2,3,5,4,2,1,0,0,3,4,26,8.0
2024,2,1,P004790   ,0.0,0.0,MCO,12,"CORNELIE, PETR",DNP,0,0,0,0,0,0,0,0,0,0,0,0,0,0,0,0,0,0,0.0
2024,2,1,P002581   ,1.0,1.0,MCO,14,"JAITEH, MAM",20:36,10,5,6,0,0,0,0,3,4,7,1,0,2,1,0,2,3,17,4.0
2024,2,1,PLCZ      ,1.0,0.0,MCO,20,"MOTIEJUNAS, DONATAS",23:31,2,1,6,0,1,0,0,5,3,8,0,0,1,0,0,2,0,1,7.0
2024,2,1,P012515   ,0.0,0.0,MCO,22,"TARPEY, TERRY",DNP,0,0,0,0,0,0,0,0,0,0,0,0,0,0,0,0,0,0,0.0
2024,2,1,P013365   ,0.0,0.0,MCO,30,"BROWN, VITTO",06:25,4,1,1,0,2,2,2,2,1,3,0,1,0,0,0,2,1,5,0.0
2024,2,1,P008099   ,0.0,1.0,MCO,32,"STRAZEL, MATTHEW",21:26,10,1,1,2,5,2,3,0,0,0,0,0,1,0,0,3,3,5,4.0
2024,2,1,P005985   ,1.0,0.0,MCO,55,"JAMES, MIKE",18:34,9,2,3,0,4,5,5,0,1,1,5,0,0,0,1,1,3,11,9.0
2024,2,1,Team,0.0,0.0,MCO,,Team,,0,0,0,0,0,0,0,1,4,5,0,0,0,0,0,0,0,5,
2024,2,1,Total,,,MCO,,Total,200:00,93,26,40,8,26,17,21,15,21,36,15,8,8,1,1,20,18,106,
2024,2,0,P006085   ,0.0,1.0,MIL,1,"DIMITRIJEVIC, NENO",24:04,11,3,6,1,2,2,2,2,4,6,5,0,2,0,0,3,2,15,-10.0
2024,2,0,P001392   ,1.0,0.0,MIL,5,"CAUSEUR, FABIEN",15:25,2,1,4,0,0,0,0,1,2,3,1,1,0,0,1,4,0,-1,-6.0
2024,2,0,P006509   ,0.0,0.0,MIL,7,"TONUT, STEFANO",04:21,0,0,0,0,0,0,0,0,0,0,0,0,0,0,0,0,0,0,5.0
2024,2,0,P008985   ,1.0,1.0,MIL,10,"BOLMARO, LEANDRO",22:49,9,3,4,0,2,3,4,0,2,2,3,0,2,0,0,2,3,9,-5.0
2024,2,0,P013384   ,0.0,0.0,MIL,12,"BROOKS, ARMONI",15:16,16,2,2,4,5,0,0,0,1,1,0,0,0,0,0,1,0,15,1.0
2024,2,0,P008987   ,0.0,0.0,MIL,16,"LEDAY, ZACH",17:52,11,2,3,1,1,4,4,0,1,1,0,0,0,0,0,1,5,15,-2.0
2024,2,0,P001518   ,0.0,0.0,MIL,17,"RICCI, GIAMPAOLO",09:46,3,0,0,1,1,0,0,0,0,0,0,1,1,0,0,3,0,0,-6.0
2024,2,0,P013385   ,0.0,0.0,MIL,25,"DIOP, OUSMANE",DNP,0,0,0,0,0,0,0,0,0,0,0,0,0,0,0,0,0,0,0.0
2024,2,0,P007831   ,1.0,1.0,MIL,31,"SHIELDS, SHAVON",28:19,10,2,5,1,2,3,4,0,2,2,2,1,4,0,0,2,5,9,-18.0
2024,2,0,P011199   ,1.0,1.0,MIL,32,"NEBO, JOSH",22:24,7,3,5,0,0,1,3,1,1,2,0,0,1,1,0,0,3,8,-15.0
2024,2,0,P000796   ,1.0,1.0,MIL,33,"MIROTIC, NIKOLA",27:19,9,0,0,2,5,3,4,1,2,3,0,2,2,0,0,2,2,8,-15.0
2024,2,0,P013386   ,0.0,0.0,MIL,35,"MC CORMACK, DAVID",12:25,2,1,3,0,0,0,0,0,0,0,0,0,0,0,0,1,0,-1,6.0
2024,2,0,Team,0.0,0.0,MIL,,Team,,0,0,0,0,0,0,0,1,2,3,0,0,1,0,0,0,0,2,
2024,2,0,Total,,,MIL,,Total,200:00,80,17,32,10,18,16,21,6,17,23,11,5,13,1,1,19,20,79,
2024,3,1,P011925   ,1.0,0.0,ZAL,1,"WALLACE, TYRONE",15:40,6,3,5,0,1,0,0,0,2,2,2,1,2,0,0,1,3,8,-4.0
2024,3,1,P007975   ,0.0,0.0,ZAL,3,"FRANCISCO, SYLVAIN",17:44,19,2,4,4,6,3,4,2,2,4,3,1,1,0,0,2,3,22,11.0
2024,3,1,P003210   ,0.0,0.0,ZAL,4,"LEKAVICIUS, LUKAS",00:28,0,0,0,0,0,0,0,0,0,0,0,0,0,0,0,0,0,0,0.0
2024,3,1,P011983   ,1.0,1.0,ZAL,8,"BRAZDEIKIS, IGNAS",25:39,17,7,11,1,5,0,0,1,4,5,0,0,1,0,0,2,0,11,8.0
2024,3,1,P007513   ,1.0,1.0,ZAL,9,"GIEDRAITIS, DOVYDAS",26:29,7,2,2,1,3,0,0,0,2,2,1,1,1,0,0,2,1,7,5.0
2024,3,1,P005504   ,1.0,0.0,ZAL,15,"BIRUTIS, LAURYNAS",19:13,3,1,2,0,0,1,3,1,4,5,1,0,1,2,0,1,2,8,-7.0
2024,3,1,P011051   ,0.0,0.0,ZAL,18,"SMAILAGIC, ALEN",04:25,0,0,0,0,1,0,0,0,2,2,0,1,0,0,0,2,0,0,4.0
2024,3,1,P012622   ,0.0,1.0,ZAL,21,"MITCHELL, MATTHEW",21:37,6,3,7,0,5,0,0,3,3,6,0,1,0,0,0,3,1,2,3.0
2024,3,1,P003048   ,0.0,1.0,ZAL,42,"DUNSTON, BRYANT",16:22,0,0,1,0,0,0,0,2,1,3,0,0,1,1,0,3,0,-1,10.0
2024,3,1,P002676   ,1.0,1.0,ZAL,51,"BUTKEVICIUS, ARNAS",24:49,6,0,1,2,4,0,0,2,1,3,0,2,0,0,0,1,1,8,0.0
2024,3,1,P007029   ,0.0,0.0,ZAL,91,"SIRVYDIS, DEIVIDAS",12:23,8,0,0,2,3,2,2,0,1,1,0,0,3,0,0,2,1,4,-2.0
2024,3,1,P002329   ,0.0,0.0,ZAL,92,"ULANOVAS, EDGARAS",15:11,2,1,2,0,1,0,0,1,2,3,1,2,2,0,0,1,5,8,7.0
2024,3,1,Team,0.0,0.0,ZAL,,Team,,0,0,0,0,0,0,0,1,1,2,0,0,1,0,0,0,0,1,
2024,3,1,Total,,,ZAL,,Total,200:00,74,19,35,10,29,6,9,13,25,38,8,9,13,3,0,20,17,78,
2024,3,0,P009862   ,1.0,0.0,BAR,0,"PUNTER, KEVIN",24:52,11,1,3,2,4,3,3,0,2,2,1,0,1,0,0,2,4,11,-14.0
2024,3,0,P012795   ,1.0,1.0,BAR,1,"ANDERSON, JUSTIN",14:16,4,1,2,0,0,2,2,0,0,0,1,0,1,0,0,0,1,4,-10.0
2024,3,0,P000925   ,0.0,0.0,BAR,6,"VESELY, JAN",20:48,7,2,6,0,0,3,4,0,3,3,1,1,0,0,0,2,3,8,-7.0
2024,3,0,P013379   ,0.0,1.0,BAR,10,"METU, CHIMEZIE",22:35,7,3,4,0,3,1,2,2,4,6,0,2,1,0,1,3,2,7,-8.0
2024,3,0,P002939   ,1.0,1.0,BAR,13,"SATORANSKY, TOMAS",28:00,2,1,5,0,0,0,0,4,3,7,5,0,3,0,1,3,2,5,-5.0
2024,3,0,P003196   ,1.0,0.0,BAR,14,"HERNANGOMEZ, WILLY",11:34,8,3,6,0,0,2,4,1,0,1,1,0,0,0,1,2,2,4,-4.0
2024,3,0,P010106   ,0.0,0.0,BAR,17,"NUNEZ, JUAN",07:28,0,0,1,0,0,0,0,1,2,3,1,0,1,0,0,1,2,3,-1.0
2024,3,0,P006568   ,0.0,0.0,BAR,19,"FALL, YOUSSOUPHA",DNP,0,0,0,0,0,0,0,0,0,0,0,0,0,0,0,0,0,0,0.0
2024,3,0,P006435   ,0.0,1.0,BAR,20,"LAPROVITTOLA, NICOLAS",23:29,12,3,4,1,2,3,4,0,1,1,8,3,2,0,0,3,4,20,11.0
2024,3,0,P003478   ,0.0,1.0,BAR,21,"ABRINES, ALEX",23:00,5,1,1,1,6,0,0,0,3,3,1,1,0,0,0,1,0,4,-3.0
2024,3,0,P012745   ,1.0,0.0,BAR,22,"PARKER, JABARI",23:58,11,4,5,1,5,0,0,0,2,2,0,0,0,0,0,0,0,8,6.0
2024,3,0,P007464   ,0.0,0.0,BAR,44,"PARRA, JOEL",DNP,0,0,0,0,0,0,0,0,0,0,0,0,0,0,0,0,0,0,0.0
2024,3,0,Team,0.0,0.0,BAR,,Team,,0,0,0,0,0,0,0,3,0,3,0,0,1,0,0,0,0,2,
2024,3,0,Total,,,BAR,,Total,200:00,67,19,37,5,20,14,19,11,20,31,19,7,10,0,3,17,20,76,
2024,4,1,P011948   ,0.0,0.0,BAS,0,"HOWARD, MARKUS",20:07,17,2,6,3,6,4,4,0,1,1,1,0,1,0,0,1,2,12,9.0
2024,4,1,P008850   ,0.0,0.0,BAS,2,"RAIESTE, SANDER",DNP,0,0,0,0,0,0,0,0,0,0,0,0,0,0,0,0,0,0,0.0
2024,4,1,P007230   ,1.0,1.0,BAS,8,"SEDEKERSKIS, TADAS",27:08,14,3,3,2,3,2,4,1,5,6,1,0,0,0,0,0,3,21,-4.0
2024,4,1,P012080   ,1.0,1.0,BAS,9,"LUWAWU-CABARROT, TIMOTHE",30:53,15,5,10,1,2,2,2,1,3,4,2,2,2,1,0,3,1,14,8.0
2024,4,1,P004058   ,0.0,0.0,BAS,10,"JARAMAZ, OGNJEN",01:03,2,1,1,0,0,0,0,0,0,0,0,0,0,0,0,1,0,1,1.0
2024,4,1,P013367   ,1.0,1.0,BAS,11,"FORREST, TRENT",22:11,10,2,3,1,1,3,3,0,2,2,4,1,1,0,0,0,2,17,5.0
2024,4,1,P011085   ,0.0,0.0,BAS,17,"ROGKAVOPOULOS, NIKOLAOS",06:55,0,0,1,0,1,0,0,0,1,1,0,0,0,0,0,1,0,-2,-3.0
2024,4,1,P008072   ,0.0,0.0,BAS,18,"DIOP, KHALIFA",17:12,2,1,1,0,0,0,0,1,3,4,0,0,1,1,0,1,1,6,2.0
2024,4,1,P012597   ,0.0,0.0,BAS,44,"BALDWIN, KAMAR",16:46,7,2,3,1,3,0,0,0,1,1,2,0,1,0,0,1,0,5,0.0
2024,4,1,P011196   ,1.0,1.0,BAS,45,"HALL, DONTA",22:20,8,3,3,0,0,2,2,1,3,4,0,0,0,4,0,4,2,14,4.0
2024,4,1,P012058   ,0.0,0.0,BAS,46,"NDIAYE, OUSMANE",DNP,0,0,0,0,0,0,0,0,0,0,0,0,0,0,0,0,0,0,0.0
2024,4,1,P012201   ,1.0,1.0,BAS,95,"MONEKE, CHIMA",35:25,13,2,4,1,5,6,6,2,2,4,4,1,3,0,0,2,5,16,8.0
2024,4,1,Team,0.0,0.0,BAS,,Team,,0,0,0,0,0,0,0,0,3,3,0,0,1,0,0,0,0,2,
2024,4,1,Total,,,BAS,,Total,200:00,88,21,35,9,21,19,21,6,24,30,14,4,10,6,0,14,16,106,
2024,4,0,P007870   ,1.0,1.0,PAR,0,"DAVIES, BRANDON",30:38,20,5,7,3,6,1,2,1,0,1,3,1,2,0,1,3,2,15,-5.0
2024,4,0,P010781   ,1.0,1.0,PAR,1,"LUNDBERG, IFFE",22:55,10,2,5,2,4,0,0,0,1,1,4,0,2,0,0,1,2,9,1.0
2024,4,0,P013369   ,0.0,1.0,PAR,2,"JONES, CARLIK",19:59,4,2,6,0,0,0,0,0,3,3,6,1,1,0,1,1,2,9,-5.0
2024,4,0,P006591   ,0.0,0.0,PAR,3,"NTILIKINA, FRANK",17:52,3,0,0,1,2,0,0,0,1,1,0,0,0,0,0,1,1,3,-9.0
2024,4,0,P011050   ,0.0,0.0,PAR,5,"KOPRIVICA, BALSA",DNP,0,0,0,0,0,0,0,0,0,0,0,0,0,0,0,0,0,0,0.0
2024,4,0,P007632   ,0.0,0.0,PAR,7,"NAKIC, MARIO",DNP,0,0,0,0,0,0,0,0,0,0,0,0,0,0,0,0,0,0,0.0
2024,4,0,P004761   ,1.0,1.0,PAR,9,"MARINKOVIC, VANJA",28:56,11,1,1,3,6,0,0,1,3,4,2,0,0,0,0,4,0,10,6.0
2024,4,0,P008232   ,0.0,0.0,PAR,11,"POKUSEVSKI, ALEKSEJ",DNP,0,0,0,0,0,0,0,0,0,0,0,0,0,0,0,0,0,0,0.0
2024,4,0,P012720   ,1.0,0.0,PAR,12,"BROWN, STERLING",24:49,4,2,6,0,2,0,0,0,3,3,3,2,2,0,3,2,0,-1,-6.0
2024,4,0,P006760   ,0.0,1.0,PAR,17,"BONGA, ISAAC",23:38,8,0,5,2,4,2,2,0,4,4,1,0,0,0,1,1,1,5,-3.0
2024,4,0,P007736   ,0.0,0.0,PAR,19,"LAKIC, ARIJAN",DNP,0,0,0,0,0,0,0,0,0,0,0,0,0,0,0,0,0,0,0.0
2024,4,0,P011981   ,1.0,0.0,PAR,88,"JONES, TYRIQUE",31:13,22,9,10,0,0,4,6,1,3,4,1,2,1,0,0,3,6,28,-9.0
2024,4,0,Team,0.0,0.0,PAR,,Team,,0,0,0,0,0,0,0,4,2,6,0,0,2,0,0,0,0,4,
2024,4,0,Total,,,PAR,,Total,200:00,82,21,40,11,24,7,10,7,20,27,20,6,10,0,6,16,14,82,
2024,5,1,P010391   ,1.0,1.0,MUN,0,"WEILER-BABB, NICK",17:09,0,0,2,0,2,0,0,0,0,0,4,1,3,0,0,0,1,-1,-6.0
2024,5,1,P011244   ,0.0,0.0,MUN,1,"DA SILVA, OSCAR",14:53,4,1,2,0,0,2,2,1,0,1,0,1,1,0,0,2,2,4,-2.0
2024,5,1,P011987   ,0.0,1.0,MUN,3,"EDWARDS, CARSEN",26:55,14,4,7,1,9,3,3,1,2,3,6,0,1,0,1,2,4,12,10.0
2024,5,1,P001557   ,0.0,1.0,MUN,5,"GIFFEY, NIELS",18:36,6,0,0,2,2,0,0,0,3,3,1,1,0,1,0,0,1,13,15.0
2024,5,1,P007201   ,1.0,0.0,MUN,7,"VOIGTMANN, JOHANNES",33:52,19,2,3,5,9,0,2,3,7,10,4,1,2,0,0,3,1,23,-6.0
2024,5,1,P011224   ,0.0,1.0,MUN,8,"NAPIER, SHABAZZ",23:11,25,4,7,4,5,5,6,0,2,2,2,1,3,0,1,3,5,23,21.0
2024,5,1,P001288   ,1.0,1.0,MUN,11,"LUCIC, VLADIMIR",23:07,9,1,2,0,2,7,7,1,2,3,1,1,1,0,0,0,4,14,-9.0
2024,5,1,P004508   ,1.0,0.0,MUN,13,"OBST, ANDREAS",13:05,9,1,1,2,3,1,2,0,0,0,2,0,1,0,0,2,3,9,-2.0
2024,5,1,P005460   ,0.0,0.0,MUN,20,"HARRIS, ELIAS",DNP,0,0,0,0,0,0,0,0,0,0,0,0,0,0,0,0,0,0,0.0
2024,5,1,P007639   ,0.0,0.0,MUN,22,"BRANKOVIC, DANKO",04:15,0,0,0,0,0,0,0,0,1,1,0,1,0,0,0,1,0,1,6.0
2024,5,1,P007056   ,1.0,0.0,MUN,31,"BOOKER, DEVIN",24:57,11,3,4,1,3,2,2,1,2,3,2,1,3,0,1,5,3,8,13.0
2024,5,1,P011052   ,0.0,0.0,MUN,41,"MADAR, YAM",DNP,0,0,0,0,0,0,0,0,0,0,0,0,0,0,0,0,0,0,0.0
2024,5,1,Team,0.0,0.0,MUN,,Team,,0,0,0,0,0,0,0,3,1,4,0,0,1,0,0,0,0,3,
2024,5,1,Total,,,MUN,,Total,200:00,97,16,28,15,35,20,24,10,20,30,22,8,16,1,3,18,24,109,
2024,5,0,P003733   ,1.0,0.0,MAD,6,"ABALDE, ALBERTO",17:06,3,0,0,1,2,0,0,0,1,1,0,1,2,0,0,2,0,0,9.0
2024,5,0,P005928   ,1.0,0.0,MAD,7,"CAMPAZZO, FACUNDO",27:22,19,2,7,3,5,6,6,0,1,1,9,2,3,0,1,5,6,21,5.0
2024,5,0,P013378   ,0.0,1.0,MAD,8,"RATHAN-MAYES, XAVIER",14:27,12,4,5,1,3,1,5,0,1,1,1,3,1,1,0,3,3,10,-8.0
2024,5,0,P011649   ,0.0,0.0,MAD,9,"GONZALEZ, HUGO",07:28,0,0,0,0,0,0,0,0,1,1,0,0,1,0,0,0,1,1,2.0
2024,5,0,P006540   ,1.0,1.0,MAD,13,"MUSA, DZANAN",24:16,18,5,8,2,5,2,2,0,2,2,4,0,4,0,0,2,1,13,1.0
2024,5,0,P009005   ,0.0,1.0,MAD,14,"DECK, GABRIEL",27:32,11,4,4,0,1,3,4,0,5,5,1,0,1,0,0,2,2,14,-12.0
2024,5,0,P007630   ,0.0,0.0,MAD,16,"GARUBA, USMAN",04:38,2,1,1,0,0,0,0,0,0,0,0,0,0,0,0,3,0,-1,-4.0
2024,5,0,P003583   ,0.0,1.0,MAD,18,"IBAKA, SERGE",16:26,9,3,4,1,3,0,0,2,2,4,0,0,1,0,0,4,0,5,-7.0
2024,5,0,P005791   ,1.0,0.0,MAD,22,"TAVARES, WALTER",21:05,12,5,5,0,0,2,3,3,6,9,0,0,2,2,0,2,2,20,2.0
2024,5,0,PTGB      ,0.0,1.0,MAD,23,"LLULL, SERGIO",13:55,3,0,0,1,2,0,0,0,1,1,1,1,0,0,0,1,2,6,-16.0
2024,5,0,P011247   ,0.0,0.0,MAD,24,"FELIZ, ANDRES",11:38,0,0,1,0,0,0,0,0,0,0,2,1,2,0,0,2,1,-1,-11.0
2024,5,0,P009213   ,1.0,0.0,MAD,30,"NDIAYE, ELI",14:07,0,0,0,0,1,0,0,0,1,1,0,0,0,0,0,0,0,0,-1.0
2024,5,0,Team,0.0,0.0,MAD,,Team,,0,0,0,0,0,0,0,2,1,3,0,0,0,0,0,0,0,3,
2024,5,0,Total,,,MAD,,Total,200:00,89,24,35,9,22,14,20,7,22,29,18,8,17,3,1,26,18,91,
2024,6,1,P006835   ,0.0,1.0,TEL,1,"HOARD, JAYLEN",21:23,15,6,12,0,0,3,4,3,1,4,1,0,0,0,1,1,2,13,-1.0
2024,6,1,P009754   ,1.0,0.0,TEL,3,"LOYD, JORDAN",26:31,15,5,8,1,3,2,2,0,1,1,2,1,1,0,0,2,1,12,19.0
2024,6,1,P007855   ,0.0,1.0,TEL,7,"KABA, ALPHA",02:17,0,0,0,0,0,0,0,0,1,1,0,0,0,0,0,1,0,0,-2.0
2024,6,1,P004233   ,0.0,0.0,TEL,8,"MENCO, RAFI",04:22,0,0,0,0,0,0,0,0,0,0,0,0,0,0,0,0,0,0,-8.0
2024,6,1,P011219   ,1.0,0.0,TEL,9,"SORKIN, ROMAN",22:29,7,3,5,0,3,1,2,1,2,3,1,1,0,1,1,4,2,4,3.0
2024,6,1,P013381   ,0.0,1.0,TEL,11,"RAYMAN, WILLIAM",03:22,0,0,0,0,1,0,0,0,0,0,0,1,0,0,0,0,0,0,1.0
2024,6,1,P007990   ,0.0,1.0,TEL,12,"DIBARTOLOMEO, JOHN",18:19,8,0,0,2,3,2,2,0,2,2,0,2,1,0,0,1,3,12,0.0
2024,6,1,P011214   ,1.0,0.0,TEL,14,"RIVERO, JASIEL",29:04,11,5,7,0,1,1,2,2,7,9,2,3,2,2,0,2,5,24,4.0
2024,6,1,P005145   ,0.0,0.0,TEL,15,"COHEN, JAKE",DNP,0,0,0,0,0,0,0,0,0,0,0,0,0,0,0,0,0,0,0.0
2024,6,1,P013382   ,1.0,1.0,TEL,20,"RANDOLPH, LEVI",28:16,8,3,7,0,1,2,2,1,5,6,0,1,2,0,1,3,1,5,12.0
2024,6,1,P007519   ,0.0,0.0,TEL,31,"JOKUBAITIS, ROKAS",15:06,4,2,3,0,2,0,0,0,1,1,2,0,2,1,0,2,1,2,-11.0
2024,6,1,P011193   ,1.0,0.0,TEL,45,"BLATT, TAMIR",28:51,21,4,5,4,4,1,1,0,2,2,12,1,2,0,0,0,3,36,18.0
2024,6,1,Team,0.0,0.0,TEL,,Team,,0,0,0,0,0,0,0,1,1,2,0,0,1,0,0,0,0,1,
2024,6,1,Total,,,TEL,,Total,200:00,89,28,47,7,18,12,15,8,23,31,20,10,11,4,3,16,18,109,
2024,6,0,P013371   ,0.0,0.0,ASV,1,"HARRISON, SHAQUILLE",15:46,5,1,3,1,1,0,0,0,1,1,1,0,1,1,1,2,0,2,6.0
2024,6,0,P013372   ,0.0,0.0,ASV,2,"SCHOFIELD, ADMIRAL",DNP,0,0,0,0,0,0,0,0,0,0,0,0,0,0,0,0,0,0,0.0
2024,6,0,P011225   ,1.0,1.0,ASV,3,"LEE, PARIS",24:51,12,3,6,2,4,0,0,0,2,2,4,1,1,0,0,1,1,13,-13.0
2024,6,0,PKIR      ,1.0,0.0,ASV,5,"KAHUDI, CHARLES",03:26,0,0,1,0,0,0,0,0,0,0,0,0,0,0,0,0,0,-1,1.0
2024,6,0,P007027   ,1.0,1.0,ASV,6,"MALEDON, THEO",26:38,11,2,4,1,3,4,4,0,4,4,3,2,2,0,0,1,4,17,-12.0
2024,6,0,P004194   ,1.0,1.0,ASV,7,"LAUVERGNE, JOFFREY",25:47,17,7,11,1,3,0,0,1,0,1,1,0,1,0,1,2,2,11,-15.0
2024,6,0,P000229   ,0.0,1.0,ASV,11,"JACKSON, EDWIN",21:57,5,1,4,1,2,0,0,1,1,2,1,0,2,0,1,2,1,0,-8.0
2024,6,0,P002100   ,0.0,0.0,ASV,12,"DE COLO, NANDO",13:22,5,2,3,0,1,1,1,0,0,0,4,0,2,0,0,1,1,5,5.0
2024,6,0,P010545   ,1.0,0.0,ASV,13,"SAKO, NEAL",16:43,6,2,3,0,0,2,2,4,0,4,3,2,0,1,1,1,2,15,-4.0
2024,6,0,P003526   ,0.0,0.0,ASV,23,"LIGHTY, DAVID",14:00,3,0,1,1,2,0,0,0,2,2,2,0,0,0,0,2,1,4,0.0
2024,6,0,P012731   ,0.0,0.0,ASV,24,"NDIAYE, MBAYE",19:44,8,2,3,1,1,1,1,0,3,3,4,1,4,1,0,3,2,11,2.0
2024,6,0,P008991   ,0.0,1.0,ASV,28,"BLACK, TARIK",17:46,10,5,5,0,0,0,1,0,5,5,0,0,3,0,0,3,2,10,3.0
2024,6,0,Team,0.0,0.0,ASV,,Team,,0,0,0,0,0,0,0,0,3,3,0,0,1,0,0,0,0,2,
2024,6,0,Total,,,ASV,,Total,200:00,82,25,44,8,17,8,9,6,21,27,23,6,17,3,4,18,16,89,
2024,7,1,P009863   ,1.0,1.0,ULK,2,"BALDWIN IV, WADE",31:33,19,5,7,1,5,6,7,2,3,5,7,2,2,1,0,2,3,26,14.0
2024,7,1,P006661   ,0.0,0.0,ULK,3,"WILBEKIN, SCOTTIE",02:05,0,0,0,0,0,0,0,0,0,0,0,0,1,0,0,0,1,0,-3.0
2024,7,1,P002849   ,0.0,1.0,ULK,4,"MELLI, NICOLO",19:56,5,1,1,1,2,0,0,3,4,7,1,0,0,0,0,4,0,8,6.0
2024,7,1,P002968   ,0.0,0.0,ULK,5,"SANLI, SERTAC",09:38,7,2,3,1,3,0,0,1,1,2,2,0,1,0,0,4,0,3,-5.0
2024,7,1,P008962   ,1.0,1.0,ULK,11,"HAYES-DAVIS, NIGEL",27:21,15,4,5,1,4,4,5,0,2,2,1,1,2,0,0,1,4,15,16.0
2024,7,1,P011205   ,0.0,1.0,ULK,20,"HALL, DEVON",22:51,5,0,1,1,1,2,2,1,2,3,4,0,1,0,0,1,2,11,7.0
2024,7,1,P010560   ,0.0,0.0,ULK,21,"PIERRE, DYSHAWN",11:44,2,1,2,0,2,0,0,1,2,3,0,0,0,1,0,0,3,6,3.0
2024,7,1,P004004   ,1.0,0.0,ULK,23,"GUDURIC, MARKO",20:36,4,1,3,0,2,2,2,1,0,1,2,0,3,0,0,2,5,3,-1.0
2024,7,1,P008104   ,0.0,0.0,ULK,32,"ZAGARS, ARTURS",02:35,3,0,0,0,1,3,4,0,0,0,0,0,0,0,0,3,1,-1,3.0
2024,7,1,P009783   ,1.0,1.0,ULK,50,"COLSON, BONZIE",28:16,10,2,5,2,4,0,2,2,7,9,0,0,0,0,0,2,2,12,8.0
2024,7,1,PLMG      ,1.0,0.0,ULK,51,"MARJANOVIC, BOBAN",15:32,8,4,7,0,0,0,0,1,3,4,1,0,0,0,0,1,0,9,6.0
2024,7,1,P007182   ,0.0,0.0,ULK,92,"BIRCH, KHEM",07:53,4,2,3,0,0,0,0,0,3,3,0,1,1,1,0,0,0,7,1.0
2024,7,1,Team,0.0,0.0,ULK,,Team,,0,0,0,0,0,0,0,2,3,5,0,0,1,0,0,0,0,4,
2024,7,1,Total,,,ULK,,Total,200:00,82,22,37,7,24,17,22,14,30,44,18,4,12,3,0,20,21,103,
2024,7,0,P008855   ,0.0,1.0,OLY,0,"WALKUP, THOMAS",21:45,2,1,3,0,2,0,0,0,2,2,5,1,1,0,0,1,2,6,-7.0
2024,7,0,P007982   ,1.0,1.0,OLY,1,"WILLIAMS-GOSS, NIGEL",20:58,6,2,6,0,1,2,2,1,0,1,2,0,2,0,0,1,2,3,-10.0
2024,7,0,P012878   ,1.0,0.0,OLY,2,"WRIGHT, MOSES",21:59,15,5,10,1,3,2,3,1,6,7,1,2,1,0,1,2,4,17,-2.0
2024,7,0,P010392   ,0.0,0.0,OLY,5,"LARENTZAKIS, GIANNOULIS",DNP,0,0,0,0,0,0,0,0,0,0,0,0,0,0,0,0,0,0,0.0
2024,7,0,P007947   ,0.0,0.0,OLY,8,"VILDOZA, LUCA",03:52,2,1,1,0,0,0,0,0,0,0,2,0,0,0,0,3,0,1,2.0
2024,7,0,P003469   ,1.0,1.0,OLY,14,"VEZENKOV, SASHA",30:31,11,3,4,1,2,2,2,1,3,4,0,0,0,0,0,2,1,12,-4.0
2024,7,0,P001255   ,0.0,0.0,OLY,16,"PAPANIKOLAOU, KOSTAS",14:33,0,0,0,0,1,0,0,0,0,0,1,0,0,0,0,1,1,0,-1.0
2024,7,0,P009849   ,1.0,0.0,OLY,22,"DORSEY, TYLER",16:27,6,1,2,0,3,4,4,0,0,0,1,0,1,0,0,2,3,3,-8.0
2024,7,0,P008829   ,0.0,0.0,OLY,25,"PETERS, ALEC",09:29,2,1,3,0,0,0,0,0,1,1,0,0,0,0,1,1,0,-1,-7.0
2024,7,0,P011194   ,0.0,1.0,OLY,30,"PETRUSEV, FILIP",18:01,9,4,7,0,2,1,2,0,2,2,0,0,0,0,1,4,2,2,-9.0
2024,7,0,P007853   ,0.0,1.0,OLY,77,"MCKISSIC, SHAQUIELLE",20:00,13,2,3,1,4,6,6,0,2,2,2,0,0,0,0,1,3,15,-2.0
2024,7,0,P013380   ,1.0,0.0,OLY,94,"FOURNIER, EVAN",22:25,5,0,1,1,2,2,2,0,0,0,1,0,2,0,0,4,2,0,-7.0
2024,7,0,Team,0.0,0.0,OLY,,Team,,0,0,0,0,0,0,0,3,2,5,0,0,0,0,0,0,0,5,
2024,7,0,Total,,,OLY,,Total,200:00,71,20,40,4,20,19,21,6,18,24,15,3,7,0,3,22,20,63,
2024,8,1,P012608   ,1.0,1.0,PRS,0,"SHORTS, TJ",27:51,16,6,10,0,1,4,5,0,3,3,4,3,2,0,0,4,7,21,2.0
2024,8,1,P012609   ,0.0,0.0,PRS,1,"MALCOLM, COLLIN",11:26,6,1,1,1,1,1,1,0,0,0,1,0,1,0,0,0,1,7,-3.0
2024,8,1,P012640   ,0.0,1.0,PRS,2,"HIFI, NADIR",20:28,12,3,7,1,6,3,4,1,0,1,2,0,0,0,0,2,2,5,-4.0
2024,8,1,P012610   ,1.0,1.0,PRS,3,"WARD, TYSON",28:34,9,2,4,1,6,2,3,1,2,3,2,1,0,0,1,2,3,7,0.0
2024,8,1,P013373   ,0.0,0.0,PRS,4,"CAVALIERE, LEOPOLD",14:09,0,0,0,0,0,0,0,0,1,1,0,0,0,0,0,1,0,0,-10.0
2024,8,1,P005793   ,0.0,0.0,PRS,5,"SY, BANDJA",DNP,0,0,0,0,0,0,0,0,0,0,0,0,0,0,0,0,0,0,0.0
2024,8,1,P012611   ,0.0,0.0,PRS,7,"HERRERA, SEBASTIAN",DNP,0,0,0,0,0,0,0,0,0,0,0,0,0,0,0,0,0,0,0.0
2024,8,1,P004512   ,0.0,0.0,PRS,8,"KRATZER, LEON",11:26,3,1,4,0,0,1,2,2,1,3,0,0,1,0,0,3,2,0,-5.0
2024,8,1,P007032   ,0.0,0.0,PRS,12,"LO, MAODO",18:24,12,3,5,2,3,0,0,1,0,1,1,0,0,0,1,0,0,10,-2.0
2024,8,1,P010390   ,1.0,1.0,PRS,13,"HAYES, KEVARRIUS",28:34,10,3,6,0,0,4,4,2,3,5,0,1,0,1,0,1,2,15,2.0
2024,8,1,P012613   ,1.0,1.0,PRS,20,"JANTUNEN, MIKAEL",25:51,9,2,3,1,2,2,2,4,2,6,1,2,0,0,1,3,3,15,7.0
2024,8,1,P004197   ,1.0,0.0,PRS,24,"OUATTARA, YAKUBA",13:17,0,0,2,0,4,0,0,0,1,1,0,1,0,0,0,2,0,-6,-2.0
2024,8,1,Team,0.0,0.0,PRS,,Team,,0,0,0,0,0,0,0,2,3,5,0,0,0,0,0,0,0,5,
2024,8,1,Total,,,PRS,,Total,200:00,77,21,42,6,23,17,21,13,16,29,11,8,4,1,3,18,20,79,
2024,8,0,P009048   ,0.0,1.0,RED,0,"MILLER-MCINTYRE, CODI",27:03,9,4,7,0,3,1,2,0,6,6,7,0,2,0,0,0,1,14,5.0
2024,8,0,P010612   ,1.0,1.0,RED,3,"CANAAN, ISAIAH",29:17,14,3,6,2,4,2,2,1,0,1,1,1,0,0,0,1,2,13,14.0
2024,8,0,P007960   ,0.0,0.0,RED,7,"DAVIDOVAC, DEJAN",02:30,0,0,1,0,0,0,0,0,0,0,0,0,0,0,0,0,0,-1,-3.0
2024,8,0,P002553   ,0.0,0.0,RED,9,"MITROVIC, LUKA",21:09,7,2,5,0,0,3,4,1,3,4,1,1,2,2,0,4,5,10,1.0
2024,8,0,P004866   ,1.0,1.0,RED,12,"KALINIC, NIKOLA",27:38,9,1,3,2,2,1,2,5,0,5,3,0,0,0,0,1,3,16,8.0
2024,8,0,P004007   ,0.0,0.0,RED,13,"DOBRIC, OGNJEN",03:50,2,1,1,0,0,0,0,0,0,0,0,0,0,0,0,0,0,2,-9.0
2024,8,0,P009035   ,1.0,1.0,RED,21,"BOLOMBOY, JOEL",16:20,6,3,5,0,0,0,0,4,7,11,1,0,3,1,1,4,0,9,7.0
2024,8,0,P012786   ,1.0,0.0,RED,24,"DAUM, MIKE",09:14,4,2,3,0,2,0,0,0,5,5,0,0,1,0,0,2,1,4,0.0
2024,8,0,P006436   ,0.0,1.0,RED,31,"GIEDRAITIS, ROKAS",23:31,5,0,1,1,3,2,2,3,1,4,0,0,0,0,0,3,1,4,-2.0
2024,8,0,P006240   ,0.0,0.0,RED,33,"PLAVSIC, UROS",02:31,1,0,0,0,0,1,2,0,0,0,0,0,0,0,0,2,1,-1,-5.0
2024,8,0,P000848   ,0.0,0.0,RED,36,"NEDOVIC, NEMANJA",22:42,21,2,2,5,6,2,2,0,0,0,3,0,1,0,0,3,2,21,5.0
2024,8,0,P012044   ,1.0,0.0,RED,99,"DOS SANTOS, YAGO",14:15,2,1,3,0,2,0,0,0,1,1,3,0,3,0,0,0,2,1,-6.0
2024,8,0,Team,0.0,0.0,RED,,Team,,0,0,0,0,0,0,0,1,5,6,0,0,2,0,0,0,0,4,
2024,8,0,Total,,,RED,,Total,200:00,80,19,37,10,22,12,16,15,28,43,19,2,14,3,1,20,18,96,
2024,9,1,P009549   ,1.0,1.0,VIR,0,"CORDINIER, ISAIA",31:22,16,4,6,1,4,5,5,2,3,5,2,0,4,0,0,4,5,15,-5.0
2024,9,1,PBCN      ,0.0,0.0,VIR,3,"BELINELLI, MARCO",15:53,7,2,5,1,2,0,0,1,0,1,1,0,2,0,1,2,1,1,-3.0
2024,9,1,P006739   ,0.0,0.0,VIR,6,"PAJOLA, ALESSANDRO",15:06,2,0,1,0,1,2,2,1,0,1,1,1,1,0,1,2,1,0,-9.0
2024,9,1,P004888   ,1.0,0.0,VIR,8,"CLYBURN, WILL",18:07,0,0,1,0,2,0,0,0,5,5,3,0,2,0,0,0,2,5,-11.0
2024,9,1,P001133   ,1.0,1.0,VIR,21,"SHENGELIA, TORNIKE",29:33,12,3,7,0,2,6,7,1,4,5,3,0,5,1,1,3,4,9,8.0
2024,9,1,P001844   ,1.0,1.0,VIR,23,"HACKETT, DANIEL",19:35,5,0,1,1,1,2,2,0,0,0,0,0,1,0,0,2,2,3,-7.0
2024,9,1,P012585   ,0.0,1.0,VIR,30,"MORGAN, MATTHEW",13:40,7,0,1,2,4,1,2,0,4,4,2,0,1,0,1,3,2,6,8.0
2024,9,1,P002084   ,0.0,1.0,VIR,33,"POLONARA, ACHILLE",16:52,2,1,1,0,3,0,0,1,1,2,1,0,0,2,0,2,1,3,-15.0
2024,9,1,P013374   ,0.0,0.0,VIR,35,"DIOUF, MOUHAMET",11:48,7,2,4,0,0,3,3,0,1,1,0,3,0,0,1,1,2,9,-9.0
2024,9,1,P004554   ,1.0,0.0,VIR,41,"ZIZIC, ANTE",21:00,7,3,4,0,0,1,2,1,4,5,0,0,1,1,0,2,3,11,0.0
2024,9,1,P011816   ,0.0,0.0,VIR,45,"AKELE, NICOLA",00:47,0,0,0,0,0,0,0,0,0,0,0,0,0,0,0,0,0,0,-2.0
2024,9,1,P012591   ,0.0,0.0,VIR,59,"TUCKER, RAYJON",06:17,2,1,2,0,1,0,0,0,0,0,1,0,0,0,1,1,0,-1,0.0
2024,9,1,Team,0.0,0.0,VIR,,Team,,0,0,0,0,0,0,0,0,4,4,0,0,1,0,0,0,0,3,
2024,9,1,Total,,,VIR,,Total,200:00,67,16,33,5,20,20,23,7,26,33,14,4,18,4,6,22,23,64,
2024,9,0,P007200   ,0.0,0.0,IST,0,"LARKIN, SHANE",23:19,11,1,4,3,6,0,0,2,4,6,3,0,1,0,1,1,5,16,-10.0
2024,9,0,P006590   ,0.0,1.0,IST,1,"BEAUBOIS, RODRIGUE",18:07,7,2,3,1,2,0,0,0,0,0,2,0,1,0,0,1,0,5,11.0
2024,9,0,P013363   ,0.0,0.0,IST,3,"NWORA, JORDAN",12:09,5,1,4,1,3,0,0,1,3,4,0,0,3,0,0,1,1,1,-3.0
2024,9,0,P009846   ,1.0,1.0,IST,6,"BRYANT, ELIJAH",23:07,12,6,8,0,3,0,0,0,3,3,3,1,0,1,1,3,0,11,3.0
2024,9,0,P007109   ,0.0,0.0,IST,11,"SMITS, ROLANDS",20:50,6,3,4,0,2,0,0,1,2,3,0,2,1,0,0,3,1,5,8.0
2024,9,0,P011078   ,1.0,1.0,IST,13,"THOMPSON, DARIUS",24:25,6,1,3,1,2,1,2,0,2,2,2,0,1,0,0,3,3,5,22.0
2024,9,0,P013364   ,1.0,0.0,IST,14,"JOHNSON, STANLEY",05:54,0,0,0,0,0,0,0,0,1,1,1,1,0,0,0,1,0,2,0.0
2024,9,0,P004887   ,0.0,0.0,IST,17,"POIRIER, VINCENT",13:48,4,1,3,0,0,2,4,1,2,3,1,1,2,2,1,4,3,3,1.0
2024,9,0,P009513   ,0.0,0.0,IST,21,"HOLLATZ, JUSTUS",04:00,0,0,0,0,0,0,0,0,0,0,0,0,0,0,0,2,0,-2,-6.0
2024,9,0,P012710   ,1.0,0.0,IST,24,"OSMANI, ERCAN",16:09,5,1,5,1,2,0,0,1,0,1,0,0,0,0,1,1,0,-1,3.0
2024,9,0,P012788   ,1.0,1.0,IST,25,"OTURU, DAN",26:12,14,5,8,0,0,4,6,3,6,9,1,1,3,1,0,2,7,23,8.0
2024,9,0,P009664   ,0.0,1.0,IST,35,"WILLIS, DEREK",12:00,6,1,1,0,1,4,4,1,1,2,0,1,1,2,0,1,2,10,8.0
2024,9,0,Team,0.0,0.0,IST,,Team,,0,0,0,0,0,0,0,0,2,2,0,0,0,0,0,0,0,2,
2024,9,0,Total,,,IST,,Total,200:00,76,22,43,7,21,11,16,10,26,36,13,7,13,6,4,23,22,80,
2024,10,1,P011212   ,0.0,1.0,MCO,0,"OKOBO, ELIE",26:59,17,5,8,2,3,1,2,0,2,2,3,0,2,0,0,1,2,16,3.0
2024,10,1,P011231   ,1.0,1.0,MCO,4,"BLOSSOMGAME, JARON",20:44,7,0,2,2,5,1,4,1,2,3,0,0,0,0,0,2,4,4,3.0
2024,10,1,P005844   ,0.0,0.0,MCO,9,"PAPAGIANNIS, GEORGIOS",17:43,10,5,8,0,1,0,0,3,4,7,0,0,1,1,1,2,2,12,-1.0
2024,10,1,P011226   ,0.0,1.0,MCO,11,"DIALLO, ALPHA",29:17,9,3,6,0,0,3,4,4,2,6,1,0,1,0,0,3,2,10,8.0
2024,10,1,P004790   ,0.0,0.0,MCO,12,"CORNELIE, PETR",DNP,0,0,0,0,0,0,0,0,0,0,0,0,0,0,0,0,0,0,0.0
2024,10,1,P002581   ,1.0,1.0,MCO,14,"JAITEH, MAM",22:17,6,3,4,0,0,0,4,2,6,8,1,0,1,0,0,4,4,9,7.0
2024,10,1,PLCZ      ,1.0,0.0,MCO,20,"MOTIEJUNAS, DONATAS",21:45,11,4,6,1,4,0,0,2,4,6,0,0,1,0,0,2,3,12,6.0
2024,10,1,P012515   ,0.0,0.0,MCO,22,"TARPEY, TERRY",00:09,0,0,0,0,0,0,0,0,1,1,0,0,0,0,0,0,0,1,0.0
2024,10,1,P008161   ,0.0,0.0,MCO,23,"BEGARIN, JUHANN",DNP,0,0,0,0,0,0,0,0,0,0,0,0,0,0,0,0,0,0,0.0
2024,10,1,P013365   ,0.0,0.0,MCO,30,"BROWN, VITTO",02:51,0,0,1,0,1,0,0,0,0,0,0,0,0,0,0,0,0,-2,-5.0
2024,10,1,P008099   ,1.0,0.0,MCO,32,"STRAZEL, MATTHEW",26:57,8,1,2,2,3,0,0,0,0,0,2,0,1,0,0,4,0,3,0.0
2024,10,1,P005985   ,1.0,1.0,MCO,55,"JAMES, MIKE",31:18,17,2,6,3,7,4,6,0,1,1,6,3,0,0,0,1,6,22,9.0
2024,10,1,Team,0.0,0.0,MCO,,Team,,0,0,0,0,0,0,0,2,5,7,0,0,0,0,0,0,0,7,
2024,10,1,Total,,,MCO,,Total,200:00,85,23,43,10,24,9,20,14,27,41,13,3,7,1,1,19,23,94,
2024,10,0,P006835   ,0.0,1.0,TEL,1,"HOARD, JAYLEN",28:15,13,4,6,0,2,5,6,0,7,7,0,3,0,0,0,2,3,19,-9.0
2024,10,0,P009754   ,1.0,1.0,TEL,3,"LOYD, JORDAN",28:37,16,5,8,1,4,3,3,1,3,4,1,0,1,0,0,4,7,17,-7.0
2024,10,0,P007855   ,0.0,0.0,TEL,7,"KABA, ALPHA",02:53,0,0,0,0,0,0,0,0,1,1,0,0,0,0,0,2,0,-1,-2.0
2024,10,0,P004233   ,0.0,0.0,TEL,8,"MENCO, RAFI",DNP,0,0,0,0,0,0,0,0,0,0,0,0,0,0,0,0,0,0,0.0
2024,10,0,P011219   ,1.0,0.0,TEL,9,"SORKIN, ROMAN",19:56,7,1,5,1,2,2,2,0,3,3,1,0,1,0,0,2,1,4,3.0
2024,10,0,P013381   ,0.0,0.0,TEL,11,"RAYMAN, WILLIAM",03:29,0,0,0,0,0,0,0,0,0,0,0,0,0,0,0,1,0,-1,-4.0
2024,10,0,P007990   ,0.0,1.0,TEL,12,"DIBARTOLOMEO, JOHN",17:43,3,0,0,1,4,0,0,1,0,1,0,0,0,0,0,4,2,-1,-3.0
2024,10,0,P011214   ,1.0,1.0,TEL,14,"RIVERO, JASIEL",24:41,13,6,8,0,0,1,2,1,3,4,1,1,0,1,0,3,2,16,-3.0
2024,10,0,P005145   ,0.0,0.0,TEL,15,"COHEN, JAKE",05:52,2,1,1,0,2,0,0,1,0,1,0,1,0,0,0,0,0,2,-2.0
2024,10,0,P013382   ,1.0,1.0,TEL,20,"RANDOLPH, LEVI",28:36,10,5,7,0,1,0,0,1,4,5,1,0,0,0,0,3,0,10,2.0
2024,10,0,P007519   ,0.0,0.0,TEL,31,"JOKUBAITIS, ROKAS",12:58,9,4,7,0,0,1,2,1,2,3,4,0,0,0,0,0,3,15,0.0
2024,10,0,P011193   ,1.0,0.0,TEL,45,"BLATT, TAMIR",27:00,6,0,4,2,4,0,0,0,1,1,10,0,4,0,1,2,1,5,-5.0
2024,10,0,Team,0.0,0.0,TEL,,Team,,0,0,0,0,0,0,0,1,1,2,0,0,1,0,0,0,0,1,
2024,10,0,Total,,,TEL,,Total,200:00,79,26,46,5,19,12,15,7,25,32,18,5,7,1,1,23,19,86,
2024,11,1,P009048   ,1.0,1.0,RED,0,"MILLER-MCINTYRE, CODI",28:00,7,1,5,1,2,2,2,1,2,3,7,1,1,0,0,1,3,14,2.0
2024,11,1,P010612   ,1.0,0.0,RED,3,"CANAAN, ISAIAH",24:22,19,3,5,3,6,4,5,0,0,0,2,1,0,0,1,2,3,16,5.0
2024,11,1,P007960   ,0.0,0.0,RED,7,"DAVIDOVAC, DEJAN",08:19,2,1,1,0,0,0,0,0,1,1,1,0,0,0,0,2,0,2,5.0
2024,11,1,P002553   ,0.0,0.0,RED,9,"MITROVIC, LUKA",12:43,6,2,2,0,0,2,2,2,2,4,1,0,1,0,0,3,3,10,-1.0
2024,11,1,PLUO      ,0.0,0.0,RED,10,"LAZIC, BRANKO",00:09,0,0,0,0,0,0,0,0,0,0,0,0,0,0,0,0,0,0,-2.0
2024,11,1,P004866   ,1.0,1.0,RED,12,"KALINIC, NIKOLA",27:04,12,1,3,3,5,1,1,0,3,3,2,2,2,1,0,0,1,15,2.0
2024,11,1,P004007   ,0.0,1.0,RED,13,"DOBRIC, OGNJEN",17:52,0,0,1,0,1,0,0,1,0,1,3,1,0,0,0,2,1,2,1.0
2024,11,1,P009035   ,1.0,1.0,RED,21,"BOLOMBOY, JOEL",27:10,15,7,11,0,0,1,2,1,7,8,0,0,1,2,0,4,2,17,8.0
2024,11,1,P012786   ,1.0,0.0,RED,24,"DAUM, MIKE",16:16,3,0,0,1,2,0,0,0,2,2,0,0,1,0,0,1,0,2,7.0
2024,11,1,P006436   ,0.0,1.0,RED,31,"GIEDRAITIS, ROKAS",14:47,2,1,1,0,0,0,0,0,0,0,1,1,1,0,0,3,0,0,-3.0
2024,11,1,P000848   ,0.0,0.0,RED,36,"NEDOVIC, NEMANJA",11:20,9,3,6,1,3,0,0,0,0,0,0,1,0,0,1,2,2,4,4.0
2024,11,1,P012044   ,0.0,0.0,RED,99,"DOS SANTOS, YAGO",11:58,3,0,2,1,3,0,0,0,2,2,0,1,2,0,1,1,3,1,7.0
2024,11,1,Team,0.0,0.0,RED,,Team,,0,0,0,0,0,0,0,1,1,2,0,0,0,0,0,0,0,2,
2024,11,1,Total,,,RED,,Total,200:00,78,19,37,10,22,10,12,6,20,26,17,8,9,3,3,21,18,85,
2024,11,0,P011948   ,0.0,1.0,BAS,0,"HOWARD, MARKUS",20:41,7,1,2,1,5,2,2,1,2,3,0,0,1,0,0,4,5,5,7.0
2024,11,0,P010784   ,0.0,0.0,BAS,6,"SAVKOV, PAVEL",DNP,0,0,0,0,0,0,0,0,0,0,0,0,0,0,0,0,0,0,0.0
2024,11,0,P007230   ,1.0,0.0,BAS,8,"SEDEKERSKIS, TADAS",28:35,8,3,4,0,1,2,2,1,1,2,1,2,1,0,1,1,2,10,-12.0
2024,11,0,P012080   ,1.0,0.0,BAS,9,"LUWAWU-CABARROT, TIMOTHE",21:25,8,4,6,0,3,0,0,0,2,2,2,1,2,0,0,2,0,4,-15.0
2024,11,0,P004058   ,0.0,0.0,BAS,10,"JARAMAZ, OGNJEN",DNP,0,0,0,0,0,0,0,0,0,0,0,0,0,0,0,0,0,0,0.0
2024,11,0,P013367   ,1.0,1.0,BAS,11,"FORREST, TRENT",22:50,2,1,3,0,2,0,0,1,3,4,2,0,3,0,1,1,1,0,-3.0
2024,11,0,P011085   ,0.0,1.0,BAS,17,"ROGKAVOPOULOS, NIKOLAOS",14:13,8,1,3,2,5,0,0,2,1,3,1,1,1,1,0,1,0,7,-2.0
2024,11,0,P008072   ,0.0,0.0,BAS,18,"DIOP, KHALIFA",12:03,0,0,0,0,0,0,0,1,4,5,0,0,1,1,0,1,2,6,-10.0
2024,11,0,P012597   ,0.0,1.0,BAS,44,"BALDWIN, KAMAR",18:05,6,3,7,0,0,0,0,0,0,0,4,1,1,1,0,4,3,6,-1.0
2024,11,0,P011196   ,1.0,1.0,BAS,45,"HALL, DONTA",28:30,13,4,6,0,0,5,8,2,5,7,1,1,1,0,1,2,4,17,2.0
2024,11,0,P012058   ,0.0,0.0,BAS,46,"NDIAYE, OUSMANE",DNP,0,0,0,0,0,0,0,0,0,0,0,0,0,0,0,0,0,0,0.0
2024,11,0,P012201   ,1.0,0.0,BAS,95,"MONEKE, CHIMA",33:38,19,7,7,0,2,5,5,2,4,6,2,0,2,0,0,2,4,25,-1.0
2024,11,0,Team,0.0,0.0,BAS,,Team,,0,0,0,0,0,0,0,1,3,4,0,0,2,0,0,0,0,2,
2024,11,0,Total,,,BAS,,Total,200:00,71,24,38,3,18,14,17,11,25,36,13,6,15,3,3,18,21,82,
2024,12,1,P007200   ,0.0,1.0,IST,0,"LARKIN, SHANE",24:27,9,2,3,1,5,2,2,0,0,0,6,1,1,0,0,1,3,12,-11.0
2024,12,1,P006590   ,0.0,1.0,IST,1,"BEAUBOIS, RODRIGUE",21:51,11,1,4,3,6,0,0,2,1,3,3,2,1,0,0,2,0,10,4.0
2024,12,1,P013363   ,0.0,1.0,IST,3,"NWORA, JORDAN",13:48,5,2,3,0,6,1,1,0,1,1,2,0,1,0,1,3,2,-2,-5.0
2024,12,1,P009846   ,1.0,0.0,IST,6,"BRYANT, ELIJAH",21:34,15,2,6,1,4,8,8,0,6,6,1,0,0,1,1,2,6,19,1.0
2024,12,1,P007109   ,0.0,0.0,IST,11,"SMITS, ROLANDS",11:05,0,0,1,0,2,0,0,0,2,2,0,0,0,0,0,0,1,0,-7.0
2024,12,1,P011078   ,1.0,1.0,IST,13,"THOMPSON, DARIUS",23:39,5,2,3,0,3,1,1,1,2,3,2,0,0,1,0,1,1,7,11.0
2024,12,1,P013364   ,1.0,0.0,IST,14,"JOHNSON, STANLEY",18:20,5,1,2,1,3,0,0,2,2,4,0,1,1,0,1,1,0,4,3.0
2024,12,1,P004887   ,0.0,0.0,IST,17,"POIRIER, VINCENT",11:53,3,1,1,0,0,1,2,0,0,0,1,0,0,2,0,0,1,6,-16.0
2024,12,1,P006640   ,0.0,0.0,IST,18,"OZDEMIROGLU, DOGUS",01:13,0,0,0,0,1,0,0,0,0,0,0,0,0,0,0,0,0,-1,-6.0
2024,12,1,P012710   ,1.0,0.0,IST,24,"OSMANI, ERCAN",11:50,2,1,2,0,0,0,0,0,1,1,1,1,0,1,0,1,0,4,-4.0
2024,12,1,P012788   ,1.0,1.0,IST,25,"OTURU, DAN",22:15,21,8,10,0,0,5,5,3,3,6,1,0,2,2,1,3,6,28,3.0
2024,12,1,P009664   ,0.0,0.0,IST,35,"WILLIS, DEREK",18:05,2,1,2,0,0,0,0,3,4,7,0,1,0,0,0,2,0,7,2.0
2024,12,1,Team,0.0,0.0,IST,,Team,,0,0,0,0,0,0,0,2,1,3,0,0,1,0,0,0,0,2,
2024,12,1,Total,,,IST,,Total,200:00,78,21,37,6,30,18,19,13,23,36,17,6,7,7,4,16,20,96,
2024,12,0,P009863   ,1.0,1.0,ULK,2,"BALDWIN IV, WADE",30:38,15,2,10,3,7,2,2,1,2,3,2,1,4,0,2,1,3,5,-9.0
2024,12,0,P002849   ,0.0,0.0,ULK,4,"MELLI, NICOLO",20:45,2,1,3,0,1,0,0,0,4,4,0,1,0,2,0,4,0,2,15.0
2024,12,0,P002968   ,1.0,0.0,ULK,5,"SANLI, SERTAC",06:14,3,0,1,1,1,0,0,0,3,3,0,0,0,0,0,3,1,3,0.0
2024,12,0,P008962   ,1.0,1.0,ULK,11,"HAYES-DAVIS, NIGEL",25:35,11,1,8,3,4,0,0,4,1,5,5,0,1,2,3,1,1,11,-13.0
2024,12,0,P006961   ,0.0,0.0,ULK,13,"BIBEROVIC, TARIK",12:51,7,2,2,1,2,0,0,1,0,1,3,0,1,0,0,1,0,8,9.0
2024,12,0,P011205   ,0.0,1.0,ULK,20,"HALL, DEVON",20:11,0,0,2,0,1,0,0,1,1,2,1,0,1,0,0,0,1,0,15.0
2024,12,0,P010560   ,0.0,0.0,ULK,21,"PIERRE, DYSHAWN",DNP,0,0,0,0,0,0,0,0,0,0,0,0,0,0,0,0,0,0,0.0
2024,12,0,P004004   ,1.0,1.0,ULK,23,"GUDURIC, MARKO",20:30,8,1,2,2,4,0,0,0,6,6,3,0,0,0,0,3,1,12,-1.0
2024,12,0,P008104   ,0.0,1.0,ULK,32,"ZAGARS, ARTURS",13:57,11,2,3,2,2,1,2,0,0,0,3,0,1,0,0,0,1,12,12.0
2024,12,0,P009783   ,1.0,0.0,ULK,50,"COLSON, BONZIE",22:36,16,2,3,3,5,3,3,1,0,1,2,0,0,0,1,5,2,12,-10.0
2024,12,0,PLMG      ,0.0,0.0,ULK,51,"MARJANOVIC, BOBAN",DNP,0,0,0,0,0,0,0,0,0,0,0,0,0,0,0,0,0,0,0.0
2024,12,0,P007182   ,0.0,0.0,ULK,92,"BIRCH, KHEM",26:43,10,1,6,0,0,8,8,5,3,8,1,1,1,0,1,3,5,15,7.0
2024,12,0,Team,0.0,0.0,ULK,,Team,,0,0,0,0,0,0,0,3,5,8,0,0,1,0,0,0,0,7,
2024,12,0,Total,,,ULK,,Total,200:00,83,12,40,15,27,14,15,16,25,41,20,3,10,4,7,21,15,87,
2024,13,1,P013371   ,1.0,1.0,ASV,1,"HARRISON, SHAQUILLE",24:06,13,3,7,2,3,1,4,3,4,7,2,1,1,0,0,4,4,14,5.0
2024,13,1,P013372   ,1.0,0.0,ASV,2,"SCHOFIELD, ADMIRAL",16:10,9,1,1,2,3,1,3,2,0,2,0,0,0,1,0,2,2,9,6.0
2024,13,1,PKIR      ,0.0,1.0,ASV,5,"KAHUDI, CHARLES",06:31,0,0,0,0,1,0,0,0,0,0,0,0,0,0,0,2,0,-3,-4.0
2024,13,1,P007027   ,1.0,1.0,ASV,6,"MALEDON, THEO",30:39,17,5,10,0,0,7,8,1,2,3,5,0,0,0,2,1,7,23,11.0
2024,13,1,P004194   ,0.0,0.0,ASV,7,"LAUVERGNE, JOFFREY",15:28,2,1,6,0,0,0,0,4,3,7,0,0,3,0,0,2,0,-1,-4.0
2024,13,1,P000229   ,0.0,0.0,ASV,11,"JACKSON, EDWIN",12:36,2,1,3,0,1,0,0,2,1,3,0,0,0,0,0,0,0,2,-4.0
2024,13,1,P002100   ,0.0,0.0,ASV,12,"DE COLO, NANDO",25:15,16,3,6,2,8,4,4,0,0,0,8,1,2,0,2,2,4,14,-12.0
2024,13,1,P010545   ,1.0,1.0,ASV,13,"SAKO, NEAL",26:08,19,9,11,0,0,1,2,5,6,11,0,2,0,2,0,3,2,30,6.0
2024,13,1,P003526   ,1.0,1.0,ASV,23,"LIGHTY, DAVID",21:56,5,1,1,1,2,0,0,0,2,2,0,2,0,0,0,1,0,7,11.0
2024,13,1,P012731   ,0.0,0.0,ASV,24,"NDIAYE, MBAYE",10:57,3,0,1,1,4,0,0,1,1,2,0,0,1,0,0,3,0,-3,-2.0
2024,13,1,P008991   ,0.0,0.0,ASV,28,"BLACK, TARIK",10:14,1,0,1,0,0,1,2,1,3,4,1,0,0,0,0,2,3,5,-3.0
2024,13,1,Team,0.0,0.0,ASV,,Team,,0,0,0,0,0,0,0,2,1,3,0,0,2,0,0,0,0,1,
2024,13,1,Total,,,ASV,,Total,200:00,87,24,47,8,22,15,23,21,23,44,16,6,9,3,4,22,22,98,
2024,13,0,P009549   ,1.0,1.0,VIR,0,"CORDINIER, ISAIA",31:01,23,7,9,2,4,3,4,1,4,5,6,0,2,0,1,3,3,26,2.0
2024,13,0,PBCN      ,0.0,1.0,VIR,3,"BELINELLI, MARCO",19:04,6,1,4,1,2,1,1,0,1,1,1,1,1,1,0,1,0,4,5.0
2024,13,0,P006739   ,0.0,0.0,VIR,6,"PAJOLA, ALESSANDRO",25:12,11,0,0,3,5,2,2,0,4,4,5,0,1,0,0,5,1,13,-4.0
2024,13,0,P004888   ,1.0,0.0,VIR,8,"CLYBURN, WILL",21:46,9,3,6,0,1,3,3,0,1,1,1,2,2,0,1,1,4,9,-7.0
2024,13,0,P001133   ,1.0,1.0,VIR,21,"SHENGELIA, TORNIKE",29:09,9,3,9,0,1,3,6,2,3,5,5,0,1,1,0,3,7,13,-3.0
2024,13,0,P001844   ,1.0,0.0,VIR,23,"HACKETT, DANIEL",05:37,0,0,0,0,0,0,0,0,0,0,1,1,0,0,0,3,0,-1,-4.0
2024,13,0,P005738   ,0.0,0.0,VIR,24,"GRAZULIS, ANDREJS",DNP,0,0,0,0,0,0,0,0,0,0,0,0,0,0,0,0,0,0,0.0
2024,13,0,P012585   ,0.0,1.0,VIR,30,"MORGAN, MATTHEW",18:10,6,0,0,2,3,0,0,0,0,0,2,0,0,0,0,2,1,6,2.0
2024,13,0,P002084   ,0.0,1.0,VIR,33,"POLONARA, ACHILLE",15:42,2,1,3,0,1,0,0,0,2,2,3,0,0,1,0,1,0,4,2.0
2024,13,0,P013374   ,0.0,0.0,VIR,35,"DIOUF, MOUHAMET",17:21,15,6,7,0,0,3,5,3,1,4,0,0,0,0,0,3,4,17,11.0
2024,13,0,P004554   ,1.0,0.0,VIR,41,"ZIZIC, ANTE",16:58,4,2,3,0,0,0,0,0,0,0,0,0,1,1,1,0,1,3,-14.0
2024,13,0,P012591   ,0.0,0.0,VIR,59,"TUCKER, RAYJON",DNP,0,0,0,0,0,0,0,0,0,0,0,0,0,0,0,0,0,0,0.0
2024,13,0,Team,0.0,0.0,VIR,,Team,,0,0,0,0,0,0,0,2,3,5,0,0,0,0,0,0,0,5,
2024,13,0,Total,,,VIR,,Total,200:00,85,23,41,8,17,15,21,8,19,27,24,4,8,4,3,22,21,99,
2024,14,1,P011209   ,0.0,1.0,PAN,0,"KALAITZAKIS, PANAGIOTIS",05:43,0,0,0,0,0,0,0,0,0,0,0,0,0,0,0,2,0,-2,6.0
2024,14,1,P009622   ,0.0,0.0,PAN,2,"BROWN, LORENZO",18:48,9,3,7,1,2,0,1,0,2,2,5,3,3,0,0,2,3,11,15.0
2024,14,1,P001926   ,1.0,0.0,PAN,10,"SLOUKAS, KOSTAS",13:25,0,0,1,0,2,0,0,0,1,1,2,0,2,0,0,0,0,-2,-6.0
2024,14,1,P004088   ,1.0,0.0,PAN,16,"OSMAN, CEDI",13:49,5,1,2,1,1,0,0,0,1,1,0,2,1,0,0,2,1,5,8.0
2024,14,1,P005161   ,0.0,1.0,PAN,21,"PAPAPETROU, IOANNIS",13:22,4,2,3,0,2,0,0,1,5,6,0,1,0,1,0,1,1,9,1.0
2024,14,1,P011204   ,0.0,1.0,PAN,22,"GRANT, JERIAN",19:27,11,3,4,1,1,2,3,1,2,3,2,3,1,0,0,1,3,18,18.0
2024,14,1,P012774   ,1.0,1.0,PAN,25,"NUNN, KENDRICK",29:23,17,3,7,3,6,2,2,0,4,4,7,1,2,0,1,1,2,20,4.0
2024,14,1,P003842   ,1.0,1.0,PAN,26,"LESSORT, MATHIAS",27:28,22,9,11,0,0,4,6,4,2,6,1,0,2,1,0,1,4,27,22.0
2024,14,1,P002328   ,0.0,0.0,PAN,40,"GRIGONIS, MARIUS",10:27,2,1,1,0,3,0,0,0,0,0,1,0,0,1,0,0,0,1,-3.0
2024,14,1,P012712   ,0.0,0.0,PAN,41,"HERNANGOMEZ, JUANCHO",23:46,12,3,6,2,3,0,0,5,6,11,0,1,0,0,0,2,1,19,8.0
2024,14,1,P007866   ,1.0,0.0,PAN,44,"MITOGLOU, KONSTANTINOS",11:54,4,2,4,0,0,0,0,1,2,3,0,0,0,0,0,3,0,2,9.0
2024,14,1,P005353   ,0.0,0.0,PAN,77,"YURTSEVEN, OMER",12:28,8,3,5,0,1,2,2,3,1,4,0,1,1,1,0,1,2,11,-7.0
2024,14,1,Team,0.0,0.0,PAN,,Team,,0,0,0,0,0,0,0,2,3,5,0,0,1,0,0,0,0,4,
2024,14,1,Total,,,PAN,,Total,200:00,94,30,51,8,21,10,14,17,29,46,18,12,13,4,1,16,17,123,
2024,14,0,P010391   ,1.0,0.0,MUN,0,"WEILER-BABB, NICK",18:37,6,0,1,2,4,0,0,0,1,1,1,1,2,0,1,3,1,1,-6.0
2024,14,0,P011244   ,0.0,1.0,MUN,1,"DA SILVA, OSCAR",10:37,3,0,0,1,1,0,0,0,1,1,0,0,0,0,0,2,0,2,4.0
2024,14,0,P011987   ,0.0,1.0,MUN,3,"EDWARDS, CARSEN",21:55,14,5,10,0,4,4,4,0,1,1,1,0,1,0,1,4,3,4,-14.0
2024,14,0,P007201   ,1.0,0.0,MUN,7,"VOIGTMANN, JOHANNES",29:23,6,0,1,2,4,0,0,0,4,4,3,0,1,0,0,0,1,10,-19.0
2024,14,0,P011224   ,0.0,0.0,MUN,8,"NAPIER, SHABAZZ",18:21,8,1,2,1,2,3,3,2,0,2,1,2,3,0,0,0,2,10,-7.0
2024,14,0,P012123   ,0.0,1.0,MUN,10,"KHARCHENKOV, IVAN",02:16,0,0,0,0,0,0,0,0,0,0,1,1,0,0,0,0,0,2,-2.0
2024,14,0,P001288   ,1.0,0.0,MUN,11,"LUCIC, VLADIMIR",20:30,2,1,3,0,3,0,0,0,2,2,1,1,1,0,0,1,1,0,-14.0
2024,14,0,P004508   ,1.0,0.0,MUN,13,"OBST, ANDREAS",20:46,6,0,2,2,4,0,0,0,1,1,2,0,0,0,1,0,1,5,-5.0
2024,14,0,P007639   ,0.0,1.0,MUN,22,"BRANKOVIC, DANKO",14:04,8,2,3,0,0,4,4,3,0,3,0,0,2,1,0,4,2,7,-3.0
2024,14,0,P007056   ,1.0,0.0,MUN,31,"BOOKER, DEVIN",25:56,15,5,9,1,3,2,3,3,4,7,3,2,0,0,1,3,3,19,-12.0
2024,14,0,P011052   ,0.0,1.0,MUN,41,"MADAR, YAM",17:35,11,5,7,0,2,1,1,0,2,2,6,1,4,0,0,0,2,14,3.0
2024,14,0,Team,0.0,0.0,MUN,,Team,,0,0,0,0,0,0,0,1,2,3,0,0,0,0,0,0,0,3,
2024,14,0,Total,,,MUN,,Total,200:00,79,19,38,9,27,14,15,9,18,27,19,8,14,1,4,17,16,77,
2024,15,1,P003733   ,0.0,0.0,MAD,6,"ABALDE, ALBERTO",10:42,4,1,1,0,3,2,2,1,3,4,1,0,0,0,0,0,1,7,5.0
2024,15,1,P005928   ,0.0,1.0,MAD,7,"CAMPAZZO, FACUNDO",27:45,8,1,2,2,4,0,0,0,6,6,11,0,2,0,0,1,3,22,10.0
2024,15,1,P013378   ,0.0,0.0,MAD,8,"RATHAN-MAYES, XAVIER",20:50,12,0,1,4,4,0,0,0,0,0,2,2,2,0,0,3,2,12,19.0
2024,15,1,P011649   ,0.0,0.0,MAD,9,"GONZALEZ, HUGO",DNP,0,0,0,0,0,0,0,0,0,0,0,0,0,0,0,0,0,0,0.0
2024,15,1,P003108   ,1.0,0.0,MAD,11,"HEZONJA, MARIO",17:05,10,2,7,1,3,3,3,0,3,3,0,0,1,0,1,0,5,9,-1.0
2024,15,1,P006540   ,1.0,0.0,MAD,13,"MUSA, DZANAN",19:55,12,2,5,1,3,5,5,2,2,4,0,0,0,0,1,1,3,12,5.0
2024,15,1,P009005   ,0.0,1.0,MAD,14,"DECK, GABRIEL",23:49,10,4,5,0,1,2,4,0,1,1,0,0,0,0,0,2,3,8,7.0
2024,15,1,P003583   ,0.0,1.0,MAD,18,"IBAKA, SERGE",21:17,15,6,7,0,1,3,4,5,2,7,3,0,2,2,0,4,2,20,4.0
2024,15,1,P005791   ,1.0,0.0,MAD,22,"TAVARES, WALTER",13:25,8,4,5,0,0,0,0,1,2,3,1,0,2,1,0,4,0,6,-3.0
2024,15,1,PTGB      ,0.0,1.0,MAD,23,"LLULL, SERGIO",13:37,2,1,1,0,4,0,0,0,2,2,0,1,0,0,0,0,0,1,-2.0
2024,15,1,P011247   ,1.0,0.0,MAD,24,"FELIZ, ANDRES",06:30,2,1,1,0,1,0,0,0,0,0,1,0,1,0,0,0,0,1,-7.0
2024,15,1,P009213   ,1.0,1.0,MAD,30,"NDIAYE, ELI",25:05,10,1,1,2,3,2,3,1,2,3,0,1,0,0,0,3,2,11,-2.0
2024,15,1,Team,0.0,0.0,MAD,,Team,,0,0,0,0,0,0,0,0,1,1,0,0,3,0,0,0,0,-2,
2024,15,1,Total,,,MAD,,Total,200:00,93,23,36,10,27,17,21,10,24,34,19,4,13,3,2,18,21,107,
2024,15,0,P007870   ,1.0,0.0,PAR,0,"DAVIES, BRANDON",25:05,8,2,3,1,4,1,2,0,5,5,2,0,1,0,0,5,3,7,0.0
2024,15,0,P010781   ,1.0,0.0,PAR,1,"LUNDBERG, IFFE",12:55,6,3,8,0,1,0,0,1,1,2,0,1,1,0,1,3,1,-1,2.0
2024,15,0,P013369   ,0.0,1.0,PAR,2,"JONES, CARLIK",24:24,15,3,6,2,4,3,3,0,1,1,3,0,0,0,1,0,3,16,-9.0
2024,15,0,P006591   ,0.0,1.0,PAR,3,"NTILIKINA, FRANK",20:57,11,1,2,3,5,0,0,0,0,0,1,0,1,0,0,3,0,5,-2.0
2024,15,0,P011050   ,0.0,0.0,PAR,5,"KOPRIVICA, BALSA",DNP,0,0,0,0,0,0,0,0,0,0,0,0,0,0,0,0,0,0,0.0
2024,15,0,P007632   ,1.0,0.0,PAR,7,"NAKIC, MARIO",10:53,5,0,0,1,2,2,2,1,1,2,0,1,0,1,0,2,1,7,0.0
2024,15,0,P004761   ,0.0,0.0,PAR,9,"MARINKOVIC, VANJA",21:19,12,2,3,2,2,2,3,1,1,2,4,1,4,0,0,2,1,12,-5.0
2024,15,0,P008232   ,0.0,0.0,PAR,11,"POKUSEVSKI, ALEKSEJ",03:34,0,0,0,0,0,0,0,0,0,0,1,1,0,0,0,1,0,1,-4.0
2024,15,0,P012720   ,1.0,1.0,PAR,12,"BROWN, STERLING",24:16,12,2,4,2,4,2,2,1,3,4,2,1,1,0,1,1,1,13,-3.0
2024,15,0,P006760   ,1.0,1.0,PAR,17,"BONGA, ISAAC",34:13,6,0,0,2,6,0,0,0,4,4,6,1,2,1,0,1,1,12,-8.0
2024,15,0,P007736   ,0.0,0.0,PAR,19,"LAKIC, ARIJAN",DNP,0,0,0,0,0,0,0,0,0,0,0,0,0,0,0,0,0,0,0.0
2024,15,0,P011981   ,0.0,1.0,PAR,88,"JONES, TYRIQUE",22:24,11,3,5,0,0,5,8,1,3,4,2,1,1,0,0,3,7,16,-6.0
2024,15,0,Team,0.0,0.0,PAR,,Team,,0,0,0,0,0,0,0,1,1,2,0,0,0,0,0,0,0,2,
2024,15,0,Total,,,PAR,,Total,200:00,86,16,31,13,28,15,20,6,20,26,21,7,11,2,3,21,18,90,
2024,16,1,P006085   ,1.0,0.0,MIL,1,"DIMITRIJEVIC, NENO",26:17,9,0,2,3,7,0,0,0,3,3,0,0,3,0,0,1,0,2,6.0
2024,16,1,P006701   ,0.0,0.0,MIL,3,"BORTOLANI, GIORDANO",03:41,3,1,2,0,1,1,2,1,0,1,0,0,0,0,0,0,1,2,-3.0
2024,16,1,P001392   ,0.0,1.0,MIL,5,"CAUSEUR, FABIEN",19:10,5,0,2,0,1,5,6,1,1,2,4,1,2,0,0,1,4,9,3.0
2024,16,1,P006509   ,0.0,1.0,MIL,7,"TONUT, STEFANO",14:42,2,1,1,0,0,0,0,0,1,1,0,0,0,0,0,4,0,-1,-5.0
2024,16,1,P013384   ,0.0,0.0,MIL,12,"BROOKS, ARMONI",12:31,2,1,1,0,4,0,0,0,5,5,0,0,2,0,0,4,0,-3,-8.0
2024,16,1,P008987   ,0.0,1.0,MIL,16,"LEDAY, ZACH",28:36,13,3,6,2,3,1,2,0,2,2,0,0,0,0,1,2,4,11,7.0
2024,16,1,P001518   ,1.0,1.0,MIL,17,"RICCI, GIAMPAOLO",18:51,5,0,0,1,2,2,2,3,2,5,0,0,0,0,0,2,2,9,18.0
2024,16,1,P013385   ,0.0,0.0,MIL,25,"DIOP, OUSMANE",09:59,4,2,3,0,0,0,0,3,3,6,0,1,2,0,0,3,1,6,2.0
2024,16,1,P006721   ,0.0,0.0,MIL,30,"CARUSO, GUGLIELMO",DNP,0,0,0,0,0,0,0,0,0,0,0,0,0,0,0,0,0,0,0.0
2024,16,1,P007831   ,1.0,0.0,MIL,31,"SHIELDS, SHAVON",30:18,21,5,8,1,4,8,11,1,5,6,5,1,1,0,0,1,7,29,6.0
2024,16,1,P000796   ,1.0,1.0,MIL,33,"MIROTIC, NIKOLA",28:14,15,4,6,2,3,1,1,0,6,6,2,2,2,1,0,2,4,23,3.0
2024,16,1,P013386   ,1.0,0.0,MIL,35,"MC CORMACK, DAVID",07:41,0,0,1,0,0,0,0,0,1,1,0,0,2,0,0,3,0,-5,-4.0
2024,16,1,Team,0.0,0.0,MIL,,Team,,0,0,0,0,0,0,0,0,3,3,0,0,2,0,0,0,0,1,
2024,16,1,Total,,,MIL,,Total,200:00,79,17,32,9,25,18,24,9,32,41,11,5,16,1,1,23,23,83,
2024,16,0,P012608   ,1.0,1.0,PRS,0,"SHORTS, TJ",27:05,17,7,13,0,2,3,4,0,4,4,8,0,1,0,0,0,2,21,-12.0
2024,16,0,P012609   ,0.0,0.0,PRS,1,"MALCOLM, COLLIN",21:34,12,4,5,1,4,1,2,0,1,1,1,0,0,0,0,2,1,8,1.0
2024,16,0,P012640   ,0.0,0.0,PRS,2,"HIFI, NADIR",15:14,9,1,3,2,6,1,2,0,1,1,0,2,1,0,0,2,2,4,10.0
2024,16,0,P012610   ,1.0,1.0,PRS,3,"WARD, TYSON",26:15,5,2,4,0,4,1,3,0,2,2,0,1,1,0,1,3,6,1,-16.0
2024,16,0,P013373   ,0.0,0.0,PRS,4,"CAVALIERE, LEOPOLD",02:16,2,1,1,0,0,0,0,0,0,0,0,0,0,0,0,0,1,3,-1.0
2024,16,0,P005793   ,0.0,0.0,PRS,5,"SY, BANDJA",14:36,3,0,0,1,2,0,0,2,5,7,1,1,0,0,0,3,0,8,5.0
2024,16,0,P012611   ,0.0,0.0,PRS,7,"HERRERA, SEBASTIAN",DNP,0,0,0,0,0,0,0,0,0,0,0,0,0,0,0,0,0,0,0.0
2024,16,0,P004512   ,0.0,0.0,PRS,8,"KRATZER, LEON",10:39,2,1,1,0,0,0,0,0,0,0,0,1,1,0,0,4,1,-1,5.0
2024,16,0,P007032   ,0.0,1.0,PRS,12,"LO, MAODO",15:42,6,2,2,0,3,2,4,0,1,1,2,0,0,0,0,2,2,4,3.0
2024,16,0,P010390   ,1.0,1.0,PRS,13,"HAYES, KEVARRIUS",25:24,9,3,6,0,0,3,4,6,0,6,0,0,2,1,0,4,3,9,-9.0
2024,16,0,P012613   ,1.0,1.0,PRS,20,"JANTUNEN, MIKAEL",27:05,9,0,0,2,4,3,4,0,6,6,0,1,1,0,0,3,5,14,-10.0
2024,16,0,P004197   ,1.0,0.0,PRS,24,"OUATTARA, YAKUBA",14:10,0,0,3,0,1,0,0,0,1,1,0,0,0,0,0,1,0,-4,-1.0
2024,16,0,Team,0.0,0.0,PRS,,Team,,0,0,0,0,0,0,0,1,1,2,0,0,0,0,0,0,0,2,
2024,16,0,Total,,,PRS,,Total,200:00,74,21,38,6,26,14,23,9,22,31,12,6,7,1,1,24,23,69,
2024,17,1,P009862   ,1.0,1.0,BAR,0,"PUNTER, KEVIN",21:41,14,4,7,2,6,0,0,0,3,3,2,2,1,0,1,0,3,15,6.0
2024,17,1,P012795   ,0.0,1.0,BAR,1,"ANDERSON, JUSTIN",18:16,7,3,3,0,0,1,1,1,4,5,0,2,1,2,0,3,1,13,-2.0
2024,17,1,P000925   ,1.0,1.0,BAR,6,"VESELY, JAN",18:31,10,4,5,0,0,2,2,1,2,3,1,1,1,2,0,2,1,14,4.0
2024,17,1,P009992   ,0.0,0.0,BAR,8,"BRIZUELA, DARIO",15:15,18,6,8,2,4,0,0,0,2,2,0,1,0,0,1,1,1,16,12.0
2024,17,1,P013379   ,0.0,0.0,BAR,10,"METU, CHIMEZIE",18:24,9,3,5,1,7,0,0,0,0,0,0,1,0,2,0,4,1,1,10.0
2024,17,1,P002939   ,0.0,0.0,BAR,13,"SATORANSKY, TOMAS",18:52,0,0,1,0,0,0,0,0,1,1,8,5,0,0,1,1,2,13,4.0
2024,17,1,P003196   ,0.0,0.0,BAR,14,"HERNANGOMEZ, WILLY",15:29,7,3,3,0,0,1,2,2,3,5,1,0,2,0,0,2,1,9,13.0
2024,17,1,P010106   ,1.0,0.0,BAR,17,"NUNEZ, JUAN",08:48,0,0,2,0,0,0,0,0,1,1,3,1,0,0,0,1,0,2,6.0
2024,17,1,P006568   ,0.0,0.0,BAR,19,"FALL, YOUSSOUPHA",04:22,0,0,0,0,0,0,0,1,2,3,0,0,0,0,0,0,0,3,1.0
2024,17,1,P006435   ,0.0,1.0,BAR,20,"LAPROVITTOLA, NICOLAS",17:28,6,0,3,2,4,0,0,0,0,0,7,0,1,0,0,2,1,6,4.0
2024,17,1,P003478   ,1.0,0.0,BAR,21,"ABRINES, ALEX",19:40,9,0,0,3,5,0,0,1,3,4,1,0,1,0,0,2,0,9,15.0
2024,17,1,P012745   ,1.0,1.0,BAR,22,"PARKER, JABARI",23:14,8,2,4,1,2,1,2,0,3,3,4,1,3,0,0,0,2,11,2.0
2024,17,1,Team,0.0,0.0,BAR,,Team,,0,0,0,0,0,0,0,1,1,2,0,0,0,0,0,0,0,2,
2024,17,1,Total,,,BAR,,Total,200:00,88,25,41,11,28,5,7,7,25,32,27,14,10,6,3,18,13,114,
2024,17,0,P008384   ,0.0,0.0,BER,1,"PROCIDA, GABRIELE",10:43,2,1,1,0,5,0,0,0,1,1,0,0,0,0,0,0,0,-2,-11.0
2024,17,0,P008173   ,1.0,1.0,BER,3,"SPAGNOLO, MATTEO",25:55,7,3,4,0,2,1,2,1,3,4,1,0,5,0,0,1,2,4,-7.0
2024,17,0,P011934   ,1.0,1.0,BER,5,"WETZELL, YANNI",19:37,7,3,7,0,0,1,2,0,2,2,1,0,2,0,2,4,3,0,-18.0
2024,17,0,P008062   ,0.0,0.0,BER,7,"MCDOWELL-WHITE, WILL",13:28,12,3,4,2,2,0,0,0,0,0,1,1,1,0,0,0,1,13,-9.0
2024,17,0,P007025   ,0.0,0.0,BER,9,"MATTISSECK, JONAS",02:28,0,0,1,0,0,0,0,0,0,0,0,0,0,0,0,0,0,-1,-2.0
2024,17,0,P006251   ,0.0,0.0,BER,10,"SCHNEIDER, TIM",05:26,3,0,0,1,1,0,0,0,0,0,0,0,1,0,0,1,1,2,-6.0
2024,17,0,P008780   ,1.0,1.0,BER,15,"HERMANNSSON, MARTIN",27:26,13,5,10,0,1,3,4,0,2,2,5,0,2,0,2,2,4,11,-1.0
2024,17,0,P006919   ,1.0,0.0,BER,19,"OLINDE, LOUIS",23:48,7,3,4,0,2,1,3,2,3,5,1,1,1,1,1,1,3,10,-8.0
2024,17,0,P010791   ,0.0,0.0,BER,21,"KOUMADJE, KHALIFA",24:43,8,3,6,0,0,2,4,1,7,8,2,1,1,2,0,0,2,17,3.0
2024,17,0,P011631   ,0.0,1.0,BER,25,"RAPIEQUE, ELIAS",10:23,6,3,3,0,3,0,0,1,0,1,2,1,0,0,1,0,1,7,-2.0
2024,17,0,P012721   ,0.0,1.0,BER,34,"BEAN, JUSTIN",16:12,0,0,1,0,0,0,0,2,3,5,1,0,0,0,0,1,1,5,-7.0
2024,17,0,P012604   ,1.0,0.0,BER,50,"WILLIAMS, TREVION",19:51,8,4,6,0,2,0,0,2,1,3,0,0,3,0,0,3,0,1,-7.0
2024,17,0,Team,0.0,0.0,BER,,Team,,0,0,0,0,0,0,0,3,3,6,0,0,0,0,0,0,0,6,
2024,17,0,Total,,,BER,,Total,200:00,73,28,47,3,18,8,15,12,25,37,14,4,16,3,6,13,18,73,
2024,18,1,P008855   ,1.0,1.0,OLY,0,"WALKUP, THOMAS",19:37,2,0,2,0,0,2,2,1,1,2,7,0,1,0,1,4,3,6,-4.0
2024,18,1,P007982   ,0.0,0.0,OLY,1,"WILLIAMS-GOSS, NIGEL",14:34,9,4,6,0,0,1,3,1,2,3,3,0,2,0,0,0,2,11,11.0
2024,18,1,P012878   ,1.0,0.0,OLY,2,"WRIGHT, MOSES",21:41,2,0,2,0,1,2,4,0,6,6,1,1,1,2,0,4,2,4,13.0
2024,18,1,P007947   ,1.0,0.0,OLY,8,"VILDOZA, LUCA",23:33,5,1,1,1,3,0,0,0,2,2,2,1,2,0,0,0,0,6,16.0
2024,18,1,P008811   ,0.0,0.0,OLY,10,"FALL, MOUSTAPHA",06:28,2,1,1,0,0,0,3,0,0,0,1,0,1,0,0,2,3,0,-3.0
2024,18,1,P003469   ,1.0,1.0,OLY,14,"VEZENKOV, SASHA",24:38,17,3,4,0,1,11,13,3,8,11,1,1,1,0,0,2,7,30,-2.0
2024,18,1,P001255   ,0.0,1.0,OLY,16,"PAPANIKOLAOU, KOSTAS",19:20,7,0,0,2,3,1,2,1,4,5,1,0,0,0,0,3,3,11,-5.0
2024,18,1,P009849   ,0.0,0.0,OLY,22,"DORSEY, TYLER",16:23,2,1,1,0,4,0,0,0,2,2,1,0,3,0,0,2,3,-1,-8.0
2024,18,1,P008829   ,0.0,1.0,OLY,25,"PETERS, ALEC",15:36,5,2,2,0,1,1,1,1,1,2,0,0,0,0,0,1,1,6,10.0
2024,18,1,P011194   ,0.0,0.0,OLY,30,"PETRUSEV, FILIP",11:37,8,1,3,0,1,6,8,2,1,3,1,0,4,0,0,5,4,2,-6.0
2024,18,1,P007853   ,0.0,0.0,OLY,77,"MCKISSIC, SHAQUIELLE",01:48,0,0,0,0,0,0,0,0,0,0,0,0,0,0,0,0,0,0,-1.0
2024,18,1,P013380   ,1.0,1.0,OLY,94,"FOURNIER, EVAN",24:45,15,4,8,1,3,4,7,3,2,5,0,2,2,1,0,0,4,16,9.0
2024,18,1,Team,0.0,0.0,OLY,,Team,,0,0,0,0,0,0,0,3,1,4,0,0,2,0,0,0,0,2,
2024,18,1,Total,,,OLY,,Total,200:00,74,17,30,4,17,28,43,15,30,45,18,5,19,3,1,23,32,93,
2024,18,0,P011925   ,1.0,0.0,ZAL,1,"WALLACE, TYRONE",06:41,2,1,4,0,1,0,0,0,1,1,0,0,4,0,1,2,0,-8,-2.0
2024,18,0,P007975   ,0.0,1.0,ZAL,3,"FRANCISCO, SYLVAIN",23:10,13,1,3,2,8,5,7,0,1,1,6,0,1,0,1,3,8,13,-10.0
2024,18,0,P003210   ,0.0,1.0,ZAL,4,"LEKAVICIUS, LUKAS",10:08,3,0,2,1,2,0,0,0,0,0,1,0,1,0,0,0,0,0,5.0
2024,18,0,P011983   ,1.0,0.0,ZAL,8,"BRAZDEIKIS, IGNAS",17:33,5,1,3,0,0,3,4,0,4,4,1,2,2,1,0,2,3,9,-1.0
2024,18,0,P007513   ,1.0,1.0,ZAL,9,"GIEDRAITIS, DOVYDAS",28:33,9,3,4,1,4,0,0,2,2,4,0,1,0,0,1,2,1,8,0.0
2024,18,0,P005504   ,1.0,0.0,ZAL,15,"BIRUTIS, LAURYNAS",09:33,4,2,3,0,0,0,0,2,0,2,0,0,1,0,0,3,1,2,-1.0
2024,18,0,P011051   ,0.0,0.0,ZAL,18,"SMAILAGIC, ALEN",11:20,7,2,3,1,4,0,0,0,2,2,1,1,0,0,0,2,1,6,4.0
2024,18,0,P012622   ,0.0,1.0,ZAL,21,"MITCHELL, MATTHEW",06:47,0,0,2,0,1,0,0,1,0,1,0,0,1,0,0,1,0,-4,-8.0
2024,18,0,P003048   ,0.0,0.0,ZAL,42,"DUNSTON, BRYANT",21:16,3,1,4,0,0,1,2,4,2,6,0,1,0,0,0,5,2,3,-8.0
2024,18,0,P002676   ,1.0,0.0,ZAL,51,"BUTKEVICIUS, ARNAS",18:59,1,0,1,0,2,1,2,0,2,2,1,1,0,0,0,5,2,-2,13.0
2024,18,0,P007029   ,0.0,1.0,ZAL,91,"SIRVYDIS, DEIVIDAS",25:13,17,2,3,3,10,4,7,1,3,4,3,1,0,0,0,2,3,15,-5.0
2024,18,0,P002329   ,0.0,0.0,ZAL,92,"ULANOVAS, EDGARAS",20:47,4,1,3,0,3,2,3,2,2,4,1,0,0,0,0,5,1,-1,-17.0
2024,18,0,Team,0.0,0.0,ZAL,,Team,,0,0,0,0,0,0,0,6,3,9,0,0,1,0,0,0,0,8,
2024,18,0,Total,,,ZAL,,Total,200:00,68,14,35,8,35,16,25,18,22,40,14,7,11,1,3,32,22,49,
2024,19,1,P008384   ,1.0,0.0,BER,1,"PROCIDA, GABRIELE",14:31,2,1,2,0,2,0,0,0,4,4,1,0,2,0,0,2,0,0,-14.0
2024,19,1,P008173   ,0.0,1.0,BER,3,"SPAGNOLO, MATTEO",23:05,16,5,11,1,2,3,4,1,0,1,4,1,1,0,0,2,5,16,7.0
2024,19,1,P011934   ,1.0,0.0,BER,5,"WETZELL, YANNI",22:14,11,4,8,0,1,3,3,2,4,6,1,1,3,1,2,3,6,13,-16.0
2024,19,1,P008062   ,0.0,0.0,BER,7,"MCDOWELL-WHITE, WILL",DNP,0,0,0,0,0,0,0,0,0,0,0,0,0,0,0,0,0,0,0.0
2024,19,1,P007025   ,0.0,0.0,BER,9,"MATTISSECK, JONAS",15:49,0,0,0,0,2,0,0,0,3,3,2,1,0,0,0,2,1,3,24.0
2024,19,1,P006251   ,0.0,1.0,BER,10,"SCHNEIDER, TIM",13:50,11,3,3,1,3,2,2,3,1,4,0,0,0,0,0,1,2,14,16.0
2024,19,1,P008780   ,1.0,1.0,BER,15,"HERMANNSSON, MARTIN",25:38,21,4,6,3,4,4,4,0,2,2,2,0,3,0,0,1,2,20,-6.0
2024,19,1,P006919   ,1.0,0.0,BER,19,"OLINDE, LOUIS",26:37,8,4,6,0,5,0,0,1,2,3,3,2,0,0,0,5,0,4,-16.0
2024,19,1,P010791   ,1.0,0.0,BER,21,"KOUMADJE, KHALIFA",14:45,0,0,1,0,0,0,0,2,3,5,0,0,1,2,0,1,0,4,-14.0
2024,19,1,P011631   ,0.0,0.0,BER,25,"RAPIEQUE, ELIAS",DNP,0,0,0,0,0,0,0,0,0,0,0,0,0,0,0,0,0,0,0.0
2024,19,1,P012721   ,0.0,1.0,BER,34,"BEAN, JUSTIN",22:25,3,0,1,1,4,0,0,2,2,4,1,0,1,1,0,4,0,0,14.0
2024,19,1,P012604   ,0.0,1.0,BER,50,"WILLIAMS, TREVION",21:06,12,2,4,1,4,5,8,4,7,11,6,0,3,1,0,4,4,19,30.0
2024,19,1,Team,0.0,0.0,BER,,Team,,0,0,0,0,0,0,0,2,1,3,0,0,0,0,0,0,0,3,
2024,19,1,Total,,,BER,,Total,200:00,84,23,42,7,27,17,21,17,29,46,20,5,14,5,2,25,20,96,
2024,19,0,P013371   ,0.0,0.0,ASV,1,"HARRISON, SHAQUILLE",09:10,2,1,1,0,0,0,0,0,1,1,0,0,0,0,0,2,1,2,-18.0
2024,19,0,P013372   ,1.0,1.0,ASV,2,"SCHOFIELD, ADMIRAL",09:32,3,0,0,1,2,0,0,0,1,1,1,0,1,0,0,2,0,1,0.0
2024,19,0,P011225   ,1.0,1.0,ASV,3,"LEE, PARIS",28:22,16,1,6,3,5,5,5,0,1,1,2,2,0,0,1,1,5,17,18.0
2024,19,0,PKIR      ,0.0,0.0,ASV,5,"KAHUDI, CHARLES",15:54,0,0,1,0,1,0,0,0,2,2,0,0,1,0,0,3,1,-3,-17.0
2024,19,0,P007027   ,1.0,1.0,ASV,6,"MALEDON, THEO",27:19,17,3,5,1,5,8,10,2,5,7,2,2,3,0,0,1,6,22,13.0
2024,19,0,P000229   ,0.0,1.0,ASV,11,"JACKSON, EDWIN",27:17,10,2,6,2,4,0,0,0,1,1,1,0,1,0,0,1,0,4,1.0
2024,19,0,P002100   ,0.0,0.0,ASV,12,"DE COLO, NANDO",15:59,10,3,5,0,2,4,4,0,0,0,2,0,4,0,0,2,5,7,-24.0
2024,19,0,P010545   ,1.0,0.0,ASV,13,"SAKO, NEAL",31:17,12,4,7,0,0,4,7,5,8,13,1,2,1,2,2,5,4,20,10.0
2024,19,0,P003526   ,1.0,1.0,ASV,23,"LIGHTY, DAVID",26:44,9,0,3,2,3,3,4,0,4,4,2,0,0,0,1,0,3,12,6.0
2024,19,0,P008991   ,0.0,0.0,ASV,28,"BLACK, TARIK",08:26,0,0,1,0,0,0,0,1,0,1,0,0,0,0,1,3,0,-4,-14.0
2024,19,0,P012263   ,0.0,0.0,ASV,30,"SISSOKO, YOHANN",DNP,0,0,0,0,0,0,0,0,0,0,0,0,0,0,0,0,0,0,0.0
2024,19,0,Team,0.0,0.0,ASV,,Team,,0,0,0,0,0,0,0,1,2,3,0,0,0,0,0,0,0,3,
2024,19,0,Total,,,ASV,,Total,200:00,79,14,35,9,22,24,30,9,25,34,11,6,11,2,5,20,25,81,
2024,20,1,P003091   ,0.0,0.0,ULK,1,"BIRSEN, METECAN",DNP,0,0,0,0,0,0,0,0,0,0,0,0,0,0,0,0,0,0,0.0
2024,20,1,P009863   ,1.0,1.0,ULK,2,"BALDWIN IV, WADE",29:20,3,0,2,1,4,0,0,1,2,3,5,1,5,0,0,3,1,0,-14.0
2024,20,1,P002849   ,0.0,1.0,ULK,4,"MELLI, NICOLO",16:37,1,0,0,0,3,1,2,0,0,0,0,0,2,0,0,2,2,-5,0.0
2024,20,1,P002968   ,0.0,1.0,ULK,5,"SANLI, SERTAC",15:00,2,1,2,0,0,0,0,3,2,5,3,0,2,1,0,4,0,4,-11.0
2024,20,1,P002969   ,0.0,1.0,ULK,10,"MAHMUTOGLU, MELIH",08:06,3,0,0,1,2,0,0,0,1,1,0,0,0,0,0,0,0,3,-11.0
2024,20,1,P008962   ,1.0,0.0,ULK,11,"HAYES-DAVIS, NIGEL",31:19,20,3,7,4,5,2,2,2,6,8,0,1,2,0,1,1,5,25,-12.0
2024,20,1,P011205   ,0.0,0.0,ULK,20,"HALL, DEVON",26:14,10,4,7,0,4,2,3,0,2,2,3,1,0,0,1,2,4,9,-1.0
2024,20,1,P010560   ,0.0,0.0,ULK,21,"PIERRE, DYSHAWN",17:20,5,0,3,1,1,2,2,1,0,1,0,0,1,1,1,0,1,3,-4.0
2024,20,1,P008104   ,1.0,0.0,ULK,32,"ZAGARS, ARTURS",15:58,2,0,2,0,1,2,2,0,2,2,1,0,2,0,0,4,4,0,-12.0
2024,20,1,P009783   ,1.0,1.0,ULK,50,"COLSON, BONZIE",23:52,9,3,7,0,3,3,4,1,3,4,1,0,2,0,0,3,2,3,-17.0
2024,20,1,PLMG      ,1.0,0.0,ULK,51,"MARJANOVIC, BOBAN",05:16,0,0,1,0,0,0,0,0,0,0,0,0,0,0,0,1,0,-2,-12.0
2024,20,1,P007182   ,0.0,0.0,ULK,92,"BIRCH, KHEM",10:58,2,1,1,0,0,0,0,0,2,2,0,1,1,0,0,1,0,3,-1.0
2024,20,1,Team,0.0,0.0,ULK,,Team,,0,0,0,0,0,0,0,3,1,4,0,0,1,0,0,0,0,3,
2024,20,1,Total,,,ULK,,Total,200:00,57,12,32,7,23,12,15,11,21,32,13,4,18,2,3,21,19,46,
2024,20,0,P009048   ,1.0,1.0,RED,0,"MILLER-MCINTYRE, CODI",26:32,8,1,4,1,1,3,4,1,2,3,8,0,0,0,0,1,5,19,18.0
2024,20,0,P010612   ,1.0,0.0,RED,3,"CANAAN, ISAIAH",19:43,3,0,2,1,6,0,0,0,0,0,2,2,2,0,2,3,2,-5,8.0
2024,20,0,PJDR      ,0.0,0.0,RED,4,"TEODOSIC, MILOS",07:06,2,0,0,0,1,2,2,0,1,1,1,0,0,0,0,0,1,4,2.0
2024,20,0,P007960   ,0.0,0.0,RED,7,"DAVIDOVAC, DEJAN",05:54,0,0,0,0,0,0,0,0,0,0,0,0,0,0,0,1,0,-1,7.0
2024,20,0,P002553   ,0.0,0.0,RED,9,"MITROVIC, LUKA",08:49,7,2,3,0,0,3,4,1,1,2,1,0,3,0,0,2,2,5,2.0
2024,20,0,P004866   ,1.0,1.0,RED,12,"KALINIC, NIKOLA",32:10,7,1,2,1,4,2,4,0,4,4,1,2,2,1,0,3,5,9,15.0
2024,20,0,P004007   ,0.0,0.0,RED,13,"DOBRIC, OGNJEN",01:56,0,0,0,0,0,0,0,0,0,0,0,0,0,0,0,1,0,-1,-1.0
2024,20,0,P009035   ,1.0,1.0,RED,21,"BOLOMBOY, JOEL",31:11,18,6,8,2,2,0,0,2,9,11,1,1,2,1,0,3,0,25,17.0
2024,20,0,P012786   ,1.0,1.0,RED,24,"DAUM, MIKE",30:18,14,5,5,1,5,1,1,2,3,5,1,1,0,0,0,1,2,18,21.0
2024,20,0,P006436   ,0.0,0.0,RED,31,"GIEDRAITIS, ROKAS",10:44,0,0,0,0,0,0,0,0,1,1,1,1,0,1,0,1,1,4,-2.0
2024,20,0,P000848   ,0.0,1.0,RED,36,"NEDOVIC, NEMANJA",19:46,17,2,3,4,8,1,2,1,1,2,3,1,0,0,0,2,2,17,10.0
2024,20,0,P012044   ,0.0,0.0,RED,99,"DOS SANTOS, YAGO",05:51,0,0,2,0,1,0,0,0,1,1,0,0,0,0,0,1,1,-2,-2.0
2024,20,0,Team,0.0,0.0,RED,,Team,,0,0,0,0,0,0,0,2,1,3,0,0,2,0,0,0,0,1,
2024,20,0,Total,,,RED,,Total,200:00,76,17,29,10,28,12,17,9,24,33,19,8,11,3,2,19,21,93,
2024,21,1,P008855   ,1.0,0.0,OLY,0,"WALKUP, THOMAS",22:17,2,1,2,0,1,0,0,0,3,3,8,1,1,0,0,2,2,11,8.0
2024,21,1,P012878   ,0.0,0.0,OLY,2,"WRIGHT, MOSES",21:01,5,1,1,0,2,3,4,0,2,2,1,0,3,1,0,2,3,4,7.0
2024,21,1,P010392   ,0.0,1.0,OLY,5,"LARENTZAKIS, GIANNOULIS",01:45,0,0,0,0,1,0,0,0,0,0,0,0,0,0,0,0,0,-1,0.0
2024,21,1,P007947   ,0.0,1.0,OLY,8,"VILDOZA, LUCA",17:43,9,1,1,2,4,1,2,0,1,1,2,2,1,0,0,2,1,9,13.0
2024,21,1,P008811   ,1.0,0.0,OLY,10,"FALL, MOUSTAPHA",12:26,2,1,1,0,0,0,0,1,3,4,4,0,3,1,0,5,1,4,11.0
2024,21,1,P003469   ,1.0,0.0,OLY,14,"VEZENKOV, SASHA",23:39,22,3,6,3,5,7,8,2,5,7,1,2,0,0,0,1,6,31,12.0
2024,21,1,P001255   ,1.0,0.0,OLY,16,"PAPANIKOLAOU, KOSTAS",25:25,13,5,5,1,3,0,1,0,2,2,1,1,0,2,0,2,1,15,14.0
2024,21,1,P009849   ,0.0,0.0,OLY,22,"DORSEY, TYLER",08:30,0,0,1,0,1,0,0,0,1,1,1,0,0,0,0,1,0,-1,9.0
2024,21,1,P008829   ,0.0,1.0,OLY,25,"PETERS, ALEC",16:21,9,1,2,2,2,1,1,0,2,2,0,0,1,0,1,2,1,7,9.0
2024,21,1,P011194   ,0.0,1.0,OLY,30,"PETRUSEV, FILIP",06:33,0,0,2,0,0,0,0,0,3,3,0,0,1,0,0,0,0,0,3.0
2024,21,1,P007853   ,0.0,1.0,OLY,77,"MCKISSIC, SHAQUIELLE",22:33,22,4,6,3,3,5,5,0,3,3,2,0,1,0,1,1,3,25,13.0
2024,21,1,P013380   ,1.0,0.0,OLY,94,"FOURNIER, EVAN",21:47,5,1,3,1,5,0,0,0,1,1,0,1,0,0,1,1,0,-1,6.0
2024,21,1,Team,0.0,0.0,OLY,,Team,,0,0,0,0,0,0,0,1,1,2,0,0,0,0,0,0,0,2,
2024,21,1,Total,,,OLY,,Total,200:00,89,18,30,12,27,17,21,4,27,31,20,7,11,4,3,19,18,105,
2024,21,0,P006085   ,1.0,0.0,MIL,1,"DIMITRIJEVIC, NENO",27:34,6,1,6,1,4,1,2,2,3,5,7,1,1,0,0,1,4,12,-11.0
2024,21,0,P001392   ,0.0,1.0,MIL,5,"CAUSEUR, FABIEN",16:15,4,0,1,1,2,1,2,1,1,2,0,1,0,0,1,2,2,3,-5.0
2024,21,0,P006509   ,1.0,0.0,MIL,7,"TONUT, STEFANO",05:53,0,0,2,0,1,0,0,0,1,1,0,0,1,1,1,1,0,-4,-9.0
2024,21,0,P008985   ,0.0,1.0,MIL,10,"BOLMARO, LEANDRO",19:13,7,2,7,1,1,0,0,1,1,2,1,1,1,0,0,0,0,5,-14.0
2024,21,0,P013384   ,0.0,0.0,MIL,12,"BROOKS, ARMONI",04:26,0,0,1,0,1,0,0,0,0,0,0,0,0,0,0,0,0,-2,-4.0
2024,21,0,P008987   ,0.0,0.0,MIL,16,"LEDAY, ZACH",26:27,16,4,7,1,1,5,6,2,3,5,2,0,2,0,0,3,4,18,-14.0
2024,21,0,P001518   ,0.0,1.0,MIL,17,"RICCI, GIAMPAOLO",18:09,11,1,1,3,4,0,0,0,2,2,0,0,1,1,0,2,0,10,-12.0
2024,21,0,P005670   ,0.0,1.0,MIL,21,"FLACCADORI, DIEGO",01:45,0,0,0,0,0,0,0,0,0,0,0,0,0,0,0,0,0,0,0.0
2024,21,0,P013385   ,1.0,1.0,MIL,25,"DIOP, OUSMANE",20:57,14,6,9,0,0,2,2,4,1,5,1,0,1,0,0,4,1,13,-26.0
2024,21,0,P007831   ,1.0,0.0,MIL,31,"SHIELDS, SHAVON",27:59,5,1,4,1,3,0,0,0,5,5,6,0,3,0,2,1,2,7,-9.0
2024,21,0,P000796   ,1.0,0.0,MIL,33,"MIROTIC, NIKOLA",24:58,5,2,6,0,3,1,2,3,5,8,2,1,2,1,0,0,5,12,-4.0
2024,21,0,P013386   ,0.0,0.0,MIL,35,"MC CORMACK, DAVID",06:24,0,0,1,0,0,0,0,0,1,1,1,1,2,0,0,4,1,-3,3.0
2024,21,0,Team,0.0,0.0,MIL,,Team,,0,0,0,0,0,0,0,1,2,3,0,0,2,0,0,0,0,1,
2024,21,0,Total,,,MIL,,Total,200:00,68,17,45,8,20,10,14,14,25,39,20,5,16,3,4,18,19,72,
2024,22,1,P011948   ,1.0,1.0,BAS,0,"HOWARD, MARKUS",17:49,15,1,4,3,6,4,4,1,1,2,1,0,2,0,1,3,2,8,3.0
2024,22,1,P010784   ,0.0,0.0,BAS,6,"SAVKOV, PAVEL",DNP,0,0,0,0,0,0,0,0,0,0,0,0,0,0,0,0,0,0,0.0
2024,22,1,P007230   ,1.0,1.0,BAS,8,"SEDEKERSKIS, TADAS",24:06,8,1,2,2,4,0,0,3,5,8,5,0,1,0,0,0,0,17,-5.0
2024,22,1,P012080   ,0.0,1.0,BAS,9,"LUWAWU-CABARROT, TIMOTHE",23:31,9,3,7,1,2,0,0,1,0,1,1,1,2,0,2,3,1,1,3.0
2024,22,1,P004058   ,0.0,0.0,BAS,10,"JARAMAZ, OGNJEN",03:40,0,0,1,0,0,0,0,0,0,0,1,0,0,0,0,0,0,0,0.0
2024,22,1,P013367   ,0.0,0.0,BAS,11,"FORREST, TRENT",15:52,8,4,6,0,1,0,0,0,3,3,4,0,1,0,0,2,1,10,4.0
2024,22,1,P011085   ,0.0,0.0,BAS,17,"ROGKAVOPOULOS, NIKOLAOS",14:45,5,2,4,0,3,1,1,0,1,1,1,0,0,0,1,1,2,2,9.0
2024,22,1,P008072   ,0.0,0.0,BAS,18,"DIOP, KHALIFA",28:19,8,3,6,0,0,2,2,1,6,7,0,1,0,0,1,1,4,15,9.0
2024,22,1,P012597   ,1.0,1.0,BAS,44,"BALDWIN, KAMAR",20:27,3,0,5,1,3,0,0,0,0,0,2,1,1,0,0,2,0,-4,0.0
2024,22,1,P011196   ,1.0,0.0,BAS,45,"HALL, DONTA",09:21,0,0,1,0,0,0,0,0,2,2,0,0,0,0,0,1,0,0,-5.0
2024,22,1,P012058   ,1.0,0.0,BAS,46,"NDIAYE, OUSMANE",14:31,6,3,3,0,3,0,0,2,1,3,1,0,0,1,0,0,0,8,-5.0
2024,22,1,P012201   ,0.0,1.0,BAS,95,"MONEKE, CHIMA",27:39,14,1,2,3,4,3,4,1,4,5,2,1,1,0,0,0,3,21,7.0
2024,22,1,Team,0.0,0.0,BAS,,Team,,0,0,0,0,0,0,0,2,2,4,0,0,4,0,0,0,0,0,
2024,22,1,Total,,,BAS,,Total,200:00,76,18,41,10,26,10,11,11,25,36,18,4,12,1,5,13,13,78,
2024,22,0,P003733   ,0.0,0.0,MAD,6,"ABALDE, ALBERTO",07:59,2,1,1,0,1,0,0,0,0,0,1,0,0,0,0,1,0,1,-11.0
2024,22,0,P013378   ,0.0,0.0,MAD,8,"RATHAN-MAYES, XAVIER",15:07,3,0,2,1,4,0,0,0,2,2,4,0,3,0,0,0,0,1,0.0
2024,22,0,P011649   ,0.0,0.0,MAD,9,"GONZALEZ, HUGO",DNP,0,0,0,0,0,0,0,0,0,0,0,0,0,0,0,0,0,0,0.0
2024,22,0,P003108   ,1.0,1.0,MAD,11,"HEZONJA, MARIO",27:37,13,2,4,3,10,0,0,1,5,6,4,0,1,0,0,1,0,12,-8.0
2024,22,0,P006540   ,1.0,1.0,MAD,13,"MUSA, DZANAN",33:27,17,5,10,1,6,4,4,0,1,1,4,0,2,0,1,1,4,12,3.0
2024,22,0,P009005   ,0.0,1.0,MAD,14,"DECK, GABRIEL",25:47,11,4,5,1,3,0,0,0,0,0,2,1,0,1,0,2,1,11,-5.0
2024,22,0,P012168   ,0.0,0.0,MAD,15,"GUEYE, SIDI",DNP,0,0,0,0,0,0,0,0,0,0,0,0,0,0,0,0,0,0,0.0
2024,22,0,P003583   ,0.0,0.0,MAD,18,"IBAKA, SERGE",06:49,5,1,1,1,2,0,0,0,0,0,0,0,0,0,0,1,1,4,-7.0
2024,22,0,P005791   ,1.0,1.0,MAD,22,"TAVARES, WALTER",33:02,14,7,9,0,0,0,1,9,6,15,2,1,3,3,0,2,2,29,1.0
2024,22,0,PTGB      ,1.0,1.0,MAD,23,"LLULL, SERGIO",23:32,5,1,2,1,5,0,0,0,3,3,7,1,1,0,0,2,4,12,2.0
2024,22,0,P009213   ,1.0,0.0,MAD,30,"NDIAYE, ELI",26:40,2,1,1,0,2,0,0,2,4,6,1,0,1,1,0,4,1,4,5.0
2024,22,0,Team,0.0,0.0,MAD,,Team,,0,0,0,0,0,0,0,0,3,3,0,0,1,0,0,0,0,2,
2024,22,0,Total,,,MAD,,Total,200:00,72,22,35,8,33,4,5,12,24,36,25,3,12,5,1,14,13,88,
2024,23,1,P012608   ,1.0,1.0,PRS,0,"SHORTS, TJ",27:25,16,7,12,0,3,2,7,1,2,3,7,2,2,0,2,2,8,17,-6.0
2024,23,1,P012609   ,0.0,0.0,PRS,1,"MALCOLM, COLLIN",23:36,14,1,3,3,6,3,4,0,2,2,0,1,0,1,1,2,3,12,10.0
2024,23,1,P012640   ,0.0,1.0,PRS,2,"HIFI, NADIR",20:17,20,4,6,3,7,3,3,0,1,1,2,1,1,0,0,2,2,17,3.0
2024,23,1,P012610   ,1.0,1.0,PRS,3,"WARD, TYSON",23:17,9,2,6,1,4,2,2,2,5,7,4,0,1,0,0,2,2,12,-19.0
2024,23,1,P013373   ,0.0,0.0,PRS,4,"CAVALIERE, LEOPOLD",09:23,0,0,0,0,0,0,0,0,2,2,0,0,2,0,0,4,2,-2,10.0
2024,23,1,P005793   ,0.0,0.0,PRS,5,"SY, BANDJA",13:20,2,1,3,0,2,0,1,3,2,5,0,1,0,0,0,2,1,2,12.0
2024,23,1,P003481   ,0.0,0.0,PRS,6,"KESSENS, MICHAEL",DNP,0,0,0,0,0,0,0,0,0,0,0,0,0,0,0,0,0,0,0.0
2024,23,1,P012611   ,0.0,1.0,PRS,7,"HERRERA, SEBASTIAN",09:41,3,0,0,0,0,3,4,0,0,0,0,0,0,0,0,2,2,2,14.0
2024,23,1,P010390   ,1.0,0.0,PRS,13,"HAYES, KEVARRIUS",18:33,6,3,5,0,0,0,0,2,1,3,0,1,0,0,0,4,0,4,-14.0
2024,23,1,P012612   ,0.0,0.0,PRS,18,"SHAHRVIN, ENZO",11:25,2,1,1,0,0,0,0,4,2,6,1,0,2,1,0,1,0,7,4.0
2024,23,1,P012613   ,1.0,1.0,PRS,20,"JANTUNEN, MIKAEL",23:20,6,2,2,0,2,2,2,3,1,4,0,2,0,0,0,1,0,9,5.0
2024,23,1,P004197   ,1.0,0.0,PRS,24,"OUATTARA, YAKUBA",19:43,6,2,3,0,5,2,2,0,1,1,1,1,0,0,1,1,1,2,1.0
2024,23,1,Team,0.0,0.0,PRS,,Team,,0,0,0,0,0,0,0,2,2,4,0,0,0,0,0,0,0,4,
2024,23,1,Total,,,PRS,,Total,200:00,84,23,41,7,29,17,25,17,21,38,15,9,8,2,4,23,21,86,
2024,23,0,P011209   ,0.0,0.0,PAN,0,"KALAITZAKIS, PANAGIOTIS",01:35,0,0,0,0,1,0,0,0,0,0,0,0,0,0,0,0,0,-1,0.0
2024,23,0,P009622   ,0.0,0.0,PAN,2,"BROWN, LORENZO",18:30,14,2,2,1,2,7,9,1,1,2,2,1,1,0,0,0,4,19,-7.0
2024,23,0,P001926   ,0.0,0.0,PAN,10,"SLOUKAS, KOSTAS",14:52,2,0,1,0,1,2,2,0,3,3,5,0,2,0,0,2,4,8,-7.0
2024,23,0,P004088   ,0.0,1.0,PAN,16,"OSMAN, CEDI",11:55,3,0,1,1,2,0,0,0,1,1,0,0,0,0,0,3,0,-1,-1.0
2024,23,0,P005161   ,0.0,0.0,PAN,21,"PAPAPETROU, IOANNIS",11:16,0,0,2,0,0,0,0,0,0,0,0,0,0,0,0,2,0,-4,4.0
2024,23,0,P011204   ,1.0,1.0,PAN,22,"GRANT, JERIAN",30:53,6,0,1,2,4,0,0,2,0,2,2,2,1,0,0,3,1,6,-1.0
2024,23,0,P012774   ,1.0,1.0,PAN,25,"NUNN, KENDRICK",27:16,16,4,9,2,7,2,2,0,8,8,1,1,3,1,2,2,5,15,-1.0
2024,23,0,P003842   ,1.0,0.0,PAN,26,"LESSORT, MATHIAS",29:51,19,6,9,0,0,7,10,5,6,11,3,1,3,2,0,4,5,28,2.0
2024,23,0,P002328   ,1.0,1.0,PAN,40,"GRIGONIS, MARIUS",15:44,7,1,2,1,1,2,2,0,1,1,2,0,1,0,0,1,2,9,6.0
2024,23,0,P012712   ,0.0,1.0,PAN,41,"HERNANGOMEZ, JUANCHO",15:43,9,3,6,1,1,0,0,2,4,6,0,0,1,0,0,1,0,10,1.0
2024,23,0,P007866   ,1.0,0.0,PAN,44,"MITOGLOU, KONSTANTINOS",14:52,2,1,3,0,0,0,0,1,3,4,0,1,3,1,0,2,1,2,-4.0
2024,23,0,P005353   ,0.0,0.0,PAN,77,"YURTSEVEN, OMER",07:33,2,1,4,0,0,0,1,1,0,1,0,0,0,0,0,1,1,-1,-12.0
2024,23,0,Team,0.0,0.0,PAN,,Team,,0,0,0,0,0,0,0,2,1,3,0,0,0,0,0,0,0,3,
2024,23,0,Total,,,PAN,,Total,200:00,80,18,40,8,19,20,26,14,28,42,15,6,15,4,2,21,23,93,
2024,24,1,P009549   ,1.0,1.0,VIR,0,"CORDINIER, ISAIA",18:12,10,3,5,1,6,1,2,0,1,1,2,1,3,1,0,4,1,1,-4.0
2024,24,1,PBCN      ,0.0,1.0,VIR,3,"BELINELLI, MARCO",19:29,6,3,4,0,4,0,0,0,0,0,1,1,1,0,0,4,1,-1,-3.0
2024,24,1,P006739   ,1.0,1.0,VIR,6,"PAJOLA, ALESSANDRO",24:27,11,4,4,1,4,0,0,2,0,2,5,4,0,0,0,2,0,17,5.0
2024,24,1,P004888   ,1.0,1.0,VIR,8,"CLYBURN, WILL",36:19,16,2,8,3,7,3,3,1,6,7,0,0,1,0,0,4,5,13,8.0
2024,24,1,P001133   ,1.0,0.0,VIR,21,"SHENGELIA, TORNIKE",28:27,11,2,7,0,0,7,10,4,7,11,2,0,2,0,0,5,8,17,1.0
2024,24,1,P001844   ,0.0,0.0,VIR,23,"HACKETT, DANIEL",13:53,0,0,0,0,1,0,0,0,0,0,1,0,1,0,0,1,1,-1,-9.0
2024,24,1,P005738   ,0.0,0.0,VIR,24,"GRAZULIS, ANDREJS",04:10,0,0,1,0,0,0,0,0,0,0,0,0,0,0,0,1,0,-2,-10.0
2024,24,1,P012585   ,0.0,0.0,VIR,30,"MORGAN, MATTHEW",05:09,0,0,1,0,1,0,0,0,0,0,1,0,0,0,0,1,0,-2,-6.0
2024,24,1,P002084   ,0.0,0.0,VIR,33,"POLONARA, ACHILLE",13:42,4,1,1,0,0,2,2,0,3,3,0,0,1,1,0,2,3,8,-1.0
2024,24,1,P013374   ,1.0,1.0,VIR,35,"DIOUF, MOUHAMET",24:09,5,2,2,0,0,1,1,1,2,3,0,2,3,1,0,2,3,9,15.0
2024,24,1,P004554   ,0.0,0.0,VIR,41,"ZIZIC, ANTE",06:59,0,0,2,0,0,0,0,0,2,2,0,0,0,0,0,1,0,-1,-7.0
2024,24,1,P012591   ,0.0,0.0,VIR,59,"TUCKER, RAYJON",05:04,5,0,0,1,1,2,2,0,0,0,0,0,1,0,0,0,1,5,-4.0
2024,24,1,Team,0.0,0.0,VIR,,Team,,0,0,0,0,0,0,0,1,2,3,0,0,0,0,0,0,0,3,
2024,24,1,Total,,,VIR,,Total,200:00,68,17,35,6,24,16,20,9,23,32,12,8,13,3,0,27,23,66,
2024,24,0,P011925   ,0.0,0.0,ZAL,1,"WALLACE, TYRONE",DNP,0,0,0,0,0,0,0,0,0,0,0,0,0,0,0,0,0,0,0.0
2024,24,0,P007975   ,0.0,0.0,ZAL,3,"FRANCISCO, SYLVAIN",25:34,11,3,5,1,5,2,5,0,1,1,8,2,2,0,1,0,8,18,11.0
2024,24,0,P003210   ,0.0,0.0,ZAL,4,"LEKAVICIUS, LUKAS",09:16,4,0,3,1,1,1,1,0,0,0,0,0,1,0,0,3,1,-2,-6.0
2024,24,0,P011983   ,1.0,0.0,ZAL,8,"BRAZDEIKIS, IGNAS",13:22,6,3,6,0,3,0,0,0,1,1,1,0,1,0,1,4,1,-3,-14.0
2024,24,0,P007513   ,1.0,1.0,ZAL,9,"GIEDRAITIS, DOVYDAS",30:22,15,2,3,3,3,2,3,1,2,3,1,2,1,0,0,0,2,20,-5.0
2024,24,0,P005504   ,0.0,0.0,ZAL,15,"BIRUTIS, LAURYNAS",14:43,7,2,6,0,0,3,4,2,4,6,0,0,1,0,0,2,3,8,6.0
2024,24,0,P011051   ,0.0,1.0,ZAL,18,"SMAILAGIC, ALEN",08:48,9,3,3,0,1,3,7,3,3,6,0,0,2,0,0,1,4,11,15.0
2024,24,0,P012622   ,0.0,1.0,ZAL,21,"MITCHELL, MATTHEW",18:15,4,2,4,0,0,0,0,0,3,3,1,1,3,0,0,1,0,3,15.0
2024,24,0,P003048   ,1.0,0.0,ZAL,42,"DUNSTON, BRYANT",16:29,0,0,2,0,0,0,0,2,2,4,0,0,2,0,0,4,2,-2,-18.0
2024,24,0,P002676   ,0.0,1.0,ZAL,51,"BUTKEVICIUS, ARNAS",16:27,2,0,0,0,2,2,2,0,4,4,1,3,0,0,0,2,1,7,15.0
2024,24,0,P007029   ,1.0,0.0,ZAL,91,"SIRVYDIS, DEIVIDAS",19:54,3,0,0,1,3,0,2,0,3,3,2,2,1,0,0,2,3,6,4.0
2024,24,0,P002329   ,1.0,1.0,ZAL,92,"ULANOVAS, EDGARAS",26:50,10,3,4,1,2,1,2,1,1,2,0,1,2,0,1,4,1,4,-8.0
2024,24,0,Team,0.0,0.0,ZAL,,Team,,0,0,0,0,0,0,0,3,1,4,0,0,0,0,0,0,0,4,
2024,24,0,Total,,,ZAL,,Total,200:00,71,18,36,7,20,14,26,12,25,37,14,11,16,0,3,23,26,74,
2024,25,1,P009862   ,1.0,1.0,BAR,0,"PUNTER, KEVIN",24:59,21,5,7,3,8,2,2,1,2,3,3,2,1,1,1,2,1,20,18.0
2024,25,1,P012795   ,0.0,0.0,BAR,1,"ANDERSON, JUSTIN",17:29,0,0,1,0,3,0,0,0,4,4,2,1,0,1,0,0,0,4,-5.0
2024,25,1,P000925   ,1.0,0.0,BAR,6,"VESELY, JAN",19:06,10,5,7,0,0,0,0,1,5,6,2,0,1,0,0,0,0,15,9.0
2024,25,1,P009992   ,0.0,0.0,BAR,8,"BRIZUELA, DARIO",15:02,9,1,3,2,2,1,2,0,0,0,2,0,0,0,0,2,1,7,1.0
2024,25,1,P013379   ,0.0,1.0,BAR,10,"METU, CHIMEZIE",18:44,7,3,5,0,0,1,2,3,4,7,0,0,4,1,0,2,1,7,2.0
2024,25,1,P002939   ,1.0,1.0,BAR,13,"SATORANSKY, TOMAS",20:13,1,0,3,0,1,1,2,3,3,6,3,0,3,0,0,3,4,3,13.0
2024,25,1,P003196   ,1.0,0.0,BAR,14,"HERNANGOMEZ, WILLY",18:25,7,3,5,0,0,1,2,2,3,5,0,0,3,0,0,1,2,7,17.0
2024,25,1,P010106   ,0.0,0.0,BAR,17,"NUNEZ, JUAN",06:46,2,1,1,0,1,0,0,1,0,1,2,0,0,0,0,0,0,4,-1.0
2024,25,1,P006568   ,0.0,0.0,BAR,19,"FALL, YOUSSOUPHA",DNP,0,0,0,0,0,0,0,0,0,0,0,0,0,0,0,0,0,0,0.0
2024,25,1,P006435   ,0.0,0.0,BAR,20,"LAPROVITTOLA, NICOLAS",17:19,13,3,3,2,3,1,2,0,0,0,3,0,1,0,0,3,5,15,4.0
2024,25,1,P003478   ,0.0,1.0,BAR,21,"ABRINES, ALEX",12:39,0,0,0,0,1,0,0,1,0,1,1,0,0,0,0,3,2,0,10.0
2024,25,1,P012745   ,1.0,1.0,BAR,22,"PARKER, JABARI",29:18,16,1,3,4,6,2,2,2,3,5,3,1,3,0,0,3,3,18,7.0
2024,25,1,Team,0.0,0.0,BAR,,Team,,0,0,0,0,0,0,0,0,1,1,0,0,0,0,0,0,0,1,
2024,25,1,Total,,,BAR,,Total,200:00,86,22,38,11,25,9,14,14,25,39,21,4,16,3,1,19,19,101,
2024,25,0,P011212   ,0.0,1.0,MCO,0,"OKOBO, ELIE",25:12,13,1,2,2,3,5,6,0,1,1,7,0,1,0,0,3,4,18,-4.0
2024,25,0,P011231   ,1.0,1.0,MCO,4,"BLOSSOMGAME, JARON",29:46,7,2,7,1,3,0,2,2,1,3,2,1,1,0,1,3,2,1,-19.0
2024,25,0,P009754   ,1.0,1.0,MCO,8,"LOYD, JORDAN",23:15,4,2,7,0,2,0,0,1,3,4,4,2,1,0,0,4,3,5,-12.0
2024,25,0,P005844   ,0.0,0.0,MCO,9,"PAPAGIANNIS, GEORGIOS",09:29,4,2,4,0,2,0,0,2,3,5,0,0,1,0,1,1,0,2,-9.0
2024,25,0,P011226   ,0.0,0.0,MCO,11,"DIALLO, ALPHA",26:22,12,4,5,1,2,1,1,0,6,6,1,3,4,0,1,5,1,11,-2.0
2024,25,0,P002581   ,1.0,1.0,MCO,14,"JAITEH, MAM",28:21,10,4,5,0,0,2,2,1,3,4,0,1,1,0,0,1,2,14,-10.0
2024,25,0,PLCZ      ,1.0,0.0,MCO,20,"MOTIEJUNAS, DONATAS",13:00,8,4,6,0,0,0,0,0,1,1,0,1,0,1,0,2,2,9,-5.0
2024,25,0,P012515   ,0.0,0.0,MCO,22,"TARPEY, TERRY",DNP,0,0,0,0,0,0,0,0,0,0,0,0,0,0,0,0,0,0,0.0
2024,25,0,P008161   ,0.0,0.0,MCO,23,"BEGARIN, JUHANN",DNP,0,0,0,0,0,0,0,0,0,0,0,0,0,0,0,0,0,0,0.0
2024,25,0,P013365   ,0.0,1.0,MCO,30,"BROWN, VITTO",06:14,0,0,0,0,0,0,0,0,1,1,0,0,0,0,0,0,0,1,5.0
2024,25,0,P008099   ,0.0,0.0,MCO,32,"STRAZEL, MATTHEW",14:49,2,1,1,0,2,0,0,1,0,1,2,0,2,0,0,0,1,2,2.0
2024,25,0,P005985   ,1.0,0.0,MCO,55,"JAMES, MIKE",23:32,11,1,6,1,3,6,9,0,1,1,1,2,3,0,0,1,4,5,-21.0
2024,25,0,Team,0.0,0.0,MCO,,Team,,0,0,0,0,0,0,0,4,1,5,0,0,0,0,0,0,0,5,
2024,25,0,Total,,,MCO,,Total,200:00,71,21,43,5,17,14,20,11,21,32,17,10,14,1,3,20,19,73,
2024,26,1,P007870   ,1.0,0.0,PAR,0,"DAVIES, BRANDON",12:50,2,1,3,0,0,0,0,1,0,1,4,1,2,0,0,3,2,3,4.0
2024,26,1,P010781   ,1.0,1.0,PAR,1,"LUNDBERG, IFFE",17:01,7,1,1,1,3,2,3,0,4,4,2,1,1,0,0,1,2,11,4.0
2024,26,1,P013369   ,0.0,1.0,PAR,2,"JONES, CARLIK",23:14,14,4,6,0,2,6,6,0,5,5,3,1,4,1,0,1,4,19,7.0
2024,26,1,P006591   ,0.0,1.0,PAR,3,"NTILIKINA, FRANK",27:40,13,1,1,3,4,2,2,1,0,1,3,1,2,0,0,2,1,14,13.0
2024,26,1,P011050   ,0.0,0.0,PAR,5,"KOPRIVICA, BALSA",07:12,0,0,1,0,0,0,0,0,1,1,0,0,0,1,1,1,0,-1,-9.0
2024,26,1,P007632   ,0.0,0.0,PAR,7,"NAKIC, MARIO",07:07,0,0,0,0,0,0,0,0,0,0,0,0,1,0,0,0,1,0,-7.0
2024,26,1,P004761   ,1.0,0.0,PAR,9,"MARINKOVIC, VANJA",22:09,2,1,2,0,2,0,0,1,3,4,2,1,3,0,0,0,0,3,4.0
2024,26,1,P008232   ,0.0,0.0,PAR,11,"POKUSEVSKI, ALEKSEJ",15:12,0,0,2,0,2,0,0,0,1,1,1,1,0,1,0,2,1,-1,-2.0
2024,26,1,P012720   ,1.0,1.0,PAR,12,"BROWN, STERLING",24:56,22,5,7,4,6,0,0,1,3,4,0,0,2,0,0,3,1,18,3.0
2024,26,1,P006760   ,1.0,0.0,PAR,17,"BONGA, ISAAC",22:42,13,0,1,3,4,4,4,1,2,3,0,2,1,0,0,5,2,12,10.0
2024,26,1,P007736   ,0.0,0.0,PAR,19,"LAKIC, ARIJAN",DNP,0,0,0,0,0,0,0,0,0,0,0,0,0,0,0,0,0,0,0.0
2024,26,1,P011981   ,0.0,1.0,PAR,88,"JONES, TYRIQUE",19:57,13,3,4,0,0,7,12,2,2,4,1,0,1,1,0,3,7,16,13.0
2024,26,1,Team,0.0,0.0,PAR,,Team,,0,0,0,0,0,0,0,2,0,2,0,0,0,0,0,0,0,2,
2024,26,1,Total,,,PAR,,Total,200:00,86,16,28,11,23,21,27,9,21,30,16,8,17,4,1,21,21,96,
2024,26,0,P010391   ,1.0,1.0,MUN,0,"WEILER-BABB, NICK",27:28,12,1,3,2,4,4,4,3,3,6,3,2,2,0,0,4,3,16,4.0
2024,26,0,P011244   ,0.0,0.0,MUN,1,"DA SILVA, OSCAR",16:00,4,2,2,0,1,0,0,1,1,2,0,1,1,1,0,2,1,5,-2.0
2024,26,0,P011987   ,0.0,1.0,MUN,3,"EDWARDS, CARSEN",26:03,13,1,4,3,9,2,2,0,4,4,1,2,3,0,1,3,3,7,-10.0
2024,26,0,P007201   ,1.0,0.0,MUN,7,"VOIGTMANN, JOHANNES",19:13,5,1,1,1,3,0,0,0,1,1,0,0,3,0,0,1,1,1,-7.0
2024,26,0,P011224   ,1.0,1.0,MUN,8,"NAPIER, SHABAZZ",24:58,10,2,4,2,5,0,0,1,1,2,3,2,2,0,1,3,4,10,-4.0
2024,26,0,P012123   ,0.0,0.0,MUN,10,"KHARCHENKOV, IVAN",09:44,2,1,3,0,1,0,0,0,0,0,1,0,2,0,2,1,0,-5,-4.0
2024,26,0,P004508   ,1.0,1.0,MUN,13,"OBST, ANDREAS",27:44,15,4,4,2,4,1,2,0,2,2,2,1,1,0,0,1,3,18,-2.0
2024,26,0,P005460   ,0.0,0.0,MUN,20,"HARRIS, ELIAS",10:55,2,1,2,0,0,0,0,1,0,1,0,0,0,0,0,0,0,2,12.0
2024,26,0,P007639   ,0.0,0.0,MUN,22,"BRANKOVIC, DANKO",05:50,4,2,2,0,0,0,0,1,1,2,0,0,0,0,0,3,0,3,-11.0
2024,26,0,P007056   ,1.0,1.0,MUN,31,"BOOKER, DEVIN",26:12,11,3,6,0,2,5,5,1,2,3,1,1,2,0,0,3,6,12,-6.0
2024,26,0,P011052   ,0.0,0.0,MUN,41,"MADAR, YAM",05:53,0,0,0,0,0,0,0,0,0,0,1,1,1,0,0,0,0,1,-10.0
2024,26,0,P013368   ,0.0,0.0,MUN,53,"YEBO, KEVIN",DNP,0,0,0,0,0,0,0,0,0,0,0,0,0,0,0,0,0,0,0.0
2024,26,0,Team,0.0,0.0,MUN,,Team,,0,0,0,0,0,0,0,3,1,4,0,0,0,0,0,0,0,4,
2024,26,0,Total,,,MUN,,Total,200:00,78,18,31,10,29,12,13,11,16,27,12,10,17,1,4,21,21,74,
2024,27,1,P006835   ,1.0,1.0,TEL,1,"HOARD, JAYLEN",34:12,18,6,10,1,1,3,4,1,4,5,3,0,1,0,1,1,3,21,-2.0
2024,27,1,P013389   ,0.0,1.0,TEL,5,"LEE, SABEN",22:28,23,6,8,2,2,5,7,0,1,1,5,1,2,0,0,2,4,26,12.0
2024,27,1,P007855   ,0.0,0.0,TEL,7,"KABA, ALPHA",DNP,0,0,0,0,0,0,0,0,0,0,0,0,0,0,0,0,0,0,0.0
2024,27,1,P004233   ,1.0,0.0,TEL,8,"MENCO, RAFI",05:22,4,2,2,0,1,0,0,2,2,4,0,0,0,0,0,0,0,7,-7.0
2024,27,1,P011219   ,1.0,0.0,TEL,9,"SORKIN, ROMAN",24:57,9,2,6,1,2,2,3,0,0,0,0,0,2,0,1,3,3,0,-10.0
2024,27,1,P011433   ,0.0,0.0,TEL,10,"MAYER, OMER",DNP,0,0,0,0,0,0,0,0,0,0,0,0,0,0,0,0,0,0,0.0
2024,27,1,P013381   ,0.0,0.0,TEL,11,"RAYMAN, WILLIAM",00:10,0,0,0,0,0,0,0,0,0,0,0,0,0,0,0,0,0,0,-1.0
2024,27,1,P007990   ,0.0,1.0,TEL,12,"DIBARTOLOMEO, JOHN",21:22,3,0,1,1,4,0,0,0,0,0,2,1,1,0,0,0,5,6,13.0
2024,27,1,P011214   ,0.0,1.0,TEL,14,"RIVERO, JASIEL",21:38,10,5,5,0,0,0,2,2,4,6,2,1,1,1,0,3,4,18,4.0
2024,27,1,P005145   ,0.0,0.0,TEL,15,"COHEN, JAKE",10:23,5,1,2,1,1,0,0,1,1,2,0,0,0,0,0,2,1,5,15.0
2024,27,1,P013382   ,1.0,1.0,TEL,20,"RANDOLPH, LEVI",32:58,7,2,6,1,3,0,0,3,1,4,3,1,1,0,0,2,2,8,-7.0
2024,27,1,P011193   ,1.0,0.0,TEL,45,"BLATT, TAMIR",26:30,14,1,1,3,8,3,3,0,0,0,5,0,5,0,0,2,2,9,-7.0
2024,27,1,Team,0.0,0.0,TEL,,Team,,0,0,0,0,0,0,0,2,5,7,0,0,1,0,0,0,0,6,
2024,27,1,Total,,,TEL,,Total,200:00,93,25,41,10,22,13,19,11,18,29,20,4,14,1,2,15,24,106,
2024,27,0,P007200   ,1.0,1.0,IST,0,"LARKIN, SHANE",23:25,8,4,5,0,6,0,1,0,2,2,8,1,1,0,0,1,3,12,5.0
2024,27,0,P006590   ,0.0,1.0,IST,1,"BEAUBOIS, RODRIGUE",18:03,10,4,4,0,1,2,2,1,0,1,3,1,2,0,0,4,1,9,1.0
2024,27,0,P013363   ,1.0,1.0,IST,3,"NWORA, JORDAN",30:51,21,5,7,3,8,2,3,1,4,5,0,1,1,0,0,2,1,17,4.0
2024,27,0,P007109   ,0.0,0.0,IST,11,"SMITS, ROLANDS",14:36,3,1,2,0,2,1,2,0,2,2,0,0,0,0,0,2,2,1,-12.0
2024,27,0,P011078   ,1.0,0.0,IST,13,"THOMPSON, DARIUS",28:06,10,4,6,0,2,2,2,2,0,2,6,1,2,0,0,4,2,11,6.0
2024,27,0,P013364   ,0.0,0.0,IST,14,"JOHNSON, STANLEY",08:33,1,0,0,0,0,1,2,2,1,3,0,0,1,0,0,3,1,0,-5.0
2024,27,0,P004887   ,1.0,1.0,IST,17,"POIRIER, VINCENT",30:13,22,10,11,0,0,2,2,0,3,3,1,0,2,1,0,4,3,23,6.0
2024,27,0,P006640   ,0.0,0.0,IST,18,"OZDEMIROGLU, DOGUS",07:35,4,0,1,1,1,1,2,1,0,1,1,0,0,0,0,2,1,3,-9.0
2024,27,0,P012710   ,1.0,0.0,IST,24,"OSMANI, ERCAN",21:14,7,1,2,1,2,2,2,0,6,6,3,3,0,1,1,2,1,16,1.0
2024,27,0,P012788   ,0.0,0.0,IST,25,"OTURU, DAN",06:01,2,1,1,0,0,0,0,1,1,2,0,0,1,0,0,1,0,2,-4.0
2024,27,0,P006372   ,0.0,0.0,IST,33,"YILMAZ, ERKAN",DNP,0,0,0,0,0,0,0,0,0,0,0,0,0,0,0,0,0,0,0.0
2024,27,0,P009664   ,0.0,1.0,IST,35,"WILLIS, DEREK",11:23,3,0,0,1,1,0,0,0,0,0,0,0,1,0,0,0,0,2,-3.0
2024,27,0,Team,0.0,0.0,IST,,Team,,0,0,0,0,0,0,0,1,1,2,0,0,1,0,0,0,0,1,
2024,27,0,Total,,,IST,,Total,200:00,91,30,39,6,23,13,18,9,20,29,22,7,12,2,1,25,15,97,
2024,28,1,P008384   ,0.0,0.0,BER,1,"PROCIDA, GABRIELE",04:26,0,0,0,0,3,0,0,0,0,0,1,0,0,0,0,1,0,-3,-8.0
2024,28,1,P012099   ,0.0,0.0,BER,2,"GROSBER, DORIAN",DNP,0,0,0,0,0,0,0,0,0,0,0,0,0,0,0,0,0,0,0.0
2024,28,1,P008173   ,0.0,1.0,BER,3,"SPAGNOLO, MATTEO",24:10,13,3,8,0,1,7,10,1,5,6,2,1,1,0,1,3,9,17,1.0
2024,28,1,P011934   ,1.0,1.0,BER,5,"WETZELL, YANNI",20:31,5,1,4,1,3,0,0,3,4,7,1,0,1,0,0,1,1,7,-10.0
2024,28,1,P008062   ,0.0,0.0,BER,7,"MCDOWELL-WHITE, WILL",14:29,2,1,3,0,1,0,0,0,1,1,2,1,1,0,0,0,1,3,-11.0
2024,28,1,P007025   ,1.0,0.0,BER,9,"MATTISSECK, JONAS",11:24,0,0,0,0,3,0,0,0,0,0,1,0,0,0,0,3,0,-5,0.0
2024,28,1,P006251   ,0.0,1.0,BER,10,"SCHNEIDER, TIM",15:21,8,2,2,1,1,1,2,1,2,3,0,1,0,0,0,1,2,12,1.0
2024,28,1,P008780   ,1.0,1.0,BER,15,"HERMANNSSON, MARTIN",25:31,13,4,6,1,5,2,2,2,0,2,5,1,2,0,1,3,3,12,4.0
2024,28,1,P006919   ,1.0,1.0,BER,19,"OLINDE, LOUIS",25:35,12,3,4,2,4,0,0,2,2,4,0,0,2,0,0,2,1,10,2.0
2024,28,1,P010791   ,1.0,0.0,BER,21,"KOUMADJE, KHALIFA",16:54,4,2,3,0,0,0,0,1,4,5,2,0,1,2,0,2,0,9,-4.0
2024,28,1,P012721   ,0.0,0.0,BER,34,"BEAN, JUSTIN",17:18,2,1,2,0,1,0,0,1,3,4,1,0,0,0,0,0,0,5,-11.0
2024,28,1,P012604   ,0.0,0.0,BER,50,"WILLIAMS, TREVION",24:21,12,4,6,1,4,1,2,3,5,8,4,1,3,0,1,5,1,11,1.0
2024,28,1,Team,0.0,0.0,BER,,Team,,0,0,0,0,0,0,0,1,2,3,0,0,3,0,0,0,0,0,
2024,28,1,Total,,,BER,,Total,200:00,71,21,38,6,26,11,16,15,28,43,19,5,14,2,3,21,18,78,
2024,28,0,P009863   ,1.0,1.0,ULK,2,"BALDWIN IV, WADE",27:20,13,3,9,0,1,7,10,0,2,2,4,1,3,1,1,3,6,10,-1.0
2024,28,0,P002849   ,0.0,0.0,ULK,4,"MELLI, NICOLO",21:06,12,3,3,2,3,0,0,2,3,5,3,1,0,1,0,2,0,19,1.0
2024,28,0,P002968   ,1.0,0.0,ULK,5,"SANLI, SERTAC",06:32,3,0,1,1,2,0,0,1,0,1,0,0,0,0,1,2,1,0,-6.0
2024,28,0,P002969   ,0.0,0.0,ULK,10,"MAHMUTOGLU, MELIH",DNP,0,0,0,0,0,0,0,0,0,0,0,0,0,0,0,0,0,0,0.0
2024,28,0,P008962   ,1.0,1.0,ULK,11,"HAYES-DAVIS, NIGEL",26:31,14,1,1,3,6,3,5,1,4,5,0,2,1,0,0,1,3,17,0.0
2024,28,0,P006961   ,0.0,1.0,ULK,13,"BIBEROVIC, TARIK",23:48,12,0,0,4,7,0,0,0,0,0,0,0,1,1,0,4,1,6,8.0
2024,28,0,P011205   ,1.0,1.0,ULK,20,"HALL, DEVON",17:46,2,1,5,0,1,0,0,0,0,0,0,1,1,0,0,1,1,-3,3.0
2024,28,0,P010560   ,0.0,0.0,ULK,21,"PIERRE, DYSHAWN",17:20,6,0,0,2,4,0,0,0,1,1,2,0,1,0,0,0,1,7,11.0
2024,28,0,P008104   ,0.0,1.0,ULK,32,"ZAGARS, ARTURS",17:20,5,0,0,1,3,2,2,0,2,2,3,1,3,0,0,2,4,8,8.0
2024,28,0,P009783   ,1.0,0.0,ULK,50,"COLSON, BONZIE",16:53,2,1,3,0,2,0,0,1,1,2,0,0,0,0,0,0,0,0,-3.0
2024,28,0,PLMG      ,0.0,0.0,ULK,51,"MARJANOVIC, BOBAN",17:32,8,2,6,0,1,4,4,1,5,6,1,1,0,0,0,1,3,13,12.0
2024,28,0,P007182   ,0.0,0.0,ULK,92,"BIRCH, KHEM",07:52,1,0,1,0,0,1,2,1,2,3,1,1,0,0,0,2,1,3,2.0
2024,28,0,Team,0.0,0.0,ULK,,Team,,0,0,0,0,0,0,0,4,2,6,0,0,0,0,0,0,0,6,
2024,28,0,Total,,,ULK,,Total,200:00,78,11,29,13,30,17,23,11,22,33,14,8,10,3,2,18,21,86,
2024,29,1,P006085   ,1.0,0.0,MIL,1,"DIMITRIJEVIC, NENO",23:49,11,4,7,1,3,0,0,0,2,2,4,2,1,0,1,2,1,11,-9.0
2024,29,1,P001392   ,0.0,0.0,MIL,5,"CAUSEUR, FABIEN",04:31,0,0,0,0,0,0,0,0,0,0,0,0,0,0,0,1,0,-1,2.0
2024,29,1,P006509   ,0.0,0.0,MIL,7,"TONUT, STEFANO",15:22,0,0,0,0,1,0,0,1,0,1,3,0,0,0,0,1,0,2,-2.0
2024,29,1,P008985   ,0.0,1.0,MIL,10,"BOLMARO, LEANDRO",22:36,12,3,4,1,1,3,5,1,1,2,3,2,2,0,0,2,3,15,-12.0
2024,29,1,P013384   ,0.0,1.0,MIL,12,"BROOKS, ARMONI",11:14,6,1,2,1,3,1,1,0,2,2,0,1,0,0,0,3,2,5,1.0
2024,29,1,P008987   ,1.0,0.0,MIL,16,"LEDAY, ZACH",28:57,13,4,8,0,3,5,5,0,4,4,2,0,0,0,0,5,6,13,-7.0
2024,29,1,P001518   ,1.0,0.0,MIL,17,"RICCI, GIAMPAOLO",19:01,5,1,2,1,2,0,0,1,0,1,0,0,0,0,0,5,0,-1,-2.0
2024,29,1,P005670   ,0.0,0.0,MIL,21,"FLACCADORI, DIEGO",DNP,0,0,0,0,0,0,0,0,0,0,0,0,0,0,0,0,0,0,0.0
2024,29,1,P013385   ,0.0,0.0,MIL,25,"DIOP, OUSMANE",08:56,0,0,0,0,0,0,0,0,2,2,2,0,1,0,0,4,1,0,5.0
2024,29,1,P007831   ,1.0,1.0,MIL,31,"SHIELDS, SHAVON",29:05,14,6,9,0,3,2,4,2,0,2,0,1,1,0,0,1,2,9,-2.0
2024,29,1,P000796   ,1.0,1.0,MIL,33,"MIROTIC, NIKOLA",31:14,17,5,8,1,5,4,4,3,8,11,3,1,1,0,0,1,4,27,6.0
2024,29,1,P013386   ,0.0,1.0,MIL,35,"MC CORMACK, DAVID",05:15,4,2,3,0,0,0,0,1,0,1,0,0,0,0,0,0,0,4,5.0
2024,29,1,Team,0.0,0.0,MIL,,Team,,0,0,0,0,0,0,0,3,2,5,0,0,3,0,0,0,0,2,
2024,29,1,Total,,,MIL,,Total,200:00,82,26,43,5,21,15,19,12,21,33,17,7,9,0,1,25,19,86,
2024,29,0,P007975   ,0.0,0.0,ZAL,3,"FRANCISCO, SYLVAIN",21:44,17,2,3,2,4,7,8,0,0,0,6,0,3,0,0,1,8,23,2.0
2024,29,0,P003210   ,0.0,0.0,ZAL,4,"LEKAVICIUS, LUKAS",10:26,4,0,2,1,1,1,1,0,0,0,1,1,2,0,0,0,0,2,0.0
2024,29,0,P011983   ,0.0,0.0,ZAL,8,"BRAZDEIKIS, IGNAS",04:01,0,0,1,0,1,0,0,0,0,0,0,0,0,0,0,2,0,-4,-10.0
2024,29,0,P007513   ,1.0,1.0,ZAL,9,"GIEDRAITIS, DOVYDAS",34:24,21,5,7,3,4,2,2,0,1,1,4,0,0,0,0,1,1,23,9.0
2024,29,0,P005504   ,0.0,0.0,ZAL,15,"BIRUTIS, LAURYNAS",14:15,9,3,3,0,0,3,6,0,3,3,0,0,0,0,0,3,3,9,1.0
2024,29,0,P011051   ,0.0,1.0,ZAL,18,"SMAILAGIC, ALEN",16:50,7,1,1,1,3,2,2,0,3,3,0,0,1,1,0,1,1,8,8.0
2024,29,0,P012622   ,1.0,1.0,ZAL,21,"MITCHELL, MATTHEW",21:51,4,0,2,1,2,1,2,3,2,5,1,0,1,0,0,3,3,5,-2.0
2024,29,0,P003048   ,1.0,0.0,ZAL,42,"DUNSTON, BRYANT",08:52,4,2,3,0,0,0,0,0,0,0,1,0,1,0,0,2,0,1,-6.0
2024,29,0,P012715   ,0.0,0.0,ZAL,45,"MANEK, BRADY",01:28,0,0,0,0,1,0,0,0,1,1,0,0,0,0,0,0,0,0,1.0
2024,29,0,P002676   ,0.0,1.0,ZAL,51,"BUTKEVICIUS, ARNAS",15:38,2,0,2,0,0,2,2,2,4,6,0,0,1,0,0,2,1,4,-9.0
2024,29,0,P007029   ,1.0,1.0,ZAL,91,"SIRVYDIS, DEIVIDAS",22:36,11,1,4,2,6,3,3,1,2,3,0,1,1,0,0,1,4,10,19.0
2024,29,0,P002329   ,1.0,0.0,ZAL,92,"ULANOVAS, EDGARAS",27:55,6,0,0,2,4,0,0,1,4,5,5,1,1,0,0,3,4,15,2.0
2024,29,0,Team,0.0,0.0,ZAL,,Team,,0,0,0,0,0,0,0,1,4,5,0,0,0,0,0,0,0,5,
2024,29,0,Total,,,ZAL,,Total,200:00,85,14,28,12,26,21,26,8,24,32,18,3,11,1,0,19,25,101,
2024,30,1,P010391   ,1.0,1.0,MUN,0,"WEILER-BABB, NICK",26:47,4,1,1,0,3,2,2,0,7,7,2,0,0,0,0,4,1,7,1.0
2024,30,1,P011244   ,0.0,1.0,MUN,1,"DA SILVA, OSCAR",24:15,13,5,6,1,2,0,0,3,4,7,0,0,1,0,0,2,3,18,1.0
2024,30,1,P011987   ,1.0,1.0,MUN,3,"EDWARDS, CARSEN",29:49,32,4,7,6,8,6,6,0,1,1,1,0,4,0,0,2,3,26,4.0
2024,30,1,P007201   ,1.0,1.0,MUN,7,"VOIGTMANN, JOHANNES",19:35,1,0,1,0,2,1,2,1,1,2,5,0,2,0,0,0,1,3,1.0
2024,30,1,P011224   ,0.0,0.0,MUN,8,"NAPIER, SHABAZZ",25:52,27,1,1,6,10,7,7,0,0,0,5,1,1,0,0,4,5,29,4.0
2024,30,1,P012123   ,0.0,0.0,MUN,10,"KHARCHENKOV, IVAN",01:20,0,0,0,0,0,0,0,0,0,0,0,0,0,0,0,0,0,0,-3.0
2024,30,1,P004508   ,1.0,0.0,MUN,13,"OBST, ANDREAS",23:14,7,1,1,1,6,2,2,2,2,4,2,1,2,0,0,3,5,9,-4.0
2024,30,1,P005460   ,0.0,0.0,MUN,20,"HARRIS, ELIAS",11:02,2,1,1,0,0,0,0,0,2,2,1,0,0,0,0,3,1,3,11.0
2024,30,1,P007639   ,0.0,0.0,MUN,22,"BRANKOVIC, DANKO",DNP,0,0,0,0,0,0,0,0,0,0,0,0,0,0,0,0,0,0,0.0
2024,30,1,P007056   ,1.0,1.0,MUN,31,"BOOKER, DEVIN",26:16,21,9,11,0,2,3,3,2,5,7,1,1,1,1,1,4,3,24,-8.0
2024,30,1,P011052   ,0.0,0.0,MUN,41,"MADAR, YAM",11:50,2,1,1,0,0,0,0,0,1,1,0,0,0,0,0,2,0,1,3.0
2024,30,1,P013368   ,0.0,0.0,MUN,53,"YEBO, KEVIN",DNP,0,0,0,0,0,0,0,0,0,0,0,0,0,0,0,0,0,0,0.0
2024,30,1,Team,0.0,0.0,MUN,,Team,,0,0,0,0,0,0,0,0,0,0,0,0,1,0,0,0,0,-1,
2024,30,1,Total,,,MUN,,Total,200:00,109,23,30,14,33,21,22,8,23,31,17,3,12,1,1,24,22,119,
2024,30,0,P012608   ,1.0,1.0,PRS,0,"SHORTS, TJ",27:13,22,9,14,0,2,4,7,0,2,2,9,1,2,0,0,3,7,26,-1.0
2024,30,0,P012609   ,0.0,0.0,PRS,1,"MALCOLM, COLLIN",22:55,15,5,7,1,3,2,3,0,1,1,2,0,0,0,0,1,4,16,5.0
2024,30,0,P012640   ,0.0,0.0,PRS,2,"HIFI, NADIR",16:48,16,1,3,3,8,5,6,0,3,3,4,0,2,0,0,4,3,12,1.0
2024,30,0,P012610   ,1.0,0.0,PRS,3,"WARD, TYSON",26:14,18,4,4,3,6,1,1,1,2,3,0,2,1,0,0,3,1,17,0.0
2024,30,0,P013373   ,0.0,0.0,PRS,4,"CAVALIERE, LEOPOLD",15:30,6,2,3,0,0,2,3,3,1,4,3,2,0,0,0,3,2,12,4.0
2024,30,0,P005793   ,0.0,1.0,PRS,5,"SY, BANDJA",13:31,9,3,3,1,1,0,0,0,0,0,1,0,1,0,0,0,2,11,1.0
2024,30,0,P003481   ,0.0,0.0,PRS,6,"KESSENS, MICHAEL",DNP,0,0,0,0,0,0,0,0,0,0,0,0,0,0,0,0,0,0,0.0
2024,30,0,P012611   ,0.0,0.0,PRS,7,"HERRERA, SEBASTIAN",11:44,3,0,2,1,2,0,0,0,0,0,0,1,0,0,1,0,0,0,-1.0
2024,30,0,P010390   ,1.0,1.0,PRS,13,"HAYES, KEVARRIUS",15:46,4,1,2,0,0,2,2,0,2,2,1,0,0,0,0,2,1,5,-8.0
2024,30,0,P012612   ,0.0,1.0,PRS,18,"SHAHRVIN, ENZO",06:45,2,1,1,0,0,0,2,2,0,2,0,0,0,1,0,2,3,4,-1.0
2024,30,0,P012613   ,1.0,1.0,PRS,20,"JANTUNEN, MIKAEL",26:29,12,0,0,4,6,0,0,2,5,7,1,0,2,0,0,2,1,15,-3.0
2024,30,0,P004197   ,1.0,0.0,PRS,24,"OUATTARA, YAKUBA",17:05,0,0,0,0,4,0,0,1,0,1,0,1,1,0,0,2,0,-5,-7.0
2024,30,0,Team,0.0,0.0,PRS,,Team,,0,0,0,0,0,0,0,3,1,4,0,0,1,0,0,0,0,3,
2024,30,0,Total,,,PRS,,Total,200:00,107,26,39,13,32,16,24,12,17,29,21,7,10,1,1,22,24,116,
2024,31,1,P003733   ,1.0,0.0,MAD,6,"ABALDE, ALBERTO",13:59,13,1,3,3,4,2,2,0,0,0,1,0,0,0,0,3,1,9,19.0
2024,31,1,P005928   ,1.0,1.0,MAD,7,"CAMPAZZO, FACUNDO",31:41,19,4,6,3,6,2,2,3,2,5,6,2,1,0,0,2,4,28,9.0
2024,31,1,P013378   ,0.0,0.0,MAD,8,"RATHAN-MAYES, XAVIER",07:44,4,2,3,0,1,0,0,0,1,1,1,0,1,0,0,1,1,3,-3.0
2024,31,1,P011649   ,0.0,0.0,MAD,9,"GONZALEZ, HUGO",06:35,0,0,1,0,1,0,0,0,1,1,0,0,0,1,0,2,0,-2,-2.0
2024,31,1,P003108   ,0.0,1.0,MAD,11,"HEZONJA, MARIO",20:49,7,2,4,1,4,0,0,0,2,2,0,0,0,0,1,1,0,2,-13.0
2024,31,1,P006540   ,1.0,1.0,MAD,13,"MUSA, DZANAN",23:03,15,3,7,3,5,0,1,1,2,3,3,0,0,1,0,1,2,16,13.0
2024,31,1,P009005   ,0.0,0.0,MAD,14,"DECK, GABRIEL",23:28,11,1,3,2,4,3,4,1,2,3,0,1,0,0,1,0,2,11,-12.0
2024,31,1,P012168   ,0.0,0.0,MAD,15,"GUEYE, SIDI",DNP,0,0,0,0,0,0,0,0,0,0,0,0,0,0,0,0,0,0,0.0
2024,31,1,P003583   ,0.0,0.0,MAD,18,"IBAKA, SERGE",10:39,0,0,1,0,1,0,0,1,3,4,1,0,1,1,0,4,0,-1,-4.0
2024,31,1,P005791   ,1.0,1.0,MAD,22,"TAVARES, WALTER",29:18,8,4,8,0,0,0,0,3,3,6,3,1,1,2,0,2,4,17,7.0
2024,31,1,PTGB      ,0.0,1.0,MAD,23,"LLULL, SERGIO",16:30,8,1,2,2,3,0,0,0,1,1,1,0,0,0,0,2,1,7,-13.0
2024,31,1,P009213   ,1.0,0.0,MAD,30,"NDIAYE, ELI",16:14,5,1,2,1,4,0,0,2,4,6,0,0,0,0,0,3,0,4,19.0
2024,31,1,Team,0.0,0.0,MAD,,Team,,0,0,0,0,0,0,0,1,1,2,0,0,0,0,0,0,0,2,
2024,31,1,Total,,,MAD,,Total,200:00,90,19,40,15,33,7,9,12,22,34,16,4,4,5,2,21,15,96,
2024,31,0,P011209   ,0.0,0.0,PAN,0,"KALAITZAKIS, PANAGIOTIS",DNP,0,0,0,0,0,0,0,0,0,0,0,0,0,0,0,0,0,0,0.0
2024,31,0,P009622   ,1.0,0.0,PAN,2,"BROWN, LORENZO",03:39,0,0,1,0,0,0,0,0,0,0,0,0,0,0,0,0,0,-1,-11.0
2024,31,0,P001926   ,0.0,0.0,PAN,10,"SLOUKAS, KOSTAS",24:20,3,0,1,1,1,0,0,0,2,2,5,1,3,0,0,0,1,8,0.0
2024,31,0,P004088   ,1.0,1.0,PAN,16,"OSMAN, CEDI",16:16,13,1,3,3,5,2,2,1,3,4,0,0,0,0,1,2,1,11,0.0
2024,31,0,P005161   ,0.0,0.0,PAN,21,"PAPAPETROU, IOANNIS",21:20,12,4,5,1,2,1,2,1,1,2,0,0,1,0,0,2,1,9,-9.0
2024,31,0,P011204   ,0.0,1.0,PAN,22,"GRANT, JERIAN",23:13,3,1,1,0,2,1,2,0,2,2,3,0,0,0,0,2,2,5,1.0
2024,31,0,P012774   ,1.0,1.0,PAN,25,"NUNN, KENDRICK",28:48,23,7,11,2,6,3,4,1,3,4,6,0,2,0,2,3,8,25,2.0
2024,31,0,P003842   ,1.0,1.0,PAN,26,"LESSORT, MATHIAS",23:46,8,4,4,0,0,0,2,1,6,7,1,0,1,0,0,3,2,12,-4.0
2024,31,0,P002328   ,0.0,0.0,PAN,40,"GRIGONIS, MARIUS",02:24,0,0,0,0,0,0,0,0,0,0,0,0,0,0,0,0,0,0,5.0
2024,31,0,P012712   ,0.0,1.0,PAN,41,"HERNANGOMEZ, JUANCHO",29:25,16,2,4,4,5,0,0,1,3,4,1,0,0,0,0,1,3,20,-1.0
2024,31,0,P007866   ,1.0,0.0,PAN,44,"MITOGLOU, KONSTANTINOS",11:49,0,0,1,0,1,0,0,0,1,1,0,0,0,0,0,2,0,-3,-2.0
2024,31,0,P005353   ,0.0,0.0,PAN,77,"YURTSEVEN, OMER",15:00,8,3,9,0,1,2,4,1,3,4,2,0,0,2,2,1,2,6,-1.0
2024,31,0,Team,0.0,0.0,PAN,,Team,,0,0,0,0,0,0,0,1,5,6,0,0,1,0,0,0,0,5,
2024,31,0,Total,,,PAN,,Total,200:00,86,22,40,11,23,9,16,7,29,36,18,1,8,2,5,16,20,97,
2024,32,1,P006835   ,1.0,1.0,TEL,1,"HOARD, JAYLEN",27:08,14,5,8,0,0,4,4,0,2,2,0,0,1,0,1,3,2,10,-7.0
2024,32,1,P013389   ,0.0,1.0,TEL,5,"LEE, SABEN",21:25,5,0,2,0,1,5,8,0,3,3,4,1,0,0,1,1,4,9,-14.0
2024,32,1,P007855   ,0.0,0.0,TEL,7,"KABA, ALPHA",02:33,1,0,0,0,0,1,2,1,0,1,0,0,0,0,0,1,1,1,-3.0
2024,32,1,P004233   ,0.0,0.0,TEL,8,"MENCO, RAFI",01:38,0,0,0,0,0,0,0,0,0,0,0,0,0,0,0,0,0,0,4.0
2024,32,1,P011219   ,1.0,0.0,TEL,9,"SORKIN, ROMAN",26:16,11,3,3,1,4,2,4,1,4,5,1,2,4,0,0,4,2,8,-8.0
2024,32,1,P011433   ,0.0,0.0,TEL,10,"MAYER, OMER",DNP,0,0,0,0,0,0,0,0,0,0,0,0,0,0,0,0,0,0,0.0
2024,32,1,P013381   ,0.0,0.0,TEL,11,"RAYMAN, WILLIAM",01:48,0,0,0,0,0,0,0,0,1,1,0,0,0,0,0,0,0,1,2.0
2024,32,1,P007990   ,1.0,0.0,TEL,12,"DIBARTOLOMEO, JOHN",22:34,0,0,3,0,6,0,0,1,0,1,0,0,0,0,0,2,2,-8,-12.0
2024,32,1,P011214   ,0.0,1.0,TEL,14,"RIVERO, JASIEL",23:32,15,5,9,0,0,5,6,6,2,8,3,0,4,0,4,3,5,15,-5.0
2024,32,1,P005145   ,0.0,0.0,TEL,15,"COHEN, JAKE",09:08,4,1,2,0,1,2,2,0,1,1,1,0,0,0,0,3,1,2,5.0
2024,32,1,P013382   ,1.0,1.0,TEL,20,"RANDOLPH, LEVI",31:56,19,4,5,3,5,2,2,4,3,7,0,0,2,0,0,3,1,19,-13.0
2024,32,1,P011193   ,1.0,1.0,TEL,45,"BLATT, TAMIR",32:02,10,0,1,2,7,4,4,3,6,9,9,0,3,0,0,1,8,26,-9.0
2024,32,1,Team,0.0,0.0,TEL,,Team,,0,0,0,0,0,0,0,3,2,5,0,0,1,0,0,0,0,4,
2024,32,1,Total,,,TEL,,Total,200:00,79,18,33,6,24,25,32,19,24,43,18,3,15,0,6,21,26,87,
2024,32,0,P007870   ,1.0,0.0,PAR,0,"DAVIES, BRANDON",19:45,9,4,11,0,1,1,3,0,1,1,3,1,0,0,0,2,6,8,2.0
2024,32,0,P010781   ,1.0,1.0,PAR,1,"LUNDBERG, IFFE",29:00,11,2,3,2,4,1,1,0,2,2,5,3,0,0,0,3,3,18,12.0
2024,32,0,P013369   ,0.0,1.0,PAR,2,"JONES, CARLIK",26:31,11,3,4,1,3,2,2,0,1,1,6,1,2,1,0,2,3,16,18.0
2024,32,0,P006591   ,0.0,1.0,PAR,3,"NTILIKINA, FRANK",25:22,12,3,3,2,3,0,0,0,2,2,1,1,0,0,0,4,0,11,9.0
2024,32,0,P013370   ,0.0,0.0,PAR,4,"WASHINGTON, DUANE",DNP,0,0,0,0,0,0,0,0,0,0,0,0,0,0,0,0,0,0,0.0
2024,32,0,P011050   ,0.0,0.0,PAR,5,"KOPRIVICA, BALSA",DNP,0,0,0,0,0,0,0,0,0,0,0,0,0,0,0,0,0,0,0.0
2024,32,0,P007632   ,0.0,0.0,PAR,7,"NAKIC, MARIO",02:46,0,0,2,0,0,0,0,1,0,1,0,0,0,0,0,0,0,-1,-2.0
2024,32,0,P004761   ,1.0,0.0,PAR,9,"MARINKOVIC, VANJA",09:56,4,2,2,0,2,0,0,0,0,0,2,0,0,0,0,2,0,2,-2.0
2024,32,0,P008232   ,0.0,0.0,PAR,11,"POKUSEVSKI, ALEKSEJ",12:57,2,1,1,0,1,0,0,1,2,3,2,0,0,3,0,3,0,6,14.0
2024,32,0,P012720   ,1.0,1.0,PAR,12,"BROWN, STERLING",26:46,20,5,5,2,4,4,5,0,3,3,1,1,1,2,0,4,4,23,3.0
2024,32,0,P006760   ,1.0,0.0,PAR,17,"BONGA, ISAAC",24:12,14,1,2,4,5,0,0,0,2,2,2,0,0,0,0,4,1,13,1.0
2024,32,0,P011981   ,0.0,1.0,PAR,88,"JONES, TYRIQUE",22:45,8,3,11,0,0,2,2,4,1,5,1,0,2,0,0,2,4,6,5.0
2024,32,0,Team,0.0,0.0,PAR,,Team,,0,0,0,0,0,0,0,4,2,6,0,0,0,0,0,0,0,6,
2024,32,0,Total,,,PAR,,Total,200:00,91,24,44,11,23,10,13,10,16,26,23,7,5,6,0,26,21,108,
2024,33,1,P011212   ,0.0,1.0,MCO,0,"OKOBO, ELIE",23:19,20,4,5,3,4,3,4,0,0,0,6,1,0,1,0,2,4,27,4.0
2024,33,1,P009754   ,0.0,0.0,MCO,8,"LOYD, JORDAN",21:24,11,4,6,1,5,0,0,1,2,3,2,1,0,1,0,3,1,10,0.0
2024,33,1,P005844   ,0.0,0.0,MCO,9,"PAPAGIANNIS, GEORGIOS",15:26,0,0,1,0,0,0,0,1,2,3,0,0,0,0,0,2,0,0,-4.0
2024,33,1,P011226   ,1.0,0.0,MCO,11,"DIALLO, ALPHA",26:16,7,0,3,1,3,4,4,0,1,1,1,1,1,0,0,2,5,7,19.0
2024,33,1,P004790   ,0.0,0.0,MCO,12,"CORNELIE, PETR",DNP,0,0,0,0,0,0,0,0,0,0,0,0,0,0,0,0,0,0,0.0
2024,33,1,P002581   ,1.0,1.0,MCO,14,"JAITEH, MAM",24:35,15,6,10,0,0,3,4,1,6,7,0,1,0,0,1,2,4,19,22.0
2024,33,1,PLCZ      ,1.0,0.0,MCO,20,"MOTIEJUNAS, DONATAS",23:00,3,1,3,0,1,1,1,2,2,4,1,0,0,0,0,5,2,2,11.0
2024,33,1,P012515   ,0.0,0.0,MCO,22,"TARPEY, TERRY",DNP,0,0,0,0,0,0,0,0,0,0,0,0,0,0,0,0,0,0,0.0
2024,33,1,P008161   ,0.0,1.0,MCO,23,"BEGARIN, JUHANN",02:31,0,0,0,0,0,0,0,0,0,0,0,0,0,0,0,0,0,0,-4.0
2024,33,1,P013365   ,0.0,1.0,MCO,30,"BROWN, VITTO",16:59,14,3,4,2,2,2,3,2,2,4,0,1,1,0,0,3,1,14,3.0
2024,33,1,P008099   ,1.0,1.0,MCO,32,"STRAZEL, MATTHEW",20:18,12,0,1,4,7,0,0,0,0,0,1,0,0,0,0,2,0,7,13.0
2024,33,1,P005985   ,1.0,0.0,MCO,55,"JAMES, MIKE",26:12,19,6,11,1,2,4,5,0,3,3,5,2,0,0,0,1,8,29,16.0
2024,33,1,Team,0.0,0.0,MCO,,Team,,0,0,0,0,0,0,0,1,4,5,0,0,0,0,0,0,0,5,
2024,33,1,Total,,,MCO,,Total,200:00,101,24,44,12,24,17,21,8,22,30,16,7,2,2,1,22,25,120,
2024,33,0,P009549   ,1.0,0.0,VIR,0,"CORDINIER, ISAIA",22:27,11,4,8,1,2,0,0,2,4,6,4,1,4,0,0,5,0,8,-8.0
2024,33,0,PBCN      ,0.0,0.0,VIR,3,"BELINELLI, MARCO",15:44,6,1,1,1,3,1,1,0,0,0,0,0,0,0,0,1,1,4,-11.0
2024,33,0,P006739   ,1.0,0.0,VIR,6,"PAJOLA, ALESSANDRO",18:28,3,0,1,1,6,0,0,0,0,0,2,0,1,0,1,2,1,-4,-14.0
2024,33,0,P004888   ,1.0,1.0,VIR,8,"CLYBURN, WILL",27:39,8,1,4,1,4,3,3,1,4,5,1,0,0,0,0,4,2,6,-9.0
2024,33,0,P001133   ,1.0,1.0,VIR,21,"SHENGELIA, TORNIKE",29:03,17,5,10,0,1,7,7,2,3,5,3,0,1,0,0,0,7,25,-16.0
2024,33,0,P001844   ,0.0,1.0,VIR,23,"HACKETT, DANIEL",18:32,5,0,0,1,3,2,2,0,4,4,1,0,0,0,0,3,2,7,-1.0
2024,33,0,P005738   ,0.0,0.0,VIR,24,"GRAZULIS, ANDREJS",DNP,0,0,0,0,0,0,0,0,0,0,0,0,0,0,0,0,0,0,0.0
2024,33,0,P012585   ,0.0,1.0,VIR,30,"MORGAN, MATTHEW",20:22,11,1,2,1,5,6,6,0,1,1,4,0,2,0,1,1,4,11,-8.0
2024,33,0,P002084   ,0.0,0.0,VIR,33,"POLONARA, ACHILLE",12:37,3,0,0,1,2,0,0,1,1,2,2,0,0,0,0,2,0,4,6.0
2024,33,0,P013374   ,1.0,0.0,VIR,35,"DIOUF, MOUHAMET",19:25,12,4,5,0,0,4,4,1,3,4,0,0,1,0,0,5,3,12,-9.0
2024,33,0,P004554   ,0.0,1.0,VIR,41,"ZIZIC, ANTE",15:32,9,4,6,0,0,1,2,1,4,5,0,0,0,1,0,1,2,13,-9.0
2024,33,0,P012591   ,0.0,0.0,VIR,59,"TUCKER, RAYJON",00:11,0,0,0,0,0,0,0,0,0,0,0,0,0,0,0,1,0,-1,-1.0
2024,33,0,Team,0.0,0.0,VIR,,Team,,0,0,0,0,0,0,0,4,0,4,0,0,1,0,0,0,0,3,
2024,33,0,Total,,,VIR,,Total,200:00,85,20,37,7,26,24,25,12,24,36,17,1,10,1,2,25,22,88,
2024,34,1,P007200   ,0.0,0.0,IST,0,"LARKIN, SHANE",26:17,24,5,7,4,7,2,2,0,2,2,4,1,3,0,0,0,7,30,18.0
2024,34,1,P006590   ,0.0,0.0,IST,1,"BEAUBOIS, RODRIGUE",09:36,4,2,2,0,0,0,0,0,1,1,1,0,0,0,0,0,0,6,4.0
2024,34,1,P013363   ,1.0,1.0,IST,3,"NWORA, JORDAN",20:39,10,4,5,0,2,2,2,0,7,7,1,1,2,0,0,2,2,14,-5.0
2024,34,1,P009846   ,1.0,1.0,IST,6,"BRYANT, ELIJAH",31:09,11,1,3,3,6,0,0,1,3,4,6,2,0,0,0,2,3,19,-5.0
2024,34,1,P007109   ,0.0,0.0,IST,11,"SMITS, ROLANDS",13:25,8,1,2,1,2,3,3,0,0,0,1,0,2,0,0,3,2,4,7.0
2024,34,1,P011078   ,1.0,1.0,IST,13,"THOMPSON, DARIUS",27:23,13,2,5,3,4,0,2,3,1,4,5,0,1,0,0,2,1,14,-9.0
2024,34,1,P013364   ,0.0,0.0,IST,14,"JOHNSON, STANLEY",DNP,0,0,0,0,0,0,0,0,0,0,0,0,0,0,0,0,0,0,0.0
2024,34,1,P004887   ,1.0,1.0,IST,17,"POIRIER, VINCENT",29:48,7,3,4,0,0,1,2,3,4,7,1,0,2,0,0,2,2,11,-4.0
2024,34,1,P006640   ,0.0,0.0,IST,18,"OZDEMIROGLU, DOGUS",DNP,0,0,0,0,0,0,0,0,0,0,0,0,0,0,0,0,0,0,0.0
2024,34,1,P012710   ,1.0,0.0,IST,24,"OSMANI, ERCAN",16:21,4,2,5,0,0,0,0,2,2,4,0,1,1,0,1,3,0,1,-15.0
2024,34,1,P006372   ,0.0,0.0,IST,33,"YILMAZ, ERKAN",04:56,5,1,1,1,1,0,0,1,1,2,0,0,0,0,0,0,0,7,3.0
2024,34,1,P009664   ,0.0,1.0,IST,35,"WILLIS, DEREK",20:26,5,1,2,0,2,3,4,1,1,2,0,1,1,0,0,0,2,5,16.0
2024,34,1,Team,0.0,0.0,IST,,Team,,0,0,0,0,0,0,0,2,1,3,0,0,1,0,0,0,0,2,
2024,34,1,Total,,,IST,,Total,200:00,91,22,36,12,24,11,15,13,23,36,19,6,13,0,1,14,19,113,
2024,34,0,P008855   ,1.0,1.0,OLY,0,"WALKUP, THOMAS",23:09,0,0,0,0,2,0,0,0,2,2,4,4,0,0,0,4,0,4,8.0
2024,34,0,P012878   ,0.0,0.0,OLY,2,"WRIGHT, MOSES",13:47,7,3,5,0,0,1,1,0,0,0,0,0,2,0,0,3,2,2,-9.0
2024,34,0,P010392   ,0.0,0.0,OLY,5,"LARENTZAKIS, GIANNOULIS",DNP,0,0,0,0,0,0,0,0,0,0,0,0,0,0,0,0,0,0,0.0
2024,34,0,P007947   ,0.0,0.0,OLY,8,"VILDOZA, LUCA",16:51,2,1,1,0,0,0,0,0,2,2,4,0,0,0,0,1,2,9,-10.0
2024,34,0,P008811   ,1.0,0.0,OLY,10,"FALL, MOUSTAPHA",18:42,9,2,2,0,0,5,6,0,2,2,2,1,0,0,0,2,4,15,11.0
2024,34,0,P003469   ,1.0,1.0,OLY,14,"VEZENKOV, SASHA",30:05,16,5,10,1,3,3,3,2,4,6,2,0,1,1,0,1,1,17,9.0
2024,34,0,P001255   ,1.0,0.0,OLY,16,"PAPANIKOLAOU, KOSTAS",17:58,0,0,0,0,3,0,0,0,1,1,5,2,0,0,0,2,1,4,11.0
2024,34,0,P009849   ,0.0,0.0,OLY,22,"DORSEY, TYLER",16:09,11,2,4,2,3,1,2,0,0,0,3,1,0,0,0,1,1,11,2.0
2024,34,0,P008829   ,0.0,1.0,OLY,25,"PETERS, ALEC",17:23,4,2,4,0,1,0,0,0,1,1,0,0,0,0,0,1,0,1,-15.0
2024,34,0,P011194   ,0.0,0.0,OLY,30,"PETRUSEV, FILIP",07:17,3,1,3,0,0,1,1,2,0,2,1,0,1,0,0,1,1,3,-7.0
2024,34,0,P007853   ,0.0,1.0,OLY,77,"MCKISSIC, SHAQUIELLE",22:02,17,3,4,3,5,2,2,1,0,1,5,0,2,0,0,1,1,18,-13.0
2024,34,0,P013380   ,1.0,1.0,OLY,94,"FOURNIER, EVAN",16:37,20,3,5,4,6,2,2,0,1,1,0,0,3,0,0,2,1,13,3.0
2024,34,0,Team,0.0,0.0,OLY,,Team,,0,0,0,0,0,0,0,2,1,3,0,0,0,0,0,0,0,3,
2024,34,0,Total,,,OLY,,Total,200:00,89,22,38,10,23,15,17,7,14,21,26,8,9,1,0,19,14,100,
2024,35,1,P009048   ,1.0,0.0,RED,0,"MILLER-MCINTYRE, CODI",18:07,7,2,4,1,4,0,0,0,3,3,2,0,0,0,0,3,1,5,-1.0
2024,35,1,P010612   ,1.0,1.0,RED,3,"CANAAN, ISAIAH",19:08,3,0,4,1,2,0,1,0,0,0,1,0,2,0,0,0,0,-4,-6.0
2024,35,1,PJDR      ,0.0,0.0,RED,4,"TEODOSIC, MILOS",11:03,3,0,1,1,4,0,0,0,0,0,5,1,0,0,0,1,0,4,12.0
2024,35,1,P002553   ,0.0,0.0,RED,9,"MITROVIC, LUKA",19:25,9,4,4,0,0,1,1,2,4,6,1,0,3,0,0,2,1,12,-13.0
2024,35,1,PLUO      ,0.0,0.0,RED,10,"LAZIC, BRANKO",10:08,0,0,0,0,0,0,0,0,0,0,0,1,0,0,0,3,0,-2,-5.0
2024,35,1,P004866   ,1.0,1.0,RED,12,"KALINIC, NIKOLA",29:45,19,5,6,2,2,3,6,0,4,4,1,0,0,0,0,0,4,24,-9.0
2024,35,1,P004007   ,0.0,0.0,RED,13,"DOBRIC, OGNJEN",09:33,2,1,2,0,0,0,0,0,1,1,0,1,2,0,0,2,1,0,-2.0
2024,35,1,P009035   ,1.0,1.0,RED,21,"BOLOMBOY, JOEL",25:10,11,4,5,1,1,0,0,2,4,6,1,0,1,0,0,4,2,14,4.0
2024,35,1,P012786   ,1.0,1.0,RED,24,"DAUM, MIKE",25:21,10,2,5,2,3,0,0,1,5,6,0,1,2,0,1,2,1,9,0.0
2024,35,1,P006436   ,0.0,0.0,RED,31,"GIEDRAITIS, ROKAS",21:18,6,0,0,2,4,0,0,0,0,0,0,1,1,0,0,2,0,2,-10.0
2024,35,1,P000848   ,0.0,0.0,RED,36,"NEDOVIC, NEMANJA",11:11,1,0,1,0,1,1,1,0,0,0,2,0,4,0,1,1,1,-4,7.0
2024,35,1,P012044   ,0.0,1.0,RED,99,"DOS SANTOS, YAGO",24:51,23,5,7,2,4,7,8,0,0,0,1,0,0,0,0,2,8,25,3.0
2024,35,1,Team,0.0,0.0,RED,,Team,,0,0,0,0,0,0,0,2,2,4,0,0,2,0,0,0,0,2,
2024,35,1,Total,,,RED,,Total,225:00,94,23,39,12,25,12,17,7,23,30,14,5,17,0,2,22,19,87,
2024,35,0,P009862   ,1.0,1.0,BAR,0,"PUNTER, KEVIN",26:49,26,6,7,4,6,2,2,0,0,0,3,4,1,0,0,2,3,30,13.0
2024,35,0,P012795   ,0.0,0.0,BAR,1,"ANDERSON, JUSTIN",13:04,2,1,1,0,1,0,0,1,0,1,1,1,0,0,0,0,0,4,-13.0
2024,35,0,P000925   ,0.0,1.0,BAR,6,"VESELY, JAN",26:58,19,8,12,0,0,3,4,1,4,5,0,0,0,1,0,4,4,20,-4.0
2024,35,0,P009992   ,0.0,0.0,BAR,8,"BRIZUELA, DARIO",15:18,6,0,0,2,6,0,0,0,2,2,0,2,1,0,0,1,1,5,5.0
2024,35,0,P013379   ,0.0,0.0,BAR,10,"METU, CHIMEZIE",17:05,0,0,1,0,1,0,0,0,2,2,0,1,2,0,0,0,0,-1,-1.0
2024,35,0,P002939   ,0.0,1.0,BAR,13,"SATORANSKY, TOMAS",25:22,11,2,3,2,5,1,1,1,2,3,6,1,1,0,0,1,2,17,-6.0
2024,35,0,P003196   ,1.0,0.0,BAR,14,"HERNANGOMEZ, WILLY",17:29,11,5,7,0,0,1,5,1,2,3,1,1,1,0,0,3,5,11,10.0
2024,35,0,P010106   ,1.0,0.0,BAR,17,"NUNEZ, JUAN",12:19,1,0,2,0,0,1,2,0,3,3,4,0,1,0,0,2,1,3,-2.0
2024,35,0,P006568   ,0.0,0.0,BAR,19,"FALL, YOUSSOUPHA",DNP,0,0,0,0,0,0,0,0,0,0,0,0,0,0,0,0,0,0,0.0
2024,35,0,P006435   ,0.0,0.0,BAR,20,"LAPROVITTOLA, NICOLAS",29:50,9,1,2,2,4,1,2,1,2,3,7,1,4,0,0,3,3,12,6.0
2024,35,0,P003478   ,1.0,1.0,BAR,21,"ABRINES, ALEX",12:18,0,0,1,0,0,0,0,3,0,3,0,1,0,0,0,3,1,1,9.0
2024,35,0,P012745   ,1.0,1.0,BAR,22,"PARKER, JABARI",28:28,13,2,3,3,7,0,0,0,3,3,1,1,0,1,0,1,2,15,3.0
2024,35,0,Team,0.0,0.0,BAR,,Team,,0,0,0,0,0,0,0,1,2,3,0,0,0,0,0,0,0,3,
2024,35,0,Total,,,BAR,,Total,225:00,98,25,39,13,30,9,16,9,22,31,23,13,11,2,0,20,22,120,
2024,36,1,P013371   ,0.0,0.0,ASV,1,"HARRISON, SHAQUILLE",11:02,0,0,2,0,0,0,0,0,2,2,0,0,2,0,0,2,0,-4,-12.0
2024,36,1,P013372   ,1.0,0.0,ASV,2,"SCHOFIELD, ADMIRAL",16:22,4,2,5,0,2,0,0,1,0,1,0,0,1,0,0,1,0,-2,8.0
2024,36,1,P011225   ,1.0,0.0,ASV,3,"LEE, PARIS",24:35,9,3,6,1,3,0,1,0,2,2,5,1,2,0,0,1,1,9,3.0
2024,36,1,PKIR      ,0.0,0.0,ASV,5,"KAHUDI, CHARLES",09:08,0,0,0,0,0,0,0,0,0,0,0,0,0,0,0,2,0,-2,-7.0
2024,36,1,P007027   ,1.0,1.0,ASV,6,"MALEDON, THEO",27:40,25,1,3,5,10,8,8,0,6,6,3,3,3,2,0,0,7,36,16.0
2024,36,1,P004194   ,0.0,0.0,ASV,7,"LAUVERGNE, JOFFREY",11:58,6,1,2,1,1,1,2,1,1,2,0,0,0,0,1,2,2,5,-8.0
2024,36,1,P000229   ,0.0,1.0,ASV,11,"JACKSON, EDWIN",19:52,8,4,4,0,1,0,0,1,4,5,0,0,0,0,0,4,1,9,4.0
2024,36,1,P002100   ,0.0,1.0,ASV,12,"DE COLO, NANDO",19:16,5,0,2,1,4,2,3,0,1,1,2,0,1,0,0,0,2,3,5.0
2024,36,1,P010545   ,1.0,1.0,ASV,13,"SAKO, NEAL",32:28,14,5,7,0,0,4,4,3,9,12,0,3,0,0,1,1,3,28,16.0
2024,36,1,P003526   ,1.0,1.0,ASV,23,"LIGHTY, DAVID",23:01,5,1,2,1,3,0,0,0,1,1,3,0,1,0,0,4,0,1,20.0
2024,36,1,P012731   ,0.0,0.0,ASV,24,"NDIAYE, MBAYE",04:38,0,0,0,0,1,0,0,0,0,0,0,0,0,0,0,2,0,-3,-10.0
2024,36,1,P013377   ,0.0,0.0,ASV,34,"PAUL, MBIYA",DNP,0,0,0,0,0,0,0,0,0,0,0,0,0,0,0,0,0,0,0.0
2024,36,1,Team,0.0,0.0,ASV,,Team,,0,0,0,0,0,0,0,1,1,2,0,0,0,0,0,0,0,2,
2024,36,1,Total,,,ASV,,Total,200:00,76,17,33,9,25,15,18,7,27,34,13,7,10,2,2,19,16,82,
2024,36,0,P011948   ,1.0,1.0,BAS,0,"HOWARD, MARKUS",34:51,7,2,5,1,6,0,0,0,2,2,3,1,2,0,0,2,1,2,-8.0
2024,36,0,P010784   ,0.0,0.0,BAS,6,"SAVKOV, PAVEL",DNP,0,0,0,0,0,0,0,0,0,0,0,0,0,0,0,0,0,0,0.0
2024,36,0,P007230   ,0.0,0.0,BAS,8,"SEDEKERSKIS, TADAS",DNP,0,0,0,0,0,0,0,0,0,0,0,0,0,0,0,0,0,0,0.0
2024,36,0,P012080   ,0.0,1.0,BAS,9,"LUWAWU-CABARROT, TIMOTHE",27:11,7,1,5,1,1,2,2,2,2,4,3,1,1,0,1,3,4,10,-3.0
2024,36,0,P004058   ,0.0,0.0,BAS,10,"JARAMAZ, OGNJEN",DNP,0,0,0,0,0,0,0,0,0,0,0,0,0,0,0,0,0,0,0.0
2024,36,0,P013367   ,0.0,1.0,BAS,11,"FORREST, TRENT",22:43,9,4,7,0,2,1,1,0,2,2,2,0,1,0,1,2,3,7,6.0
2024,36,0,P011085   ,0.0,0.0,BAS,17,"ROGKAVOPOULOS, NIKOLAOS",DNP,0,0,0,0,0,0,0,0,0,0,0,0,0,0,0,0,0,0,0.0
2024,36,0,P008072   ,0.0,0.0,BAS,18,"DIOP, KHALIFA",10:43,3,1,4,0,1,1,3,2,1,3,0,0,1,0,0,2,2,-1,11.0
2024,36,0,P012597   ,1.0,0.0,BAS,44,"BALDWIN, KAMAR",30:18,10,2,8,2,5,0,0,0,2,2,2,0,1,0,0,2,2,4,-4.0
2024,36,0,P011196   ,1.0,1.0,BAS,45,"HALL, DONTA",29:17,15,6,8,0,0,3,4,3,4,7,1,2,0,1,0,2,3,24,-18.0
2024,36,0,P012058   ,1.0,0.0,BAS,46,"NDIAYE, OUSMANE",14:49,0,0,2,0,3,0,0,2,2,4,1,0,0,1,0,1,0,0,-13.0
2024,36,0,P012201   ,1.0,1.0,BAS,95,"MONEKE, CHIMA",30:08,18,4,5,2,5,4,5,1,7,8,4,0,2,0,0,2,4,25,-6.0
2024,36,0,Team,0.0,0.0,BAS,,Team,,0,0,0,0,0,0,0,2,5,7,0,0,2,0,0,0,0,5,
2024,36,0,Total,,,BAS,,Total,200:00,69,20,44,6,23,11,15,12,27,39,16,4,10,2,2,16,19,76,
2024,37,1,P007870   ,1.0,1.0,PAR,0,"DAVIES, BRANDON",14:54,4,2,3,0,0,0,0,1,2,3,1,0,0,1,0,4,1,5,5.0
2024,37,1,P010781   ,1.0,1.0,PAR,1,"LUNDBERG, IFFE",27:02,14,3,7,2,5,2,3,1,3,4,1,0,2,0,1,0,3,11,-1.0
2024,37,1,P013369   ,0.0,0.0,PAR,2,"JONES, CARLIK",14:40,6,3,6,0,1,0,0,0,0,0,2,1,1,0,0,1,3,6,-1.0
2024,37,1,P006591   ,0.0,1.0,PAR,3,"NTILIKINA, FRANK",21:42,0,0,1,0,2,0,0,0,2,2,0,1,2,0,0,0,0,-2,-9.0
2024,37,1,P013370   ,0.0,0.0,PAR,4,"WASHINGTON, DUANE",DNP,0,0,0,0,0,0,0,0,0,0,0,0,0,0,0,0,0,0,0.0
2024,37,1,P011050   ,0.0,0.0,PAR,5,"KOPRIVICA, BALSA",DNP,0,0,0,0,0,0,0,0,0,0,0,0,0,0,0,0,0,0,0.0
2024,37,1,P007632   ,0.0,0.0,PAR,7,"NAKIC, MARIO",04:34,0,0,0,0,1,0,0,0,0,0,0,0,0,0,0,0,0,-1,3.0
2024,37,1,P004761   ,1.0,0.0,PAR,9,"MARINKOVIC, VANJA",19:37,10,2,2,2,4,0,0,0,0,0,0,1,1,1,0,4,0,5,2.0
2024,37,1,P008232   ,0.0,0.0,PAR,11,"POKUSEVSKI, ALEKSEJ",06:10,3,0,1,1,2,0,2,1,1,2,0,0,0,0,0,1,1,1,1.0
2024,37,1,P012720   ,1.0,1.0,PAR,12,"BROWN, STERLING",29:07,8,2,2,1,5,1,1,0,2,2,3,0,1,0,0,3,1,6,-1.0
2024,37,1,P006760   ,1.0,1.0,PAR,17,"BONGA, ISAAC",33:50,4,1,2,0,4,2,2,2,4,6,4,0,3,0,0,2,3,7,-2.0
2024,37,1,P011981   ,0.0,0.0,PAR,88,"JONES, TYRIQUE",28:24,20,6,7,0,0,8,9,4,2,6,0,5,2,1,0,2,6,32,-2.0
2024,37,1,Team,0.0,0.0,PAR,,Team,,0,0,0,0,0,0,0,1,2,3,0,0,4,0,0,0,0,-1,
2024,37,1,Total,,,PAR,,Total,200:00,69,19,31,6,24,13,17,10,18,28,11,8,16,3,1,17,18,69,
2024,37,0,P009549   ,1.0,1.0,VIR,0,"CORDINIER, ISAIA",30:30,12,3,5,0,1,6,6,6,4,10,3,0,2,0,0,1,5,24,-1.0
2024,37,0,PBCN      ,0.0,0.0,VIR,3,"BELINELLI, MARCO",07:26,0,0,1,0,1,0,0,0,0,0,0,0,1,0,0,1,0,-4,-1.0
2024,37,0,P004888   ,1.0,1.0,VIR,8,"CLYBURN, WILL",28:16,27,9,12,3,10,0,0,1,1,2,1,1,1,1,1,2,0,18,2.0
2024,37,0,P001133   ,1.0,0.0,VIR,21,"SHENGELIA, TORNIKE",35:48,8,1,6,1,4,3,4,1,2,3,1,0,1,0,1,3,6,4,8.0
2024,37,0,P001844   ,0.0,1.0,VIR,23,"HACKETT, DANIEL",13:54,0,0,0,0,1,0,0,0,4,4,2,0,1,0,0,0,1,5,5.0
2024,37,0,P005738   ,0.0,0.0,VIR,24,"GRAZULIS, ANDREJS",DNP,0,0,0,0,0,0,0,0,0,0,0,0,0,0,0,0,0,0,0.0
2024,37,0,P012585   ,1.0,1.0,VIR,30,"MORGAN, MATTHEW",24:53,10,1,1,2,5,2,2,1,3,4,3,1,3,0,0,4,1,9,-2.0
2024,37,0,P002084   ,0.0,0.0,VIR,33,"POLONARA, ACHILLE",03:22,0,0,1,0,1,0,0,0,0,0,0,0,0,0,0,1,0,-3,-5.0
2024,37,0,P013374   ,0.0,0.0,VIR,35,"DIOUF, MOUHAMET",22:19,3,1,1,0,0,1,2,0,2,2,1,1,1,0,0,3,1,3,4.0
2024,37,0,P004554   ,1.0,0.0,VIR,41,"ZIZIC, ANTE",16:27,4,1,4,0,0,2,2,3,1,4,0,0,1,0,1,3,1,1,-4.0
2024,37,0,P011816   ,0.0,0.0,VIR,45,"AKELE, NICOLA",DNP,0,0,0,0,0,0,0,0,0,0,0,0,0,0,0,0,0,0,0.0
2024,37,0,P012591   ,0.0,1.0,VIR,59,"TUCKER, RAYJON",17:05,6,3,3,0,2,0,0,1,0,1,1,1,0,0,0,0,2,9,-1.0
2024,37,0,Team,0.0,0.0,VIR,,Team,,0,0,0,0,0,0,0,2,2,4,0,0,4,0,0,0,0,0,
2024,37,0,Total,,,VIR,,Total,200:00,70,19,34,6,25,14,16,15,19,34,12,4,15,1,3,18,17,66,
2024,38,1,P011212   ,0.0,1.0,MCO,0,"OKOBO, ELIE",23:19,13,2,3,3,8,0,1,0,1,1,7,2,3,0,0,2,3,14,3.0
2024,38,1,P011231   ,0.0,0.0,MCO,4,"BLOSSOMGAME, JARON",20:16,5,1,3,1,2,0,0,0,0,0,0,0,0,1,1,1,0,1,7.0
2024,38,1,P009754   ,0.0,1.0,MCO,8,"LOYD, JORDAN",26:18,4,1,4,0,3,2,2,4,5,9,3,1,3,0,2,3,3,6,5.0
2024,38,1,P005844   ,0.0,0.0,MCO,9,"PAPAGIANNIS, GEORGIOS",15:04,6,2,4,0,1,2,2,1,4,5,0,0,0,0,0,2,2,8,8.0
2024,38,1,P011226   ,1.0,1.0,MCO,11,"DIALLO, ALPHA",32:34,11,5,6,0,2,1,4,4,2,6,3,1,3,0,0,4,4,12,-12.0
2024,38,1,P002581   ,1.0,1.0,MCO,14,"JAITEH, MAM",18:49,13,6,12,0,0,1,2,6,4,10,0,0,0,1,1,3,2,15,-13.0
2024,38,1,PLCZ      ,1.0,0.0,MCO,20,"MOTIEJUNAS, DONATAS",14:32,9,4,6,0,0,1,2,0,3,3,1,0,1,0,0,1,1,9,-8.0
2024,38,1,P012515   ,0.0,0.0,MCO,22,"TARPEY, TERRY",DNP,0,0,0,0,0,0,0,0,0,0,0,0,0,0,0,0,0,0,0.0
2024,38,1,P008161   ,0.0,0.0,MCO,23,"BEGARIN, JUHANN",DNP,0,0,0,0,0,0,0,0,0,0,0,0,0,0,0,0,0,0,0.0
2024,38,1,P013365   ,0.0,0.0,MCO,30,"BROWN, VITTO",10:00,2,1,4,0,1,0,0,3,1,4,1,0,0,0,0,0,0,3,-3.0
2024,38,1,P008099   ,1.0,0.0,MCO,32,"STRAZEL, MATTHEW",13:42,4,2,3,0,3,0,0,0,0,0,1,0,0,0,1,0,1,1,-12.0
2024,38,1,P005985   ,1.0,1.0,MCO,55,"JAMES, MIKE",25:26,13,4,6,0,4,5,8,0,3,3,2,2,2,0,1,0,8,16,-10.0
2024,38,1,Team,0.0,0.0,MCO,,Team,,0,0,0,0,0,0,0,2,1,3,0,0,1,0,0,0,0,2,
2024,38,1,Total,,,MCO,,Total,200:00,80,28,51,4,24,12,21,20,24,44,18,6,13,2,6,16,24,87,
2024,38,0,P012608   ,1.0,1.0,PRS,0,"SHORTS, TJ",29:07,28,9,12,1,3,7,9,0,4,4,10,0,3,0,0,3,9,38,15.0
2024,38,0,P012609   ,0.0,0.0,PRS,1,"MALCOLM, COLLIN",19:52,13,2,3,3,4,0,0,1,2,3,2,1,2,1,0,2,1,15,-2.0
2024,38,0,P012640   ,0.0,0.0,PRS,2,"HIFI, NADIR",15:45,2,1,4,0,2,0,0,1,1,2,1,1,2,0,0,2,0,-3,0.0
2024,38,0,P012610   ,1.0,1.0,PRS,3,"WARD, TYSON",26:33,15,3,3,3,6,0,0,2,2,4,0,3,2,1,0,2,1,17,13.0
2024,38,0,P013373   ,0.0,0.0,PRS,4,"CAVALIERE, LEOPOLD",10:21,0,0,1,0,0,0,0,0,1,1,0,1,0,0,0,2,1,0,-15.0
2024,38,0,P005793   ,0.0,0.0,PRS,5,"SY, BANDJA",11:41,2,1,2,0,1,0,0,1,1,2,0,0,2,0,1,3,0,-4,-11.0
2024,38,0,P012611   ,0.0,0.0,PRS,7,"HERRERA, SEBASTIAN",DNP,0,0,0,0,0,0,0,0,0,0,0,0,0,0,0,0,0,0,0.0
2024,38,0,P007032   ,0.0,1.0,PRS,12,"LO, MAODO",14:10,8,1,2,2,4,0,0,0,2,2,0,0,2,0,1,2,0,2,-2.0
2024,38,0,P010390   ,1.0,1.0,PRS,13,"HAYES, KEVARRIUS",19:44,4,2,3,0,0,0,0,0,5,5,0,2,2,2,0,3,1,8,8.0
2024,38,0,P012612   ,0.0,0.0,PRS,18,"SHAHRVIN, ENZO",08:26,0,0,0,0,0,0,0,0,2,2,1,0,1,0,0,1,0,1,10.0
2024,38,0,P012613   ,1.0,1.0,PRS,20,"JANTUNEN, MIKAEL",28:19,11,1,2,2,6,3,4,1,1,2,2,0,0,2,0,2,3,12,18.0
2024,38,0,P004197   ,1.0,0.0,PRS,24,"OUATTARA, YAKUBA",16:02,4,2,2,0,3,0,0,2,3,5,1,1,0,0,0,2,0,6,1.0
2024,38,0,Team,0.0,0.0,PRS,,Team,,0,0,0,0,0,0,0,0,1,1,0,0,0,0,0,0,0,1,
2024,38,0,Total,,,PRS,,Total,200:00,87,22,34,11,29,10,13,8,25,33,17,9,16,6,2,24,16,93,
2024,39,1,P007975   ,0.0,0.0,ZAL,3,"FRANCISCO, SYLVAIN",19:49,6,0,3,1,3,3,6,0,3,3,5,1,3,0,0,1,3,6,11.0
2024,39,1,P003210   ,0.0,0.0,ZAL,4,"LEKAVICIUS, LUKAS",03:52,0,0,1,0,2,0,0,0,0,0,0,0,1,0,0,0,0,-4,-3.0
2024,39,1,P011983   ,1.0,0.0,ZAL,8,"BRAZDEIKIS, IGNAS",17:37,9,2,4,1,3,2,2,1,2,3,4,0,1,0,1,2,3,11,-1.0
2024,39,1,P007513   ,1.0,1.0,ZAL,9,"GIEDRAITIS, DOVYDAS",22:32,13,2,3,3,3,0,0,0,1,1,3,0,2,0,1,3,0,10,9.0
2024,39,1,P005504   ,0.0,0.0,ZAL,15,"BIRUTIS, LAURYNAS",08:20,7,3,4,0,0,1,2,2,1,3,0,0,0,0,0,3,2,7,13.0
2024,39,1,P011051   ,0.0,1.0,ZAL,18,"SMAILAGIC, ALEN",10:31,5,2,3,0,1,1,1,1,3,4,0,0,0,1,0,1,2,9,-7.0
2024,39,1,P012622   ,1.0,1.0,ZAL,21,"MITCHELL, MATTHEW",30:30,8,2,2,0,1,4,5,1,4,5,1,0,2,0,0,3,5,12,5.0
2024,39,1,P003048   ,1.0,0.0,ZAL,42,"DUNSTON, BRYANT",21:12,8,4,5,0,0,0,0,2,2,4,1,1,1,1,0,2,1,12,9.0
2024,39,1,P012715   ,0.0,0.0,ZAL,45,"MANEK, BRADY",04:44,0,0,0,0,1,0,0,0,1,1,0,0,0,0,0,0,0,0,7.0
2024,39,1,P002676   ,0.0,1.0,ZAL,51,"BUTKEVICIUS, ARNAS",18:47,2,1,2,0,0,0,0,0,2,2,2,0,0,0,0,3,1,3,8.0
2024,39,1,P007029   ,0.0,0.0,ZAL,91,"SIRVYDIS, DEIVIDAS",13:46,6,0,1,1,4,3,3,0,5,5,1,1,1,0,0,2,1,7,14.0
2024,39,1,P002329   ,1.0,1.0,ZAL,92,"ULANOVAS, EDGARAS",28:20,14,2,4,3,6,1,1,1,2,3,2,0,1,0,0,1,0,12,10.0
2024,39,1,Team,0.0,0.0,ZAL,,Team,,0,0,0,0,0,0,0,0,3,3,0,0,1,0,0,0,0,2,
2024,39,1,Total,,,ZAL,,Total,200:00,78,18,32,9,24,15,20,8,29,37,19,3,13,2,2,21,18,87,
2024,39,0,P006835   ,1.0,0.0,TEL,1,"HOARD, JAYLEN",33:52,8,0,4,2,5,2,2,1,7,8,0,1,0,1,0,0,1,12,-14.0
2024,39,0,P013389   ,1.0,1.0,TEL,5,"LEE, SABEN",28:11,17,4,5,1,4,6,7,0,2,2,2,2,3,0,0,2,8,21,-15.0
2024,39,0,P007855   ,0.0,0.0,TEL,7,"KABA, ALPHA",DNP,0,0,0,0,0,0,0,0,0,0,0,0,0,0,0,0,0,0,0.0
2024,39,0,P004233   ,0.0,0.0,TEL,8,"MENCO, RAFI",06:36,3,0,1,1,2,0,0,0,1,1,0,0,0,0,0,1,0,1,-7.0
2024,39,0,P011219   ,1.0,0.0,TEL,9,"SORKIN, ROMAN",18:14,7,3,6,0,1,1,1,1,1,2,1,0,2,0,1,4,2,1,-7.0
2024,39,0,P011433   ,0.0,1.0,TEL,10,"MAYER, OMER",18:00,3,0,1,1,1,0,0,0,0,0,1,1,3,0,1,3,1,-2,-2.0
2024,39,0,P013381   ,0.0,1.0,TEL,11,"RAYMAN, WILLIAM",14:29,0,0,3,0,0,0,0,2,1,3,0,0,0,1,0,3,0,-2,6.0
2024,39,0,P007990   ,1.0,0.0,TEL,12,"DIBARTOLOMEO, JOHN",16:02,0,0,1,0,5,0,0,0,0,0,1,1,0,0,0,2,1,-5,-13.0
2024,39,0,P011214   ,0.0,1.0,TEL,14,"RIVERO, JASIEL",24:39,12,5,8,0,1,2,3,4,2,6,2,3,0,0,0,1,4,21,-10.0
2024,39,0,P005145   ,0.0,1.0,TEL,15,"COHEN, JAKE",08:20,2,0,0,0,0,2,2,0,2,2,0,0,0,0,0,2,1,3,-5.0
2024,39,0,P013382   ,1.0,0.0,TEL,20,"RANDOLPH, LEVI",31:37,11,3,10,1,2,2,4,0,4,4,2,0,0,0,0,1,3,9,-8.0
2024,39,0,Team,0.0,0.0,TEL,,Team,,0,0,0,0,0,0,0,3,1,4,0,0,2,0,0,0,0,2,
2024,39,0,Total,,,TEL,,Total,200:00,63,15,39,6,21,15,19,11,21,32,9,8,10,2,2,19,21,61,
2024,40,1,P006085   ,1.0,0.0,MIL,1,"DIMITRIJEVIC, NENO",13:12,0,0,0,0,2,0,0,0,0,0,1,0,1,0,0,1,2,-1,-14.0
2024,40,1,P006701   ,0.0,0.0,MIL,3,"BORTOLANI, GIORDANO",DNP,0,0,0,0,0,0,0,0,0,0,0,0,0,0,0,0,0,0,0.0
2024,40,1,P006509   ,0.0,1.0,MIL,7,"TONUT, STEFANO",14:48,2,1,2,0,2,0,0,0,0,0,1,0,0,0,1,2,2,-1,-12.0
2024,40,1,P008985   ,0.0,0.0,MIL,10,"BOLMARO, LEANDRO",26:08,5,2,4,0,0,1,4,0,2,2,7,3,2,0,1,3,3,9,1.0
2024,40,1,P013384   ,0.0,0.0,MIL,12,"BROOKS, ARMONI",23:14,12,1,3,2,4,4,4,2,0,2,0,1,1,0,0,1,2,11,5.0
2024,40,1,P008987   ,0.0,0.0,MIL,16,"LEDAY, ZACH",26:06,16,1,6,2,2,8,8,4,3,7,0,1,3,0,0,2,10,24,9.0
2024,40,1,P001518   ,1.0,0.0,MIL,17,"RICCI, GIAMPAOLO",11:25,3,0,1,1,1,0,0,2,1,3,1,0,0,0,0,5,1,2,-11.0
2024,40,1,P005670   ,0.0,1.0,MIL,21,"FLACCADORI, DIEGO",06:57,3,0,0,1,3,0,0,0,0,0,2,0,0,0,0,1,0,2,3.0
2024,40,1,P006721   ,1.0,1.0,MIL,30,"CARUSO, GUGLIELMO",15:45,6,3,6,0,0,0,0,3,3,6,0,1,0,0,1,2,0,7,-21.0
2024,40,1,P007831   ,1.0,1.0,MIL,31,"SHIELDS, SHAVON",32:55,8,1,8,2,6,0,0,2,3,5,0,0,1,0,0,2,0,-1,-11.0
2024,40,1,P000796   ,1.0,1.0,MIL,33,"MIROTIC, NIKOLA",29:30,29,4,8,4,8,9,11,2,2,4,1,0,3,0,0,1,7,27,-9.0
2024,40,1,Team,0.0,0.0,MIL,,Team,,0,0,0,0,0,0,0,4,0,4,0,0,1,0,0,0,0,3,
2024,40,1,Total,,,MIL,,Total,200:00,84,13,38,12,28,22,27,19,14,33,13,6,12,0,3,20,27,82,
2024,40,0,P007200   ,0.0,0.0,IST,0,"LARKIN, SHANE",12:31,2,1,2,0,2,0,0,0,1,1,6,0,0,0,0,1,3,8,10.0
2024,40,0,P006590   ,0.0,0.0,IST,1,"BEAUBOIS, RODRIGUE",21:21,9,0,0,3,6,0,0,0,2,2,0,0,0,0,0,3,1,6,9.0
2024,40,0,P013363   ,1.0,1.0,IST,3,"NWORA, JORDAN",26:17,11,4,5,1,4,0,0,0,5,5,1,1,2,0,0,3,0,9,1.0
2024,40,0,P009846   ,1.0,1.0,IST,6,"BRYANT, ELIJAH",30:51,19,6,7,2,3,1,1,0,3,3,5,1,6,1,0,3,4,22,2.0
2024,40,0,P007109   ,0.0,0.0,IST,11,"SMITS, ROLANDS",20:00,11,2,3,2,2,1,1,1,2,3,1,0,1,0,0,5,1,9,16.0
2024,40,0,P011078   ,1.0,1.0,IST,13,"THOMPSON, DARIUS",29:00,17,4,5,2,4,3,3,0,0,0,7,0,1,0,0,3,3,20,14.0
2024,40,0,P013364   ,0.0,0.0,IST,14,"JOHNSON, STANLEY",DNP,0,0,0,0,0,0,0,0,0,0,0,0,0,0,0,0,0,0,0.0
2024,40,0,P004887   ,1.0,1.0,IST,17,"POIRIER, VINCENT",25:04,9,3,3,0,0,3,5,0,5,5,1,1,0,2,0,4,5,17,9.0
2024,40,0,P012710   ,1.0,1.0,IST,24,"OSMANI, ERCAN",20:00,11,4,4,1,1,0,0,2,4,6,1,0,1,0,0,4,1,14,-4.0
2024,40,0,P012788   ,0.0,0.0,IST,25,"OTURU, DAN",14:56,7,3,3,0,1,1,2,1,2,3,0,0,3,0,0,2,2,5,3.0
2024,40,0,P006372   ,0.0,0.0,IST,33,"YILMAZ, ERKAN",DNP,0,0,0,0,0,0,0,0,0,0,0,0,0,0,0,0,0,0,0.0
2024,40,0,P009664   ,0.0,0.0,IST,35,"WILLIS, DEREK",DNP,0,0,0,0,0,0,0,0,0,0,0,0,0,0,0,0,0,0,0.0
2024,40,0,Team,0.0,0.0,IST,,Team,,0,0,0,0,0,0,0,0,0,0,0,0,0,0,0,0,0,0,
2024,40,0,Total,,,IST,,Total,200:00,96,27,32,11,23,9,12,4,24,28,22,3,14,3,0,28,20,110,
2024,41,1,P011948   ,1.0,0.0,BAS,0,"HOWARD, MARKUS",23:49,26,2,5,7,14,1,1,1,0,1,1,1,0,0,1,3,2,17,13.0
2024,41,1,P010784   ,0.0,1.0,BAS,6,"SAVKOV, PAVEL",01:52,0,0,0,0,2,0,0,0,1,1,0,0,0,0,0,0,0,-1,3.0
2024,41,1,P012080   ,1.0,1.0,BAS,9,"LUWAWU-CABARROT, TIMOTHE",25:11,11,1,6,3,6,0,0,0,4,4,1,2,3,0,1,3,0,3,5.0
2024,41,1,P004058   ,0.0,1.0,BAS,10,"JARAMAZ, OGNJEN",13:16,4,1,3,0,1,2,2,0,0,0,2,1,0,0,0,2,4,6,12.0
2024,41,1,P013367   ,0.0,0.0,BAS,11,"FORREST, TRENT",15:35,8,4,5,0,1,0,0,0,0,0,4,0,1,0,1,0,0,8,-7.0
2024,41,1,P011085   ,0.0,0.0,BAS,17,"ROGKAVOPOULOS, NIKOLAOS",14:49,9,0,0,3,6,0,0,3,3,6,2,1,0,0,0,0,0,15,18.0
2024,41,1,P008072   ,0.0,1.0,BAS,18,"DIOP, KHALIFA",22:14,4,2,3,0,0,0,0,4,4,8,2,2,0,1,1,0,1,16,11.0
2024,41,1,P012597   ,1.0,0.0,BAS,44,"BALDWIN, KAMAR",25:28,5,1,5,1,2,0,0,0,4,4,6,0,1,0,0,2,0,7,25.0
2024,41,1,P011196   ,1.0,0.0,BAS,45,"HALL, DONTA",17:46,5,2,2,0,0,1,2,0,6,6,0,1,2,0,0,2,2,9,12.0
2024,41,1,P012058   ,1.0,1.0,BAS,46,"NDIAYE, OUSMANE",18:43,4,2,3,0,0,0,0,1,5,6,0,0,0,1,0,2,2,10,15.0
2024,41,1,P012201   ,0.0,0.0,BAS,95,"MONEKE, CHIMA",21:17,4,2,6,0,4,0,0,3,3,6,1,1,4,0,1,2,0,-3,8.0
2024,41,1,Team,0.0,0.0,BAS,,Team,,0,0,0,0,0,0,0,3,2,5,0,0,0,0,0,0,0,5,
2024,41,1,Total,,,BAS,,Total,200:00,80,17,38,14,36,4,5,15,32,47,19,9,11,2,5,16,11,92,
2024,41,0,P008384   ,0.0,1.0,BER,1,"PROCIDA, GABRIELE",20:18,3,0,1,1,5,0,0,0,0,0,0,0,1,1,0,0,1,-1,-24.0
2024,41,0,P008173   ,1.0,0.0,BER,3,"SPAGNOLO, MATTEO",23:24,6,3,9,0,3,0,0,0,2,2,6,0,2,0,0,1,1,3,-5.0
2024,41,0,P011934   ,1.0,0.0,BER,5,"WETZELL, YANNI",20:08,9,3,5,0,0,3,4,0,7,7,2,0,1,0,0,2,3,15,-13.0
2024,41,0,P008062   ,0.0,0.0,BER,7,"MCDOWELL-WHITE, WILL",16:50,3,0,0,1,1,0,0,0,2,2,2,1,1,0,0,0,1,8,-11.0
2024,41,0,P007025   ,0.0,0.0,BER,9,"MATTISSECK, JONAS",10:21,2,1,3,0,3,0,0,0,0,0,1,0,0,0,0,2,0,-4,-16.0
2024,41,0,P006251   ,0.0,1.0,BER,10,"SCHNEIDER, TIM",16:38,1,0,0,0,1,1,2,0,2,2,0,0,0,0,0,1,2,2,-9.0
2024,41,0,P008780   ,1.0,0.0,BER,15,"HERMANNSSON, MARTIN",23:27,16,5,10,2,2,0,2,0,2,2,3,0,2,0,1,0,3,14,4.0
2024,41,0,P007550   ,0.0,1.0,BER,18,"SAMAR, ZIGA",04:59,2,1,3,0,0,0,0,1,0,1,0,0,1,0,0,1,0,-1,-7.0
2024,41,0,P006919   ,1.0,1.0,BER,19,"OLINDE, LOUIS",20:41,4,2,2,0,2,0,0,0,1,1,0,0,2,0,0,3,2,0,-10.0
2024,41,0,P010791   ,0.0,0.0,BER,21,"KOUMADJE, KHALIFA",18:00,2,1,2,0,0,0,2,1,8,9,0,1,2,3,0,0,1,11,-7.0
2024,41,0,P012721   ,1.0,1.0,BER,34,"BEAN, JUSTIN",25:14,9,3,6,1,2,0,0,4,3,7,0,2,1,1,1,1,2,14,-17.0
2024,41,0,Team,0.0,0.0,BER,,Team,,0,0,0,0,0,0,0,2,1,3,0,0,1,0,0,0,0,2,
2024,41,0,Total,,,BER,,Total,200:00,57,19,41,5,19,4,10,8,28,36,14,4,14,5,2,11,16,63,
2024,42,1,P003733   ,1.0,1.0,MAD,6,"ABALDE, ALBERTO",17:21,9,3,4,1,2,0,0,0,2,2,0,0,1,0,0,2,1,7,9.0
2024,42,1,P005928   ,1.0,0.0,MAD,7,"CAMPAZZO, FACUNDO",19:19,13,1,1,1,1,8,8,0,3,3,6,1,0,0,0,1,8,30,23.0
2024,42,1,P013378   ,0.0,0.0,MAD,8,"RATHAN-MAYES, XAVIER",18:36,3,0,1,0,2,3,4,0,4,4,4,1,1,0,0,1,3,9,12.0
2024,42,1,P011649   ,0.0,1.0,MAD,9,"GONZALEZ, HUGO",04:45,2,1,1,0,1,0,0,0,1,1,1,0,0,0,0,1,0,2,0.0
2024,42,1,P003108   ,1.0,0.0,MAD,11,"HEZONJA, MARIO",22:08,7,1,2,1,6,2,2,0,5,5,6,0,1,0,0,0,1,12,13.0
2024,42,1,P006540   ,0.0,1.0,MAD,13,"MUSA, DZANAN",17:11,17,0,1,4,6,5,6,0,3,3,0,0,2,0,0,2,3,15,7.0
2024,42,1,P009005   ,0.0,0.0,MAD,14,"DECK, GABRIEL",17:52,10,2,3,2,3,0,0,3,2,5,0,0,2,0,0,1,0,10,13.0
2024,42,1,P012168   ,0.0,1.0,MAD,15,"GUEYE, SIDI",01:59,2,0,0,0,0,2,2,0,0,0,0,0,0,0,0,0,1,3,-3.0
2024,42,1,P003583   ,0.0,0.0,MAD,18,"IBAKA, SERGE",13:48,5,1,2,0,2,3,3,0,6,6,2,1,3,2,0,3,4,11,4.0
2024,42,1,P005791   ,1.0,0.0,MAD,22,"TAVARES, WALTER",19:06,12,6,6,0,0,0,0,0,6,6,1,1,1,1,0,4,0,16,18.0
2024,42,1,PTGB      ,0.0,0.0,MAD,23,"LLULL, SERGIO",21:19,3,0,0,1,6,0,0,0,0,0,5,2,0,0,0,2,2,5,5.0
2024,42,1,P009213   ,1.0,1.0,MAD,30,"NDIAYE, ELI",26:36,12,3,4,2,3,0,2,0,6,6,1,1,0,1,0,2,1,16,14.0
2024,42,1,Team,0.0,0.0,MAD,,Team,,0,0,0,0,0,0,0,1,0,1,0,0,0,0,0,0,0,1,
2024,42,1,Total,,,MAD,,Total,200:00,95,18,25,12,32,23,27,4,38,42,26,7,11,4,0,19,24,137,
2024,42,0,P009048   ,1.0,1.0,RED,0,"MILLER-MCINTYRE, CODI",21:53,5,1,5,1,3,0,0,1,1,2,2,0,1,0,1,1,1,1,-23.0
2024,42,0,P010612   ,1.0,1.0,RED,3,"CANAAN, ISAIAH",21:11,7,2,3,0,5,3,4,0,2,2,1,0,1,0,0,4,2,0,-15.0
2024,42,0,PJDR      ,0.0,0.0,RED,4,"TEODOSIC, MILOS",18:36,11,0,2,3,6,2,2,0,3,3,4,0,0,0,0,3,2,12,-16.0
2024,42,0,P007960   ,0.0,1.0,RED,7,"DAVIDOVAC, DEJAN",19:35,3,0,1,0,1,3,4,1,6,7,1,0,0,0,0,1,3,10,-13.0
2024,42,0,P002553   ,0.0,0.0,RED,9,"MITROVIC, LUKA",15:19,6,2,5,0,0,2,2,2,2,4,0,0,2,0,1,3,3,4,-10.0
2024,42,0,PLUO      ,0.0,1.0,RED,10,"LAZIC, BRANKO",10:21,3,0,0,1,1,0,0,0,2,2,0,0,1,0,0,1,0,3,-6.0
2024,42,0,P004866   ,1.0,0.0,RED,12,"KALINIC, NIKOLA",22:18,9,1,2,2,5,1,2,1,3,4,2,1,1,0,0,1,3,12,-11.0
2024,42,0,P004007   ,0.0,0.0,RED,13,"DOBRIC, OGNJEN",08:07,2,1,2,0,2,0,0,0,1,1,0,0,1,0,0,1,0,-2,-1.0
2024,42,0,P012786   ,1.0,1.0,RED,24,"DAUM, MIKE",16:31,8,3,4,0,4,2,2,0,0,0,0,0,1,0,0,3,1,0,-10.0
2024,42,0,P006436   ,0.0,0.0,RED,31,"GIEDRAITIS, ROKAS",09:44,3,0,1,1,1,0,0,0,1,1,1,0,0,0,0,3,1,2,2.0
2024,42,0,P006240   ,1.0,0.0,RED,33,"PLAVSIC, UROS",18:47,7,3,8,0,0,1,1,0,3,3,0,1,1,0,1,2,2,4,-12.0
2024,42,0,P012044   ,0.0,0.0,RED,99,"DOS SANTOS, YAGO",17:38,8,2,4,1,4,1,1,0,1,1,1,0,1,0,1,1,1,3,0.0
2024,42,0,Team,0.0,0.0,RED,,Team,,0,0,0,0,0,0,0,3,1,4,0,0,0,0,0,0,0,4,
2024,42,0,Total,,,RED,,Total,200:00,72,15,37,9,32,15,18,8,26,34,12,2,10,0,4,24,19,53,
2024,43,1,P009863   ,1.0,1.0,ULK,2,"BALDWIN IV, WADE",35:01,14,2,5,3,5,1,2,0,3,3,4,0,4,0,0,3,2,10,4.0
2024,43,1,P002849   ,0.0,1.0,ULK,4,"MELLI, NICOLO",23:40,8,1,2,2,3,0,0,0,2,2,3,2,2,1,0,3,2,11,-11.0
2024,43,1,P013396   ,0.0,0.0,ULK,9,"MAYS, SKYLAR",04:59,4,2,3,0,0,0,0,1,0,1,0,0,0,0,0,0,0,4,-9.0
2024,43,1,P008962   ,1.0,0.0,ULK,11,"HAYES-DAVIS, NIGEL",23:54,3,0,2,1,4,0,0,0,0,0,1,0,1,0,1,1,0,-4,-11.0
2024,43,1,P006961   ,0.0,1.0,ULK,13,"BIBEROVIC, TARIK",19:49,16,1,1,3,6,5,7,0,6,6,1,2,4,0,0,3,5,18,1.0
2024,43,1,P011205   ,0.0,1.0,ULK,20,"HALL, DEVON",19:58,7,2,3,1,4,0,0,0,2,2,1,1,1,0,1,4,0,1,-2.0
2024,43,1,P010560   ,0.0,0.0,ULK,21,"PIERRE, DYSHAWN",DNP,0,0,0,0,0,0,0,0,0,0,0,0,0,0,0,0,0,0,0.0
2024,43,1,P004004   ,1.0,0.0,ULK,23,"GUDURIC, MARKO",20:35,9,4,5,0,3,1,1,0,1,1,1,1,1,0,1,3,2,5,-6.0
2024,43,1,P008104   ,0.0,0.0,ULK,32,"ZAGARS, ARTURS",DNP,0,0,0,0,0,0,0,0,0,0,0,0,0,0,0,0,0,0,0.0
2024,43,1,P009783   ,1.0,1.0,ULK,50,"COLSON, BONZIE",31:04,11,2,5,2,4,1,1,1,5,6,0,1,1,0,1,2,2,11,5.0
2024,43,1,PLMG      ,0.0,0.0,ULK,51,"MARJANOVIC, BOBAN",07:07,0,0,1,0,0,0,0,0,3,3,0,0,0,0,0,1,1,2,-5.0
2024,43,1,P007182   ,1.0,0.0,ULK,92,"BIRCH, KHEM",13:53,4,2,2,0,0,0,1,1,2,3,3,0,1,0,0,4,2,6,9.0
2024,43,1,Team,0.0,0.0,ULK,,Team,,0,0,0,0,0,0,0,4,2,6,0,0,0,0,0,0,0,6,
2024,43,1,Total,,,ULK,,Total,200:00,76,16,29,12,29,8,12,7,26,33,14,7,15,1,4,24,16,70,
2024,43,0,P011209   ,0.0,0.0,PAN,0,"KALAITZAKIS, PANAGIOTIS",DNP,0,0,0,0,0,0,0,0,0,0,0,0,0,0,0,0,0,0,0.0
2024,43,0,P009622   ,0.0,0.0,PAN,2,"BROWN, LORENZO",23:11,12,3,6,2,3,0,1,0,5,5,5,1,1,0,0,1,1,17,-4.0
2024,43,0,P001926   ,0.0,1.0,PAN,10,"SLOUKAS, KOSTAS",19:51,13,2,2,3,4,0,0,0,3,3,3,1,1,0,0,2,4,20,-2.0
2024,43,0,P004088   ,1.0,0.0,PAN,16,"OSMAN, CEDI",20:06,4,1,2,0,3,2,2,0,2,2,0,1,1,0,1,4,2,-1,5.0
2024,43,0,P011442   ,0.0,0.0,PAN,20,"SAMODUROV, ALEXANDROS",DNP,0,0,0,0,0,0,0,0,0,0,0,0,0,0,0,0,0,0,0.0
2024,43,0,P011204   ,1.0,1.0,PAN,22,"GRANT, JERIAN",32:38,9,3,6,1,3,0,0,0,2,2,3,1,0,0,0,2,1,9,15.0
2024,43,0,P012774   ,1.0,1.0,PAN,25,"NUNN, KENDRICK",35:50,15,3,8,2,5,3,4,0,3,3,2,1,3,2,0,2,5,14,6.0
2024,43,0,P003842   ,1.0,1.0,PAN,26,"LESSORT, MATHIAS",24:19,14,5,6,0,0,4,8,3,2,5,3,3,1,1,0,3,5,22,15.0
2024,43,0,P011221   ,0.0,0.0,PAN,37,"ANTETOKOUNMPO, KOSTAS",DNP,0,0,0,0,0,0,0,0,0,0,0,0,0,0,0,0,0,0,0.0
2024,43,0,P002328   ,0.0,0.0,PAN,40,"GRIGONIS, MARIUS",DNP,0,0,0,0,0,0,0,0,0,0,0,0,0,0,0,0,0,0,0.0
2024,43,0,P012712   ,1.0,1.0,PAN,41,"HERNANGOMEZ, JUANCHO",28:24,2,1,1,0,3,0,0,0,2,2,1,1,2,0,0,1,1,1,0.0
2024,43,0,P005353   ,0.0,0.0,PAN,77,"YURTSEVEN, OMER",15:41,12,2,5,0,0,8,10,3,3,6,1,0,0,1,0,1,5,19,-10.0
2024,43,0,Team,0.0,0.0,PAN,,Team,,0,0,0,0,0,0,0,2,2,4,0,0,1,0,0,0,0,3,
2024,43,0,Total,,,PAN,,Total,200:00,81,20,36,8,21,17,25,8,24,32,18,9,10,4,1,16,24,104,
2024,44,1,P009862   ,1.0,1.0,BAR,0,"PUNTER, KEVIN",26:39,20,5,8,1,3,7,8,0,3,3,2,1,1,0,0,1,6,24,6.0
2024,44,1,P012795   ,1.0,0.0,BAR,1,"ANDERSON, JUSTIN",09:01,0,0,1,0,1,0,0,1,3,4,0,0,1,0,0,3,1,-1,-3.0
2024,44,1,P011666   ,0.0,0.0,BAR,2,"SARR, DAME",07:23,3,0,0,1,1,0,0,0,1,1,0,1,0,1,0,2,0,4,2.0
2024,44,1,P000925   ,0.0,1.0,BAR,6,"VESELY, JAN",22:47,14,4,5,1,1,3,3,1,4,5,4,2,0,0,0,2,4,26,16.0
2024,44,1,P009992   ,0.0,1.0,BAR,8,"BRIZUELA, DARIO",16:18,5,1,3,1,4,0,0,1,2,3,4,0,2,0,0,2,0,3,-1.0
2024,44,1,P013379   ,0.0,0.0,BAR,10,"METU, CHIMEZIE",17:16,6,3,4,0,0,0,0,0,5,5,0,0,3,2,0,3,1,7,0.0
2024,44,1,P002939   ,0.0,1.0,BAR,13,"SATORANSKY, TOMAS",24:52,9,0,2,3,4,0,0,0,2,2,4,1,2,0,0,1,0,10,14.0
2024,44,1,P003196   ,1.0,0.0,BAR,14,"HERNANGOMEZ, WILLY",14:07,2,1,2,0,0,0,0,1,2,3,0,0,2,0,0,3,0,-1,-11.0
2024,44,1,P010106   ,1.0,0.0,BAR,17,"NUNEZ, JUAN",15:08,8,2,4,1,2,1,2,1,1,2,3,0,1,0,0,3,3,8,-7.0
2024,44,1,P006568   ,0.0,0.0,BAR,19,"FALL, YOUSSOUPHA",DNP,0,0,0,0,0,0,0,0,0,0,0,0,0,0,0,0,0,0,0.0
2024,44,1,P003478   ,0.0,0.0,BAR,21,"ABRINES, ALEX",20:51,11,0,0,3,6,2,2,0,1,1,1,1,0,0,0,2,2,11,12.0
2024,44,1,P012745   ,1.0,1.0,BAR,22,"PARKER, JABARI",25:38,12,2,5,2,5,2,2,2,1,3,2,1,1,1,0,3,1,10,7.0
2024,44,1,Team,0.0,0.0,BAR,,Team,,0,0,0,0,0,0,0,0,1,1,0,0,0,0,0,0,0,1,
2024,44,1,Total,,,BAR,,Total,200:00,90,18,34,13,27,15,17,7,26,33,20,7,13,4,0,25,18,102,
2024,44,0,P013371   ,0.0,1.0,ASV,1,"HARRISON, SHAQUILLE",16:30,3,1,2,0,1,1,3,0,1,1,0,0,0,0,0,1,3,2,-5.0
2024,44,0,P013372   ,1.0,0.0,ASV,2,"SCHOFIELD, ADMIRAL",21:18,6,0,1,2,4,0,0,1,1,2,0,0,4,0,0,2,0,-1,-4.0
2024,44,0,PKIR      ,0.0,1.0,ASV,5,"KAHUDI, CHARLES",21:27,14,4,4,0,3,6,6,1,2,3,0,0,0,0,0,0,4,18,-3.0
2024,44,0,P007027   ,1.0,1.0,ASV,6,"MALEDON, THEO",29:39,21,3,7,3,7,6,7,0,4,4,3,1,3,0,1,1,6,21,-6.0
2024,44,0,P010316   ,0.0,0.0,ASV,8,"AJINCA, MELVIN",13:26,3,0,0,1,3,0,0,0,2,2,0,0,1,0,1,2,0,-1,-3.0
2024,44,0,P000229   ,1.0,1.0,ASV,11,"JACKSON, EDWIN",22:00,3,0,2,1,3,0,0,1,1,2,4,0,1,0,0,3,2,3,-3.0
2024,44,0,P002100   ,0.0,0.0,ASV,12,"DE COLO, NANDO",19:04,14,2,2,2,6,4,4,1,1,2,4,2,1,0,0,2,3,18,-3.0
2024,44,0,P010545   ,1.0,1.0,ASV,13,"SAKO, NEAL",32:55,17,6,9,0,0,5,7,1,8,9,0,1,1,0,2,4,7,22,-2.0
2024,44,0,P003526   ,1.0,0.0,ASV,23,"LIGHTY, DAVID",22:03,2,1,1,0,2,0,0,1,3,4,2,1,1,0,0,3,0,3,-5.0
2024,44,0,P012731   ,0.0,0.0,ASV,24,"NDIAYE, MBAYE",DNP,0,0,0,0,0,0,0,0,0,0,0,0,0,0,0,0,0,0,0.0
2024,44,0,P008991   ,0.0,0.0,ASV,28,"BLACK, TARIK",DNP,0,0,0,0,0,0,0,0,0,0,0,0,0,0,0,0,0,0,0.0
2024,44,0,P013377   ,0.0,0.0,ASV,34,"PAUL, MBIYA",01:38,0,0,0,0,0,0,0,0,0,0,0,1,0,0,0,0,0,1,-1.0
2024,44,0,Team,0.0,0.0,ASV,,Team,,0,0,0,0,0,0,0,3,0,3,0,0,1,0,0,0,0,2,
2024,44,0,Total,,,ASV,,Total,200:00,83,17,28,9,29,22,27,9,23,32,13,6,13,0,4,18,25,88,
2024,45,1,P010391   ,1.0,1.0,MUN,0,"WEILER-BABB, NICK",30:48,10,2,3,2,4,0,0,0,6,6,9,1,1,0,0,4,2,20,14.0
2024,45,1,P011244   ,0.0,0.0,MUN,1,"DA SILVA, OSCAR",12:45,2,1,1,0,0,0,0,1,2,3,1,0,0,0,0,1,0,5,-2.0
2024,45,1,P011987   ,1.0,1.0,MUN,3,"EDWARDS, CARSEN",35:57,30,10,14,2,9,4,5,1,3,4,3,0,3,0,3,3,5,21,5.0
2024,45,1,P007201   ,1.0,1.0,MUN,7,"VOIGTMANN, JOHANNES",28:11,6,3,4,0,1,0,0,1,7,8,3,2,1,0,0,2,0,14,4.0
2024,45,1,P011224   ,0.0,1.0,MUN,8,"NAPIER, SHABAZZ",25:43,10,2,5,2,6,0,0,1,1,2,2,1,2,0,0,3,2,5,-12.0
2024,45,1,P012123   ,0.0,0.0,MUN,10,"KHARCHENKOV, IVAN",05:28,1,0,0,0,1,1,2,0,0,0,1,0,0,0,0,2,1,-1,1.0
2024,45,1,P004508   ,1.0,0.0,MUN,13,"OBST, ANDREAS",21:08,3,0,1,1,4,0,0,0,1,1,0,0,0,0,0,2,0,-2,6.0
2024,45,1,P005460   ,0.0,0.0,MUN,20,"HARRIS, ELIAS",DNP,0,0,0,0,0,0,0,0,0,0,0,0,0,0,0,0,0,0,0.0
2024,45,1,P007639   ,0.0,0.0,MUN,22,"BRANKOVIC, DANKO",10:23,2,1,1,0,0,0,0,0,2,2,0,0,0,0,0,2,0,2,-6.0
2024,45,1,P007056   ,1.0,1.0,MUN,31,"BOOKER, DEVIN",29:37,20,5,8,2,3,4,6,2,3,5,1,1,2,1,1,2,4,21,10.0
2024,45,1,P011052   ,0.0,0.0,MUN,41,"MADAR, YAM",DNP,0,0,0,0,0,0,0,0,0,0,0,0,0,0,0,0,0,0,0.0
2024,45,1,P013368   ,0.0,0.0,MUN,53,"YEBO, KEVIN",DNP,0,0,0,0,0,0,0,0,0,0,0,0,0,0,0,0,0,0,0.0
2024,45,1,Team,0.0,0.0,MUN,,Team,,0,0,0,0,0,0,0,5,1,6,0,0,0,0,0,0,0,6,
2024,45,1,Total,,,MUN,,Total,200:00,84,24,37,9,28,9,13,11,26,37,20,5,9,1,4,21,14,91,
2024,45,0,P008855   ,1.0,1.0,OLY,0,"WALKUP, THOMAS",23:21,6,0,0,2,3,0,0,1,3,4,1,0,3,1,0,2,2,8,-11.0
2024,45,0,P012878   ,0.0,0.0,OLY,2,"WRIGHT, MOSES",22:30,10,4,8,0,0,2,4,2,2,4,0,2,0,0,0,0,2,12,4.0
2024,45,0,P010392   ,0.0,0.0,OLY,5,"LARENTZAKIS, GIANNOULIS",DNP,0,0,0,0,0,0,0,0,0,0,0,0,0,0,0,0,0,0,0.0
2024,45,0,P007947   ,0.0,1.0,OLY,8,"VILDOZA, LUCA",20:00,8,1,3,2,4,0,0,0,1,1,3,0,0,0,0,1,0,7,6.0
2024,45,0,P008811   ,1.0,0.0,OLY,10,"FALL, MOUSTAPHA",17:19,8,4,4,0,0,0,0,1,1,2,2,0,2,0,0,2,1,9,-8.0
2024,45,0,P003469   ,1.0,1.0,OLY,14,"VEZENKOV, SASHA",27:25,16,3,6,1,5,7,7,2,5,7,1,1,1,1,0,0,5,23,-11.0
2024,45,0,P001255   ,1.0,0.0,OLY,16,"PAPANIKOLAOU, KOSTAS",17:55,8,1,1,2,4,0,0,1,1,2,4,1,2,0,0,2,2,11,-8.0
2024,45,0,P009849   ,0.0,1.0,OLY,22,"DORSEY, TYLER",22:05,12,1,3,3,5,1,3,1,3,4,3,0,2,1,0,1,5,16,4.0
2024,45,0,P008829   ,0.0,1.0,OLY,25,"PETERS, ALEC",12:46,5,1,2,1,1,0,0,1,2,3,2,0,0,1,0,2,0,8,7.0
2024,45,0,P003941   ,0.0,0.0,OLY,33,"MILUTINOV, NIKOLA",DNP,0,0,0,0,0,0,0,0,0,0,0,0,0,0,0,0,0,0,0.0
2024,45,0,P007853   ,0.0,0.0,OLY,77,"MCKISSIC, SHAQUIELLE",16:39,3,0,1,1,3,0,0,1,4,5,3,0,1,0,1,3,1,4,7.0
2024,45,0,P013380   ,1.0,0.0,OLY,94,"FOURNIER, EVAN",20:00,4,1,4,0,3,2,3,0,0,0,1,0,0,0,0,1,3,0,-10.0
2024,45,0,Team,0.0,0.0,OLY,,Team,,0,0,0,0,0,0,0,0,2,2,0,0,0,0,0,0,0,2,
2024,45,0,Total,,,OLY,,Total,200:00,80,16,32,12,28,12,17,10,24,34,20,4,11,4,1,14,21,100,
2024,46,1,P006590   ,0.0,1.0,IST,1,"BEAUBOIS, RODRIGUE",21:33,8,2,3,1,2,1,1,0,0,0,2,1,1,0,0,4,0,4,1.0
2024,46,1,P013363   ,1.0,1.0,IST,3,"NWORA, JORDAN",28:04,13,5,6,1,5,0,0,0,6,6,0,1,6,0,0,1,1,9,-12.0
2024,46,1,P009846   ,1.0,1.0,IST,6,"BRYANT, ELIJAH",29:17,12,3,7,1,4,3,4,1,4,5,4,1,3,0,0,4,6,13,-10.0
2024,46,1,P010400   ,0.0,0.0,IST,10,"ONCEL, RIDVAN",DNP,0,0,0,0,0,0,0,0,0,0,0,0,0,0,0,0,0,0,0.0
2024,46,1,P007109   ,0.0,0.0,IST,11,"SMITS, ROLANDS",17:06,8,4,5,0,0,0,0,0,2,2,1,0,0,0,1,2,0,7,-6.0
2024,46,1,P011078   ,1.0,1.0,IST,13,"THOMPSON, DARIUS",31:27,16,3,3,2,4,4,5,1,2,3,6,1,2,1,0,3,2,21,-1.0
2024,46,1,P013364   ,0.0,0.0,IST,14,"JOHNSON, STANLEY",07:25,3,0,0,0,2,3,4,0,3,3,0,0,0,0,0,0,2,5,0.0
2024,46,1,P004887   ,1.0,1.0,IST,17,"POIRIER, VINCENT",19:49,10,4,8,0,0,2,4,3,3,6,1,1,0,0,2,2,2,10,-8.0
2024,46,1,P006640   ,0.0,0.0,IST,18,"OZDEMIROGLU, DOGUS",07:02,3,0,1,1,2,0,0,0,0,0,0,1,0,0,0,2,3,3,-2.0
2024,46,1,P012710   ,1.0,0.0,IST,24,"OSMANI, ERCAN",18:06,5,1,3,1,2,0,0,2,1,3,1,0,0,0,0,0,1,7,-6.0
2024,46,1,P012788   ,0.0,0.0,IST,25,"OTURU, DAN",20:11,10,4,5,0,0,2,4,0,2,2,1,0,1,3,0,3,2,11,-1.0
2024,46,1,P009664   ,0.0,0.0,IST,35,"WILLIS, DEREK",DNP,0,0,0,0,0,0,0,0,0,0,0,0,0,0,0,0,0,0,0.0
2024,46,1,Team,0.0,0.0,IST,,Team,,0,0,0,0,0,0,0,1,2,3,0,0,0,0,0,0,0,3,
2024,46,1,Total,,,IST,,Total,200:00,88,26,41,7,21,15,22,8,25,33,16,6,13,4,3,21,19,93,
2024,46,0,P009862   ,1.0,1.0,BAR,0,"PUNTER, KEVIN",24:57,20,3,6,4,6,2,2,0,1,1,4,0,0,0,0,2,2,20,5.0
2024,46,0,P012795   ,0.0,0.0,BAR,1,"ANDERSON, JUSTIN",21:45,12,2,3,2,3,2,2,1,2,3,2,1,0,0,0,2,1,15,4.0
2024,46,0,P011666   ,0.0,0.0,BAR,2,"SARR, DAME",DNP,0,0,0,0,0,0,0,0,0,0,0,0,0,0,0,0,0,0,0.0
2024,46,0,P000925   ,0.0,0.0,BAR,6,"VESELY, JAN",15:21,4,2,2,0,0,0,0,1,4,5,3,3,2,1,0,3,0,11,9.0
2024,46,0,P009992   ,0.0,1.0,BAR,8,"BRIZUELA, DARIO",16:13,4,1,4,0,2,2,2,1,1,2,0,0,0,0,2,0,2,1,-2.0
2024,46,0,P013379   ,0.0,1.0,BAR,10,"METU, CHIMEZIE",20:11,21,4,5,3,4,4,5,3,0,3,1,0,2,0,1,3,4,20,-4.0
2024,46,0,P002939   ,0.0,0.0,BAR,13,"SATORANSKY, TOMAS",17:41,3,1,2,0,2,1,1,0,0,0,1,0,2,0,1,2,2,-2,3.0
2024,46,0,P003196   ,1.0,0.0,BAR,14,"HERNANGOMEZ, WILLY",16:29,7,2,4,0,0,3,4,0,3,3,2,1,0,0,0,0,2,12,10.0
2024,46,0,P010106   ,1.0,1.0,BAR,17,"NUNEZ, JUAN",22:19,5,1,4,1,3,0,0,0,3,3,7,4,2,0,0,3,2,11,6.0
2024,46,0,P006568   ,0.0,0.0,BAR,19,"FALL, YOUSSOUPHA",03:45,0,0,2,0,0,0,0,0,0,0,0,0,0,0,0,2,1,-3,-1.0
2024,46,0,P003478   ,1.0,0.0,BAR,21,"ABRINES, ALEX",17:05,8,0,0,2,5,2,2,2,2,4,0,0,1,1,0,2,1,8,11.0
2024,46,0,P012745   ,1.0,1.0,BAR,22,"PARKER, JABARI",24:14,13,3,4,2,5,1,2,0,3,3,1,1,1,1,0,1,2,14,4.0
2024,46,0,Team,0.0,0.0,BAR,,Team,,0,0,0,0,0,0,0,0,1,1,0,0,0,0,0,0,0,1,
2024,46,0,Total,,,BAR,,Total,200:00,97,19,36,14,30,17,20,8,20,28,21,10,10,3,4,20,19,108,
2024,47,1,P009863   ,1.0,1.0,ULK,2,"BALDWIN IV, WADE",22:57,4,1,4,0,2,2,2,2,1,3,1,2,0,0,1,3,4,5,-16.0
2024,47,1,P002849   ,0.0,0.0,ULK,4,"MELLI, NICOLO",25:13,3,0,0,1,1,0,0,1,2,3,3,2,0,0,0,5,1,7,14.0
2024,47,1,P013396   ,0.0,0.0,ULK,9,"MAYS, SKYLAR",16:17,13,5,8,1,3,0,0,3,1,4,3,2,3,0,0,1,0,13,12.0
2024,47,1,P008962   ,1.0,1.0,ULK,11,"HAYES-DAVIS, NIGEL",26:36,20,5,10,2,4,4,4,3,1,4,0,1,1,0,0,3,4,18,1.0
2024,47,1,P006961   ,0.0,1.0,ULK,13,"BIBEROVIC, TARIK",28:03,15,2,6,3,9,2,2,2,4,6,0,0,1,1,0,3,2,10,-4.0
2024,47,1,P011205   ,1.0,1.0,ULK,20,"HALL, DEVON",25:07,16,3,5,3,5,1,2,1,0,1,9,0,1,1,0,2,2,21,2.0
2024,47,1,P010560   ,0.0,1.0,ULK,21,"PIERRE, DYSHAWN",11:05,0,0,0,0,1,0,0,0,2,2,2,1,0,0,0,0,1,5,12.0
2024,47,1,P004004   ,0.0,0.0,ULK,23,"GUDURIC, MARKO",07:56,4,1,2,0,1,2,2,1,0,1,0,0,0,0,0,1,3,5,-2.0
2024,47,1,P008104   ,0.0,0.0,ULK,32,"ZAGARS, ARTURS",DNP,0,0,0,0,0,0,0,0,0,0,0,0,0,0,0,0,0,0,0.0
2024,47,1,P009783   ,1.0,0.0,ULK,50,"COLSON, BONZIE",11:59,1,0,1,0,1,1,2,0,1,1,0,0,1,0,1,1,1,-3,0.0
2024,47,1,PLMG      ,0.0,0.0,ULK,51,"MARJANOVIC, BOBAN",11:13,8,4,6,0,0,0,0,1,4,5,2,0,4,0,0,3,1,7,-1.0
2024,47,1,P007182   ,1.0,0.0,ULK,92,"BIRCH, KHEM",13:34,0,0,1,0,0,0,0,2,2,4,1,0,1,0,0,1,1,3,-8.0
2024,47,1,Team,0.0,0.0,ULK,,Team,,0,0,0,0,0,0,0,2,3,5,0,0,2,0,0,0,0,3,
2024,47,1,Total,,,ULK,,Total,200:00,84,21,43,10,27,12,14,18,21,39,21,8,14,2,2,23,20,94,
2024,47,0,P006835   ,1.0,1.0,TEL,1,"HOARD, JAYLEN",34:13,20,7,10,1,3,3,5,2,3,5,2,0,0,0,0,2,3,21,-5.0
2024,47,0,P013389   ,0.0,1.0,TEL,5,"LEE, SABEN",23:37,13,3,6,0,1,7,10,0,2,2,5,3,3,0,2,1,6,16,6.0
2024,47,0,P007855   ,0.0,0.0,TEL,7,"KABA, ALPHA",00:08,0,0,0,0,0,0,0,0,0,0,0,0,0,0,0,0,0,0,-2.0
2024,47,0,P004233   ,0.0,0.0,TEL,8,"MENCO, RAFI",00:08,0,0,0,0,0,0,0,0,0,0,0,0,0,0,0,0,0,0,-2.0
2024,47,0,P011219   ,0.0,0.0,TEL,9,"SORKIN, ROMAN",23:04,7,1,2,1,5,2,2,2,7,9,0,0,1,1,0,1,1,11,2.0
2024,47,0,P011433   ,0.0,0.0,TEL,10,"MAYER, OMER",DNP,0,0,0,0,0,0,0,0,0,0,0,0,0,0,0,0,0,0,0.0
2024,47,0,P013381   ,0.0,0.0,TEL,11,"RAYMAN, WILLIAM",16:28,3,0,0,1,1,0,0,1,2,3,0,0,0,1,0,4,2,5,10.0
2024,47,0,P007990   ,1.0,0.0,TEL,12,"DIBARTOLOMEO, JOHN",16:59,3,0,1,1,3,0,0,0,1,1,0,1,0,0,0,3,2,1,-9.0
2024,47,0,P011214   ,1.0,1.0,TEL,14,"RIVERO, JASIEL",22:24,13,5,6,0,0,3,3,1,3,4,2,0,2,0,0,2,3,17,-2.0
2024,47,0,P005145   ,0.0,0.0,TEL,15,"COHEN, JAKE",02:16,0,0,0,0,0,0,0,0,0,0,0,0,0,0,0,0,0,0,0.0
2024,47,0,P013382   ,1.0,1.0,TEL,20,"RANDOLPH, LEVI",31:58,14,5,8,1,1,1,2,1,3,4,3,0,3,0,0,4,1,11,-3.0
2024,47,0,P007519   ,1.0,1.0,TEL,31,"JOKUBAITIS, ROKAS",28:45,9,1,6,1,4,4,5,0,2,2,7,1,2,0,0,3,5,10,-5.0
2024,47,0,Team,0.0,0.0,TEL,,Team,,0,0,0,0,0,0,0,2,0,2,0,0,2,0,0,0,0,0,
2024,47,0,Total,,,TEL,,Total,200:00,82,22,39,6,18,20,27,9,23,32,19,5,13,2,2,20,23,92,
2024,48,1,P007975   ,0.0,1.0,ZAL,3,"FRANCISCO, SYLVAIN",23:32,15,3,4,1,5,6,8,1,1,2,7,1,3,0,0,1,6,20,13.0
2024,48,1,P003210   ,0.0,0.0,ZAL,4,"LEKAVICIUS, LUKAS",DNP,0,0,0,0,0,0,0,0,0,0,0,0,0,0,0,0,0,0,0.0
2024,48,1,P011983   ,1.0,0.0,ZAL,8,"BRAZDEIKIS, IGNAS",05:49,4,2,2,0,1,0,0,0,1,1,0,0,0,0,0,2,0,2,-7.0
2024,48,1,P007513   ,1.0,1.0,ZAL,9,"GIEDRAITIS, DOVYDAS",30:46,6,1,3,1,1,1,2,2,1,3,3,0,1,0,0,2,4,10,2.0
2024,48,1,P005504   ,0.0,0.0,ZAL,15,"BIRUTIS, LAURYNAS",05:51,6,3,5,0,0,0,0,1,0,1,0,0,0,0,0,0,0,5,5.0
2024,48,1,P011051   ,0.0,0.0,ZAL,18,"SMAILAGIC, ALEN",17:08,14,5,6,1,5,1,3,2,1,3,0,0,0,1,1,2,2,10,-5.0
2024,48,1,P012622   ,0.0,0.0,ZAL,21,"MITCHELL, MATTHEW",21:29,2,1,3,0,3,0,0,1,0,1,2,0,0,1,1,4,2,-2,1.0
2024,48,1,P003048   ,1.0,1.0,ZAL,42,"DUNSTON, BRYANT",17:32,6,3,4,0,0,0,0,2,0,2,2,2,1,0,0,1,0,9,-3.0
2024,48,1,P012715   ,1.0,0.0,ZAL,45,"MANEK, BRADY",07:49,8,1,1,2,3,0,0,0,1,1,1,0,0,0,0,1,0,8,0.0
2024,48,1,P002676   ,0.0,1.0,ZAL,51,"BUTKEVICIUS, ARNAS",27:57,8,2,2,1,3,1,2,2,2,4,0,1,0,1,0,3,2,10,4.0
2024,48,1,P007029   ,0.0,0.0,ZAL,91,"SIRVYDIS, DEIVIDAS",24:06,17,2,3,3,6,4,4,0,1,1,3,0,2,0,0,2,3,16,1.0
2024,48,1,P002329   ,1.0,1.0,ZAL,92,"ULANOVAS, EDGARAS",18:01,0,0,1,0,1,0,0,0,2,2,3,1,1,0,0,4,4,3,-1.0
2024,48,1,Team,0.0,0.0,ZAL,,Team,,0,0,0,0,0,0,0,1,3,4,0,0,0,0,0,0,0,4,
2024,48,1,Total,,,ZAL,,Total,200:00,86,23,34,9,28,13,19,12,13,25,21,5,8,3,2,22,23,95,
2024,48,0,P009048   ,1.0,1.0,RED,0,"MILLER-MCINTYRE, CODI",26:35,16,5,8,2,4,0,0,1,2,3,5,1,3,0,0,4,3,16,0.0
2024,48,0,P010612   ,0.0,0.0,RED,3,"CANAAN, ISAIAH",23:54,9,2,3,1,2,2,2,0,2,2,1,0,1,0,0,2,2,9,0.0
2024,48,0,P007960   ,0.0,0.0,RED,7,"DAVIDOVAC, DEJAN",05:16,2,0,0,0,0,2,2,0,2,2,0,0,0,0,0,1,1,4,-3.0
2024,48,0,P002553   ,1.0,0.0,RED,9,"MITROVIC, LUKA",09:19,2,0,0,0,0,2,4,0,2,2,1,0,0,0,0,2,2,3,-5.0
2024,48,0,P004866   ,1.0,1.0,RED,12,"KALINIC, NIKOLA",27:20,9,1,3,2,3,1,2,1,2,3,2,0,2,0,0,2,3,9,-7.0
2024,48,0,P004007   ,0.0,1.0,RED,13,"DOBRIC, OGNJEN",12:12,5,1,3,1,1,0,0,1,1,2,0,0,0,0,0,1,0,4,-3.0
2024,48,0,P012786   ,1.0,1.0,RED,24,"DAUM, MIKE",14:19,6,1,2,0,1,4,4,0,0,0,0,0,0,0,0,2,3,5,1.0
2024,48,0,P011194   ,0.0,0.0,RED,30,"PETRUSEV, FILIP",08:14,0,0,2,0,0,0,0,1,1,2,1,0,0,0,1,1,0,-1,-6.0
2024,48,0,P006436   ,0.0,0.0,RED,31,"GIEDRAITIS, ROKAS",07:32,2,1,2,0,1,0,0,0,0,0,1,0,1,0,0,0,0,0,-6.0
2024,48,0,P006240   ,0.0,1.0,RED,33,"PLAVSIC, UROS",22:27,16,7,9,0,0,2,4,5,4,9,1,0,0,2,1,3,3,23,9.0
2024,48,0,P000848   ,1.0,0.0,RED,36,"NEDOVIC, NEMANJA",28:00,15,1,2,3,5,4,7,1,1,2,5,0,2,0,1,4,4,13,14.0
2024,48,0,P012044   ,0.0,0.0,RED,99,"DOS SANTOS, YAGO",14:52,2,1,1,0,1,0,0,0,4,4,3,1,1,0,0,2,1,7,-4.0
2024,48,0,Team,0.0,0.0,RED,,Team,,0,0,0,0,0,0,0,1,1,2,0,0,3,0,0,0,0,-1,
2024,48,0,Total,,,RED,,Total,200:00,84,20,35,9,18,17,25,11,22,33,20,2,13,2,3,24,22,91,
2024,49,1,P008384   ,1.0,1.0,BER,1,"PROCIDA, GABRIELE",28:16,5,0,2,1,6,2,2,0,2,2,0,0,1,0,0,3,2,-2,-7.0
2024,49,1,P008173   ,0.0,0.0,BER,3,"SPAGNOLO, MATTEO",14:06,4,1,7,0,0,2,2,0,1,1,2,0,1,0,0,1,4,3,-2.0
2024,49,1,P008062   ,0.0,0.0,BER,7,"MCDOWELL-WHITE, WILL",18:08,7,2,4,1,3,0,0,1,2,3,2,0,1,0,0,2,0,5,-13.0
2024,49,1,P012100   ,0.0,0.0,BER,8,"NUFER, ANTON",DNP,0,0,0,0,0,0,0,0,0,0,0,0,0,0,0,0,0,0,0.0
2024,49,1,P006251   ,0.0,0.0,BER,10,"SCHNEIDER, TIM",21:38,18,6,6,2,3,0,0,0,2,2,0,0,0,0,0,5,0,14,-10.0
2024,49,1,P008780   ,1.0,1.0,BER,15,"HERMANNSSON, MARTIN",27:09,11,3,8,1,2,2,5,1,3,4,6,0,3,0,1,1,3,10,-6.0
2024,49,1,P007550   ,0.0,0.0,BER,18,"SAMAR, ZIGA",DNP,0,0,0,0,0,0,0,0,0,0,0,0,0,0,0,0,0,0,0.0
2024,49,1,P006919   ,1.0,1.0,BER,19,"OLINDE, LOUIS",21:50,15,3,3,2,3,3,4,1,1,2,1,0,1,0,0,2,3,16,2.0
2024,49,1,P011631   ,0.0,0.0,BER,25,"RAPIEQUE, ELIAS",06:47,0,0,0,0,0,0,0,0,0,0,0,0,2,0,0,0,0,-2,-1.0
2024,49,1,P012721   ,1.0,1.0,BER,34,"BEAN, JUSTIN",30:20,16,6,8,1,3,1,1,5,9,14,3,1,1,1,0,0,4,34,-1.0
2024,49,1,P012604   ,1.0,1.0,BER,50,"WILLIAMS, TREVION",31:46,7,3,7,0,3,1,1,3,7,10,5,0,2,3,0,4,1,13,-7.0
2024,49,1,Team,0.0,0.0,BER,,Team,,0,0,0,0,0,0,0,1,2,3,0,0,1,0,0,0,0,2,
2024,49,1,Total,,,BER,,Total,200:00,83,24,45,8,23,11,15,12,29,41,19,1,13,4,1,18,17,93,
2024,49,0,P012608   ,1.0,1.0,PRS,0,"SHORTS, TJ",27:31,11,3,5,1,1,2,5,1,2,3,9,0,2,0,0,3,4,17,13.0
2024,49,0,P012609   ,0.0,0.0,PRS,1,"MALCOLM, COLLIN",18:28,3,0,1,1,6,0,0,0,3,3,2,1,1,0,0,1,1,2,-14.0
2024,49,0,P012640   ,0.0,1.0,PRS,2,"HIFI, NADIR",21:34,25,2,3,7,19,0,0,0,0,0,0,1,1,0,0,1,2,13,9.0
2024,49,0,P012610   ,1.0,1.0,PRS,3,"WARD, TYSON",27:23,23,2,5,6,12,1,2,1,2,3,0,0,1,0,0,3,1,13,13.0
2024,49,0,P013373   ,0.0,0.0,PRS,4,"CAVALIERE, LEOPOLD",15:00,4,2,4,0,0,0,0,2,2,4,1,0,0,0,1,2,1,5,-7.0
2024,49,0,P003481   ,0.0,0.0,PRS,6,"KESSENS, MICHAEL",DNP,0,0,0,0,0,0,0,0,0,0,0,0,0,0,0,0,0,0,0.0
2024,49,0,P012611   ,0.0,0.0,PRS,7,"HERRERA, SEBASTIAN",DNP,0,0,0,0,0,0,0,0,0,0,0,0,0,0,0,0,0,0,0.0
2024,49,0,P004512   ,0.0,0.0,PRS,8,"KRATZER, LEON",12:19,0,0,1,0,0,0,1,1,2,3,0,1,0,1,0,3,1,1,-12.0
2024,49,0,P007032   ,0.0,0.0,PRS,12,"LO, MAODO",12:29,1,0,2,0,1,1,1,0,1,1,2,0,0,0,0,1,1,1,-4.0
2024,49,0,P010390   ,1.0,1.0,PRS,13,"HAYES, KEVARRIUS",25:10,4,1,3,0,0,2,2,3,3,6,0,4,0,0,1,0,2,13,24.0
2024,49,0,P012613   ,1.0,1.0,PRS,20,"JANTUNEN, MIKAEL",27:31,14,0,2,4,8,2,2,5,3,8,5,1,1,0,2,2,4,21,13.0
2024,49,0,P004197   ,1.0,0.0,PRS,24,"OUATTARA, YAKUBA",12:35,7,2,2,1,5,0,0,2,3,5,1,1,1,0,0,1,1,9,10.0
2024,49,0,Team,0.0,0.0,PRS,,Team,,0,0,0,0,0,0,0,3,3,6,0,0,2,0,0,0,0,4,
2024,49,0,Total,,,PRS,,Total,200:00,92,12,28,20,52,8,13,18,24,42,20,9,9,1,4,17,18,99,
2024,50,1,P008855   ,1.0,1.0,OLY,0,"WALKUP, THOMAS",23:50,12,3,3,2,3,0,0,0,1,1,4,0,1,0,0,4,4,15,15.0
2024,50,1,P007982   ,0.0,0.0,OLY,1,"WILLIAMS-GOSS, NIGEL",13:18,0,0,2,0,1,0,0,0,6,6,2,0,1,0,0,3,0,1,13.0
2024,50,1,P012878   ,0.0,0.0,OLY,2,"WRIGHT, MOSES",12:19,2,1,3,0,0,0,2,1,1,2,1,0,2,0,0,3,1,-3,10.0
2024,50,1,P007947   ,0.0,0.0,OLY,8,"VILDOZA, LUCA",07:26,0,0,0,0,1,0,0,0,2,2,2,0,1,0,0,2,0,0,-6.0
2024,50,1,P008811   ,1.0,1.0,OLY,10,"FALL, MOUSTAPHA",20:00,6,3,4,0,0,0,0,0,0,0,6,1,0,2,0,2,0,12,7.0
2024,50,1,P003469   ,1.0,1.0,OLY,14,"VEZENKOV, SASHA",29:21,23,7,12,2,6,3,4,3,5,8,2,2,0,0,1,1,2,25,-7.0
2024,50,1,P001255   ,1.0,0.0,OLY,16,"PAPANIKOLAOU, KOSTAS",15:10,2,0,2,0,2,2,2,2,2,4,2,0,0,0,0,2,1,3,-5.0
2024,50,1,P009849   ,0.0,0.0,OLY,22,"DORSEY, TYLER",DNP,0,0,0,0,0,0,0,0,0,0,0,0,0,0,0,0,0,0,0.0
2024,50,1,P008829   ,0.0,0.0,OLY,25,"PETERS, ALEC",17:22,7,0,1,2,3,1,1,0,2,2,1,0,0,0,0,1,0,7,14.0
2024,50,1,P003941   ,0.0,0.0,OLY,33,"MILUTINOV, NIKOLA",07:41,2,1,3,0,0,0,0,2,1,3,0,0,1,0,0,1,0,1,-7.0
2024,50,1,P007853   ,0.0,1.0,OLY,77,"MCKISSIC, SHAQUIELLE",24:50,15,2,5,3,6,2,2,3,6,9,2,2,2,0,1,1,3,21,15.0
2024,50,1,P013380   ,1.0,1.0,OLY,94,"FOURNIER, EVAN",28:43,10,2,6,2,9,0,0,3,2,5,2,1,2,0,0,1,4,8,1.0
2024,50,1,Team,0.0,0.0,OLY,,Team,,0,0,0,0,0,0,0,1,0,1,0,0,0,0,0,0,0,1,
2024,50,1,Total,,,OLY,,Total,200:00,79,19,41,11,31,8,11,15,28,43,24,6,10,2,2,21,15,91,
2024,50,0,P003733   ,0.0,0.0,MAD,6,"ABALDE, ALBERTO",13:24,5,1,3,1,3,0,0,0,4,4,2,0,1,0,0,1,0,5,-5.0
2024,50,0,P005928   ,1.0,1.0,MAD,7,"CAMPAZZO, FACUNDO",23:10,7,0,1,1,4,4,5,0,4,4,10,0,4,0,1,4,3,10,-2.0
2024,50,0,P013378   ,0.0,0.0,MAD,8,"RATHAN-MAYES, XAVIER",DNP,0,0,0,0,0,0,0,0,0,0,0,0,0,0,0,0,0,0,0.0
2024,50,0,P011649   ,0.0,0.0,MAD,9,"GONZALEZ, HUGO",DNP,0,0,0,0,0,0,0,0,0,0,0,0,0,0,0,0,0,0,0.0
2024,50,0,P003108   ,1.0,1.0,MAD,11,"HEZONJA, MARIO",35:52,15,2,6,3,8,2,2,1,4,5,4,1,1,1,0,1,2,17,-11.0
2024,50,0,P006540   ,1.0,0.0,MAD,13,"MUSA, DZANAN",25:18,4,0,1,1,4,1,2,0,0,0,2,0,0,1,0,1,2,3,-4.0
2024,50,0,P009005   ,1.0,1.0,MAD,14,"DECK, GABRIEL",32:39,12,6,10,0,2,0,0,1,1,2,1,2,2,0,1,2,2,8,1.0
2024,50,0,P012168   ,0.0,0.0,MAD,15,"GUEYE, SIDI",DNP,0,0,0,0,0,0,0,0,0,0,0,0,0,0,0,0,0,0,0.0
2024,50,0,P003583   ,1.0,0.0,MAD,18,"IBAKA, SERGE",08:14,8,1,1,2,4,0,0,0,4,4,0,0,2,0,0,1,0,7,-10.0
2024,50,0,P005791   ,0.0,1.0,MAD,22,"TAVARES, WALTER",31:46,6,1,1,0,0,4,6,0,6,6,0,2,3,0,0,2,8,15,0.0
2024,50,0,PTGB      ,0.0,1.0,MAD,23,"LLULL, SERGIO",17:18,7,0,0,2,4,1,2,1,1,2,2,0,0,0,0,2,4,10,-7.0
2024,50,0,P009213   ,0.0,0.0,MAD,30,"NDIAYE, ELI",12:19,5,1,1,1,2,0,0,0,1,1,1,0,0,0,0,1,0,5,-12.0
2024,50,0,Team,0.0,0.0,MAD,,Team,,0,0,0,0,0,0,0,1,2,3,0,0,0,0,0,0,0,3,
2024,50,0,Total,,,MAD,,Total,200:00,69,12,24,11,31,12,17,4,27,31,22,5,13,2,2,15,21,83,
2024,51,1,P011209   ,0.0,1.0,PAN,0,"KALAITZAKIS, PANAGIOTIS",07:44,2,0,1,0,2,2,2,0,0,0,1,2,0,0,0,1,2,3,0.0
2024,51,1,P009622   ,0.0,0.0,PAN,2,"BROWN, LORENZO",18:54,17,4,4,3,4,0,0,2,1,3,3,1,2,0,0,1,1,21,11.0
2024,51,1,P001926   ,0.0,0.0,PAN,10,"SLOUKAS, KOSTAS",12:18,9,1,3,2,4,1,2,0,1,1,3,0,1,0,0,1,1,7,6.0
2024,51,1,P004088   ,1.0,1.0,PAN,16,"OSMAN, CEDI",23:50,5,1,4,1,2,0,0,0,5,5,1,0,1,0,0,3,1,4,17.0
2024,51,1,P005161   ,0.0,0.0,PAN,21,"PAPAPETROU, IOANNIS",17:28,1,0,1,0,0,1,2,0,3,3,1,2,0,0,0,0,1,6,10.0
2024,51,1,P011204   ,1.0,1.0,PAN,22,"GRANT, JERIAN",21:41,2,1,1,0,2,0,0,0,2,2,7,0,1,0,0,2,0,6,13.0
2024,51,1,P012774   ,1.0,0.0,PAN,25,"NUNN, KENDRICK",18:05,14,4,5,2,5,0,1,0,3,3,2,1,5,0,0,1,3,12,15.0
2024,51,1,P003842   ,0.0,0.0,PAN,26,"LESSORT, MATHIAS",18:52,9,4,5,0,0,1,2,2,2,4,0,0,2,0,0,2,4,11,7.0
2024,51,1,P011221   ,0.0,1.0,PAN,37,"ANTETOKOUNMPO, KOSTAS",04:39,3,1,1,0,0,1,2,0,0,0,0,0,0,1,0,0,1,4,0.0
2024,51,1,P012712   ,1.0,0.0,PAN,41,"HERNANGOMEZ, JUANCHO",16:55,13,5,5,1,1,0,0,0,5,5,4,1,0,0,0,1,2,24,17.0
2024,51,1,P007866   ,0.0,1.0,PAN,44,"MITOGLOU, KONSTANTINOS",21:10,7,3,6,0,0,1,4,6,1,7,0,1,0,0,0,1,3,11,8.0
2024,51,1,P005353   ,1.0,0.0,PAN,77,"YURTSEVEN, OMER",18:24,10,4,6,0,0,2,3,1,1,2,0,0,3,2,0,1,2,9,16.0
2024,51,1,Team,0.0,0.0,PAN,,Team,,0,0,0,0,0,0,0,1,4,5,0,0,0,0,0,0,0,5,
2024,51,1,Total,,,PAN,,Total,200:00,92,28,42,9,20,9,18,12,28,40,22,8,15,3,0,14,21,123,
2024,51,0,P013371   ,1.0,0.0,ASV,1,"HARRISON, SHAQUILLE",25:20,12,6,7,0,2,0,0,0,1,1,4,3,2,0,0,2,0,13,-16.0
2024,51,0,P013372   ,0.0,0.0,ASV,2,"SCHOFIELD, ADMIRAL",17:49,6,0,0,2,4,0,0,0,3,3,0,0,0,0,0,3,1,5,-2.0
2024,51,0,PKIR      ,0.0,1.0,ASV,5,"KAHUDI, CHARLES",13:58,3,0,0,1,2,0,0,0,1,1,0,0,1,0,0,1,0,1,-7.0
2024,51,0,P007027   ,1.0,0.0,ASV,6,"MALEDON, THEO",21:07,1,0,4,0,1,1,2,0,2,2,5,0,3,0,0,3,3,-1,-25.0
2024,51,0,P010316   ,0.0,1.0,ASV,8,"AJINCA, MELVIN",20:28,6,0,1,2,8,0,0,1,4,5,1,1,0,0,1,2,0,3,-3.0
2024,51,0,P000229   ,0.0,1.0,ASV,11,"JACKSON, EDWIN",16:51,13,4,4,1,4,2,2,0,1,1,0,0,0,0,0,1,3,13,-8.0
2024,51,0,P002100   ,0.0,0.0,ASV,12,"DE COLO, NANDO",14:19,0,0,1,0,2,0,0,1,0,1,5,1,3,0,1,1,3,2,0.0
2024,51,0,P010545   ,1.0,0.0,ASV,13,"SAKO, NEAL",19:12,12,6,8,0,0,0,1,1,3,4,0,1,1,0,1,1,1,12,-18.0
2024,51,0,P003526   ,1.0,1.0,ASV,23,"LIGHTY, DAVID",17:52,7,1,1,1,2,2,2,0,0,0,2,0,0,0,0,2,1,7,-14.0
2024,51,0,P012731   ,1.0,0.0,ASV,24,"NDIAYE, MBAYE",17:37,4,2,3,0,2,0,2,0,0,0,2,0,1,0,0,1,2,1,-18.0
2024,51,0,P008991   ,0.0,0.0,ASV,28,"BLACK, TARIK",12:59,4,2,2,0,0,0,0,0,1,1,1,0,2,0,0,5,0,-1,-7.0
2024,51,0,P013377   ,0.0,1.0,ASV,34,"PAUL, MBIYA",02:28,0,0,0,0,0,0,0,0,0,0,0,0,0,0,0,0,0,0,-2.0
2024,51,0,Team,0.0,0.0,ASV,,Team,,0,0,0,0,0,0,0,2,0,2,0,0,1,0,0,0,0,1,
2024,51,0,Total,,,ASV,,Total,200:00,68,21,31,7,27,5,9,5,16,21,20,6,14,0,3,22,14,56,
2024,52,1,P011948   ,0.0,0.0,BAS,0,"HOWARD, MARKUS",29:48,9,0,2,3,7,0,0,1,0,1,2,0,1,0,0,0,1,6,7.0
2024,52,1,P010784   ,1.0,0.0,BAS,6,"SAVKOV, PAVEL",09:52,0,0,2,0,2,0,0,0,1,1,0,0,1,0,0,2,0,-6,-4.0
2024,52,1,P012080   ,1.0,1.0,BAS,9,"LUWAWU-CABARROT, TIMOTHE",28:57,16,2,8,2,5,6,6,0,3,3,1,0,1,0,0,3,5,12,6.0
2024,52,1,P004058   ,0.0,0.0,BAS,10,"JARAMAZ, OGNJEN",DNP,0,0,0,0,0,0,0,0,0,0,0,0,0,0,0,0,0,0,0.0
2024,52,1,P013367   ,1.0,1.0,BAS,11,"FORREST, TRENT",24:56,22,5,10,3,3,3,4,1,4,5,3,0,2,0,1,3,2,20,-5.0
2024,52,1,P011085   ,0.0,1.0,BAS,17,"ROGKAVOPOULOS, NIKOLAOS",11:27,5,0,2,1,1,2,2,2,1,3,0,0,0,0,0,2,1,5,1.0
2024,52,1,P008072   ,0.0,0.0,BAS,18,"DIOP, KHALIFA",25:30,9,3,3,0,0,3,5,7,4,11,2,0,1,1,0,3,4,21,7.0
2024,52,1,P012365   ,0.0,0.0,BAS,33,"HRABAR, VIT",DNP,0,0,0,0,0,0,0,0,0,0,0,0,0,0,0,0,0,0,0.0
2024,52,1,P012597   ,0.0,0.0,BAS,44,"BALDWIN, KAMAR",15:04,10,2,6,2,3,0,0,0,3,3,7,2,0,0,1,2,0,14,10.0
2024,52,1,P011196   ,1.0,1.0,BAS,45,"HALL, DONTA",14:02,4,2,3,0,0,0,0,0,4,4,1,0,1,1,0,3,2,7,-2.0
2024,52,1,P012058   ,0.0,0.0,BAS,46,"NDIAYE, OUSMANE",15:53,2,1,3,0,2,0,0,3,2,5,0,0,0,1,0,2,0,2,8.0
2024,52,1,P012201   ,1.0,1.0,BAS,95,"MONEKE, CHIMA",24:31,11,2,5,1,3,4,5,1,1,2,1,0,0,0,1,2,4,9,-3.0
2024,52,1,Team,0.0,0.0,BAS,,Team,,0,0,0,0,0,0,0,3,3,6,0,0,0,0,0,0,0,6,
2024,52,1,Total,,,BAS,,Total,200:00,88,17,44,12,26,18,22,18,26,44,17,2,7,3,3,22,19,96,
2024,52,0,P006085   ,0.0,1.0,MIL,1,"DIMITRIJEVIC, NENO",17:56,15,3,8,2,6,3,4,1,1,2,2,0,2,0,0,2,2,7,1.0
2024,52,0,P006701   ,0.0,0.0,MIL,3,"BORTOLANI, GIORDANO",DNP,0,0,0,0,0,0,0,0,0,0,0,0,0,0,0,0,0,0,0.0
2024,52,0,P001392   ,0.0,0.0,MIL,5,"CAUSEUR, FABIEN",21:36,3,0,1,1,2,0,0,0,2,2,1,0,0,0,0,1,1,4,7.0
2024,52,0,P006509   ,1.0,0.0,MIL,7,"TONUT, STEFANO",16:27,0,0,0,0,1,0,0,0,0,0,0,0,1,0,0,1,0,-3,-9.0
2024,52,0,P008985   ,1.0,1.0,MIL,10,"BOLMARO, LEANDRO",28:58,4,2,7,0,1,0,0,0,2,2,8,1,0,0,1,1,4,11,-6.0
2024,52,0,P013384   ,1.0,1.0,MIL,12,"BROOKS, ARMONI",28:46,17,2,5,4,9,1,1,1,1,2,2,1,0,0,0,3,2,13,3.0
2024,52,0,P008987   ,0.0,0.0,MIL,16,"LEDAY, ZACH",16:59,5,1,2,0,1,3,3,0,4,4,0,0,3,0,1,2,4,5,-3.0
2024,52,0,P001518   ,0.0,0.0,MIL,17,"RICCI, GIAMPAOLO",10:01,3,0,0,1,1,0,0,0,0,0,0,0,0,0,0,1,0,2,-12.0
2024,52,0,P005670   ,0.0,0.0,MIL,21,"FLACCADORI, DIEGO",DNP,0,0,0,0,0,0,0,0,0,0,0,0,0,0,0,0,0,0,0.0
2024,52,0,P006721   ,0.0,0.0,MIL,30,"CARUSO, GUGLIELMO",12:17,7,3,3,0,0,1,1,1,1,2,0,0,0,1,0,4,1,7,3.0
2024,52,0,P011199   ,1.0,1.0,MIL,32,"NEBO, JOSH",20:33,8,3,4,0,0,2,4,3,3,6,2,0,1,2,0,3,4,15,-11.0
2024,52,0,P000796   ,1.0,1.0,MIL,33,"MIROTIC, NIKOLA",26:27,21,1,7,6,9,1,2,0,6,6,1,0,0,0,1,1,4,20,2.0
2024,52,0,Team,0.0,0.0,MIL,,Team,,0,0,0,0,0,0,0,5,4,9,0,0,0,0,0,0,0,9,
2024,52,0,Total,,,MIL,,Total,200:00,83,15,37,14,30,11,15,11,24,35,16,2,7,3,3,19,22,90,
2024,53,1,P007870   ,0.0,0.0,PAR,0,"DAVIES, BRANDON",18:08,4,2,3,0,0,0,2,1,4,5,2,1,2,0,1,0,4,10,-9.0
2024,53,1,P010781   ,1.0,1.0,PAR,1,"LUNDBERG, IFFE",27:02,15,1,3,4,8,1,2,0,1,1,3,2,1,0,1,2,1,11,4.0
2024,53,1,P013369   ,0.0,1.0,PAR,2,"JONES, CARLIK",23:24,15,5,7,1,2,2,2,0,2,2,4,0,1,0,2,3,5,17,-15.0
2024,53,1,P013370   ,0.0,0.0,PAR,4,"WASHINGTON, DUANE",05:26,0,0,1,0,0,0,0,0,0,0,0,0,0,0,0,0,0,-1,-2.0
2024,53,1,P011050   ,0.0,0.0,PAR,5,"KOPRIVICA, BALSA",DNP,0,0,0,0,0,0,0,0,0,0,0,0,0,0,0,0,0,0,0.0
2024,53,1,P007632   ,0.0,0.0,PAR,7,"NAKIC, MARIO",11:29,8,1,1,2,2,0,0,0,2,2,0,0,0,0,0,3,2,9,-1.0
2024,53,1,P004761   ,0.0,1.0,PAR,9,"MARINKOVIC, VANJA",22:52,1,0,2,0,3,1,2,0,1,1,0,0,0,0,0,2,1,-5,4.0
2024,53,1,P008232   ,1.0,0.0,PAR,11,"POKUSEVSKI, ALEKSEJ",09:13,5,1,2,1,3,0,0,1,2,3,1,0,1,0,0,3,0,2,-4.0
2024,53,1,P012720   ,1.0,0.0,PAR,12,"BROWN, STERLING",20:07,7,1,4,1,2,2,2,1,0,1,1,0,1,1,0,4,2,3,-5.0
2024,53,1,P006760   ,1.0,1.0,PAR,17,"BONGA, ISAAC",33:52,11,2,2,2,4,1,1,2,8,10,3,0,0,1,0,3,2,22,4.0
2024,53,1,P011836   ,0.0,0.0,PAR,24,"MIKE, ISIAHA",06:35,0,0,0,0,3,0,0,0,1,1,1,0,0,0,0,1,0,-2,-5.0
2024,53,1,P011981   ,1.0,1.0,PAR,88,"JONES, TYRIQUE",21:52,8,3,8,0,0,2,2,4,6,10,0,0,3,0,1,3,3,9,4.0
2024,53,1,Team,0.0,0.0,PAR,,Team,,0,0,0,0,0,0,0,0,1,1,0,0,2,0,0,0,0,-1,
2024,53,1,Total,,,PAR,,Total,200:00,74,16,33,11,27,9,13,9,28,37,15,3,11,2,5,24,20,74,
2024,53,0,P011212   ,0.0,0.0,MCO,0,"OKOBO, ELIE",24:55,15,3,6,0,5,9,9,0,4,4,3,1,1,0,1,3,7,17,13.0
2024,53,0,P011231   ,1.0,1.0,MCO,4,"BLOSSOMGAME, JARON",17:39,5,1,2,1,2,0,0,2,0,2,0,0,0,0,0,1,2,6,-5.0
2024,53,0,P009754   ,1.0,1.0,MCO,8,"LOYD, JORDAN",19:03,8,1,2,1,3,3,4,0,5,5,1,3,2,0,0,2,2,11,-2.0
2024,53,0,P005844   ,0.0,1.0,MCO,9,"PAPAGIANNIS, GEORGIOS",24:13,5,2,3,0,0,1,2,3,2,5,1,0,0,4,0,1,2,14,5.0
2024,53,0,P011226   ,0.0,1.0,MCO,11,"DIALLO, ALPHA",29:48,18,7,10,1,4,1,2,1,5,6,1,3,0,0,0,3,3,21,11.0
2024,53,0,P002581   ,1.0,0.0,MCO,14,"JAITEH, MAM",11:48,0,0,0,0,0,0,0,1,0,1,1,0,0,0,0,1,0,1,-7.0
2024,53,0,PLCZ      ,1.0,0.0,MCO,20,"MOTIEJUNAS, DONATAS",15:46,5,1,1,1,2,0,2,0,2,2,1,0,0,0,0,2,3,6,1.0
2024,53,0,P012515   ,0.0,0.0,MCO,22,"TARPEY, TERRY",DNP,0,0,0,0,0,0,0,0,0,0,0,0,0,0,0,0,0,0,0.0
2024,53,0,P008161   ,0.0,0.0,MCO,23,"BEGARIN, JUHANN",DNP,0,0,0,0,0,0,0,0,0,0,0,0,0,0,0,0,0,0,0.0
2024,53,0,P013365   ,0.0,0.0,MCO,30,"BROWN, VITTO",16:48,3,0,1,1,3,0,0,0,1,1,2,0,0,0,0,1,0,2,4.0
2024,53,0,P008099   ,0.0,0.0,MCO,32,"STRAZEL, MATTHEW",13:43,5,1,1,1,3,0,0,0,1,1,1,0,0,0,0,4,0,1,10.0
2024,53,0,P005985   ,1.0,1.0,MCO,55,"JAMES, MIKE",26:17,15,5,9,0,5,5,7,0,2,2,4,0,2,1,1,2,4,10,-5.0
2024,53,0,Team,0.0,0.0,MCO,,Team,,0,0,0,0,0,0,0,0,4,4,0,0,1,0,0,0,0,3,
2024,53,0,Total,,,MCO,,Total,200:00,79,21,35,6,27,19,26,7,26,33,15,7,6,5,2,20,23,92,
2024,54,1,P009549   ,1.0,1.0,VIR,0,"CORDINIER, ISAIA",32:21,18,8,10,0,3,2,2,1,1,2,5,1,1,0,0,3,3,20,11.0
2024,54,1,PBCN      ,0.0,1.0,VIR,3,"BELINELLI, MARCO",14:06,0,0,0,0,1,0,0,0,1,1,0,1,1,0,0,2,1,-1,6.0
2024,54,1,P004888   ,1.0,1.0,VIR,8,"CLYBURN, WILL",30:42,6,2,3,0,3,2,2,1,2,3,3,1,1,0,0,1,2,9,-1.0
2024,54,1,P006273   ,0.0,0.0,VIR,9,"VISCONTI, RICCARDO",DNP,0,0,0,0,0,0,0,0,0,0,0,0,0,0,0,0,0,0,0.0
2024,54,1,P001133   ,1.0,1.0,VIR,21,"SHENGELIA, TORNIKE",31:41,21,4,11,3,6,4,4,0,4,4,2,2,3,0,0,3,4,17,-12.0
2024,54,1,P001844   ,0.0,0.0,VIR,23,"HACKETT, DANIEL",11:59,0,0,2,0,1,0,0,0,1,1,0,0,1,0,0,2,2,-3,-2.0
2024,54,1,P005738   ,0.0,0.0,VIR,24,"GRAZULIS, ANDREJS",03:46,0,0,0,0,0,0,0,0,0,0,0,0,0,0,0,2,0,-2,1.0
2024,54,1,P012585   ,1.0,1.0,VIR,30,"MORGAN, MATTHEW",31:25,17,2,2,3,6,4,4,0,4,4,2,0,3,0,0,1,3,19,-4.0
2024,54,1,P002084   ,0.0,0.0,VIR,33,"POLONARA, ACHILLE",20:45,13,2,6,2,3,3,3,3,1,4,1,0,0,1,1,2,4,15,3.0
2024,54,1,P013374   ,1.0,0.0,VIR,35,"DIOUF, MOUHAMET",19:00,7,3,7,0,0,1,1,3,2,5,0,0,0,0,0,3,2,7,-6.0
2024,54,1,P011816   ,0.0,0.0,VIR,45,"AKELE, NICOLA",DNP,0,0,0,0,0,0,0,0,0,0,0,0,0,0,0,0,0,0,0.0
2024,54,1,P012591   ,0.0,0.0,VIR,59,"TUCKER, RAYJON",04:15,2,0,0,0,0,2,2,0,0,0,0,0,0,0,0,0,1,3,-11.0
2024,54,1,Team,0.0,0.0,VIR,,Team,,0,0,0,0,0,0,0,1,3,4,0,0,0,0,0,0,0,4,
2024,54,1,Total,,,VIR,,Total,200:00,84,21,41,8,23,18,18,9,19,28,13,5,10,1,1,19,22,88,
2024,54,0,P010391   ,1.0,1.0,MUN,0,"WEILER-BABB, NICK",35:31,14,1,1,4,8,0,0,2,5,7,3,4,1,0,0,1,0,22,2.0
2024,54,0,P011244   ,0.0,0.0,MUN,1,"DA SILVA, OSCAR",16:15,2,1,3,0,1,0,0,3,4,7,0,0,1,0,0,3,1,3,4.0
2024,54,0,P011987   ,1.0,0.0,MUN,3,"EDWARDS, CARSEN",30:04,26,7,9,3,6,3,3,1,1,2,2,1,4,0,1,4,4,21,-6.0
2024,54,0,P007201   ,1.0,1.0,MUN,7,"VOIGTMANN, JOHANNES",19:57,3,1,2,0,3,1,2,2,3,5,0,0,0,0,0,3,1,1,-6.0
2024,54,0,P011224   ,0.0,1.0,MUN,8,"NAPIER, SHABAZZ",32:15,16,3,3,1,7,7,7,2,3,5,7,1,2,0,0,2,7,26,17.0
2024,54,0,P012123   ,0.0,0.0,MUN,10,"KHARCHENKOV, IVAN",08:17,0,0,1,0,1,0,0,0,0,0,0,0,1,0,0,2,0,-5,4.0
2024,54,0,P004508   ,1.0,0.0,MUN,13,"OBST, ANDREAS",13:50,2,1,1,0,3,0,0,0,1,1,0,0,2,0,0,5,0,-7,-8.0
2024,54,0,P005460   ,0.0,1.0,MUN,20,"HARRIS, ELIAS",18:33,12,3,4,0,0,6,6,0,2,2,0,0,0,0,0,1,4,16,6.0
2024,54,0,P007639   ,0.0,0.0,MUN,22,"BRANKOVIC, DANKO",DNP,0,0,0,0,0,0,0,0,0,0,0,0,0,0,0,0,0,0,0.0
2024,54,0,P007056   ,1.0,1.0,MUN,31,"BOOKER, DEVIN",25:18,12,5,9,0,0,2,2,1,4,5,1,1,0,1,0,1,2,17,2.0
2024,54,0,P011052   ,0.0,0.0,MUN,41,"MADAR, YAM",DNP,0,0,0,0,0,0,0,0,0,0,0,0,0,0,0,0,0,0,0.0
2024,54,0,P013368   ,0.0,0.0,MUN,53,"YEBO, KEVIN",DNP,0,0,0,0,0,0,0,0,0,0,0,0,0,0,0,0,0,0,0.0
2024,54,0,Team,0.0,0.0,MUN,,Team,,0,0,0,0,0,0,0,0,1,1,0,0,1,0,0,0,0,0,
2024,54,0,Total,,,MUN,,Total,200:00,87,22,33,8,29,19,20,11,24,35,13,7,12,1,1,22,19,94,
2024,55,1,P008384   ,1.0,1.0,BER,1,"PROCIDA, GABRIELE",22:59,10,2,4,2,5,0,0,1,2,3,0,0,2,2,0,4,1,5,-13.0
2024,55,1,P008062   ,0.0,0.0,BER,7,"MCDOWELL-WHITE, WILL",18:38,5,0,0,1,2,2,2,0,2,2,1,0,1,0,0,1,1,6,-15.0
2024,55,1,P012100   ,0.0,1.0,BER,8,"NUFER, ANTON",01:33,1,0,0,0,0,1,2,0,0,0,0,0,0,0,0,0,0,0,1.0
2024,55,1,P006251   ,0.0,1.0,BER,10,"SCHNEIDER, TIM",23:51,0,0,3,0,1,0,0,0,1,1,0,0,0,0,1,2,1,-5,-14.0
2024,55,1,P008780   ,1.0,0.0,BER,15,"HERMANNSSON, MARTIN",24:59,24,5,7,3,6,5,6,0,1,1,2,0,5,0,1,1,5,19,-8.0
2024,55,1,P007550   ,0.0,1.0,BER,18,"SAMAR, ZIGA",14:45,2,1,1,0,0,0,0,0,0,0,4,1,2,0,0,4,1,2,-2.0
2024,55,1,P006919   ,1.0,1.0,BER,19,"OLINDE, LOUIS",24:40,5,2,4,0,1,1,2,2,5,7,1,1,0,0,1,3,4,10,-1.0
2024,55,1,P011626   ,0.0,0.0,BER,22,"DOERRIES, AMON",DNP,0,0,0,0,0,0,0,0,0,0,0,0,0,0,0,0,0,0,0.0
2024,55,1,P011631   ,0.0,0.0,BER,25,"RAPIEQUE, ELIAS",16:14,4,2,3,0,2,0,0,1,1,2,1,1,1,0,0,4,2,2,-13.0
2024,55,1,P012721   ,1.0,0.0,BER,34,"BEAN, JUSTIN",25:36,3,0,3,1,2,0,0,1,4,5,2,0,1,1,0,3,2,5,1.0
2024,55,1,P012604   ,1.0,0.0,BER,50,"WILLIAMS, TREVION",26:45,16,6,11,1,3,1,3,3,5,8,2,0,6,0,0,4,3,10,-16.0
2024,55,1,Team,0.0,0.0,BER,,Team,,0,0,0,0,0,0,0,0,0,0,0,0,1,0,0,0,0,-1,
2024,55,1,Total,,,BER,,Total,200:00,70,18,36,8,22,10,15,8,21,29,13,3,19,3,3,26,20,53,
2024,55,0,P006590   ,0.0,0.0,IST,1,"BEAUBOIS, RODRIGUE",18:31,14,1,1,4,6,0,0,0,2,2,1,0,1,0,0,2,0,12,4.0
2024,55,0,P013363   ,1.0,0.0,IST,3,"NWORA, JORDAN",23:14,16,3,6,2,3,4,4,1,3,4,1,1,0,0,0,1,4,21,9.0
2024,55,0,P009846   ,1.0,0.0,IST,6,"BRYANT, ELIJAH",19:56,10,3,6,1,2,1,1,0,6,6,3,3,2,0,1,0,3,18,13.0
2024,55,0,P007109   ,0.0,1.0,IST,11,"SMITS, ROLANDS",20:52,6,2,2,0,1,2,2,0,1,1,1,1,3,0,0,3,1,3,-2.0
2024,55,0,P011078   ,1.0,0.0,IST,13,"THOMPSON, DARIUS",18:47,9,3,3,0,0,3,3,1,0,1,8,3,0,0,0,0,2,23,11.0
2024,55,0,P013364   ,0.0,1.0,IST,14,"JOHNSON, STANLEY",05:07,0,0,0,0,1,0,0,0,0,0,1,1,0,0,0,1,0,0,-1.0
2024,55,0,P004887   ,1.0,0.0,IST,17,"POIRIER, VINCENT",16:54,3,1,3,0,0,1,2,0,3,3,0,0,2,3,0,3,2,3,5.0
2024,55,0,P006640   ,0.0,1.0,IST,18,"OZDEMIROGLU, DOGUS",15:44,10,2,2,1,4,3,5,1,1,2,2,0,0,0,0,3,5,11,9.0
2024,55,0,P009513   ,0.0,1.0,IST,21,"HOLLATZ, JUSTUS",07:02,0,0,0,0,0,0,0,0,1,1,3,0,1,0,0,1,0,2,-5.0
2024,55,0,P012710   ,1.0,0.0,IST,24,"OSMANI, ERCAN",17:22,2,1,2,0,0,0,0,1,2,3,1,0,3,0,0,2,1,1,15.0
2024,55,0,P012788   ,0.0,0.0,IST,25,"OTURU, DAN",19:45,16,7,10,0,0,2,4,1,3,4,0,2,3,0,2,3,4,13,15.0
2024,55,0,P009664   ,0.0,1.0,IST,35,"WILLIS, DEREK",16:46,0,0,3,0,2,0,0,0,3,3,1,2,0,0,0,1,3,3,7.0
2024,55,0,Team,0.0,0.0,IST,,Team,,0,0,0,0,0,0,0,2,0,2,0,0,0,0,0,0,0,2,
2024,55,0,Total,,,IST,,Total,200:00,86,23,38,8,19,16,21,7,25,32,22,13,15,3,3,20,25,112,
2024,56,1,P008855   ,1.0,0.0,OLY,0,"WALKUP, THOMAS",21:17,8,1,3,2,5,0,0,1,2,3,7,1,2,0,0,2,3,13,24.0
2024,56,1,P007982   ,0.0,0.0,OLY,1,"WILLIAMS-GOSS, NIGEL",13:09,2,0,1,0,2,2,2,1,1,2,0,0,2,0,0,2,2,-1,-1.0
2024,56,1,P012878   ,0.0,0.0,OLY,2,"WRIGHT, MOSES",08:07,4,2,2,0,0,0,0,1,2,3,0,2,1,0,0,0,0,8,8.0
2024,56,1,P007947   ,0.0,1.0,OLY,8,"VILDOZA, LUCA",14:02,0,0,1,0,0,0,0,1,2,3,1,1,0,0,0,1,0,3,2.0
2024,56,1,P008811   ,0.0,0.0,OLY,10,"FALL, MOUSTAPHA",09:48,2,1,2,0,0,0,1,1,0,1,2,0,0,0,0,4,1,0,7.0
2024,56,1,P003469   ,1.0,0.0,OLY,14,"VEZENKOV, SASHA",24:10,18,4,6,1,1,7,7,2,3,5,3,0,1,0,0,1,5,27,15.0
2024,56,1,P001255   ,1.0,0.0,OLY,16,"PAPANIKOLAOU, KOSTAS",17:20,3,0,1,1,2,0,0,0,2,2,0,0,0,0,0,1,1,3,7.0
2024,56,1,P009849   ,0.0,1.0,OLY,22,"DORSEY, TYLER",19:32,12,1,2,3,7,1,2,0,1,1,4,2,1,0,1,1,2,12,12.0
2024,56,1,P008829   ,0.0,1.0,OLY,25,"PETERS, ALEC",20:00,5,0,0,1,4,2,2,1,1,2,1,0,0,0,0,2,1,4,10.0
2024,56,1,P003941   ,1.0,1.0,OLY,33,"MILUTINOV, NIKOLA",22:05,12,5,9,0,0,2,2,6,2,8,0,0,1,1,0,2,2,16,6.0
2024,56,1,P007853   ,0.0,0.0,OLY,77,"MCKISSIC, SHAQUIELLE",14:30,10,3,3,0,3,4,9,0,3,3,1,0,0,0,0,0,5,11,10.0
2024,56,1,P013380   ,1.0,1.0,OLY,94,"FOURNIER, EVAN",16:00,19,3,3,3,6,4,4,1,2,3,2,0,3,0,0,3,2,17,5.0
2024,56,1,Team,0.0,0.0,OLY,,Team,,0,0,0,0,0,0,0,1,3,4,0,0,3,0,0,0,0,1,
2024,56,1,Total,,,OLY,,Total,200:00,95,20,33,11,30,22,29,16,24,40,21,6,14,1,1,19,24,114,
2024,56,0,P009862   ,1.0,1.0,BAR,0,"PUNTER, KEVIN",24:55,18,4,7,1,3,7,7,0,1,1,2,1,1,0,0,4,7,19,-6.0
2024,56,0,P012795   ,0.0,0.0,BAR,1,"ANDERSON, JUSTIN",10:17,5,2,2,0,1,1,1,0,0,0,0,0,0,1,0,2,2,5,-8.0
2024,56,0,P011666   ,0.0,1.0,BAR,2,"SARR, DAME",08:20,2,1,2,0,1,0,0,1,0,1,0,1,1,0,0,2,0,-1,-7.0
2024,56,0,P000925   ,0.0,1.0,BAR,6,"VESELY, JAN",19:58,6,3,7,0,0,0,0,0,1,1,3,1,2,0,0,1,0,4,-9.0
2024,56,0,P009992   ,0.0,0.0,BAR,8,"BRIZUELA, DARIO",13:39,4,2,4,0,1,0,0,0,1,1,1,0,0,0,0,3,1,1,-16.0
2024,56,0,P013379   ,0.0,1.0,BAR,10,"METU, CHIMEZIE",21:47,12,3,5,2,3,0,0,2,5,7,1,0,2,0,0,2,0,13,-12.0
2024,56,0,P002939   ,0.0,0.0,BAR,13,"SATORANSKY, TOMAS",18:51,4,1,2,0,1,2,3,0,1,1,4,2,0,0,0,0,3,11,-14.0
2024,56,0,P003196   ,0.0,0.0,BAR,14,"HERNANGOMEZ, WILLY",14:20,11,5,6,0,0,1,2,2,2,4,0,0,0,0,1,2,1,11,-10.0
2024,56,0,P010106   ,1.0,1.0,BAR,17,"NUNEZ, JUAN",21:09,3,1,3,0,1,1,2,0,2,2,3,0,3,0,0,2,4,3,-7.0
2024,56,0,P006568   ,1.0,0.0,BAR,19,"FALL, YOUSSOUPHA",05:42,0,0,0,0,0,0,0,0,0,0,0,0,1,0,0,2,0,-3,-2.0
2024,56,0,P003478   ,1.0,0.0,BAR,21,"ABRINES, ALEX",16:29,0,0,1,0,2,0,0,0,0,0,1,0,0,0,0,0,0,-2,-6.0
2024,56,0,P012745   ,1.0,0.0,BAR,22,"PARKER, JABARI",24:33,9,3,6,1,4,0,0,1,4,5,1,1,0,0,0,4,1,7,-8.0
2024,56,0,Team,0.0,0.0,BAR,,Team,,0,0,0,0,0,0,0,0,1,1,0,0,0,0,0,0,0,1,
2024,56,0,Total,,,BAR,,Total,200:00,74,25,45,4,17,12,15,6,18,24,16,6,10,1,1,24,19,69,
2024,57,1,P006085   ,0.0,0.0,MIL,1,"DIMITRIJEVIC, NENO",22:37,6,2,6,0,4,2,3,0,2,2,9,2,3,0,1,2,2,6,19.0
2024,57,1,P006701   ,0.0,0.0,MIL,3,"BORTOLANI, GIORDANO",DNP,0,0,0,0,0,0,0,0,0,0,0,0,0,0,0,0,0,0,0.0
2024,57,1,P001392   ,0.0,1.0,MIL,5,"CAUSEUR, FABIEN",26:18,18,3,4,3,5,3,4,2,4,6,3,0,1,0,0,3,3,22,17.0
2024,57,1,P006509   ,0.0,1.0,MIL,7,"TONUT, STEFANO",26:40,14,1,1,4,5,0,0,0,2,2,1,1,2,0,0,3,0,12,18.0
2024,57,1,P008985   ,1.0,1.0,MIL,10,"BOLMARO, LEANDRO",17:23,3,1,2,0,1,1,2,1,1,2,1,0,2,1,1,1,2,2,-10.0
2024,57,1,P013384   ,1.0,0.0,MIL,12,"BROOKS, ARMONI",08:52,0,0,1,0,3,0,0,0,1,1,2,1,1,0,0,2,0,-3,-10.0
2024,57,1,P008987   ,0.0,1.0,MIL,16,"LEDAY, ZACH",25:21,19,4,7,2,2,5,5,2,2,4,2,2,0,0,0,2,7,29,19.0
2024,57,1,P001518   ,1.0,1.0,MIL,17,"RICCI, GIAMPAOLO",22:49,5,1,4,1,3,0,0,1,2,3,1,0,1,0,1,4,0,-2,-3.0
2024,57,1,P005670   ,0.0,0.0,MIL,21,"FLACCADORI, DIEGO",DNP,0,0,0,0,0,0,0,0,0,0,0,0,0,0,0,0,0,0,0.0
2024,57,1,P006721   ,0.0,0.0,MIL,30,"CARUSO, GUGLIELMO",07:21,6,3,4,0,0,0,0,2,0,2,1,0,0,1,1,2,1,7,8.0
2024,57,1,P011199   ,1.0,0.0,MIL,32,"NEBO, JOSH",17:50,7,3,5,0,0,1,1,0,2,2,0,1,1,0,0,3,2,6,-10.0
2024,57,1,P000796   ,1.0,0.0,MIL,33,"MIROTIC, NIKOLA",24:49,21,4,7,2,6,7,8,6,7,13,0,0,2,0,0,2,6,28,-3.0
2024,57,1,Team,0.0,0.0,MIL,,Team,,0,0,0,0,0,0,0,1,2,3,0,0,0,0,0,0,0,3,
2024,57,1,Total,,,MIL,,Total,200:00,99,22,41,12,29,19,23,15,25,40,20,7,13,2,4,24,23,110,
2024,57,0,P009549   ,1.0,1.0,VIR,0,"CORDINIER, ISAIA",35:51,9,4,8,0,3,1,1,1,3,4,5,2,2,0,2,3,2,8,2.0
2024,57,0,PBCN      ,0.0,1.0,VIR,3,"BELINELLI, MARCO",24:12,21,1,1,5,8,4,6,0,1,1,1,1,0,0,0,1,3,21,5.0
2024,57,0,P004888   ,1.0,1.0,VIR,8,"CLYBURN, WILL",25:31,2,0,3,0,0,2,2,0,2,2,1,0,1,0,0,2,3,2,-20.0
2024,57,0,P006273   ,0.0,0.0,VIR,9,"VISCONTI, RICCARDO",DNP,0,0,0,0,0,0,0,0,0,0,0,0,0,0,0,0,0,0,0.0
2024,57,0,P001133   ,1.0,1.0,VIR,21,"SHENGELIA, TORNIKE",33:41,25,6,9,2,4,7,7,0,3,3,2,2,4,1,0,4,6,26,1.0
2024,57,0,P005738   ,0.0,0.0,VIR,24,"GRAZULIS, ANDREJS",00:30,0,0,0,0,0,0,0,0,0,0,0,0,0,0,0,0,0,0,-3.0
2024,57,0,P012585   ,0.0,1.0,VIR,30,"MORGAN, MATTHEW",21:55,11,3,4,1,3,2,3,0,0,0,10,1,2,0,0,2,2,16,1.0
2024,57,0,P002084   ,0.0,0.0,VIR,33,"POLONARA, ACHILLE",20:18,7,3,5,0,3,1,2,0,0,0,2,2,0,2,0,0,2,9,-23.0
2024,57,0,P013374   ,1.0,0.0,VIR,35,"DIOUF, MOUHAMET",16:07,4,0,1,0,0,4,4,1,4,5,1,0,1,1,0,5,3,7,9.0
2024,57,0,P004554   ,0.0,0.0,VIR,41,"ZIZIC, ANTE",04:30,2,1,1,0,0,0,0,1,1,2,0,0,0,0,0,0,1,5,-7.0
2024,57,0,P011816   ,0.0,0.0,VIR,45,"AKELE, NICOLA",00:50,0,0,0,0,0,0,0,0,0,0,0,0,0,0,0,2,0,-2,0.0
2024,57,0,P012591   ,1.0,0.0,VIR,59,"TUCKER, RAYJON",16:35,9,1,1,1,1,4,4,0,4,4,0,0,4,0,0,4,2,7,-10.0
2024,57,0,Team,0.0,0.0,VIR,,Team,,0,0,0,0,0,0,0,0,3,3,0,0,0,0,0,0,0,3,
2024,57,0,Total,,,VIR,,Total,200:00,90,19,33,9,22,25,29,3,21,24,22,8,14,4,2,23,24,102,
2024,58,1,P006835   ,1.0,1.0,TEL,1,"HOARD, JAYLEN",33:31,8,2,4,0,0,4,6,1,7,8,2,1,1,0,0,1,4,17,-5.0
2024,58,1,P013389   ,0.0,0.0,TEL,5,"LEE, SABEN",19:15,19,2,8,2,4,9,10,1,2,3,1,0,5,0,0,1,7,15,-3.0
2024,58,1,P007855   ,0.0,0.0,TEL,7,"KABA, ALPHA",DNP,0,0,0,0,0,0,0,0,0,0,0,0,0,0,0,0,0,0,0.0
2024,58,1,P004233   ,0.0,0.0,TEL,8,"MENCO, RAFI",DNP,0,0,0,0,0,0,0,0,0,0,0,0,0,0,0,0,0,0,0.0
2024,58,1,P011219   ,1.0,0.0,TEL,9,"SORKIN, ROMAN",15:50,13,2,2,3,6,0,0,0,1,1,0,0,2,0,0,5,0,4,12.0
2024,58,1,P011433   ,0.0,0.0,TEL,10,"MAYER, OMER",DNP,0,0,0,0,0,0,0,0,0,0,0,0,0,0,0,0,0,0,0.0
2024,58,1,P013381   ,1.0,0.0,TEL,11,"RAYMAN, WILLIAM",25:34,2,1,3,0,0,0,0,6,8,14,0,0,0,0,2,4,3,11,10.0
2024,58,1,P007990   ,0.0,0.0,TEL,12,"DIBARTOLOMEO, JOHN",13:12,0,0,1,0,1,0,0,1,0,1,1,0,0,0,0,3,0,-3,-9.0
2024,58,1,P011214   ,0.0,1.0,TEL,14,"RIVERO, JASIEL",24:36,10,2,6,2,3,0,0,1,4,5,0,0,0,0,1,3,2,8,-12.0
2024,58,1,P005145   ,0.0,1.0,TEL,15,"COHEN, JAKE",11:10,2,0,2,0,0,2,2,3,1,4,0,0,1,0,1,0,1,3,-3.0
2024,58,1,P013382   ,1.0,1.0,TEL,20,"RANDOLPH, LEVI",28:23,8,2,8,1,2,1,2,2,1,3,0,0,0,0,0,1,2,4,5.0
2024,58,1,P007519   ,1.0,1.0,TEL,31,"JOKUBAITIS, ROKAS",28:29,17,4,8,3,4,0,0,1,0,1,7,0,5,0,0,3,2,14,10.0
2024,58,1,Team,0.0,0.0,TEL,,Team,,0,0,0,0,0,0,0,2,1,3,0,0,0,0,0,0,0,3,
2024,58,1,Total,,,TEL,,Total,200:00,79,15,42,11,20,16,20,18,25,43,11,1,14,0,4,21,21,76,
2024,58,0,P003733   ,1.0,1.0,MAD,6,"ABALDE, ALBERTO",20:09,8,2,4,1,3,1,1,0,2,2,1,0,0,0,0,2,1,6,-6.0
2024,58,0,P005928   ,1.0,1.0,MAD,7,"CAMPAZZO, FACUNDO",29:20,16,5,6,1,6,3,3,0,2,2,7,2,3,0,0,2,6,22,1.0
2024,58,0,P013378   ,0.0,0.0,MAD,8,"RATHAN-MAYES, XAVIER",11:37,7,3,3,0,3,1,2,0,0,0,0,0,1,0,0,2,3,3,-2.0
2024,58,0,P011649   ,0.0,0.0,MAD,9,"GONZALEZ, HUGO",07:43,0,0,1,0,0,0,0,0,1,1,0,0,0,0,0,2,0,-2,-4.0
2024,58,0,P003108   ,1.0,1.0,MAD,11,"HEZONJA, MARIO",32:32,18,5,8,2,6,2,2,2,3,5,1,2,2,0,0,1,1,17,3.0
2024,58,0,P006540   ,0.0,0.0,MAD,13,"MUSA, DZANAN",DNP,0,0,0,0,0,0,0,0,0,0,0,0,0,0,0,0,0,0,0.0
2024,58,0,P009005   ,0.0,1.0,MAD,14,"DECK, GABRIEL",30:33,7,3,5,0,2,1,1,1,3,4,2,0,0,1,0,3,1,8,4.0
2024,58,0,P012168   ,0.0,0.0,MAD,15,"GUEYE, SIDI",02:20,0,0,0,0,0,0,0,0,0,0,0,0,1,0,0,1,0,-2,-4.0
2024,58,0,P005791   ,1.0,1.0,MAD,22,"TAVARES, WALTER",33:49,11,5,6,0,0,1,1,3,4,7,0,1,2,3,0,4,5,20,8.0
2024,58,0,PTGB      ,0.0,0.0,MAD,23,"LLULL, SERGIO",18:26,9,0,0,2,7,3,3,0,2,2,2,0,0,0,0,1,2,9,4.0
2024,58,0,P009213   ,1.0,0.0,MAD,30,"NDIAYE, ELI",13:31,2,1,2,0,1,0,1,0,0,0,0,0,2,0,0,3,2,-4,-9.0
2024,58,0,Team,0.0,0.0,MAD,,Team,,0,0,0,0,0,0,0,3,2,5,0,0,0,0,0,0,0,5,
2024,58,0,Total,,,MAD,,Total,200:00,78,24,35,6,28,12,14,9,19,28,13,5,11,4,0,21,21,82,
2024,59,1,P009863   ,1.0,1.0,ULK,2,"BALDWIN IV, WADE",28:44,13,2,3,1,5,6,7,1,1,2,8,2,3,0,0,2,7,21,20.0
2024,59,1,P002849   ,0.0,1.0,ULK,4,"MELLI, NICOLO",19:35,0,0,0,0,3,0,2,0,5,5,1,1,1,1,0,3,3,2,16.0
2024,59,1,P013396   ,0.0,0.0,ULK,9,"MAYS, SKYLAR",06:53,0,0,1,0,0,0,0,0,0,0,0,0,1,0,1,1,0,-4,1.0
2024,59,1,P008962   ,1.0,1.0,ULK,11,"HAYES-DAVIS, NIGEL",29:01,24,5,7,4,7,2,3,1,2,3,0,1,2,0,2,0,5,23,9.0
2024,59,1,P006961   ,0.0,1.0,ULK,13,"BIBEROVIC, TARIK",22:44,17,1,3,5,9,0,0,1,4,5,2,1,1,0,0,2,0,16,13.0
2024,59,1,P011205   ,1.0,1.0,ULK,20,"HALL, DEVON",24:33,12,0,2,4,5,0,0,1,2,3,3,0,0,0,1,2,0,12,3.0
2024,59,1,P010560   ,0.0,0.0,ULK,21,"PIERRE, DYSHAWN",13:14,6,0,0,2,2,0,0,1,1,2,2,1,1,0,0,3,0,7,5.0
2024,59,1,P004004   ,0.0,0.0,ULK,23,"GUDURIC, MARKO",16:32,10,1,1,2,5,2,2,0,1,1,5,1,1,0,0,2,3,14,12.0
2024,59,1,P008104   ,0.0,0.0,ULK,32,"ZAGARS, ARTURS",DNP,0,0,0,0,0,0,0,0,0,0,0,0,0,0,0,0,0,0,0.0
2024,59,1,P009783   ,1.0,0.0,ULK,50,"COLSON, BONZIE",22:58,7,2,6,1,1,0,0,1,4,5,1,1,1,1,0,1,0,9,4.0
2024,59,1,PLMG      ,0.0,0.0,ULK,51,"MARJANOVIC, BOBAN",DNP,0,0,0,0,0,0,0,0,0,0,0,0,0,0,0,0,0,0,0.0
2024,59,1,P007182   ,1.0,0.0,ULK,92,"BIRCH, KHEM",15:46,0,0,1,0,0,0,0,1,3,4,2,2,2,1,0,4,1,3,2.0
2024,59,1,Team,0.0,0.0,ULK,,Team,,0,0,0,0,0,0,0,2,0,2,0,0,0,0,0,0,0,2,
2024,59,1,Total,,,ULK,,Total,200:00,89,11,24,19,37,10,14,9,23,32,24,10,13,3,4,20,19,105,
2024,59,0,P007870   ,0.0,0.0,PAR,0,"DAVIES, BRANDON",16:11,9,2,5,1,2,2,2,0,3,3,1,0,5,1,1,3,4,5,-12.0
2024,59,0,P010781   ,0.0,0.0,PAR,1,"LUNDBERG, IFFE",16:04,1,0,0,0,1,1,2,1,2,3,3,0,2,0,0,1,1,3,-14.0
2024,59,0,P013369   ,1.0,0.0,PAR,2,"JONES, CARLIK",14:51,6,2,4,0,1,2,3,0,4,4,3,0,1,0,0,3,2,7,-3.0
2024,59,0,P006591   ,1.0,1.0,PAR,3,"NTILIKINA, FRANK",21:08,14,4,5,1,4,3,3,0,1,1,3,0,1,0,0,2,2,13,-6.0
2024,59,0,P013370   ,0.0,1.0,PAR,4,"WASHINGTON, DUANE",14:23,7,2,3,1,4,0,1,0,2,2,1,0,0,0,0,1,3,7,-2.0
2024,59,0,P007632   ,0.0,0.0,PAR,7,"NAKIC, MARIO",12:18,4,2,2,0,2,0,0,2,1,3,0,1,1,0,0,1,1,5,-7.0
2024,59,0,P004761   ,0.0,0.0,PAR,9,"MARINKOVIC, VANJA",21:35,6,2,3,0,1,2,2,1,0,1,2,0,1,0,0,1,3,8,-5.0
2024,59,0,P008232   ,1.0,1.0,PAR,11,"POKUSEVSKI, ALEKSEJ",24:16,10,2,4,2,4,0,0,2,3,5,1,1,0,2,0,1,0,14,-12.0
2024,59,0,P012720   ,0.0,1.0,PAR,12,"BROWN, STERLING",11:36,4,2,3,0,0,0,0,0,1,1,0,0,2,0,0,0,0,2,-8.0
2024,59,0,P006760   ,1.0,0.0,PAR,17,"BONGA, ISAAC",16:32,2,1,2,0,1,0,0,1,0,1,1,1,0,0,1,1,0,1,-12.0
2024,59,0,P011836   ,0.0,1.0,PAR,24,"MIKE, ISIAHA",12:07,0,0,0,0,1,0,2,0,1,1,0,0,0,0,0,2,1,-3,1.0
2024,59,0,P011981   ,1.0,0.0,PAR,88,"JONES, TYRIQUE",18:59,9,4,9,0,0,1,2,3,1,4,0,1,1,1,1,3,2,6,-5.0
2024,59,0,Team,0.0,0.0,PAR,,Team,,0,0,0,0,0,0,0,2,3,5,0,0,0,0,0,0,0,5,
2024,59,0,Total,,,PAR,,Total,200:00,72,23,40,5,21,11,17,12,22,34,15,4,14,4,3,19,19,73,
2024,60,1,P007975   ,0.0,0.0,ZAL,3,"FRANCISCO, SYLVAIN",21:42,1,0,4,0,5,1,2,0,4,4,4,2,6,0,0,3,2,-6,-5.0
2024,60,1,P003210   ,0.0,0.0,ZAL,4,"LEKAVICIUS, LUKAS",DNP,0,0,0,0,0,0,0,0,0,0,0,0,0,0,0,0,0,0,0.0
2024,60,1,P011983   ,1.0,0.0,ZAL,8,"BRAZDEIKIS, IGNAS",20:34,7,2,2,1,3,0,0,2,4,6,1,2,3,0,0,1,1,11,-3.0
2024,60,1,P007513   ,1.0,1.0,ZAL,9,"GIEDRAITIS, DOVYDAS",22:03,6,3,5,0,0,0,0,0,0,0,4,1,0,0,0,2,1,8,5.0
2024,60,1,P005504   ,0.0,1.0,ZAL,15,"BIRUTIS, LAURYNAS",14:16,9,3,3,0,0,3,4,1,2,3,0,0,1,1,0,2,3,12,-3.0
2024,60,1,P011051   ,0.0,1.0,ZAL,18,"SMAILAGIC, ALEN",13:25,10,2,2,2,2,0,0,1,1,2,1,0,1,0,0,1,0,11,7.0
2024,60,1,P012622   ,1.0,1.0,ZAL,21,"MITCHELL, MATTHEW",17:18,2,1,5,0,1,0,0,1,2,3,1,0,1,0,2,0,2,0,1.0
2024,60,1,P003048   ,1.0,0.0,ZAL,42,"DUNSTON, BRYANT",12:00,2,1,2,0,0,0,0,1,3,4,0,0,0,0,0,1,0,4,-3.0
2024,60,1,P012715   ,1.0,0.0,ZAL,45,"MANEK, BRADY",17:55,8,1,2,2,6,0,0,0,2,2,1,1,0,0,0,2,1,6,5.0
2024,60,1,P002676   ,0.0,1.0,ZAL,51,"BUTKEVICIUS, ARNAS",27:11,13,2,3,3,4,0,2,2,2,4,2,1,2,0,0,3,1,12,6.0
2024,60,1,P007029   ,0.0,0.0,ZAL,91,"SIRVYDIS, DEIVIDAS",07:35,0,0,0,0,3,0,0,0,0,0,1,0,1,0,0,0,0,-3,1.0
2024,60,1,P002329   ,0.0,0.0,ZAL,92,"ULANOVAS, EDGARAS",26:01,5,1,1,1,2,0,0,0,3,3,1,0,2,0,0,3,5,8,-6.0
2024,60,1,Team,0.0,0.0,ZAL,,Team,,0,0,0,0,0,0,0,3,0,3,0,0,0,0,0,0,0,3,
2024,60,1,Total,,,ZAL,,Total,200:00,63,16,29,9,26,4,8,11,23,34,16,7,17,1,2,18,16,66,
2024,60,0,P011212   ,0.0,0.0,MCO,0,"OKOBO, ELIE",16:03,4,1,3,0,2,2,2,0,0,0,0,0,1,0,0,2,3,0,-11.0
2024,60,0,P011231   ,1.0,1.0,MCO,4,"BLOSSOMGAME, JARON",29:58,7,2,5,1,3,0,0,4,5,9,0,2,0,0,0,2,2,13,7.0
2024,60,0,P009754   ,1.0,1.0,MCO,8,"LOYD, JORDAN",26:51,18,4,5,1,5,7,7,1,3,4,4,2,1,0,0,3,4,23,8.0
2024,60,0,P005844   ,0.0,1.0,MCO,9,"PAPAGIANNIS, GEORGIOS",19:36,3,1,2,0,0,1,2,0,1,1,0,0,1,2,0,1,1,3,-3.0
2024,60,0,P011226   ,0.0,1.0,MCO,11,"DIALLO, ALPHA",22:03,6,2,3,0,1,2,4,1,0,1,2,1,2,0,0,3,4,5,11.0
2024,60,0,P002581   ,0.0,0.0,MCO,14,"JAITEH, MAM",04:02,0,0,1,0,0,0,0,0,0,0,0,0,0,0,0,1,0,-2,-5.0
2024,60,0,PLCZ      ,1.0,0.0,MCO,20,"MOTIEJUNAS, DONATAS",19:29,8,4,6,0,0,0,0,0,0,0,1,1,2,0,0,1,0,5,6.0
2024,60,0,P012515   ,0.0,0.0,MCO,22,"TARPEY, TERRY",DNP,0,0,0,0,0,0,0,0,0,0,0,0,0,0,0,0,0,0,0.0
2024,60,0,P008161   ,0.0,0.0,MCO,23,"BEGARIN, JUHANN",DNP,0,0,0,0,0,0,0,0,0,0,0,0,0,0,0,0,0,0,0.0
2024,60,0,P013365   ,1.0,0.0,MCO,30,"BROWN, VITTO",17:42,2,1,2,0,1,0,0,1,4,5,1,0,0,0,1,0,0,5,-11.0
2024,60,0,P008099   ,0.0,0.0,MCO,32,"STRAZEL, MATTHEW",13:24,2,1,2,0,3,0,0,1,1,2,0,0,3,0,0,1,1,-3,-7.0
2024,60,0,P005985   ,1.0,1.0,MCO,55,"JAMES, MIKE",30:52,12,5,8,0,4,2,2,0,3,3,4,3,1,0,0,2,3,15,0.0
2024,60,0,Team,0.0,0.0,MCO,,Team,,0,0,0,0,0,0,0,0,2,2,0,0,1,0,0,0,0,1,
2024,60,0,Total,,,MCO,,Total,200:00,62,21,37,2,19,14,17,8,19,27,12,9,12,2,1,16,18,65,
2024,61,1,P009048   ,1.0,0.0,RED,0,"MILLER-MCINTYRE, CODI",18:54,5,1,4,1,3,0,0,2,2,4,1,0,2,0,0,1,1,3,-8.0
2024,61,1,P010612   ,0.0,1.0,RED,3,"CANAAN, ISAIAH",21:05,20,1,1,6,7,0,0,1,1,2,0,1,1,0,0,3,0,18,2.0
2024,61,1,PJDR      ,0.0,1.0,RED,4,"TEODOSIC, MILOS",15:08,5,1,2,1,5,0,0,0,1,1,4,0,4,0,0,4,0,-3,5.0
2024,61,1,P002553   ,0.0,0.0,RED,9,"MITROVIC, LUKA",09:11,0,0,1,0,0,0,0,0,1,1,1,0,0,0,0,0,1,2,-4.0
2024,61,1,P004866   ,1.0,1.0,RED,12,"KALINIC, NIKOLA",27:41,13,2,2,2,4,3,3,0,2,2,1,0,4,0,0,2,2,10,-20.0
2024,61,1,P004007   ,0.0,0.0,RED,13,"DOBRIC, OGNJEN",08:14,3,0,0,1,1,0,0,0,2,2,0,1,1,0,0,2,0,3,-2.0
2024,61,1,P012786   ,1.0,0.0,RED,24,"DAUM, MIKE",11:48,3,0,2,1,1,0,0,0,1,1,0,1,0,0,1,2,0,0,4.0
2024,61,1,P011194   ,0.0,1.0,RED,30,"PETRUSEV, FILIP",12:44,7,2,2,1,3,0,0,2,4,6,2,0,1,1,0,1,0,12,-3.0
2024,61,1,P006436   ,0.0,0.0,RED,31,"GIEDRAITIS, ROKAS",13:47,2,0,1,0,0,2,2,1,0,1,1,1,0,0,0,1,1,4,6.0
2024,61,1,P006240   ,1.0,0.0,RED,33,"PLAVSIC, UROS",18:05,2,1,4,0,0,0,0,1,5,6,0,2,1,0,2,4,0,0,3.0
2024,61,1,P000848   ,1.0,1.0,RED,36,"NEDOVIC, NEMANJA",22:22,6,1,3,1,4,1,1,0,0,0,3,2,2,0,0,4,2,2,-11.0
2024,61,1,P012044   ,0.0,0.0,RED,99,"DOS SANTOS, YAGO",21:01,11,3,4,1,2,2,2,0,0,0,7,0,1,0,0,2,5,18,8.0
2024,61,1,Team,0.0,0.0,RED,,Team,,0,0,0,0,0,0,0,0,0,0,0,0,2,0,0,0,0,-2,
2024,61,1,Total,,,RED,,Total,200:00,77,12,26,15,30,8,8,7,19,26,20,8,19,1,3,26,12,67,
2024,61,0,P011209   ,0.0,0.0,PAN,0,"KALAITZAKIS, PANAGIOTIS",DNP,0,0,0,0,0,0,0,0,0,0,0,0,0,0,0,0,0,0,0.0
2024,61,0,P009622   ,1.0,1.0,PAN,2,"BROWN, LORENZO",27:41,12,3,8,0,5,6,6,2,2,4,3,2,2,1,0,1,4,13,-3.0
2024,61,0,P001926   ,0.0,0.0,PAN,10,"SLOUKAS, KOSTAS",26:13,10,1,1,2,4,2,2,0,2,2,3,1,2,0,0,2,2,12,18.0
2024,61,0,P004088   ,0.0,0.0,PAN,16,"OSMAN, CEDI",08:10,0,0,1,0,0,0,0,0,1,1,1,0,1,0,0,1,1,0,-6.0
2024,61,0,P005161   ,1.0,0.0,PAN,21,"PAPAPETROU, IOANNIS",13:44,7,3,4,0,1,1,1,1,1,2,1,1,3,0,0,1,1,6,0.0
2024,61,0,P011204   ,0.0,1.0,PAN,22,"GRANT, JERIAN",25:15,11,3,4,1,3,2,2,0,3,3,1,3,1,0,0,1,3,16,7.0
2024,61,0,P012774   ,1.0,1.0,PAN,25,"NUNN, KENDRICK",25:08,13,3,6,1,3,4,4,1,2,3,2,1,2,0,0,4,5,13,4.0
2024,61,0,P003842   ,1.0,0.0,PAN,26,"LESSORT, MATHIAS",25:48,9,4,6,0,0,1,6,4,5,9,1,2,1,2,0,2,6,19,9.0
2024,61,0,P011221   ,0.0,0.0,PAN,37,"ANTETOKOUNMPO, KOSTAS",DNP,0,0,0,0,0,0,0,0,0,0,0,0,0,0,0,0,0,0,0.0
2024,61,0,P012712   ,1.0,1.0,PAN,41,"HERNANGOMEZ, JUANCHO",33:49,12,4,6,1,4,1,4,3,1,4,1,2,0,0,0,0,3,14,-4.0
2024,61,0,P007866   ,0.0,1.0,PAN,44,"MITOGLOU, KONSTANTINOS",06:03,3,0,0,1,1,0,0,0,0,0,0,2,0,0,0,0,0,5,8.0
2024,61,0,P005353   ,0.0,0.0,PAN,77,"YURTSEVEN, OMER",08:09,4,2,3,0,0,0,0,2,1,3,0,0,3,0,1,1,1,2,-13.0
2024,61,0,Team,0.0,0.0,PAN,,Team,,0,0,0,0,0,0,0,2,3,5,0,0,0,0,0,0,0,5,
2024,61,0,Total,,,PAN,,Total,200:00,81,23,39,6,21,17,25,15,21,36,13,14,15,3,1,13,26,105,
2024,62,1,P013371   ,0.0,1.0,ASV,1,"HARRISON, SHAQUILLE",13:22,3,1,3,0,1,1,1,0,0,0,0,0,1,0,0,1,2,0,-12.0
2024,62,1,P013372   ,1.0,1.0,ASV,2,"SCHOFIELD, ADMIRAL",20:51,9,0,1,3,7,0,0,0,4,4,0,0,0,0,0,1,0,7,6.0
2024,62,1,PKIR      ,0.0,0.0,ASV,5,"KAHUDI, CHARLES",16:13,2,1,2,0,0,0,0,0,2,2,0,1,0,0,0,3,2,3,-8.0
2024,62,1,P007027   ,1.0,0.0,ASV,6,"MALEDON, THEO",27:53,11,4,6,0,5,3,4,1,4,5,5,1,2,0,0,3,3,12,-6.0
2024,62,1,P004194   ,0.0,0.0,ASV,7,"LAUVERGNE, JOFFREY",DNP,0,0,0,0,0,0,0,0,0,0,0,0,0,0,0,0,0,0,0.0
2024,62,1,P010316   ,0.0,1.0,ASV,8,"AJINCA, MELVIN",14:31,0,0,0,0,2,0,0,1,1,2,0,0,2,0,0,2,0,-4,-16.0
2024,62,1,P000229   ,1.0,0.0,ASV,11,"JACKSON, EDWIN",11:47,3,0,0,1,2,0,0,0,0,0,1,0,1,0,0,1,1,2,-5.0
2024,62,1,P002100   ,0.0,0.0,ASV,12,"DE COLO, NANDO",28:03,19,2,5,5,7,0,0,0,3,3,7,1,2,0,0,2,0,21,-3.0
2024,62,1,P010545   ,1.0,0.0,ASV,13,"SAKO, NEAL",25:40,8,3,8,0,0,2,5,4,5,9,0,0,1,2,0,4,5,11,-2.0
2024,62,1,P003526   ,1.0,1.0,ASV,23,"LIGHTY, DAVID",16:30,5,0,2,1,2,2,2,1,1,2,2,0,0,1,0,3,1,5,6.0
2024,62,1,P012731   ,0.0,1.0,ASV,24,"NDIAYE, MBAYE",16:54,7,3,6,0,1,1,1,1,2,3,1,0,1,1,1,2,1,5,-11.0
2024,62,1,P008991   ,0.0,0.0,ASV,28,"BLACK, TARIK",08:16,4,2,4,0,0,0,0,3,3,6,0,0,1,0,0,2,1,6,-14.0
2024,62,1,Team,0.0,0.0,ASV,,Team,,0,0,0,0,0,0,0,0,0,0,0,0,0,0,0,0,0,0,
2024,62,1,Total,,,ASV,,Total,200:00,71,16,37,10,27,9,13,11,25,36,16,3,11,4,1,24,16,68,
2024,62,0,P010391   ,1.0,0.0,MUN,0,"WEILER-BABB, NICK",21:03,4,0,0,1,5,1,2,1,6,7,7,3,0,0,0,1,1,16,1.0
2024,62,0,P011244   ,0.0,0.0,MUN,1,"DA SILVA, OSCAR",18:57,15,5,7,1,1,2,3,3,0,3,0,0,0,0,1,2,3,15,16.0
2024,62,0,P011987   ,1.0,1.0,MUN,3,"EDWARDS, CARSEN",30:17,8,1,7,2,6,0,0,0,3,3,6,1,1,0,0,2,2,7,-1.0
2024,62,0,P007201   ,1.0,0.0,MUN,7,"VOIGTMANN, JOHANNES",25:18,9,0,4,3,4,0,0,5,6,11,4,0,1,0,2,1,1,16,-7.0
2024,62,0,P011224   ,0.0,0.0,MUN,8,"NAPIER, SHABAZZ",17:56,12,2,3,2,6,2,2,0,3,3,1,0,1,0,1,0,4,13,19.0
2024,62,0,P012123   ,0.0,1.0,MUN,10,"KHARCHENKOV, IVAN",15:31,10,0,0,2,3,4,4,0,2,2,0,0,0,1,0,3,3,12,13.0
2024,62,0,P004508   ,1.0,0.0,MUN,13,"OBST, ANDREAS",28:03,4,1,3,0,4,2,3,0,0,0,3,1,1,0,0,2,2,0,7.0
2024,62,0,P005460   ,0.0,0.0,MUN,20,"HARRIS, ELIAS",11:19,3,1,1,0,0,1,2,1,2,3,3,0,2,0,0,2,4,8,20.0
2024,62,0,P007639   ,0.0,1.0,MUN,22,"BRANKOVIC, DANKO",01:29,0,0,0,0,0,0,0,0,0,0,0,0,0,0,0,0,0,0,-1.0
2024,62,0,P007056   ,1.0,0.0,MUN,31,"BOOKER, DEVIN",21:28,16,4,4,2,5,2,2,0,3,3,0,0,3,0,0,2,3,14,-1.0
2024,62,0,P011052   ,0.0,1.0,MUN,41,"MADAR, YAM",07:10,2,1,1,0,1,0,0,0,1,1,1,0,0,0,0,1,0,2,0.0
2024,62,0,P013368   ,0.0,1.0,MUN,53,"YEBO, KEVIN",01:29,1,0,0,0,0,1,2,0,0,0,0,0,0,0,0,0,1,1,-1.0
2024,62,0,Team,0.0,0.0,MUN,,Team,,0,0,0,0,0,0,0,3,1,4,0,0,1,0,0,0,0,3,
2024,62,0,Total,,,MUN,,Total,200:00,84,15,30,13,35,15,20,13,27,40,25,5,10,1,4,16,24,107,
2024,63,1,P012608   ,1.0,1.0,PRS,0,"SHORTS, TJ",27:06,9,4,18,0,3,1,2,1,3,4,5,1,2,0,0,4,7,2,-3.0
2024,63,1,P012609   ,0.0,0.0,PRS,1,"MALCOLM, COLLIN",19:28,5,2,7,0,2,1,2,3,3,6,1,0,2,0,1,0,1,2,7.0
2024,63,1,P012640   ,0.0,0.0,PRS,2,"HIFI, NADIR",15:21,9,3,4,1,5,0,0,0,3,3,0,0,1,0,0,2,0,4,-1.0
2024,63,1,P012610   ,1.0,1.0,PRS,3,"WARD, TYSON",27:06,9,0,4,3,5,0,0,0,7,7,0,0,0,0,1,1,1,9,-3.0
2024,63,1,P013373   ,0.0,0.0,PRS,4,"CAVALIERE, LEOPOLD",11:30,2,0,0,0,0,2,2,0,0,0,1,1,1,0,0,0,1,4,0.0
2024,63,1,P005793   ,0.0,1.0,PRS,5,"SY, BANDJA",14:39,5,0,0,1,2,2,2,1,2,3,0,0,1,0,0,1,1,6,2.0
2024,63,1,P012611   ,0.0,0.0,PRS,7,"HERRERA, SEBASTIAN",DNP,0,0,0,0,0,0,0,0,0,0,0,0,0,0,0,0,0,0,0.0
2024,63,1,P004512   ,0.0,0.0,PRS,8,"KRATZER, LEON",12:06,2,1,2,0,0,0,0,2,4,6,0,0,0,0,0,2,1,6,4.0
2024,63,1,P007032   ,0.0,1.0,PRS,12,"LO, MAODO",17:49,8,1,2,2,6,0,0,0,1,1,3,0,4,0,1,3,1,0,-1.0
2024,63,1,P010390   ,1.0,0.0,PRS,13,"HAYES, KEVARRIUS",14:33,6,2,4,0,0,2,2,5,1,6,1,1,0,0,0,5,1,8,3.0
2024,63,1,P012613   ,1.0,1.0,PRS,20,"JANTUNEN, MIKAEL",27:39,8,1,2,2,3,0,0,4,4,8,2,1,0,0,0,2,0,15,-1.0
2024,63,1,P004197   ,1.0,0.0,PRS,24,"OUATTARA, YAKUBA",12:43,4,1,2,0,1,2,2,0,0,0,0,0,1,0,0,2,1,0,3.0
2024,63,1,Team,0.0,0.0,PRS,,Team,,0,0,0,0,0,0,0,2,2,4,0,0,0,0,0,0,0,4,
2024,63,1,Total,,,PRS,,Total,200:00,67,15,45,9,27,10,12,18,30,48,13,4,12,0,3,22,15,60,
2024,63,0,P011948   ,1.0,1.0,BAS,0,"HOWARD, MARKUS",30:39,10,2,3,1,11,3,3,0,2,2,0,1,0,0,0,2,3,3,-9.0
2024,63,0,P010784   ,0.0,0.0,BAS,6,"SAVKOV, PAVEL",DNP,0,0,0,0,0,0,0,0,0,0,0,0,0,0,0,0,0,0,0.0
2024,63,0,P012080   ,1.0,1.0,BAS,9,"LUWAWU-CABARROT, TIMOTHE",30:47,4,1,5,0,5,2,2,1,5,6,3,1,1,0,0,2,2,4,3.0
2024,63,0,P004058   ,0.0,0.0,BAS,10,"JARAMAZ, OGNJEN",19:30,3,1,2,0,0,1,2,0,0,0,4,4,0,1,0,2,4,12,2.0
2024,63,0,P013367   ,1.0,1.0,BAS,11,"FORREST, TRENT",20:00,5,2,6,0,0,1,2,1,7,8,3,0,2,0,0,3,1,7,9.0
2024,63,0,P011085   ,0.0,0.0,BAS,17,"ROGKAVOPOULOS, NIKOLAOS",15:56,6,3,5,0,1,0,0,2,2,4,0,0,0,0,0,1,0,6,-1.0
2024,63,0,P008072   ,0.0,0.0,BAS,18,"DIOP, KHALIFA",16:04,5,1,3,0,0,3,4,1,2,3,0,0,0,1,0,2,3,7,-2.0
2024,63,0,P012365   ,0.0,0.0,BAS,33,"HRABAR, VIT",DNP,0,0,0,0,0,0,0,0,0,0,0,0,0,0,0,0,0,0,0.0
2024,63,0,P012597   ,0.0,0.0,BAS,44,"BALDWIN, KAMAR",07:40,2,1,3,0,3,0,0,0,0,0,0,0,0,0,0,2,0,-5,-6.0
2024,63,0,P011196   ,1.0,1.0,BAS,45,"HALL, DONTA",23:55,11,4,7,0,0,3,4,4,4,8,0,0,2,1,0,1,3,16,0.0
2024,63,0,P012058   ,0.0,0.0,BAS,46,"NDIAYE, OUSMANE",04:45,0,0,1,0,2,0,0,1,0,1,1,0,0,0,0,0,0,-1,-7.0
2024,63,0,P012201   ,1.0,1.0,BAS,95,"MONEKE, CHIMA",30:44,19,4,6,0,4,11,11,7,5,12,0,2,3,0,0,0,6,30,1.0
2024,63,0,Team,0.0,0.0,BAS,,Team,,0,0,0,0,0,0,0,0,2,2,0,0,1,0,0,0,0,1,
2024,63,0,Total,,,BAS,,Total,200:00,65,19,41,1,26,24,28,17,29,46,11,8,9,3,0,15,22,80,
2024,64,1,P006590   ,0.0,1.0,IST,1,"BEAUBOIS, RODRIGUE",24:07,8,2,4,1,3,1,1,0,2,2,0,0,0,0,0,2,0,4,-5.0
2024,64,1,P013363   ,1.0,1.0,IST,3,"NWORA, JORDAN",27:17,8,0,4,2,5,2,2,0,3,3,5,3,4,0,2,2,3,7,-2.0
2024,64,1,P009846   ,1.0,0.0,IST,6,"BRYANT, ELIJAH",17:59,5,1,6,1,4,0,0,2,1,3,2,0,2,0,1,5,2,-4,-8.0
2024,64,1,P007109   ,0.0,0.0,IST,11,"SMITS, ROLANDS",17:05,10,2,2,2,5,0,0,1,1,2,0,1,2,0,0,2,2,8,-10.0
2024,64,1,P011078   ,1.0,1.0,IST,13,"THOMPSON, DARIUS",31:35,7,2,5,1,3,0,0,1,1,2,10,0,1,3,0,3,3,16,-5.0
2024,64,1,P013364   ,0.0,0.0,IST,14,"JOHNSON, STANLEY",DNP,0,0,0,0,0,0,0,0,0,0,0,0,0,0,0,0,0,0,0.0
2024,64,1,P004887   ,1.0,1.0,IST,17,"POIRIER, VINCENT",27:28,14,5,7,0,0,4,6,2,6,8,3,0,0,1,0,1,4,25,-9.0
2024,64,1,P006640   ,0.0,0.0,IST,18,"OZDEMIROGLU, DOGUS",04:56,0,0,2,0,1,0,0,0,1,1,0,0,2,0,0,1,0,-5,-4.0
2024,64,1,P009513   ,0.0,0.0,IST,21,"HOLLATZ, JUSTUS",03:56,0,0,0,0,0,0,0,0,0,0,1,0,1,0,0,0,0,0,-5.0
2024,64,1,P012710   ,1.0,0.0,IST,24,"OSMANI, ERCAN",20:04,11,2,2,1,2,4,4,0,2,2,0,1,2,0,0,2,4,13,0.0
2024,64,1,P012788   ,0.0,0.0,IST,25,"OTURU, DAN",12:32,2,1,1,0,0,0,0,2,2,4,1,1,0,0,0,4,1,5,-3.0
2024,64,1,P009664   ,0.0,1.0,IST,35,"WILLIS, DEREK",13:01,4,0,2,1,3,1,2,2,5,7,0,0,0,0,0,0,1,7,-9.0
2024,64,1,Team,0.0,0.0,IST,,Team,,0,0,0,0,0,0,0,2,1,3,0,0,4,0,0,0,0,-1,
2024,64,1,Total,,,IST,,Total,200:00,69,15,35,9,26,12,15,12,25,37,22,6,18,4,3,22,20,75,
2024,64,0,P011212   ,0.0,1.0,MCO,0,"OKOBO, ELIE",24:52,6,1,6,0,2,4,6,0,1,1,0,1,1,0,1,1,3,-1,9.0
2024,64,0,P011231   ,1.0,0.0,MCO,4,"BLOSSOMGAME, JARON",17:53,6,0,1,1,3,3,4,0,2,2,0,0,0,0,0,4,2,2,-8.0
2024,64,0,P009754   ,1.0,1.0,MCO,8,"LOYD, JORDAN",19:22,14,2,3,2,2,4,6,0,0,0,4,0,2,0,0,3,5,15,3.0
2024,64,0,P005844   ,0.0,1.0,MCO,9,"PAPAGIANNIS, GEORGIOS",25:57,15,6,10,1,1,0,0,2,5,7,1,1,0,2,0,3,1,20,6.0
2024,64,0,P005763   ,0.0,0.0,MCO,10,"KORKMAZ, FURKAN",05:45,2,1,1,0,1,0,0,0,2,2,0,1,1,0,0,1,1,3,-4.0
2024,64,0,P011226   ,1.0,1.0,MCO,11,"DIALLO, ALPHA",23:25,9,3,5,1,1,0,0,1,0,1,3,1,2,0,1,4,2,7,18.0
2024,64,0,P002581   ,0.0,0.0,MCO,14,"JAITEH, MAM",DNP,0,0,0,0,0,0,0,0,0,0,0,0,0,0,0,0,0,0,0.0
2024,64,0,PLCZ      ,1.0,0.0,MCO,20,"MOTIEJUNAS, DONATAS",19:20,8,2,4,1,1,1,2,2,4,6,1,0,2,1,0,2,2,11,7.0
2024,64,0,P012515   ,0.0,0.0,MCO,22,"TARPEY, TERRY",00:37,0,0,0,0,0,0,0,0,0,0,0,0,0,0,0,1,0,-1,-3.0
2024,64,0,P013365   ,0.0,0.0,MCO,30,"BROWN, VITTO",18:55,4,2,4,0,1,0,0,3,2,5,2,1,1,0,0,1,1,8,13.0
2024,64,0,P008099   ,0.0,0.0,MCO,32,"STRAZEL, MATTHEW",16:46,5,1,1,0,2,3,3,0,0,0,0,1,0,0,0,0,1,5,7.0
2024,64,0,P005985   ,1.0,1.0,MCO,55,"JAMES, MIKE",27:08,12,1,5,3,7,1,2,1,5,6,6,2,1,0,2,1,3,16,12.0
2024,64,0,Team,0.0,0.0,MCO,,Team,,0,0,0,0,0,0,0,1,0,1,0,0,1,0,0,0,0,0,
2024,64,0,Total,,,MCO,,Total,200:00,81,19,40,9,21,16,23,10,21,31,17,8,11,3,4,21,21,85,
2024,65,1,P009048   ,1.0,1.0,RED,0,"MILLER-MCINTYRE, CODI",30:14,15,7,11,0,3,1,1,0,6,6,8,2,2,0,1,2,1,20,28.0
2024,65,1,P010612   ,0.0,1.0,RED,3,"CANAAN, ISAIAH",24:25,12,1,3,2,5,4,5,0,1,1,1,2,1,0,1,0,2,10,8.0
2024,65,1,PJDR      ,0.0,0.0,RED,4,"TEODOSIC, MILOS",12:43,1,0,1,0,3,1,2,1,1,2,4,0,1,1,0,3,2,1,-5.0
2024,65,1,P007960   ,0.0,0.0,RED,7,"DAVIDOVAC, DEJAN",05:06,2,1,2,0,0,0,0,0,0,0,0,0,0,0,0,0,1,2,-4.0
2024,65,1,P002553   ,0.0,0.0,RED,9,"MITROVIC, LUKA",09:40,4,2,5,0,0,0,2,1,2,3,0,0,0,0,1,3,2,0,7.0
2024,65,1,P004866   ,1.0,1.0,RED,12,"KALINIC, NIKOLA",27:16,13,3,4,2,3,1,1,3,4,7,3,1,1,0,1,2,2,20,27.0
2024,65,1,P012786   ,1.0,1.0,RED,24,"DAUM, MIKE",19:14,10,2,2,1,1,3,3,3,2,5,1,0,1,1,0,1,2,17,14.0
2024,65,1,P011194   ,0.0,0.0,RED,30,"PETRUSEV, FILIP",18:13,14,5,6,0,2,4,4,1,3,4,0,1,1,0,0,2,3,16,8.0
2024,65,1,P006436   ,0.0,0.0,RED,31,"GIEDRAITIS, ROKAS",13:34,4,2,3,0,2,0,2,0,2,2,2,2,1,0,0,0,2,6,8.0
2024,65,1,P006240   ,1.0,1.0,RED,33,"PLAVSIC, UROS",12:07,10,4,5,0,0,2,4,1,1,2,0,0,0,0,1,3,2,7,6.0
2024,65,1,P000848   ,1.0,0.0,RED,36,"NEDOVIC, NEMANJA",17:32,4,1,2,0,2,2,2,0,1,1,4,0,1,0,0,0,2,7,15.0
2024,65,1,P012044   ,0.0,0.0,RED,99,"DOS SANTOS, YAGO",09:56,3,0,1,0,0,3,4,0,0,0,1,1,0,0,0,0,3,6,-7.0
2024,65,1,Team,0.0,0.0,RED,,Team,,0,0,0,0,0,0,0,3,2,5,0,0,2,0,0,0,0,3,
2024,65,1,Total,,,RED,,Total,200:00,92,28,45,5,21,21,30,13,25,38,24,9,11,2,5,16,24,115,
2024,65,0,P008384   ,1.0,0.0,BER,1,"PROCIDA, GABRIELE",28:36,25,7,9,3,7,2,2,2,5,7,1,3,2,2,0,0,4,34,-25.0
2024,65,0,P012099   ,0.0,1.0,BER,2,"GROSBER, DORIAN",DNP,0,0,0,0,0,0,0,0,0,0,0,0,0,0,0,0,0,0,0.0
2024,65,0,P008211   ,0.0,0.0,BER,6,"DELOW, MALTE",11:36,0,0,2,0,0,0,0,1,1,2,0,0,0,0,1,3,0,-4,-11.0
2024,65,0,P008062   ,0.0,0.0,BER,7,"MCDOWELL-WHITE, WILL",20:25,0,0,1,0,2,0,0,0,4,4,5,0,0,0,0,2,0,4,-2.0
2024,65,0,P012100   ,0.0,1.0,BER,8,"NUFER, ANTON",01:15,0,0,0,0,0,0,0,0,0,0,0,0,0,0,0,0,0,0,0.0
2024,65,0,P007025   ,1.0,0.0,BER,9,"MATTISSECK, JONAS",11:56,0,0,0,0,1,0,0,0,0,0,0,0,0,0,0,3,1,-3,-8.0
2024,65,0,P006251   ,0.0,1.0,BER,10,"SCHNEIDER, TIM",22:32,10,4,5,0,2,2,2,2,1,3,0,0,0,0,0,3,3,10,-3.0
2024,65,0,P008780   ,1.0,0.0,BER,15,"HERMANNSSON, MARTIN",26:18,7,2,4,0,4,3,3,0,0,0,6,0,4,0,0,2,2,3,-10.0
2024,65,0,P007550   ,0.0,1.0,BER,18,"SAMAR, ZIGA",13:42,0,0,2,0,0,0,0,0,0,0,2,3,4,0,0,0,0,-1,-11.0
2024,65,0,P006919   ,0.0,0.0,BER,19,"OLINDE, LOUIS",22:08,9,3,3,1,5,0,0,2,2,4,2,0,2,1,0,4,1,7,-16.0
2024,65,0,P011631   ,1.0,1.0,BER,25,"RAPIEQUE, ELIAS",15:59,4,0,1,1,3,1,2,0,1,1,2,0,0,0,1,4,1,-1,-1.0
2024,65,0,P012604   ,1.0,0.0,BER,50,"WILLIAMS, TREVION",25:33,16,7,11,0,2,2,3,3,4,7,2,0,5,2,0,3,4,16,-18.0
2024,65,0,Team,0.0,0.0,BER,,Team,,0,0,0,0,0,0,0,0,4,4,0,0,1,0,0,0,0,3,
2024,65,0,Total,,,BER,,Total,200:00,71,23,38,5,26,10,12,10,22,32,20,6,18,5,2,24,16,68,
2024,66,1,P006085   ,1.0,1.0,MIL,1,"DIMITRIJEVIC, NENO",26:03,22,4,6,4,9,2,2,0,1,1,1,0,3,0,0,0,3,17,-13.0
2024,66,1,P011064   ,0.0,1.0,MIL,2,"MANNION, NICCOLO",15:05,11,3,4,1,1,2,2,0,1,1,5,0,3,0,1,2,3,13,17.0
2024,66,1,P001392   ,0.0,1.0,MIL,5,"CAUSEUR, FABIEN",29:43,9,2,4,1,4,2,2,2,3,5,2,3,1,0,0,0,2,15,15.0
2024,66,1,P006509   ,0.0,0.0,MIL,7,"TONUT, STEFANO",06:24,2,1,1,0,0,0,0,0,1,1,0,0,0,0,0,1,0,2,-3.0
2024,66,1,P008985   ,1.0,0.0,MIL,10,"BOLMARO, LEANDRO",18:14,7,2,6,1,1,0,0,1,2,3,1,1,1,0,0,5,2,4,-4.0
2024,66,1,P013384   ,0.0,0.0,MIL,12,"BROOKS, ARMONI",16:25,8,1,1,2,3,0,0,0,2,2,0,1,0,0,0,1,0,9,20.0
2024,66,1,P008987   ,1.0,1.0,MIL,16,"LEDAY, ZACH",38:19,17,2,6,3,6,4,4,1,7,8,2,1,3,0,0,1,6,23,3.0
2024,66,1,P001518   ,1.0,0.0,MIL,17,"RICCI, GIAMPAOLO",09:30,0,0,0,0,2,0,0,1,1,2,1,2,0,0,0,2,0,1,-8.0
2024,66,1,P012116   ,0.0,0.0,MIL,19,"SUIGO, LUIGI",DNP,0,0,0,0,0,0,0,0,0,0,0,0,0,0,0,0,0,0,0.0
2024,66,1,P005670   ,0.0,0.0,MIL,21,"FLACCADORI, DIEGO",DNP,0,0,0,0,0,0,0,0,0,0,0,0,0,0,0,0,0,0,0.0
2024,66,1,P006721   ,0.0,0.0,MIL,30,"CARUSO, GUGLIELMO",08:50,0,0,0,0,0,0,0,0,1,1,1,0,1,0,0,2,0,-1,9.0
2024,66,1,P000796   ,1.0,1.0,MIL,33,"MIROTIC, NIKOLA",31:27,9,1,3,0,3,7,7,0,5,5,3,1,2,0,1,2,5,13,9.0
2024,66,1,Team,0.0,0.0,MIL,,Team,,0,0,0,0,0,0,0,2,1,3,0,0,0,0,0,0,0,3,
2024,66,1,Total,,,MIL,,Total,200:00,85,16,31,12,29,17,17,7,25,32,16,9,14,0,2,16,21,99,
2024,66,0,P012199   ,0.0,0.0,MAD,2,"DURU, DECLAN",DNP,0,0,0,0,0,0,0,0,0,0,0,0,0,0,0,0,0,0,0.0
2024,66,0,P003733   ,1.0,0.0,MAD,6,"ABALDE, ALBERTO",16:31,5,1,2,1,1,0,0,0,0,0,1,0,1,0,0,2,0,2,-11.0
2024,66,0,P005928   ,0.0,1.0,MAD,7,"CAMPAZZO, FACUNDO",28:12,7,1,4,1,6,2,2,0,3,3,3,0,2,0,0,3,5,5,-2.0
2024,66,0,P013378   ,0.0,0.0,MAD,8,"RATHAN-MAYES, XAVIER",15:52,8,1,1,2,5,0,0,0,2,2,3,2,2,0,0,2,1,9,-8.0
2024,66,0,P011649   ,0.0,0.0,MAD,9,"GONZALEZ, HUGO",03:53,0,0,0,0,0,0,0,1,0,1,0,0,2,0,0,3,0,-4,-8.0
2024,66,0,P003108   ,0.0,1.0,MAD,11,"HEZONJA, MARIO",27:35,13,2,6,1,7,6,6,0,6,6,3,1,2,0,0,2,4,13,3.0
2024,66,0,P009005   ,1.0,1.0,MAD,14,"DECK, GABRIEL",31:31,11,3,4,1,2,2,2,1,2,3,2,0,0,1,0,1,1,15,-9.0
2024,66,0,P012168   ,0.0,0.0,MAD,15,"GUEYE, SIDI",DNP,0,0,0,0,0,0,0,0,0,0,0,0,0,0,0,0,0,0,0.0
2024,66,0,P003583   ,0.0,0.0,MAD,18,"IBAKA, SERGE",15:22,13,5,8,1,2,0,0,2,2,4,0,0,0,1,0,0,1,15,-13.0
2024,66,0,P005791   ,1.0,1.0,MAD,22,"TAVARES, WALTER",21:41,10,5,7,0,0,0,0,4,5,9,0,0,4,0,0,4,2,11,12.0
2024,66,0,PTGB      ,1.0,1.0,MAD,23,"LLULL, SERGIO",22:36,3,0,1,1,6,0,0,0,1,1,4,1,2,0,0,2,0,-1,-1.0
2024,66,0,P009213   ,1.0,0.0,MAD,30,"NDIAYE, ELI",16:47,6,2,4,0,1,2,2,4,0,4,1,2,0,0,0,3,2,9,-8.0
2024,66,0,Team,0.0,0.0,MAD,,Team,,0,0,0,0,0,0,0,0,4,4,0,0,0,0,0,0,0,4,
2024,66,0,Total,,,MAD,,Total,200:00,76,20,37,8,30,12,12,12,25,37,17,6,15,2,0,22,16,78,
2024,67,1,P010391   ,1.0,0.0,MUN,0,"WEILER-BABB, NICK",28:41,5,1,3,0,2,3,6,2,4,6,3,1,2,0,0,5,3,4,2.0
2024,67,1,P011244   ,0.0,1.0,MUN,1,"DA SILVA, OSCAR",23:25,6,2,3,0,0,2,3,1,3,4,1,0,2,1,0,4,4,8,1.0
2024,67,1,P011987   ,1.0,1.0,MUN,3,"EDWARDS, CARSEN",31:28,24,5,10,4,9,2,2,4,1,5,5,1,2,0,1,3,2,21,-2.0
2024,67,1,P007201   ,1.0,0.0,MUN,7,"VOIGTMANN, JOHANNES",23:39,2,1,1,0,2,0,0,0,3,3,2,1,1,0,0,3,1,3,10.0
2024,67,1,P011224   ,0.0,1.0,MUN,8,"NAPIER, SHABAZZ",20:10,7,0,1,1,5,4,4,0,3,3,1,1,2,0,0,3,3,5,4.0
2024,67,1,P012123   ,0.0,0.0,MUN,10,"KHARCHENKOV, IVAN",10:57,4,2,2,0,0,0,0,0,2,2,0,0,2,0,0,2,0,2,1.0
2024,67,1,P004508   ,1.0,0.0,MUN,13,"OBST, ANDREAS",28:46,12,1,2,3,7,1,2,2,5,7,2,0,2,0,0,3,3,13,4.0
2024,67,1,P005460   ,0.0,0.0,MUN,20,"HARRIS, ELIAS",02:37,0,0,0,0,0,0,0,0,1,1,1,0,0,0,0,1,0,1,5.0
2024,67,1,P007639   ,0.0,1.0,MUN,22,"BRANKOVIC, DANKO",03:58,0,0,1,0,0,0,0,1,1,2,0,0,0,0,0,0,0,1,-1.0
2024,67,1,P007056   ,1.0,1.0,MUN,31,"BOOKER, DEVIN",25:06,15,3,6,0,1,9,10,0,3,3,0,1,1,0,0,2,8,19,-5.0
2024,67,1,P011052   ,0.0,0.0,MUN,41,"MADAR, YAM",DNP,0,0,0,0,0,0,0,0,0,0,0,0,0,0,0,0,0,0,0.0
2024,67,1,P013368   ,0.0,0.0,MUN,53,"YEBO, KEVIN",01:13,2,0,0,0,0,2,2,0,0,0,0,0,0,0,0,1,1,2,-4.0
2024,67,1,Team,0.0,0.0,MUN,,Team,,0,0,0,0,0,0,0,1,3,4,0,0,1,0,0,0,0,3,
2024,67,1,Total,,,MUN,,Total,200:00,77,15,29,8,26,23,29,11,29,40,15,5,15,1,1,27,25,82,
2024,67,0,P012181   ,0.0,0.0,ZAL,0,"JUZENAS, MANTAS",00:41,0,0,0,0,0,0,0,0,0,0,0,0,0,0,0,1,0,-1,1.0
2024,67,0,P013403   ,1.0,0.0,ZAL,1,"WALKER IV, LONNIE",12:54,0,0,4,0,4,0,0,0,0,0,1,0,2,0,0,0,0,-9,-1.0
2024,67,0,P007975   ,0.0,1.0,ZAL,3,"FRANCISCO, SYLVAIN",23:27,20,2,5,4,10,4,8,0,0,0,3,1,3,0,0,1,9,16,-5.0
2024,67,0,P003210   ,0.0,0.0,ZAL,4,"LEKAVICIUS, LUKAS",06:42,6,0,2,2,3,0,0,0,1,1,0,0,0,0,0,0,1,5,3.0
2024,67,0,P007513   ,1.0,0.0,ZAL,9,"GIEDRAITIS, DOVYDAS",30:11,8,1,3,2,6,0,0,2,1,3,1,1,2,0,0,1,0,4,1.0
2024,67,0,P005504   ,0.0,1.0,ZAL,15,"BIRUTIS, LAURYNAS",07:14,4,2,3,0,0,0,0,1,1,2,0,0,1,0,0,3,0,1,-8.0
2024,67,0,P012622   ,0.0,1.0,ZAL,21,"MITCHELL, MATTHEW",23:19,5,2,3,0,2,1,2,2,2,4,0,1,1,0,1,2,4,6,-9.0
2024,67,0,P003048   ,1.0,0.0,ZAL,42,"DUNSTON, BRYANT",23:06,5,2,5,0,0,1,2,4,4,8,1,0,1,1,0,3,1,8,5.0
2024,67,0,P012715   ,1.0,1.0,ZAL,45,"MANEK, BRADY",12:07,2,0,0,0,4,2,4,1,1,2,0,1,0,0,0,2,4,1,-7.0
2024,67,0,P002676   ,1.0,0.0,ZAL,51,"BUTKEVICIUS, ARNAS",22:59,3,1,1,0,1,1,1,2,5,7,4,3,0,0,0,5,2,13,14.0
2024,67,0,P007029   ,0.0,0.0,ZAL,91,"SIRVYDIS, DEIVIDAS",09:05,6,0,0,2,5,0,0,0,1,1,1,0,1,0,0,3,1,2,-8.0
2024,67,0,P002329   ,0.0,1.0,ZAL,92,"ULANOVAS, EDGARAS",28:15,15,3,5,1,2,6,7,3,3,6,1,1,0,0,0,4,5,20,-1.0
2024,67,0,Team,0.0,0.0,ZAL,,Team,,0,0,0,0,0,0,0,2,3,5,0,0,1,0,0,0,0,4,
2024,67,0,Total,,,ZAL,,Total,200:00,74,13,31,11,37,15,24,17,22,39,12,8,12,1,1,25,27,70,
2024,68,1,P012608   ,1.0,1.0,PRS,0,"SHORTS, TJ",28:38,13,4,11,0,0,5,7,0,0,0,8,0,3,1,2,1,8,15,13.0
2024,68,1,P012609   ,0.0,0.0,PRS,1,"MALCOLM, COLLIN",17:27,6,3,5,0,1,0,0,0,0,0,0,0,0,0,0,1,1,3,-2.0
2024,68,1,P012640   ,0.0,0.0,PRS,2,"HIFI, NADIR",17:02,17,4,4,2,7,3,3,1,3,4,1,0,1,0,0,1,3,18,-13.0
2024,68,1,P012610   ,1.0,1.0,PRS,3,"WARD, TYSON",28:35,7,1,3,1,6,2,2,1,4,5,1,0,0,0,0,4,1,3,12.0
2024,68,1,P013373   ,0.0,0.0,PRS,4,"CAVALIERE, LEOPOLD",04:56,0,0,1,0,0,0,0,0,0,0,0,0,0,0,0,1,0,-2,-11.0
2024,68,1,P005793   ,0.0,0.0,PRS,5,"SY, BANDJA",12:44,0,0,0,0,1,0,0,2,1,3,0,0,0,0,0,2,0,0,-7.0
2024,68,1,P012611   ,0.0,0.0,PRS,7,"HERRERA, SEBASTIAN",DNP,0,0,0,0,0,0,0,0,0,0,0,0,0,0,0,0,0,0,0.0
2024,68,1,P004512   ,0.0,0.0,PRS,8,"KRATZER, LEON",11:02,0,0,0,0,0,0,0,2,2,4,0,2,2,0,0,1,0,3,8.0
2024,68,1,P007032   ,0.0,0.0,PRS,12,"LO, MAODO",13:52,5,1,3,1,3,0,0,0,1,1,1,2,2,0,1,2,0,0,-8.0
2024,68,1,P010390   ,1.0,1.0,PRS,13,"HAYES, KEVARRIUS",21:37,6,3,5,0,0,0,0,1,4,5,1,2,2,3,1,3,2,11,5.0
2024,68,1,P012613   ,1.0,1.0,PRS,20,"JANTUNEN, MIKAEL",28:35,9,2,4,1,3,2,2,3,5,8,2,1,1,0,1,1,2,15,12.0
2024,68,1,P004197   ,1.0,1.0,PRS,24,"OUATTARA, YAKUBA",15:32,11,0,2,3,4,2,2,1,2,3,0,0,0,0,0,1,1,11,6.0
2024,68,1,Team,0.0,0.0,PRS,,Team,,0,0,0,0,0,0,0,3,1,4,0,0,0,0,0,0,0,4,
2024,68,1,Total,,,PRS,,Total,200:00,74,18,38,8,25,14,16,14,23,37,14,7,11,4,5,18,18,81,
2024,68,0,P007870   ,0.0,0.0,PAR,0,"DAVIES, BRANDON",07:08,5,2,2,0,1,1,2,0,1,1,0,0,1,0,0,0,3,6,-9.0
2024,68,0,P010781   ,0.0,1.0,PAR,1,"LUNDBERG, IFFE",33:27,9,0,6,3,4,0,0,2,3,5,2,3,0,0,1,2,2,11,3.0
2024,68,0,P013369   ,0.0,1.0,PAR,2,"JONES, CARLIK",34:17,20,7,12,1,4,3,3,4,4,8,10,1,3,1,1,1,5,32,1.0
2024,68,0,P006591   ,1.0,1.0,PAR,3,"NTILIKINA, FRANK",30:42,8,1,5,2,5,0,0,0,0,0,3,0,0,0,0,4,0,0,-4.0
2024,68,0,P013370   ,0.0,0.0,PAR,4,"WASHINGTON, DUANE",06:31,0,0,2,0,1,0,0,0,1,1,0,0,1,0,0,0,0,-3,3.0
2024,68,0,P011050   ,1.0,0.0,PAR,5,"KOPRIVICA, BALSA",06:33,0,0,0,0,0,0,0,0,2,2,0,0,0,0,0,1,0,1,-6.0
2024,68,0,P004761   ,1.0,1.0,PAR,9,"MARINKOVIC, VANJA",29:38,16,4,6,2,3,2,2,0,2,2,0,1,2,0,0,3,3,14,2.0
2024,68,0,P008232   ,0.0,0.0,PAR,11,"POKUSEVSKI, ALEKSEJ",06:39,0,0,0,0,0,0,0,1,0,1,1,1,0,3,0,1,1,6,0.0
2024,68,0,P012720   ,1.0,0.0,PAR,12,"BROWN, STERLING",10:28,2,1,3,0,2,0,0,0,0,0,0,0,0,0,1,4,0,-7,-8.0
2024,68,0,P006760   ,1.0,0.0,PAR,17,"BONGA, ISAAC",08:18,0,0,1,0,1,0,0,0,1,1,0,0,1,0,0,0,0,-2,-9.0
2024,68,0,P011836   ,0.0,0.0,PAR,24,"MIKE, ISIAHA",DNP,0,0,0,0,0,0,0,0,0,0,0,0,0,0,0,0,0,0,0.0
2024,68,0,P011981   ,0.0,1.0,PAR,88,"JONES, TYRIQUE",26:19,11,5,8,0,0,1,3,5,5,10,1,1,2,1,1,2,4,18,12.0
2024,68,0,Team,0.0,0.0,PAR,,Team,,0,0,0,0,0,0,0,4,3,7,0,0,2,0,0,0,0,5,
2024,68,0,Total,,,PAR,,Total,200:00,71,20,45,8,21,7,10,16,22,38,17,7,12,5,4,18,18,81,
2024,69,1,P013371   ,0.0,1.0,ASV,1,"HARRISON, SHAQUILLE",26:36,11,4,6,1,1,0,0,1,2,3,0,2,1,0,0,3,0,10,-7.0
2024,69,1,PKIR      ,0.0,0.0,ASV,5,"KAHUDI, CHARLES",13:18,1,0,0,0,0,1,2,0,1,1,0,0,0,0,0,0,1,2,16.0
2024,69,1,P007027   ,1.0,1.0,ASV,6,"MALEDON, THEO",26:23,10,3,5,1,7,1,2,0,2,2,4,0,4,0,1,2,5,5,-14.0
2024,69,1,P004194   ,1.0,1.0,ASV,7,"LAUVERGNE, JOFFREY",26:03,9,4,9,0,2,1,2,2,3,5,0,0,2,1,1,3,3,4,-14.0
2024,69,1,P010316   ,1.0,0.0,ASV,8,"AJINCA, MELVIN",04:46,2,1,1,0,0,0,0,0,0,0,0,0,0,0,0,1,0,1,0.0
2024,69,1,P002100   ,0.0,1.0,ASV,12,"DE COLO, NANDO",25:18,18,3,7,2,4,6,7,0,2,2,11,2,1,0,0,1,5,29,15.0
2024,69,1,P010545   ,1.0,0.0,ASV,13,"SAKO, NEAL",11:14,1,0,6,0,0,1,2,4,2,6,0,1,0,0,0,1,2,2,-9.0
2024,69,1,P003526   ,1.0,0.0,ASV,23,"LIGHTY, DAVID",24:02,3,0,3,1,2,0,0,1,1,2,1,2,0,0,0,2,0,2,-20.0
2024,69,1,P012731   ,0.0,0.0,ASV,24,"NDIAYE, MBAYE",24:06,8,3,4,0,2,2,2,2,3,5,0,0,1,0,0,3,2,8,0.0
2024,69,1,P008991   ,0.0,1.0,ASV,28,"BLACK, TARIK",18:14,10,1,3,0,0,8,12,2,4,6,0,1,0,0,1,3,7,14,13.0
2024,69,1,P012263   ,0.0,0.0,ASV,30,"SISSOKO, YOHANN",DNP,0,0,0,0,0,0,0,0,0,0,0,0,0,0,0,0,0,0,0.0
2024,69,1,P013377   ,0.0,0.0,ASV,34,"PAUL, MBIYA",DNP,0,0,0,0,0,0,0,0,0,0,0,0,0,0,0,0,0,0,0.0
2024,69,1,Team,0.0,0.0,ASV,,Team,,0,0,0,0,0,0,0,1,1,2,0,0,1,0,0,0,0,1,
2024,69,1,Total,,,ASV,,Total,200:00,73,19,44,5,18,20,29,13,21,34,16,8,10,1,3,19,25,78,
2024,69,0,P009863   ,1.0,0.0,ULK,2,"BALDWIN IV, WADE",02:39,0,0,0,0,0,0,0,0,0,0,1,0,1,0,0,0,0,0,-2.0
2024,69,0,P002849   ,0.0,0.0,ULK,4,"MELLI, NICOLO",18:17,7,1,2,1,3,2,2,1,2,3,0,1,0,1,0,4,1,6,1.0
2024,69,0,P002968   ,0.0,1.0,ULK,5,"SANLI, SERTAC",15:38,6,3,7,0,1,0,0,6,2,8,0,0,1,0,0,4,1,5,1.0
2024,69,0,P013396   ,0.0,0.0,ULK,9,"MAYS, SKYLAR",07:21,2,1,1,0,0,0,0,1,1,2,0,0,1,0,0,1,0,2,-2.0
2024,69,0,P008962   ,1.0,1.0,ULK,11,"HAYES-DAVIS, NIGEL",30:30,25,6,9,2,8,7,7,1,6,7,0,1,3,0,0,2,5,24,18.0
2024,69,0,P006961   ,0.0,1.0,ULK,13,"BIBEROVIC, TARIK",21:19,4,2,4,0,5,0,0,2,2,4,0,0,1,0,0,2,1,-1,-6.0
2024,69,0,P011205   ,1.0,1.0,ULK,20,"HALL, DEVON",28:59,5,1,1,1,3,0,0,0,2,2,5,0,2,0,0,2,3,9,15.0
2024,69,0,P010560   ,0.0,0.0,ULK,21,"PIERRE, DYSHAWN",06:09,0,0,0,0,1,0,0,0,0,0,0,0,0,0,0,1,0,-2,-11.0
2024,69,0,P004004   ,0.0,1.0,ULK,23,"GUDURIC, MARKO",23:57,12,1,3,2,5,4,5,2,3,5,5,1,3,0,1,3,3,13,7.0
2024,69,0,P008104   ,0.0,0.0,ULK,32,"ZAGARS, ARTURS",09:53,2,0,0,0,2,2,2,1,0,1,2,0,1,0,0,3,2,1,-10.0
2024,69,0,P009783   ,1.0,0.0,ULK,50,"COLSON, BONZIE",25:58,10,5,7,0,4,0,2,1,4,5,1,0,1,1,0,2,3,9,10.0
2024,69,0,P007182   ,1.0,0.0,ULK,92,"BIRCH, KHEM",09:20,4,2,3,0,0,0,0,1,1,2,1,0,0,1,0,1,0,6,-1.0
2024,69,0,Team,0.0,0.0,ULK,,Team,,0,0,0,0,0,0,0,3,4,7,0,0,0,0,0,0,0,7,
2024,69,0,Total,,,ULK,,Total,200:00,77,22,37,6,32,15,18,19,27,46,15,3,14,3,1,25,19,79,
2024,70,1,P011209   ,0.0,1.0,PAN,0,"KALAITZAKIS, PANAGIOTIS",00:40,2,1,1,0,0,0,1,0,0,0,0,0,0,0,0,0,1,2,2.0
2024,70,1,P009622   ,1.0,0.0,PAN,2,"BROWN, LORENZO",09:16,0,0,2,0,1,0,0,0,0,0,3,0,2,0,0,2,0,-4,-7.0
2024,70,1,P006544   ,0.0,0.0,PAN,6,"MORAITIS, DIMITRIS",DNP,0,0,0,0,0,0,0,0,0,0,0,0,0,0,0,0,0,0,0.0
2024,70,1,P001926   ,0.0,0.0,PAN,10,"SLOUKAS, KOSTAS",30:30,12,2,3,1,3,5,5,0,1,1,7,0,3,0,0,2,5,17,6.0
2024,70,1,P004088   ,0.0,1.0,PAN,16,"OSMAN, CEDI",17:32,11,1,3,2,3,3,4,1,1,2,3,1,0,1,0,2,4,16,-8.0
2024,70,1,P005161   ,0.0,0.0,PAN,21,"PAPAPETROU, IOANNIS",08:08,3,1,1,0,0,1,2,0,0,0,0,0,0,0,0,0,1,3,-5.0
2024,70,1,P011204   ,1.0,1.0,PAN,22,"GRANT, JERIAN",20:56,6,1,4,0,0,4,4,0,0,0,5,1,3,0,0,2,3,7,-1.0
2024,70,1,P012774   ,1.0,0.0,PAN,25,"NUNN, KENDRICK",32:58,20,4,6,4,8,0,0,1,4,5,4,3,1,0,0,3,2,24,-2.0
2024,70,1,P003842   ,1.0,1.0,PAN,26,"LESSORT, MATHIAS",26:58,13,5,7,0,0,3,5,1,4,5,1,0,1,1,0,0,5,20,-3.0
2024,70,1,P012712   ,1.0,1.0,PAN,41,"HERNANGOMEZ, JUANCHO",36:02,13,2,4,3,4,0,0,0,6,6,2,2,1,2,1,2,0,18,1.0
2024,70,1,P007866   ,0.0,0.0,PAN,44,"MITOGLOU, KONSTANTINOS",13:02,5,1,2,1,2,0,0,0,2,2,1,0,1,0,0,0,0,5,-2.0
2024,70,1,P005353   ,0.0,0.0,PAN,77,"YURTSEVEN, OMER",03:58,4,2,2,0,0,0,0,0,1,1,0,0,0,0,0,1,0,4,-6.0
2024,70,1,Team,0.0,0.0,PAN,,Team,,0,0,0,0,0,0,0,1,4,5,0,0,0,0,0,0,0,5,
2024,70,1,Total,,,PAN,,Total,200:00,89,20,35,11,21,16,21,4,23,27,26,7,12,4,1,14,21,117,
2024,70,0,P008855   ,1.0,1.0,OLY,0,"WALKUP, THOMAS",23:55,0,0,0,0,1,0,0,0,3,3,11,1,2,1,0,2,2,13,2.0
2024,70,0,P007982   ,0.0,1.0,OLY,1,"WILLIAMS-GOSS, NIGEL",16:45,13,3,5,2,4,1,1,1,1,2,2,1,2,0,0,4,2,10,3.0
2024,70,0,P012878   ,0.0,0.0,OLY,2,"WRIGHT, MOSES",03:29,0,0,2,0,0,0,0,0,0,0,1,0,0,0,1,2,0,-4,-3.0
2024,70,0,P007947   ,1.0,0.0,OLY,8,"VILDOZA, LUCA",20:00,8,1,3,2,5,0,0,0,3,3,3,2,1,0,0,1,1,10,2.0
2024,70,0,P008811   ,1.0,0.0,OLY,10,"FALL, MOUSTAPHA",15:50,4,1,2,0,0,2,3,1,3,4,0,0,1,0,0,3,2,4,1.0
2024,70,0,P003469   ,1.0,1.0,OLY,14,"VEZENKOV, SASHA",28:15,20,8,11,1,4,1,1,0,3,3,1,2,1,0,2,1,1,17,-2.0
2024,70,0,P001255   ,0.0,0.0,OLY,16,"PAPANIKOLAOU, KOSTAS",09:55,3,0,1,1,1,0,0,0,1,1,2,0,0,0,0,1,0,4,7.0
2024,70,0,P009849   ,0.0,0.0,OLY,22,"DORSEY, TYLER",01:35,0,0,0,0,0,0,0,0,0,0,0,0,0,0,0,0,0,0,-3.0
2024,70,0,P008829   ,0.0,0.0,OLY,25,"PETERS, ALEC",11:45,4,0,1,1,1,1,1,1,1,2,1,1,0,0,0,4,1,4,7.0
2024,70,0,P003941   ,0.0,1.0,OLY,33,"MILUTINOV, NIKOLA",20:41,12,4,8,0,0,4,4,6,2,8,1,1,0,0,1,0,4,21,7.0
2024,70,0,P007853   ,0.0,0.0,OLY,77,"MCKISSIC, SHAQUIELLE",19:20,8,2,2,1,2,1,2,0,6,6,2,0,2,0,0,1,1,12,3.0
2024,70,0,P013380   ,1.0,1.0,OLY,94,"FOURNIER, EVAN",28:30,22,5,10,4,6,0,0,0,1,1,4,2,1,0,0,2,0,19,1.0
2024,70,0,Team,0.0,0.0,OLY,,Team,,0,0,0,0,0,0,0,1,1,2,0,0,1,0,0,0,0,1,
2024,70,0,Total,,,OLY,,Total,200:00,94,24,45,12,24,10,12,10,25,35,28,10,11,1,4,21,14,111,
2024,71,1,P009862   ,1.0,0.0,BAR,0,"PUNTER, KEVIN",23:21,15,4,8,2,4,1,2,0,0,0,4,2,1,0,0,2,3,14,10.0
2024,71,1,P012795   ,0.0,0.0,BAR,1,"ANDERSON, JUSTIN",20:43,11,4,5,1,1,0,0,0,1,1,0,1,0,0,0,1,0,11,11.0
2024,71,1,P011666   ,0.0,1.0,BAR,2,"SARR, DAME",02:26,0,0,0,0,1,0,0,0,0,0,1,0,0,0,0,0,0,0,1.0
2024,71,1,P000925   ,1.0,0.0,BAR,6,"VESELY, JAN",24:17,17,3,7,3,3,2,2,4,6,10,1,2,0,2,0,2,2,28,29.0
2024,71,1,P009992   ,0.0,1.0,BAR,8,"BRIZUELA, DARIO",16:25,5,1,4,1,2,0,0,0,0,0,5,1,2,1,1,2,1,4,13.0
2024,71,1,P013379   ,0.0,0.0,BAR,10,"METU, CHIMEZIE",18:08,7,3,5,0,0,1,2,0,5,5,1,3,1,0,0,1,1,12,0.0
2024,71,1,P002939   ,1.0,0.0,BAR,13,"SATORANSKY, TOMAS",17:45,7,2,4,1,2,0,0,2,3,5,1,0,1,0,0,2,1,8,17.0
2024,71,1,P010106   ,0.0,0.0,BAR,17,"NUNEZ, JUAN",19:49,8,1,4,2,4,0,0,0,0,0,2,0,0,0,1,2,2,4,5.0
2024,71,1,P006568   ,0.0,1.0,BAR,19,"FALL, YOUSSOUPHA",11:45,8,4,4,0,0,0,0,2,2,4,0,0,1,1,0,0,1,13,1.0
2024,71,1,P003478   ,1.0,0.0,BAR,21,"ABRINES, ALEX",17:05,4,0,1,1,2,1,1,1,2,3,0,0,0,1,0,1,1,6,11.0
2024,71,1,P012745   ,1.0,1.0,BAR,22,"PARKER, JABARI",25:50,9,3,5,1,4,0,0,0,2,2,3,2,2,0,1,1,0,7,16.0
2024,71,1,P007464   ,0.0,1.0,BAR,44,"PARRA, JOEL",02:26,0,0,0,0,0,0,0,0,2,2,0,0,0,0,0,0,0,2,1.0
2024,71,1,Team,0.0,0.0,BAR,,Team,,0,0,0,0,0,0,0,2,1,3,0,0,0,0,0,0,0,3,
2024,71,1,Total,,,BAR,,Total,200:00,91,25,47,12,23,5,7,11,24,35,18,11,8,5,3,14,12,112,
2024,71,0,P011948   ,1.0,0.0,BAS,0,"HOWARD, MARKUS",23:51,11,1,2,3,7,0,0,0,0,0,0,0,4,0,0,2,2,2,-18.0
2024,71,0,P008850   ,0.0,1.0,BAS,2,"RAIESTE, SANDER",02:26,0,0,0,0,1,0,0,0,0,0,0,0,0,0,0,0,0,-1,-1.0
2024,71,0,P007230   ,0.0,1.0,BAS,8,"SEDEKERSKIS, TADAS",23:42,6,0,1,2,4,0,0,2,1,3,1,1,3,0,0,0,1,6,-5.0
2024,71,0,P012080   ,1.0,0.0,BAS,9,"LUWAWU-CABARROT, TIMOTHE",18:22,2,1,3,0,4,0,0,1,0,1,0,0,2,0,1,2,1,-7,-15.0
2024,71,0,P004058   ,0.0,0.0,BAS,10,"JARAMAZ, OGNJEN",DNP,0,0,0,0,0,0,0,0,0,0,0,0,0,0,0,0,0,0,0.0
2024,71,0,P013367   ,1.0,0.0,BAS,11,"FORREST, TRENT",29:40,17,7,10,1,3,0,0,0,3,3,4,0,3,0,1,2,1,14,-15.0
2024,71,0,P011085   ,0.0,1.0,BAS,17,"ROGKAVOPOULOS, NIKOLAOS",09:49,5,1,2,1,4,0,2,0,0,0,0,0,0,0,1,0,1,-1,-10.0
2024,71,0,P008072   ,0.0,0.0,BAS,18,"DIOP, KHALIFA",11:22,4,2,4,0,0,0,0,0,3,3,0,0,0,0,0,2,1,4,-1.0
2024,71,0,P012597   ,0.0,1.0,BAS,44,"BALDWIN, KAMAR",15:42,2,1,2,0,0,0,0,1,0,1,5,1,2,0,0,2,0,4,-6.0
2024,71,0,P011196   ,1.0,0.0,BAS,45,"HALL, DONTA",23:34,4,2,4,0,0,0,0,2,4,6,1,1,1,3,1,0,0,11,-17.0
2024,71,0,P012058   ,0.0,1.0,BAS,46,"NDIAYE, OUSMANE",09:37,7,2,2,1,1,0,0,1,4,5,1,1,1,0,0,1,1,13,-2.0
2024,71,0,P012201   ,1.0,0.0,BAS,95,"MONEKE, CHIMA",31:55,10,3,4,0,3,4,5,0,6,6,3,1,0,0,1,1,6,19,-25.0
2024,71,0,Team,0.0,0.0,BAS,,Team,,0,0,0,0,0,0,0,4,2,6,0,0,1,0,0,0,0,5,
2024,71,0,Total,,,BAS,,Total,200:00,68,20,34,8,27,4,7,11,23,34,15,5,17,3,5,12,14,69,
2024,72,1,P009549   ,1.0,1.0,VIR,0,"CORDINIER, ISAIA",27:37,11,3,5,1,2,2,4,0,4,4,5,0,2,0,0,1,3,15,13.0
2024,72,1,PBCN      ,0.0,1.0,VIR,3,"BELINELLI, MARCO",16:01,7,1,2,1,3,2,2,0,1,1,0,0,0,0,0,2,0,3,4.0
2024,72,1,P006739   ,1.0,1.0,VIR,6,"PAJOLA, ALESSANDRO",23:04,10,0,0,3,4,1,2,0,0,0,6,0,1,0,0,4,2,11,-2.0
2024,72,1,P004888   ,1.0,1.0,VIR,8,"CLYBURN, WILL",27:38,11,4,8,1,5,0,0,1,2,3,5,1,2,1,0,2,2,11,2.0
2024,72,1,P001133   ,1.0,1.0,VIR,21,"SHENGELIA, TORNIKE",24:23,16,5,6,2,4,0,0,2,3,5,2,1,4,0,0,2,3,18,6.0
2024,72,1,P005738   ,0.0,0.0,VIR,24,"GRAZULIS, ANDREJS",DNP,0,0,0,0,0,0,0,0,0,0,0,0,0,0,0,0,0,0,0.0
2024,72,1,P012585   ,0.0,0.0,VIR,30,"MORGAN, MATTHEW",17:23,5,0,1,1,5,2,2,0,1,1,2,1,0,0,0,4,2,2,11.0
2024,72,1,P002084   ,0.0,0.0,VIR,33,"POLONARA, ACHILLE",16:17,6,0,0,2,2,0,2,0,3,3,2,1,0,0,0,0,2,12,-2.0
2024,72,1,P013374   ,0.0,0.0,VIR,35,"DIOUF, MOUHAMET",08:30,2,1,2,0,0,0,2,1,0,1,0,0,1,0,0,0,1,0,-1.0
2024,72,1,P004554   ,1.0,0.0,VIR,41,"ZIZIC, ANTE",28:49,14,6,12,0,0,2,3,7,2,9,1,4,1,2,2,1,5,24,11.0
2024,72,1,P011816   ,0.0,0.0,VIR,45,"AKELE, NICOLA",00:16,0,0,0,0,0,0,0,0,0,0,0,0,0,0,0,0,0,0,-3.0
2024,72,1,P012591   ,0.0,0.0,VIR,59,"TUCKER, RAYJON",10:02,2,1,2,0,0,0,0,1,1,2,0,0,0,0,0,1,0,2,-4.0
2024,72,1,Team,0.0,0.0,VIR,,Team,,0,0,0,0,0,0,0,2,1,3,0,0,0,0,0,0,0,3,
2024,72,1,Total,,,VIR,,Total,200:00,84,21,38,11,25,9,17,14,18,32,23,8,11,3,2,17,20,101,
2024,72,0,P006835   ,1.0,1.0,TEL,1,"HOARD, JAYLEN",33:35,7,2,7,1,2,0,0,4,4,8,1,1,1,0,1,2,3,10,-1.0
2024,72,0,P013389   ,0.0,0.0,TEL,5,"LEE, SABEN",11:07,5,1,4,0,2,3,4,0,2,2,2,1,3,0,2,0,4,3,-11.0
2024,72,0,P004233   ,0.0,0.0,TEL,8,"MENCO, RAFI",DNP,0,0,0,0,0,0,0,0,0,0,0,0,0,0,0,0,0,0,0.0
2024,72,0,P011219   ,0.0,1.0,TEL,9,"SORKIN, ROMAN",24:43,8,4,10,0,1,0,0,4,0,4,0,0,1,2,0,3,0,3,-6.0
2024,72,0,P013381   ,1.0,0.0,TEL,11,"RAYMAN, WILLIAM",12:02,2,1,1,0,0,0,0,0,0,0,0,1,0,0,0,5,0,-2,2.0
2024,72,0,P007990   ,0.0,1.0,TEL,12,"DIBARTOLOMEO, JOHN",17:59,9,0,1,3,4,0,0,1,0,1,1,0,0,0,0,3,2,8,-11.0
2024,72,0,P011214   ,1.0,0.0,TEL,14,"RIVERO, JASIEL",19:56,7,3,6,0,0,1,2,3,1,4,2,0,0,0,0,1,3,11,-3.0
2024,72,0,P005145   ,0.0,0.0,TEL,15,"COHEN, JAKE",DNP,0,0,0,0,0,0,0,0,0,0,0,0,0,0,0,0,0,0,0.0
2024,72,0,P013382   ,1.0,1.0,TEL,20,"RANDOLPH, LEVI",28:16,21,7,13,2,2,1,1,1,2,3,3,1,1,0,0,2,1,20,-9.0
2024,72,0,P007519   ,1.0,1.0,TEL,31,"JOKUBAITIS, ROKAS",29:49,10,5,7,0,3,0,0,2,3,5,6,2,5,0,0,0,3,16,8.0
2024,72,0,P013383   ,0.0,0.0,TEL,32,"GABRIEL, WENYEN",13:23,5,2,3,0,1,1,2,1,6,7,0,0,2,0,0,1,1,7,-5.0
2024,72,0,P013250   ,0.0,0.0,TEL,55,"DE JULIUS, DAVID",09:10,3,0,0,1,2,0,0,0,0,0,0,0,0,0,0,3,0,-1,1.0
2024,72,0,Team,0.0,0.0,TEL,,Team,,0,0,0,0,0,0,0,1,0,1,0,0,0,0,0,0,0,1,
2024,72,0,Total,,,TEL,,Total,200:00,77,25,52,7,17,6,9,17,18,35,15,6,13,2,3,20,17,76,
2024,73,1,P002849   ,0.0,1.0,ULK,4,"MELLI, NICOLO",23:14,9,3,3,1,1,0,0,2,6,8,2,0,2,0,0,3,1,15,13.0
2024,73,1,P002968   ,0.0,0.0,ULK,5,"SANLI, SERTAC",16:36,7,2,3,1,1,0,0,0,4,4,0,0,0,0,0,0,2,12,3.0
2024,73,1,P013396   ,0.0,0.0,ULK,9,"MAYS, SKYLAR",11:51,2,0,1,0,1,2,2,0,1,1,1,1,0,0,0,1,1,3,5.0
2024,73,1,P008962   ,1.0,1.0,ULK,11,"HAYES-DAVIS, NIGEL",29:03,25,6,10,4,8,1,1,0,8,8,1,1,2,0,0,2,5,28,0.0
2024,73,1,P006961   ,0.0,1.0,ULK,13,"BIBEROVIC, TARIK",23:04,11,1,2,3,5,0,0,0,0,0,0,1,2,0,0,2,0,5,12.0
2024,73,1,P011205   ,1.0,1.0,ULK,20,"HALL, DEVON",30:09,12,3,5,2,5,0,0,0,1,1,7,1,2,0,0,2,2,14,11.0
2024,73,1,P010560   ,0.0,0.0,ULK,21,"PIERRE, DYSHAWN",DNP,0,0,0,0,0,0,0,0,0,0,0,0,0,0,0,0,0,0,0.0
2024,73,1,P004004   ,0.0,1.0,ULK,23,"GUDURIC, MARKO",21:23,6,2,4,0,2,2,2,0,1,1,3,0,1,0,2,3,1,1,5.0
2024,73,1,P008104   ,1.0,0.0,ULK,32,"ZAGARS, ARTURS",16:37,2,0,0,0,3,2,2,1,1,2,4,0,1,0,0,4,2,2,1.0
2024,73,1,P009783   ,1.0,0.0,ULK,50,"COLSON, BONZIE",16:56,11,4,5,1,2,0,0,1,2,3,1,0,0,0,0,1,2,14,-1.0
2024,73,1,PLMG      ,0.0,0.0,ULK,51,"MARJANOVIC, BOBAN",DNP,0,0,0,0,0,0,0,0,0,0,0,0,0,0,0,0,0,0,0.0
2024,73,1,P007182   ,1.0,0.0,ULK,92,"BIRCH, KHEM",11:07,2,1,3,0,0,0,0,3,2,5,0,1,1,0,0,1,0,4,6.0
2024,73,1,Team,0.0,0.0,ULK,,Team,,0,0,0,0,0,0,0,0,0,0,0,0,1,0,0,0,0,-1,
2024,73,1,Total,,,ULK,,Total,200:00,87,22,36,12,28,7,7,7,26,33,19,5,12,0,2,19,16,97,
2024,73,0,P010391   ,1.0,1.0,MUN,0,"WEILER-BABB, NICK",32:35,7,3,4,0,4,1,1,1,5,6,5,0,3,0,0,3,1,8,-2.0
2024,73,0,P011244   ,0.0,1.0,MUN,1,"DA SILVA, OSCAR",23:21,10,5,5,0,3,0,0,0,2,2,1,1,1,2,0,2,3,13,-6.0
2024,73,0,P011987   ,1.0,0.0,MUN,3,"EDWARDS, CARSEN",32:47,24,4,9,3,10,7,8,1,1,2,5,1,0,0,0,3,7,23,-4.0
2024,73,0,P007201   ,1.0,0.0,MUN,7,"VOIGTMANN, JOHANNES",26:26,2,0,0,0,1,2,2,1,5,6,3,0,2,0,0,0,1,9,-4.0
2024,73,0,P011224   ,0.0,0.0,MUN,8,"NAPIER, SHABAZZ",14:18,3,0,2,1,2,0,0,0,1,1,1,2,0,0,0,2,2,4,-8.0
2024,73,0,P012123   ,0.0,1.0,MUN,10,"KHARCHENKOV, IVAN",05:28,0,0,1,0,1,0,0,0,0,0,0,1,0,0,0,1,0,-2,-1.0
2024,73,0,P004508   ,1.0,0.0,MUN,13,"OBST, ANDREAS",26:15,6,0,0,2,5,0,0,0,1,1,1,0,1,0,0,1,1,4,-20.0
2024,73,0,P005460   ,0.0,1.0,MUN,20,"HARRIS, ELIAS",09:38,4,2,3,0,0,0,0,0,0,0,0,0,0,0,0,2,0,1,-20.0
2024,73,0,P007639   ,0.0,0.0,MUN,22,"BRANKOVIC, DANKO",DNP,0,0,0,0,0,0,0,0,0,0,0,0,0,0,0,0,0,0,0.0
2024,73,0,P007056   ,1.0,0.0,MUN,31,"BOOKER, DEVIN",28:04,20,5,6,2,3,4,4,0,4,4,3,2,2,0,0,2,4,27,11.0
2024,73,0,P011052   ,0.0,0.0,MUN,41,"MADAR, YAM",DNP,0,0,0,0,0,0,0,0,0,0,0,0,0,0,0,0,0,0,0.0
2024,73,0,P013368   ,0.0,1.0,MUN,53,"YEBO, KEVIN",01:08,0,0,0,0,0,0,0,0,0,0,0,0,0,0,0,0,0,0,-1.0
2024,73,0,Team,0.0,0.0,MUN,,Team,,0,0,0,0,0,0,0,1,3,4,0,0,0,0,0,0,0,4,
2024,73,0,Total,,,MUN,,Total,200:00,76,19,30,8,29,14,15,4,22,26,19,7,9,2,0,16,19,91,
2024,74,1,P011212   ,0.0,1.0,MCO,0,"OKOBO, ELIE",27:55,20,7,9,1,2,3,3,0,1,1,5,0,2,0,0,2,6,25,-2.0
2024,74,1,P011231   ,1.0,0.0,MCO,4,"BLOSSOMGAME, JARON",20:49,5,2,5,0,2,1,4,1,1,2,0,1,0,0,0,2,2,0,-11.0
2024,74,1,P009754   ,1.0,1.0,MCO,8,"LOYD, JORDAN",22:56,10,2,4,2,3,0,0,1,2,3,2,0,2,0,0,4,2,8,-6.0
2024,74,1,P005844   ,0.0,1.0,MCO,9,"PAPAGIANNIS, GEORGIOS",22:22,6,2,3,0,1,2,2,1,3,4,1,2,0,1,0,4,1,9,2.0
2024,74,1,P011226   ,0.0,1.0,MCO,11,"DIALLO, ALPHA",22:06,4,2,5,0,1,0,0,0,3,3,0,0,0,0,0,2,1,2,-11.0
2024,74,1,P004790   ,0.0,0.0,MCO,12,"CORNELIE, PETR",13:23,5,1,1,0,0,3,4,2,1,3,0,0,0,0,0,4,2,5,5.0
2024,74,1,PLCZ      ,1.0,0.0,MCO,20,"MOTIEJUNAS, DONATAS",17:38,10,4,9,0,1,2,2,5,3,8,1,2,1,0,0,3,1,12,-10.0
2024,74,1,P012515   ,0.0,0.0,MCO,22,"TARPEY, TERRY",DNP,0,0,0,0,0,0,0,0,0,0,0,0,0,0,0,0,0,0,0.0
2024,74,1,P008161   ,0.0,0.0,MCO,23,"BEGARIN, JUHANN",DNP,0,0,0,0,0,0,0,0,0,0,0,0,0,0,0,0,0,0,0.0
2024,74,1,P013365   ,1.0,0.0,MCO,30,"BROWN, VITTO",12:09,5,1,3,1,1,0,0,0,1,1,1,0,0,0,0,1,0,4,-4.0
2024,74,1,P008099   ,0.0,0.0,MCO,32,"STRAZEL, MATTHEW",14:29,5,0,2,1,2,2,2,0,0,0,1,0,1,0,0,1,2,3,2.0
2024,74,1,P005985   ,1.0,1.0,MCO,55,"JAMES, MIKE",26:13,20,5,6,2,5,4,7,0,5,5,3,1,3,0,1,0,6,24,-5.0
2024,74,1,Team,0.0,0.0,MCO,,Team,,0,0,0,0,0,0,0,0,0,0,0,0,0,0,0,0,0,0,
2024,74,1,Total,,,MCO,,Total,200:00,90,26,47,7,18,17,24,10,20,30,14,6,9,1,1,23,23,92,
2024,74,0,P009048   ,1.0,0.0,RED,0,"MILLER-MCINTYRE, CODI",27:57,20,7,10,1,4,3,4,0,3,3,3,0,2,0,1,5,2,13,13.0
2024,74,0,P010612   ,0.0,1.0,RED,3,"CANAAN, ISAIAH",24:30,11,1,1,3,7,0,0,0,2,2,1,1,0,1,0,2,1,11,4.0
2024,74,0,PJDR      ,0.0,0.0,RED,4,"TEODOSIC, MILOS",13:04,6,0,1,2,4,0,0,0,0,0,1,0,2,0,0,4,1,-1,-1.0
2024,74,0,P002553   ,0.0,1.0,RED,9,"MITROVIC, LUKA",08:58,5,2,2,0,0,1,2,1,1,2,0,0,1,0,0,1,3,7,4.0
2024,74,0,P004866   ,1.0,1.0,RED,12,"KALINIC, NIKOLA",32:13,8,2,2,1,1,1,2,1,8,9,5,0,1,0,0,2,3,21,13.0
2024,74,0,P004007   ,0.0,0.0,RED,13,"DOBRIC, OGNJEN",03:48,0,0,0,0,1,0,0,0,0,0,0,0,0,0,0,0,0,-1,-6.0
2024,74,0,P012786   ,1.0,0.0,RED,24,"DAUM, MIKE",09:14,0,0,1,0,2,0,0,0,1,1,0,0,1,0,0,0,0,-3,-11.0
2024,74,0,P011194   ,0.0,0.0,RED,30,"PETRUSEV, FILIP",22:20,25,4,6,2,3,11,11,2,5,7,1,1,0,0,0,4,11,38,10.0
2024,74,0,P006436   ,0.0,1.0,RED,31,"GIEDRAITIS, ROKAS",20:32,8,1,2,2,5,0,0,0,0,0,2,0,0,0,0,2,1,5,17.0
2024,74,0,P006240   ,1.0,0.0,RED,33,"PLAVSIC, UROS",08:42,4,2,3,0,0,0,2,1,1,2,1,1,0,0,0,1,1,5,-6.0
2024,74,0,P000848   ,1.0,0.0,RED,36,"NEDOVIC, NEMANJA",12:24,7,2,2,1,5,0,0,2,0,2,4,3,1,0,0,0,0,11,1.0
2024,74,0,P012044   ,0.0,1.0,RED,99,"DOS SANTOS, YAGO",16:18,4,2,3,0,1,0,0,0,1,1,4,0,2,0,0,2,0,3,2.0
2024,74,0,Team,0.0,0.0,RED,,Team,,0,0,0,0,0,0,0,5,0,5,0,0,0,0,0,0,0,5,
2024,74,0,Total,,,RED,,Total,200:00,98,23,33,12,33,16,21,12,22,34,22,6,10,1,1,23,23,114,
2024,75,1,P008384   ,1.0,1.0,BER,1,"PROCIDA, GABRIELE",36:11,29,9,14,1,4,8,8,2,2,4,1,3,1,1,0,3,5,31,5.0
2024,75,1,P012099   ,1.0,0.0,BER,2,"GROSBER, DORIAN",03:32,0,0,1,0,0,0,0,0,0,0,0,0,1,0,0,1,0,-3,-6.0
2024,75,1,P008173   ,0.0,1.0,BER,3,"SPAGNOLO, MATTEO",33:46,20,5,12,2,4,4,4,0,5,5,9,0,5,0,2,2,7,23,11.0
2024,75,1,P012100   ,0.0,0.0,BER,8,"NUFER, ANTON",05:55,0,0,0,0,0,0,0,0,1,1,0,0,1,0,0,2,0,-2,0.0
2024,75,1,P007025   ,0.0,1.0,BER,9,"MATTISSECK, JONAS",32:32,21,3,6,5,10,0,1,0,3,3,0,2,1,0,0,4,2,14,11.0
2024,75,1,P006251   ,1.0,1.0,BER,10,"SCHNEIDER, TIM",34:00,8,0,0,2,4,2,2,0,5,5,1,2,0,1,0,3,2,14,3.0
2024,75,1,P007550   ,1.0,0.0,BER,18,"SAMAR, ZIGA",18:48,0,0,0,0,1,0,0,0,0,0,3,0,1,0,0,0,0,1,-16.0
2024,75,1,P011626   ,0.0,1.0,BER,22,"DOERRIES, AMON",06:27,0,0,0,0,0,0,0,0,0,0,0,0,0,0,0,1,0,-1,-5.0
2024,75,1,P011631   ,1.0,0.0,BER,25,"RAPIEQUE, ELIAS",23:22,4,2,3,0,1,0,0,1,3,4,3,0,3,0,0,5,1,2,2.0
2024,75,1,P012604   ,0.0,0.0,BER,50,"WILLIAMS, TREVION",30:27,23,7,10,1,1,6,8,4,7,11,5,2,3,0,0,5,5,33,15.0
2024,75,1,Team,0.0,0.0,BER,,Team,,0,0,0,0,0,0,0,1,3,4,0,0,1,0,0,0,0,3,
2024,75,1,Total,,,BER,,Total,225:00,105,26,46,11,25,20,23,8,29,37,22,9,17,2,2,26,22,115,
2024,75,0,P006085   ,1.0,0.0,MIL,1,"DIMITRIJEVIC, NENO",31:04,14,6,12,0,3,2,2,1,1,2,5,2,5,0,1,2,1,7,-2.0
2024,75,0,P011064   ,0.0,1.0,MIL,2,"MANNION, NICCOLO",14:17,6,1,1,1,3,1,2,0,0,0,3,2,4,0,0,4,2,2,-2.0
2024,75,0,P001392   ,0.0,0.0,MIL,5,"CAUSEUR, FABIEN",23:29,6,3,3,0,0,0,0,2,1,3,3,1,4,0,0,3,1,7,-18.0
2024,75,0,P006509   ,0.0,1.0,MIL,7,"TONUT, STEFANO",17:37,10,1,3,2,3,2,2,2,0,2,0,0,0,1,0,2,1,9,11.0
2024,75,0,P008985   ,1.0,1.0,MIL,10,"BOLMARO, LEANDRO",31:39,6,3,5,0,5,0,1,0,3,3,5,3,0,0,0,1,2,10,-4.0
2024,75,0,P013384   ,0.0,0.0,MIL,12,"BROOKS, ARMONI",10:45,5,1,2,1,5,0,0,0,2,2,1,0,1,0,0,1,0,1,3.0
2024,75,0,P008987   ,1.0,1.0,MIL,16,"LEDAY, ZACH",35:02,23,5,6,1,2,10,11,2,3,5,1,1,0,0,0,4,9,32,6.0
2024,75,0,P001518   ,1.0,0.0,MIL,17,"RICCI, GIAMPAOLO",19:00,3,0,0,1,2,0,0,0,3,3,1,2,2,1,0,1,0,6,-8.0
2024,75,0,P005670   ,0.0,0.0,MIL,21,"FLACCADORI, DIEGO",DNP,0,0,0,0,0,0,0,0,0,0,0,0,0,0,0,0,0,0,0.0
2024,75,0,P006721   ,0.0,0.0,MIL,30,"CARUSO, GUGLIELMO",05:20,0,0,1,0,0,0,0,1,1,2,0,0,0,0,1,1,0,-1,-1.0
2024,75,0,P000796   ,1.0,1.0,MIL,33,"MIROTIC, NIKOLA",34:38,28,4,9,3,9,11,12,3,7,10,1,0,1,0,0,3,9,32,-3.0
2024,75,0,P013386   ,0.0,0.0,MIL,35,"MC CORMACK, DAVID",02:09,0,0,0,0,0,0,0,0,0,0,0,0,0,0,0,0,1,1,-2.0
2024,75,0,Team,0.0,0.0,MIL,,Team,,0,0,0,0,0,0,0,3,4,7,0,0,0,0,0,0,0,7,
2024,75,0,Total,,,MIL,,Total,225:00,101,24,42,9,32,26,30,14,25,39,20,11,17,2,2,22,26,113,
2024,76,1,P008855   ,1.0,1.0,OLY,0,"WALKUP, THOMAS",27:46,9,0,1,2,2,3,3,0,4,4,7,3,4,0,0,4,3,17,6.0
2024,76,1,P007982   ,0.0,1.0,OLY,1,"WILLIAMS-GOSS, NIGEL",19:07,2,0,2,0,1,2,2,0,0,0,2,0,1,0,0,2,2,0,1.0
2024,76,1,P012878   ,0.0,0.0,OLY,2,"WRIGHT, MOSES",07:32,3,0,2,0,0,3,4,0,1,1,0,0,0,0,0,1,3,3,1.0
2024,76,1,P007947   ,0.0,0.0,OLY,8,"VILDOZA, LUCA",13:44,8,0,0,2,3,2,2,0,1,1,4,0,2,0,0,1,1,10,3.0
2024,76,1,P008811   ,0.0,0.0,OLY,10,"FALL, MOUSTAPHA",09:16,7,3,3,0,0,1,1,1,1,2,0,0,0,0,0,3,1,7,3.0
2024,76,1,P003469   ,1.0,1.0,OLY,14,"VEZENKOV, SASHA",30:00,21,7,10,1,5,4,6,1,3,4,4,0,2,0,1,1,3,19,5.0
2024,76,1,P001255   ,1.0,0.0,OLY,16,"PAPANIKOLAOU, KOSTAS",10:00,3,0,1,1,1,0,0,0,0,0,3,0,0,0,0,0,0,5,-5.0
2024,76,1,P009849   ,0.0,0.0,OLY,22,"DORSEY, TYLER",05:06,0,0,0,0,0,0,0,0,1,1,0,0,2,0,0,1,0,-2,-1.0
2024,76,1,P008829   ,0.0,1.0,OLY,25,"PETERS, ALEC",10:06,5,1,5,1,1,0,0,1,1,2,0,0,0,0,1,0,1,3,-3.0
2024,76,1,P003941   ,1.0,0.0,OLY,33,"MILUTINOV, NIKOLA",23:06,13,4,5,0,0,5,7,4,3,7,2,1,0,2,0,2,6,26,-2.0
2024,76,1,P007853   ,0.0,0.0,OLY,77,"MCKISSIC, SHAQUIELLE",15:45,3,0,2,0,3,3,4,0,0,0,0,1,0,0,0,0,2,0,-5.0
2024,76,1,P013380   ,1.0,1.0,OLY,94,"FOURNIER, EVAN",28:32,20,4,7,3,8,3,4,0,2,2,1,3,0,1,1,1,3,19,7.0
2024,76,1,Team,0.0,0.0,OLY,,Team,,0,0,0,0,0,0,0,3,2,5,0,0,0,0,0,0,0,5,
2024,76,1,Total,,,OLY,,Total,200:00,94,19,38,10,24,26,33,10,19,29,23,8,11,3,3,16,25,112,
2024,76,0,P013371   ,1.0,1.0,ASV,1,"HARRISON, SHAQUILLE",32:09,15,6,12,1,1,0,0,2,4,6,6,3,2,0,1,2,0,19,1.0
2024,76,0,PKIR      ,0.0,0.0,ASV,5,"KAHUDI, CHARLES",19:21,6,3,5,0,3,0,0,1,1,2,0,0,3,0,1,5,1,-5,-5.0
2024,76,0,P007027   ,1.0,1.0,ASV,6,"MALEDON, THEO",31:18,31,4,9,4,8,11,12,1,6,7,5,1,3,0,1,3,10,37,-6.0
2024,76,0,P004194   ,1.0,0.0,ASV,7,"LAUVERGNE, JOFFREY",27:26,16,6,7,1,2,1,1,2,4,6,3,1,0,0,0,3,2,23,6.0
2024,76,0,P002100   ,0.0,0.0,ASV,12,"DE COLO, NANDO",DNP,0,0,0,0,0,0,0,0,0,0,0,0,0,0,0,0,0,0,0.0
2024,76,0,P010545   ,0.0,0.0,ASV,13,"SAKO, NEAL",DNP,0,0,0,0,0,0,0,0,0,0,0,0,0,0,0,0,0,0,0.0
2024,76,0,P013405   ,0.0,1.0,ASV,21,"ROBERSON, ANDRE",19:20,1,0,1,0,1,1,2,2,7,9,1,1,3,0,0,3,2,5,-4.0
2024,76,0,P003526   ,1.0,1.0,ASV,23,"LIGHTY, DAVID",30:25,10,2,5,2,3,0,0,2,0,2,1,0,1,0,0,3,0,5,10.0
2024,76,0,P012731   ,1.0,1.0,ASV,24,"NDIAYE, MBAYE",22:00,11,1,3,3,3,0,0,0,2,2,0,0,1,3,0,2,0,11,3.0
2024,76,0,P008991   ,0.0,0.0,ASV,28,"BLACK, TARIK",12:28,2,1,2,0,0,0,0,2,1,3,1,0,1,0,0,2,1,3,-8.0
2024,76,0,P012263   ,0.0,0.0,ASV,30,"SISSOKO, YOHANN",05:33,0,0,0,0,0,0,0,0,0,0,0,0,2,0,0,2,0,-4,-7.0
2024,76,0,P013377   ,0.0,0.0,ASV,34,"PAUL, MBIYA",DNP,0,0,0,0,0,0,0,0,0,0,0,0,0,0,0,0,0,0,0.0
2024,76,0,Team,0.0,0.0,ASV,,Team,,0,0,0,0,0,0,0,1,1,2,0,0,0,0,0,0,0,2,
2024,76,0,Total,,,ASV,,Total,200:00,92,23,44,11,21,13,15,13,26,39,17,6,16,3,3,25,16,96,
2024,77,1,P011209   ,0.0,0.0,PAN,0,"KALAITZAKIS, PANAGIOTIS",06:53,1,0,0,0,0,1,2,0,0,0,0,1,0,0,0,0,1,2,-1.0
2024,77,1,P009622   ,1.0,0.0,PAN,2,"BROWN, LORENZO",13:42,6,3,4,0,1,0,0,0,2,2,5,0,2,0,0,2,0,7,1.0
2024,77,1,P006544   ,0.0,0.0,PAN,6,"MORAITIS, DIMITRIS",DNP,0,0,0,0,0,0,0,0,0,0,0,0,0,0,0,0,0,0,0.0
2024,77,1,P001926   ,0.0,0.0,PAN,10,"SLOUKAS, KOSTAS",12:24,0,0,0,0,2,0,0,0,0,0,5,1,2,0,0,1,0,1,-11.0
2024,77,1,P004088   ,0.0,1.0,PAN,16,"OSMAN, CEDI",15:37,12,2,2,2,4,2,2,0,2,2,0,0,1,0,0,3,2,10,10.0
2024,77,1,P005161   ,1.0,0.0,PAN,21,"PAPAPETROU, IOANNIS",06:34,0,0,1,0,1,0,0,0,0,0,0,1,1,0,0,0,2,0,-3.0
2024,77,1,P011204   ,0.0,1.0,PAN,22,"GRANT, JERIAN",28:18,11,4,6,0,1,3,4,0,1,1,3,1,0,1,0,2,5,16,15.0
2024,77,1,P012774   ,1.0,1.0,PAN,25,"NUNN, KENDRICK",36:38,21,6,10,2,3,3,3,0,2,2,4,0,3,1,1,4,4,19,4.0
2024,77,1,P003842   ,1.0,1.0,PAN,26,"LESSORT, MATHIAS",30:57,18,6,7,0,0,6,8,3,3,6,2,2,5,1,1,4,5,21,20.0
2024,77,1,P012712   ,0.0,1.0,PAN,41,"HERNANGOMEZ, JUANCHO",29:00,12,3,5,2,4,0,1,2,5,7,3,2,0,0,0,0,3,22,14.0
2024,77,1,P007866   ,1.0,0.0,PAN,44,"MITOGLOU, KONSTANTINOS",11:00,6,3,3,0,0,0,0,0,0,0,0,0,0,0,0,1,0,5,-8.0
2024,77,1,P005353   ,0.0,0.0,PAN,77,"YURTSEVEN, OMER",08:57,6,3,4,0,0,0,0,0,2,2,1,0,2,0,0,2,1,5,-11.0
2024,77,1,Team,0.0,0.0,PAN,,Team,,0,0,0,0,0,0,0,3,2,5,0,0,1,0,0,0,0,4,
2024,77,1,Total,,,PAN,,Total,200:00,93,30,42,6,16,15,20,8,19,27,23,8,17,3,2,19,23,112,
2024,77,0,P006835   ,1.0,1.0,TEL,1,"HOARD, JAYLEN",34:51,14,5,7,0,1,4,4,1,4,5,0,2,0,0,0,4,3,17,-3.0
2024,77,0,P013389   ,0.0,1.0,TEL,5,"LEE, SABEN",17:13,10,2,6,1,2,3,4,1,1,2,0,1,0,0,1,2,3,7,2.0
2024,77,0,P004233   ,0.0,0.0,TEL,8,"MENCO, RAFI",DNP,0,0,0,0,0,0,0,0,0,0,0,0,0,0,0,0,0,0,0.0
2024,77,0,P011219   ,0.0,0.0,TEL,9,"SORKIN, ROMAN",29:09,21,7,10,1,4,4,4,5,2,7,2,2,3,1,1,2,2,23,-7.0
2024,77,0,P013381   ,0.0,1.0,TEL,11,"RAYMAN, WILLIAM",15:35,5,2,3,0,1,1,2,0,2,2,0,0,0,0,0,2,2,4,6.0
2024,77,0,P007990   ,0.0,0.0,TEL,12,"DIBARTOLOMEO, JOHN",DNP,0,0,0,0,0,0,0,0,0,0,0,0,0,0,0,0,0,0,0.0
2024,77,0,P005145   ,0.0,0.0,TEL,15,"COHEN, JAKE",DNP,0,0,0,0,0,0,0,0,0,0,0,0,0,0,0,0,0,0,0.0
2024,77,0,P013382   ,1.0,0.0,TEL,20,"RANDOLPH, LEVI",30:20,8,4,8,0,1,0,0,1,2,3,1,0,2,0,0,1,3,7,-11.0
2024,77,0,P007519   ,1.0,1.0,TEL,31,"JOKUBAITIS, ROKAS",26:59,13,2,6,2,5,3,4,2,2,4,5,1,2,0,1,2,3,13,-12.0
2024,77,0,P013383   ,1.0,0.0,TEL,32,"GABRIEL, WENYEN",12:04,6,3,4,0,1,0,0,1,2,3,2,2,3,1,0,5,0,4,1.0
2024,77,0,P011193   ,1.0,0.0,TEL,45,"BLATT, TAMIR",22:07,6,1,1,1,3,1,1,0,0,0,8,0,3,0,0,2,1,8,-7.0
2024,77,0,P013250   ,0.0,1.0,TEL,55,"DE JULIUS, DAVID",11:42,4,2,2,0,1,0,0,1,0,1,2,1,0,0,0,3,1,5,1.0
2024,77,0,Team,0.0,0.0,TEL,,Team,,0,0,0,0,0,0,0,1,3,4,0,0,1,0,0,0,0,3,
2024,77,0,Total,,,TEL,,Total,200:00,87,28,47,5,19,16,19,13,18,31,20,9,14,2,3,23,18,91,
2024,78,1,P011948   ,0.0,1.0,BAS,0,"HOWARD, MARKUS",20:40,0,0,0,0,4,0,0,0,0,0,3,0,2,0,0,3,1,-5,-17.0
2024,78,1,P008850   ,0.0,0.0,BAS,2,"RAIESTE, SANDER",DNP,0,0,0,0,0,0,0,0,0,0,0,0,0,0,0,0,0,0,0.0
2024,78,1,P007230   ,1.0,1.0,BAS,8,"SEDEKERSKIS, TADAS",25:36,9,3,4,1,3,0,0,4,3,7,0,0,0,0,0,0,3,16,4.0
2024,78,1,P012080   ,0.0,1.0,BAS,9,"LUWAWU-CABARROT, TIMOTHE",17:07,5,2,5,0,1,1,1,1,2,3,3,0,0,1,0,4,3,7,-1.0
2024,78,1,P004058   ,0.0,0.0,BAS,10,"JARAMAZ, OGNJEN",07:56,0,0,2,0,0,0,0,0,1,1,2,0,1,0,0,1,0,-1,-9.0
2024,78,1,P013367   ,1.0,1.0,BAS,11,"FORREST, TRENT",25:53,8,2,9,0,1,4,5,1,1,2,5,0,1,0,1,1,4,7,-6.0
2024,78,1,P011085   ,0.0,0.0,BAS,17,"ROGKAVOPOULOS, NIKOLAOS",14:17,8,1,1,2,3,0,0,0,1,1,0,1,0,0,0,1,0,8,-2.0
2024,78,1,P008072   ,0.0,0.0,BAS,18,"DIOP, KHALIFA",28:41,13,6,8,0,0,1,2,6,3,9,0,1,0,0,2,2,1,17,5.0
2024,78,1,P012597   ,1.0,0.0,BAS,44,"BALDWIN, KAMAR",13:07,5,1,3,1,2,0,0,1,0,1,3,0,0,0,1,1,1,5,9.0
2024,78,1,P011196   ,1.0,0.0,BAS,45,"HALL, DONTA",10:47,8,3,4,0,0,2,3,0,0,0,0,1,0,0,0,4,2,5,-9.0
2024,78,1,P012058   ,0.0,0.0,BAS,46,"NDIAYE, OUSMANE",07:50,6,0,1,2,2,0,0,0,1,1,0,0,1,0,0,0,0,5,0.0
2024,78,1,P012201   ,1.0,1.0,BAS,95,"MONEKE, CHIMA",28:06,22,8,10,1,6,3,5,1,4,5,2,1,1,0,1,3,6,22,1.0
2024,78,1,Team,0.0,0.0,BAS,,Team,,0,0,0,0,0,0,0,1,2,3,0,0,2,0,0,0,0,1,
2024,78,1,Total,,,BAS,,Total,200:00,84,26,47,7,22,11,16,15,18,33,18,4,8,1,5,20,21,87,
2024,78,0,P006590   ,1.0,1.0,IST,1,"BEAUBOIS, RODRIGUE",27:33,16,0,3,5,6,1,2,0,2,2,3,1,1,0,0,3,2,15,-1.0
2024,78,0,P013363   ,1.0,0.0,IST,3,"NWORA, JORDAN",16:06,5,1,2,1,3,0,0,0,1,1,0,1,3,0,0,1,0,0,-2.0
2024,78,0,P009846   ,0.0,1.0,IST,6,"BRYANT, ELIJAH",27:29,20,5,9,2,4,4,4,3,5,8,6,0,1,0,0,3,6,30,17.0
2024,78,0,P007109   ,0.0,0.0,IST,11,"SMITS, ROLANDS",13:27,5,1,3,0,1,3,3,0,1,1,0,0,1,0,0,1,3,4,2.0
2024,78,0,P011078   ,1.0,1.0,IST,13,"THOMPSON, DARIUS",26:56,18,1,5,4,7,4,4,0,1,1,4,0,0,0,0,2,3,17,-1.0
2024,78,0,P013364   ,0.0,0.0,IST,14,"JOHNSON, STANLEY",11:56,5,1,3,1,1,0,0,0,0,0,0,0,0,0,0,1,0,2,-2.0
2024,78,0,P004887   ,0.0,1.0,IST,17,"POIRIER, VINCENT",21:52,11,5,8,0,0,1,1,4,3,7,1,0,1,3,0,4,1,15,16.0
2024,78,0,P006640   ,0.0,0.0,IST,18,"OZDEMIROGLU, DOGUS",09:49,2,1,1,0,2,0,0,0,1,1,1,0,1,0,0,3,0,-2,7.0
2024,78,0,P009513   ,0.0,0.0,IST,21,"HOLLATZ, JUSTUS",00:11,0,0,0,0,0,0,0,0,0,0,0,0,0,0,0,0,0,0,-3.0
2024,78,0,P012710   ,1.0,0.0,IST,24,"OSMANI, ERCAN",13:37,2,0,0,0,1,2,2,1,0,1,0,0,2,0,0,2,2,0,-6.0
2024,78,0,P012788   ,1.0,0.0,IST,25,"OTURU, DAN",17:57,2,1,3,0,0,0,0,3,5,8,0,0,1,2,1,2,1,7,-8.0
2024,78,0,P009664   ,0.0,1.0,IST,35,"WILLIS, DEREK",13:07,3,0,0,1,3,0,0,2,0,2,1,0,0,0,0,0,0,4,6.0
2024,78,0,Team,0.0,0.0,IST,,Team,,0,0,0,0,0,0,0,4,0,4,0,0,0,0,0,0,0,4,
2024,78,0,Total,,,IST,,Total,200:00,89,16,37,14,28,15,16,17,19,36,16,2,11,5,1,22,18,96,
2024,79,1,P012199   ,0.0,1.0,MAD,2,"DURU, DECLAN",00:57,0,0,1,0,0,0,0,0,0,0,0,0,0,0,1,0,0,-2,-4.0
2024,79,1,P003733   ,1.0,1.0,MAD,6,"ABALDE, ALBERTO",16:20,8,1,2,2,2,0,0,0,1,1,0,0,0,0,1,2,1,6,2.0
2024,79,1,P005928   ,1.0,0.0,MAD,7,"CAMPAZZO, FACUNDO",23:56,14,4,7,1,4,3,3,1,3,4,9,2,0,0,1,0,5,27,19.0
2024,79,1,P013378   ,0.0,1.0,MAD,8,"RATHAN-MAYES, XAVIER",22:22,17,1,1,5,10,0,0,0,1,1,2,0,1,0,0,1,4,17,0.0
2024,79,1,P011649   ,0.0,1.0,MAD,9,"GONZALEZ, HUGO",07:16,0,0,0,0,0,0,0,1,0,1,2,0,1,0,0,1,0,1,3.0
2024,79,1,P003108   ,1.0,0.0,MAD,11,"HEZONJA, MARIO",30:15,20,4,7,4,8,0,0,0,5,5,1,0,1,0,0,2,1,17,6.0
2024,79,1,P009005   ,0.0,0.0,MAD,14,"DECK, GABRIEL",22:25,6,2,2,0,1,2,2,1,5,6,1,1,1,0,0,3,2,11,10.0
2024,79,1,P012168   ,0.0,1.0,MAD,15,"GUEYE, SIDI",00:26,0,0,0,0,0,0,0,0,0,0,0,0,0,0,0,0,0,0,-4.0
2024,79,1,P003583   ,0.0,0.0,MAD,18,"IBAKA, SERGE",16:31,11,4,8,1,2,0,0,4,2,6,0,0,0,0,0,3,0,9,1.0
2024,79,1,P005791   ,1.0,0.0,MAD,22,"TAVARES, WALTER",23:03,14,5,5,0,0,4,7,2,3,5,0,1,3,2,0,1,4,19,15.0
2024,79,1,PTGB      ,0.0,0.0,MAD,23,"LLULL, SERGIO",17:22,6,0,0,2,5,0,0,1,2,3,6,1,1,0,0,2,1,11,3.0
2024,79,1,P009213   ,1.0,0.0,MAD,30,"NDIAYE, ELI",19:07,2,1,2,0,3,0,0,1,3,4,3,0,0,0,0,1,0,4,9.0
2024,79,1,Team,0.0,0.0,MAD,,Team,,0,0,0,0,0,0,0,1,2,3,0,0,1,0,0,0,0,2,
2024,79,1,Total,,,MAD,,Total,200:00,98,22,35,15,35,9,12,12,27,39,24,5,9,2,3,16,18,122,
2024,79,0,P009549   ,1.0,1.0,VIR,0,"CORDINIER, ISAIA",24:45,18,3,5,2,3,6,7,1,2,3,7,0,1,0,0,2,4,25,-12.0
2024,79,0,PBCN      ,0.0,0.0,VIR,3,"BELINELLI, MARCO",10:08,10,2,3,2,4,0,0,0,0,0,0,0,0,0,0,1,0,6,-10.0
2024,79,0,P006739   ,1.0,0.0,VIR,6,"PAJOLA, ALESSANDRO",21:25,0,0,0,0,2,0,0,1,0,1,2,0,0,0,0,3,1,-1,-2.0
2024,79,0,P004888   ,1.0,1.0,VIR,8,"CLYBURN, WILL",25:59,15,3,6,3,5,0,0,0,3,3,1,1,1,0,0,1,1,14,2.0
2024,79,0,P001133   ,1.0,0.0,VIR,21,"SHENGELIA, TORNIKE",24:54,20,5,9,3,3,1,1,1,4,5,2,0,1,0,0,0,2,24,-11.0
2024,79,0,P001844   ,0.0,0.0,VIR,23,"HACKETT, DANIEL",08:35,0,0,0,0,1,0,0,0,0,0,1,0,0,0,0,2,0,-2,-7.0
2024,79,0,P005738   ,0.0,0.0,VIR,24,"GRAZULIS, ANDREJS",DNP,0,0,0,0,0,0,0,0,0,0,0,0,0,0,0,0,0,0,0.0
2024,79,0,P012585   ,0.0,1.0,VIR,30,"MORGAN, MATTHEW",12:13,3,0,1,1,4,0,0,0,1,1,2,0,1,0,0,0,2,3,-3.0
2024,79,0,P002084   ,0.0,1.0,VIR,33,"POLONARA, ACHILLE",15:06,0,0,0,0,1,0,0,0,2,2,0,1,0,1,0,1,1,3,-1.0
2024,79,0,P013374   ,0.0,1.0,VIR,35,"DIOUF, MOUHAMET",16:27,10,3,6,0,0,4,6,2,2,4,1,0,0,0,1,3,3,9,-5.0
2024,79,0,P004554   ,1.0,0.0,VIR,41,"ZIZIC, ANTE",23:33,8,4,7,0,0,0,0,1,6,7,0,1,1,2,1,2,0,11,-7.0
2024,79,0,P012591   ,0.0,0.0,VIR,59,"TUCKER, RAYJON",16:55,2,1,2,0,3,0,0,0,0,0,0,0,1,0,0,3,2,-4,-4.0
2024,79,0,Team,0.0,0.0,VIR,,Team,,0,0,0,0,0,0,0,0,0,0,0,0,0,0,0,0,0,0,
2024,79,0,Total,,,VIR,,Total,200:00,86,21,39,11,26,11,14,6,20,26,16,3,6,3,2,18,16,88,
2024,80,1,P007870   ,0.0,0.0,PAR,0,"DAVIES, BRANDON",16:50,5,1,3,1,1,0,1,2,3,5,3,1,2,0,0,4,1,6,-5.0
2024,80,1,P010781   ,0.0,1.0,PAR,1,"LUNDBERG, IFFE",18:50,5,0,3,0,4,5,5,1,0,1,1,0,1,0,0,3,4,0,-20.0
2024,80,1,P013369   ,1.0,1.0,PAR,2,"JONES, CARLIK",32:14,17,4,10,2,6,3,4,1,2,3,3,0,4,0,1,2,3,8,-7.0
2024,80,1,P006591   ,0.0,1.0,PAR,3,"NTILIKINA, FRANK",17:21,3,0,0,1,2,0,0,0,2,2,1,1,1,0,0,1,0,4,-12.0
2024,80,1,P013370   ,0.0,1.0,PAR,4,"WASHINGTON, DUANE",15:41,7,0,1,1,5,4,4,0,1,1,2,2,1,0,0,1,3,8,20.0
2024,80,1,P011050   ,0.0,0.0,PAR,5,"KOPRIVICA, BALSA",DNP,0,0,0,0,0,0,0,0,0,0,0,0,0,0,0,0,0,0,0.0
2024,80,1,P012167   ,1.0,0.0,PAR,8,"BOSNJAKOVIC, MITAR",19:11,6,3,4,0,2,0,0,3,1,4,2,2,0,0,1,1,0,9,8.0
2024,80,1,P008232   ,0.0,0.0,PAR,11,"POKUSEVSKI, ALEKSEJ",17:38,12,2,2,1,3,5,5,0,3,3,1,2,1,0,0,4,4,15,7.0
2024,80,1,P012720   ,1.0,0.0,PAR,12,"BROWN, STERLING",16:37,10,1,4,1,3,5,5,1,0,1,1,0,2,0,0,0,4,9,-13.0
2024,80,1,P006760   ,1.0,0.0,PAR,17,"BONGA, ISAAC",19:28,8,1,2,1,1,3,3,3,1,4,0,1,0,0,1,2,2,11,-19.0
2024,80,1,P011836   ,0.0,0.0,PAR,24,"MIKE, ISIAHA",DNP,0,0,0,0,0,0,0,0,0,0,0,0,0,0,0,0,0,0,0.0
2024,80,1,P011981   ,1.0,1.0,PAR,88,"JONES, TYRIQUE",26:10,6,2,8,0,0,2,4,3,5,8,2,1,0,0,1,0,2,10,1.0
2024,80,1,Team,0.0,0.0,PAR,,Team,,0,0,0,0,0,0,0,0,1,1,0,0,0,0,0,0,0,1,
2024,80,1,Total,,,PAR,,Total,200:00,79,14,37,8,27,27,31,14,19,33,16,10,12,0,4,18,23,81,
2024,80,0,P009862   ,1.0,0.0,BAR,0,"PUNTER, KEVIN",31:28,18,4,6,2,5,4,4,0,2,2,1,2,2,0,0,1,3,18,5.0
2024,80,0,P012795   ,0.0,1.0,BAR,1,"ANDERSON, JUSTIN",26:25,7,2,3,1,4,0,0,2,4,6,3,1,0,1,0,2,1,13,9.0
2024,80,0,P000925   ,1.0,1.0,BAR,6,"VESELY, JAN",25:45,12,4,9,0,0,4,5,1,2,3,3,1,0,1,0,4,4,14,0.0
2024,80,0,P009992   ,0.0,0.0,BAR,8,"BRIZUELA, DARIO",09:36,4,1,1,0,3,2,2,0,1,1,1,0,1,0,0,2,2,2,0.0
2024,80,0,P013379   ,0.0,0.0,BAR,10,"METU, CHIMEZIE",21:11,10,5,9,0,2,0,0,3,5,8,1,1,3,1,0,2,1,11,9.0
2024,80,0,P002939   ,1.0,1.0,BAR,13,"SATORANSKY, TOMAS",22:30,2,0,1,0,4,2,2,1,1,2,9,0,4,0,0,3,3,4,14.0
2024,80,0,P003196   ,0.0,0.0,BAR,14,"HERNANGOMEZ, WILLY",DNP,0,0,0,0,0,0,0,0,0,0,0,0,0,0,0,0,0,0,0.0
2024,80,0,P010106   ,0.0,0.0,BAR,17,"NUNEZ, JUAN",15:26,4,2,2,0,2,0,0,2,4,6,4,1,4,0,0,3,1,7,-3.0
2024,80,0,P006568   ,0.0,0.0,BAR,19,"FALL, YOUSSOUPHA",03:04,4,1,1,0,0,2,2,1,0,1,0,0,1,0,0,1,1,4,-4.0
2024,80,0,P003478   ,1.0,1.0,BAR,21,"ABRINES, ALEX",14:35,9,0,0,3,4,0,0,0,3,3,0,0,0,0,0,3,1,9,-1.0
2024,80,0,P012745   ,1.0,1.0,BAR,22,"PARKER, JABARI",29:16,17,3,4,3,6,2,2,3,4,7,1,2,0,1,0,3,1,22,14.0
2024,80,0,P007464   ,0.0,0.0,BAR,44,"PARRA, JOEL",00:44,0,0,0,0,0,0,0,0,0,0,0,0,0,0,0,0,0,0,-3.0
2024,80,0,Team,0.0,0.0,BAR,,Team,,0,0,0,0,0,0,0,2,2,4,0,0,0,0,0,0,0,4,
2024,80,0,Total,,,BAR,,Total,200:00,87,22,36,9,30,16,17,15,28,43,23,8,15,4,0,24,18,108,
2024,81,1,P012608   ,1.0,1.0,PRS,0,"SHORTS, TJ",28:57,21,6,11,2,3,3,5,0,1,1,6,0,2,0,0,2,8,24,13.0
2024,81,1,P012609   ,0.0,0.0,PRS,1,"MALCOLM, COLLIN",19:49,17,4,4,2,2,3,5,0,0,0,0,0,0,0,0,2,3,16,-5.0
2024,81,1,P012640   ,0.0,1.0,PRS,2,"HIFI, NADIR",16:23,10,1,4,2,7,2,3,0,5,5,0,1,0,0,0,1,3,9,-1.0
2024,81,1,P012610   ,1.0,1.0,PRS,3,"WARD, TYSON",28:57,6,2,4,0,2,2,2,1,4,5,3,0,2,1,0,1,3,11,11.0
2024,81,1,P013373   ,0.0,0.0,PRS,4,"CAVALIERE, LEOPOLD",10:09,3,1,1,0,0,1,2,0,1,1,0,0,0,0,0,3,1,1,-8.0
2024,81,1,P005793   ,0.0,0.0,PRS,5,"SY, BANDJA",12:44,3,0,1,1,2,0,0,0,4,4,1,0,1,1,0,4,2,4,-5.0
2024,81,1,P012611   ,0.0,0.0,PRS,7,"HERRERA, SEBASTIAN",DNP,0,0,0,0,0,0,0,0,0,0,0,0,0,0,0,0,0,0,0.0
2024,81,1,P004512   ,0.0,0.0,PRS,8,"KRATZER, LEON",09:20,2,0,0,0,0,2,2,1,2,3,1,0,2,0,0,3,1,2,1.0
2024,81,1,P007032   ,0.0,0.0,PRS,12,"LO, MAODO",14:31,5,1,1,1,3,0,0,0,0,0,2,0,3,0,0,0,0,2,-7.0
2024,81,1,P010390   ,1.0,0.0,PRS,13,"HAYES, KEVARRIUS",16:16,10,4,4,0,0,2,4,2,7,9,0,0,2,2,0,3,2,16,8.0
2024,81,1,P012613   ,1.0,1.0,PRS,20,"JANTUNEN, MIKAEL",28:33,6,1,2,1,3,1,2,1,3,4,4,0,0,0,0,3,1,8,18.0
2024,81,1,P004197   ,1.0,1.0,PRS,24,"OUATTARA, YAKUBA",14:21,0,0,1,0,0,0,0,0,2,2,0,1,2,1,0,1,0,0,5.0
2024,81,1,Team,0.0,0.0,PRS,,Team,,0,0,0,0,0,0,0,2,1,3,0,0,1,0,0,0,0,2,
2024,81,1,Total,,,PRS,,Total,200:00,83,20,33,9,22,16,25,7,30,37,17,2,15,5,0,23,24,95,
2024,81,0,P013403   ,1.0,0.0,ZAL,1,"WALKER IV, LONNIE",15:20,8,2,7,1,3,1,2,1,2,3,0,1,2,0,1,2,1,0,-8.0
2024,81,0,P007975   ,0.0,1.0,ZAL,3,"FRANCISCO, SYLVAIN",27:36,8,2,3,0,8,4,5,1,1,2,4,3,4,0,0,3,4,4,7.0
2024,81,0,P003210   ,0.0,0.0,ZAL,4,"LEKAVICIUS, LUKAS",DNP,0,0,0,0,0,0,0,0,0,0,0,0,0,0,0,0,0,0,0.0
2024,81,0,P011983   ,0.0,1.0,ZAL,8,"BRAZDEIKIS, IGNAS",16:42,15,5,8,1,2,2,2,0,3,3,2,3,1,0,1,2,1,16,7.0
2024,81,0,P007513   ,1.0,1.0,ZAL,9,"GIEDRAITIS, DOVYDAS",24:06,5,1,5,1,4,0,0,1,0,1,1,0,0,0,1,2,0,-3,-7.0
2024,81,0,P005504   ,0.0,0.0,ZAL,15,"BIRUTIS, LAURYNAS",12:40,11,5,6,0,0,1,2,2,2,4,0,0,0,0,0,4,3,12,3.0
2024,81,0,P012622   ,1.0,1.0,ZAL,21,"MITCHELL, MATTHEW",26:47,8,2,5,0,1,4,6,1,2,3,2,1,1,0,1,2,5,9,-8.0
2024,81,0,P003048   ,1.0,0.0,ZAL,42,"DUNSTON, BRYANT",12:42,0,0,0,0,0,0,0,1,2,3,0,0,0,0,0,3,2,2,-11.0
2024,81,0,P012715   ,1.0,0.0,ZAL,45,"MANEK, BRADY",03:51,0,0,0,0,0,0,0,0,0,0,0,0,0,0,0,0,0,0,-1.0
2024,81,0,P002676   ,0.0,1.0,ZAL,51,"BUTKEVICIUS, ARNAS",30:46,12,4,5,0,2,4,5,3,6,9,0,2,2,0,0,2,4,19,1.0
2024,81,0,P007029   ,0.0,0.0,ZAL,91,"SIRVYDIS, DEIVIDAS",10:12,3,0,2,1,2,0,0,2,0,2,0,0,1,0,1,1,0,-1,-8.0
2024,81,0,P002329   ,0.0,0.0,ZAL,92,"ULANOVAS, EDGARAS",19:18,7,2,2,0,1,3,3,1,1,2,2,1,1,0,0,3,3,10,-5.0
2024,81,0,Team,0.0,0.0,ZAL,,Team,,0,0,0,0,0,0,0,0,4,4,0,0,0,0,0,0,0,4,
2024,81,0,Total,,,ZAL,,Total,200:00,77,23,43,4,23,19,25,13,23,36,11,11,12,0,5,24,23,72,
2024,82,1,P013371   ,1.0,1.0,ASV,1,"HARRISON, SHAQUILLE",20:26,0,0,0,0,2,0,0,0,1,1,1,4,1,0,0,3,3,3,3.0
2024,82,1,PKIR      ,0.0,0.0,ASV,5,"KAHUDI, CHARLES",15:39,7,1,2,1,2,2,2,0,0,0,1,0,4,0,0,3,2,1,5.0
2024,82,1,P007027   ,1.0,1.0,ASV,6,"MALEDON, THEO",34:16,26,4,4,3,5,9,10,1,3,4,4,1,4,0,0,2,10,36,0.0
2024,82,1,P004194   ,1.0,0.0,ASV,7,"LAUVERGNE, JOFFREY",23:23,13,6,11,0,0,1,1,4,6,10,1,0,1,1,1,3,2,17,5.0
2024,82,1,P002100   ,0.0,0.0,ASV,12,"DE COLO, NANDO",22:59,8,1,4,1,3,3,3,0,1,1,5,0,3,0,1,2,3,6,4.0
2024,82,1,P010545   ,0.0,0.0,ASV,13,"SAKO, NEAL",11:46,2,1,2,0,0,0,0,0,0,0,0,0,1,0,0,2,1,-1,-2.0
2024,82,1,P013405   ,0.0,1.0,ASV,21,"ROBERSON, ANDRE",18:56,6,1,3,1,1,1,2,1,5,6,0,1,2,4,0,1,1,12,4.0
2024,82,1,P003526   ,1.0,1.0,ASV,23,"LIGHTY, DAVID",26:46,12,2,6,2,2,2,2,0,0,0,1,0,0,0,0,3,1,7,-3.0
2024,82,1,P012731   ,1.0,1.0,ASV,24,"NDIAYE, MBAYE",23:24,3,0,3,1,2,0,0,0,4,4,0,0,0,1,0,0,0,4,1.0
2024,82,1,P008991   ,0.0,0.0,ASV,28,"BLACK, TARIK",02:25,0,0,0,0,0,0,0,0,1,1,0,0,1,0,0,0,0,0,-2.0
2024,82,1,P012263   ,0.0,0.0,ASV,30,"SISSOKO, YOHANN",DNP,0,0,0,0,0,0,0,0,0,0,0,0,0,0,0,0,0,0,0.0
2024,82,1,P013377   ,0.0,0.0,ASV,34,"PAUL, MBIYA",DNP,0,0,0,0,0,0,0,0,0,0,0,0,0,0,0,0,0,0,0.0
2024,82,1,Team,0.0,0.0,ASV,,Team,,0,0,0,0,0,0,0,3,2,5,0,0,1,0,0,0,0,4,
2024,82,1,Total,,,ASV,,Total,200:00,77,16,35,9,17,18,20,9,23,32,13,6,18,6,2,19,23,89,
2024,82,0,P009048   ,1.0,1.0,RED,0,"MILLER-MCINTYRE, CODI",26:47,9,3,6,1,4,0,0,1,1,2,5,1,1,0,1,2,2,9,-4.0
2024,82,0,P010612   ,1.0,1.0,RED,3,"CANAAN, ISAIAH",27:39,14,1,5,4,6,0,0,1,2,3,1,2,1,0,0,3,0,10,0.0
2024,82,0,PJDR      ,0.0,1.0,RED,4,"TEODOSIC, MILOS",17:51,10,1,1,2,7,2,2,0,3,3,2,2,2,0,0,3,2,9,0.0
2024,82,0,P007960   ,0.0,0.0,RED,7,"DAVIDOVAC, DEJAN",05:36,0,0,0,0,0,0,0,0,0,0,0,0,0,0,0,0,0,0,-5.0
2024,82,0,P002553   ,0.0,0.0,RED,9,"MITROVIC, LUKA",09:12,1,0,0,0,0,1,2,1,0,1,1,0,4,1,0,4,3,-2,-3.0
2024,82,0,PLUO      ,0.0,0.0,RED,10,"LAZIC, BRANKO",07:57,0,0,0,0,0,0,0,0,2,2,0,0,0,0,0,3,1,0,4.0
2024,82,0,P004866   ,1.0,1.0,RED,12,"KALINIC, NIKOLA",29:35,5,1,3,1,3,0,0,2,2,4,2,1,1,0,2,0,1,6,-6.0
2024,82,0,P012786   ,1.0,0.0,RED,24,"DAUM, MIKE",10:10,2,0,0,0,1,2,2,2,1,3,0,0,1,0,0,2,2,3,4.0
2024,82,0,P011194   ,0.0,0.0,RED,30,"PETRUSEV, FILIP",25:34,18,7,11,0,0,4,6,3,4,7,2,1,2,1,2,3,3,19,7.0
2024,82,0,P006436   ,0.0,0.0,RED,31,"GIEDRAITIS, ROKAS",12:40,0,0,0,0,2,0,2,0,1,1,0,1,0,0,0,2,0,-4,-1.0
2024,82,0,P006240   ,1.0,0.0,RED,33,"PLAVSIC, UROS",04:08,2,1,4,0,0,0,0,0,0,0,0,0,0,0,1,0,1,-1,-9.0
2024,82,0,P012044   ,0.0,1.0,RED,99,"DOS SANTOS, YAGO",22:51,13,1,3,3,5,2,2,0,0,0,4,1,2,0,0,1,4,15,-2.0
2024,82,0,Team,0.0,0.0,RED,,Team,,0,0,0,0,0,0,0,3,2,5,0,0,0,0,0,0,0,5,
2024,82,0,Total,,,RED,,Total,200:00,74,15,33,11,28,11,16,13,18,31,17,9,14,2,6,23,19,69,
2024,83,1,P011948   ,0.0,0.0,BAS,0,"HOWARD, MARKUS",14:57,0,0,1,0,5,0,0,0,0,0,0,1,0,0,0,4,1,-8,-13.0
2024,83,1,P008850   ,0.0,0.0,BAS,2,"RAIESTE, SANDER",DNP,0,0,0,0,0,0,0,0,0,0,0,0,0,0,0,0,0,0,0.0
2024,83,1,P007230   ,1.0,1.0,BAS,8,"SEDEKERSKIS, TADAS",29:41,16,3,6,2,3,4,4,0,4,4,3,0,0,0,1,0,3,21,-14.0
2024,83,1,P012080   ,1.0,0.0,BAS,9,"LUWAWU-CABARROT, TIMOTHE",24:16,9,3,6,1,3,0,0,1,1,2,2,3,6,0,0,5,0,0,1.0
2024,83,1,P004058   ,0.0,1.0,BAS,10,"JARAMAZ, OGNJEN",06:32,2,1,2,0,0,0,0,0,1,1,1,0,1,0,0,1,0,1,-7.0
2024,83,1,P013367   ,0.0,0.0,BAS,11,"FORREST, TRENT",11:08,2,0,3,0,0,2,2,0,0,0,3,1,1,0,1,2,1,0,-1.0
2024,83,1,P011085   ,0.0,1.0,BAS,17,"ROGKAVOPOULOS, NIKOLAOS",17:05,11,2,3,2,5,1,1,2,2,4,1,0,1,0,0,2,1,10,2.0
2024,83,1,P008072   ,0.0,0.0,BAS,18,"DIOP, KHALIFA",07:16,1,0,1,0,0,1,2,1,0,1,0,0,1,0,1,2,1,-3,-14.0
2024,83,1,P012597   ,1.0,1.0,BAS,44,"BALDWIN, KAMAR",23:07,6,2,3,0,1,2,2,0,4,4,3,2,2,1,0,2,2,12,-4.0
2024,83,1,P011196   ,1.0,0.0,BAS,45,"HALL, DONTA",30:16,12,4,7,0,0,4,6,5,6,11,2,0,2,1,1,2,6,22,-2.0
2024,83,1,P012058   ,0.0,1.0,BAS,46,"NDIAYE, OUSMANE",06:43,0,0,0,0,2,0,0,0,1,1,0,0,0,0,0,2,0,-3,-8.0
2024,83,1,P012201   ,1.0,0.0,BAS,95,"MONEKE, CHIMA",28:59,16,4,8,0,1,8,10,4,2,6,1,1,2,0,2,2,11,22,0.0
2024,83,1,Team,0.0,0.0,BAS,,Team,,0,0,0,0,0,0,0,0,0,0,0,0,0,0,0,0,0,0,
2024,83,1,Total,,,BAS,,Total,200:00,75,19,40,5,20,22,27,13,21,34,16,8,16,2,6,24,26,74,
2024,83,0,P011212   ,0.0,1.0,MCO,0,"OKOBO, ELIE",22:00,15,4,7,1,2,4,5,0,0,0,4,3,1,1,0,4,3,16,5.0
2024,83,0,P011231   ,1.0,1.0,MCO,4,"BLOSSOMGAME, JARON",25:06,9,3,4,1,2,0,0,1,2,3,1,0,1,0,1,4,2,7,5.0
2024,83,0,P009754   ,0.0,0.0,MCO,8,"LOYD, JORDAN",22:41,9,2,2,1,4,2,2,0,3,3,0,2,1,0,0,2,2,10,12.0
2024,83,0,P005844   ,0.0,0.0,MCO,9,"PAPAGIANNIS, GEORGIOS",18:29,8,1,3,2,2,0,0,1,4,5,1,0,0,2,0,4,0,10,9.0
2024,83,0,P011226   ,0.0,1.0,MCO,11,"DIALLO, ALPHA",26:04,9,1,5,1,2,4,4,4,2,6,4,2,4,2,0,2,2,14,6.0
2024,83,0,P004790   ,0.0,1.0,MCO,12,"CORNELIE, PETR",18:15,1,0,0,0,1,1,2,4,2,6,1,0,1,1,0,3,3,6,3.0
2024,83,0,PLCZ      ,1.0,0.0,MCO,20,"MOTIEJUNAS, DONATAS",13:36,5,2,4,0,0,1,5,2,2,4,3,1,2,0,0,2,5,8,2.0
2024,83,0,P012515   ,0.0,0.0,MCO,22,"TARPEY, TERRY",DNP,0,0,0,0,0,0,0,0,0,0,0,0,0,0,0,0,0,0,0.0
2024,83,0,P008161   ,0.0,0.0,MCO,23,"BEGARIN, JUHANN",DNP,0,0,0,0,0,0,0,0,0,0,0,0,0,0,0,0,0,0,0.0
2024,83,0,P013365   ,1.0,0.0,MCO,30,"BROWN, VITTO",09:57,7,1,2,1,2,2,2,0,2,2,0,1,1,0,0,1,1,7,2.0
2024,83,0,P008099   ,1.0,1.0,MCO,32,"STRAZEL, MATTHEW",17:44,8,0,1,2,4,2,2,0,0,0,2,0,3,0,1,2,3,4,0.0
2024,83,0,P005985   ,1.0,0.0,MCO,55,"JAMES, MIKE",26:08,16,3,6,2,7,4,4,0,6,6,7,1,3,0,0,2,3,20,16.0
2024,83,0,Team,0.0,0.0,MCO,,Team,,0,0,0,0,0,0,0,0,2,2,0,0,0,0,0,0,0,2,
2024,83,0,Total,,,MCO,,Total,200:00,87,17,34,11,26,20,26,12,25,37,23,10,17,6,2,26,24,104,
2024,84,1,P010391   ,1.0,0.0,MUN,0,"WEILER-BABB, NICK",20:54,12,1,1,3,3,1,1,1,2,3,11,2,0,0,0,1,1,28,26.0
2024,84,1,P011244   ,0.0,0.0,MUN,1,"DA SILVA, OSCAR",13:29,7,2,2,1,1,0,0,0,4,4,0,2,0,0,0,1,0,12,13.0
2024,84,1,P011987   ,1.0,0.0,MUN,3,"EDWARDS, CARSEN",22:21,25,2,5,6,9,3,3,0,1,1,3,4,2,0,0,2,3,26,31.0
2024,84,1,P007201   ,1.0,0.0,MUN,7,"VOIGTMANN, JOHANNES",17:17,6,3,4,0,1,0,0,2,2,4,1,0,2,0,0,2,0,5,28.0
2024,84,1,P011224   ,0.0,1.0,MUN,8,"NAPIER, SHABAZZ",20:51,10,2,3,2,4,0,0,0,1,1,4,2,2,0,0,4,0,8,-5.0
2024,84,1,P012123   ,0.0,1.0,MUN,10,"KHARCHENKOV, IVAN",15:43,7,3,6,0,3,1,1,1,1,2,1,0,3,0,2,2,1,-2,-15.0
2024,84,1,P004508   ,1.0,0.0,MUN,13,"OBST, ANDREAS",22:57,11,1,1,3,6,0,0,0,3,3,4,2,2,0,0,0,2,17,39.0
2024,84,1,P005460   ,0.0,0.0,MUN,20,"HARRIS, ELIAS",05:18,0,0,1,0,0,0,0,1,0,1,1,0,0,0,0,0,0,1,5.0
2024,84,1,P007639   ,0.0,1.0,MUN,22,"BRANKOVIC, DANKO",09:47,9,4,5,0,0,1,2,0,1,1,0,0,1,1,0,3,1,6,-6.0
2024,84,1,P007056   ,1.0,0.0,MUN,31,"BOOKER, DEVIN",20:09,18,5,7,2,2,2,2,2,3,5,0,1,0,0,0,1,1,22,17.0
2024,84,1,P011052   ,0.0,1.0,MUN,41,"MADAR, YAM",17:14,6,1,5,1,4,1,1,1,2,3,0,2,1,1,0,1,2,5,5.0
2024,84,1,P013368   ,0.0,1.0,MUN,53,"YEBO, KEVIN",14:00,4,1,1,0,0,2,2,0,1,1,1,1,2,0,0,2,2,5,-3.0
2024,84,1,Team,0.0,0.0,MUN,,Team,,0,0,0,0,0,0,0,2,0,2,0,0,1,0,0,0,0,1,
2024,84,1,Total,,,MUN,,Total,200:00,115,25,41,18,33,11,12,10,21,31,26,16,16,2,2,19,13,134,
2024,84,0,P008384   ,1.0,0.0,BER,1,"PROCIDA, GABRIELE",23:56,10,3,3,0,3,4,6,0,2,2,1,0,1,0,0,1,4,10,-11.0
2024,84,0,P012099   ,0.0,1.0,BER,2,"GROSBER, DORIAN",02:22,2,1,1,0,0,0,0,0,0,0,0,1,0,0,0,1,0,2,0.0
2024,84,0,P008173   ,1.0,0.0,BER,3,"SPAGNOLO, MATTEO",25:21,23,7,10,3,6,0,0,0,0,0,4,0,3,0,0,1,1,18,-22.0
2024,84,0,P011934   ,1.0,1.0,BER,5,"WETZELL, YANNI",21:57,11,5,7,0,0,1,1,2,1,3,0,1,0,1,1,1,2,14,-12.0
2024,84,0,P012100   ,1.0,0.0,BER,8,"NUFER, ANTON",11:22,0,0,0,0,0,0,0,0,1,1,0,0,2,0,0,0,0,-1,-15.0
2024,84,0,P007025   ,0.0,1.0,BER,9,"MATTISSECK, JONAS",23:50,0,0,0,0,6,0,0,0,0,0,1,0,1,0,0,3,0,-9,-18.0
2024,84,0,P006251   ,1.0,0.0,BER,10,"SCHNEIDER, TIM",23:06,3,0,2,1,1,0,0,1,2,3,0,0,0,0,0,1,2,5,-29.0
2024,84,0,P007550   ,0.0,0.0,BER,18,"SAMAR, ZIGA",15:45,8,0,3,1,1,5,6,1,2,3,0,0,5,0,0,1,5,6,1.0
2024,84,0,P011626   ,0.0,1.0,BER,22,"DOERRIES, AMON",09:22,2,0,0,0,0,2,2,0,0,0,0,0,1,0,0,1,1,1,-3.0
2024,84,0,P011631   ,0.0,1.0,BER,25,"RAPIEQUE, ELIAS",20:47,11,4,7,1,2,0,0,1,3,4,3,2,2,0,0,2,0,12,-13.0
2024,84,0,P012604   ,0.0,0.0,BER,50,"WILLIAMS, TREVION",22:12,18,7,9,0,2,4,5,4,5,9,6,4,6,1,1,1,4,29,-13.0
2024,84,0,Team,0.0,0.0,BER,,Team,,0,0,0,0,0,0,0,1,3,4,0,0,0,0,0,0,0,4,
2024,84,0,Total,,,BER,,Total,200:00,88,27,42,6,21,16,20,10,19,29,15,8,21,2,2,13,19,91,
2024,85,1,P003733   ,1.0,1.0,MAD,6,"ABALDE, ALBERTO",24:14,4,2,2,0,2,0,1,0,2,2,3,0,0,0,0,0,1,7,3.0
2024,85,1,P005928   ,1.0,0.0,MAD,7,"CAMPAZZO, FACUNDO",34:54,20,4,4,2,6,6,6,1,3,4,4,0,3,0,0,3,6,24,-6.0
2024,85,1,P013378   ,0.0,0.0,MAD,8,"RATHAN-MAYES, XAVIER",06:00,0,0,0,0,2,0,0,0,0,0,0,0,2,0,0,0,2,-2,-8.0
2024,85,1,P011649   ,0.0,0.0,MAD,9,"GONZALEZ, HUGO",05:02,2,1,2,0,2,0,0,0,0,0,0,0,0,0,1,1,0,-3,-2.0
2024,85,1,P003108   ,1.0,1.0,MAD,11,"HEZONJA, MARIO",36:29,13,3,7,2,10,1,1,1,4,5,3,3,3,0,2,3,3,7,-10.0
2024,85,1,P009005   ,0.0,1.0,MAD,14,"DECK, GABRIEL",25:22,10,4,5,0,2,2,2,2,4,6,2,0,3,0,0,4,2,10,-4.0
2024,85,1,P012168   ,0.0,0.0,MAD,15,"GUEYE, SIDI",DNP,0,0,0,0,0,0,0,0,0,0,0,0,0,0,0,0,0,0,0.0
2024,85,1,P003583   ,0.0,0.0,MAD,18,"IBAKA, SERGE",08:57,5,2,2,0,0,1,2,0,4,4,0,0,1,0,0,1,1,7,-3.0
2024,85,1,P005791   ,1.0,1.0,MAD,22,"TAVARES, WALTER",31:03,4,2,4,0,0,0,0,5,8,13,1,2,2,2,1,3,2,16,-7.0
2024,85,1,PTGB      ,0.0,0.0,MAD,23,"LLULL, SERGIO",16:56,6,1,1,1,8,1,2,0,1,1,1,0,0,0,0,5,1,-4,-1.0
2024,85,1,P011247   ,0.0,0.0,MAD,24,"FELIZ, ANDRES",00:05,0,0,0,0,0,0,0,0,0,0,0,0,0,0,0,0,0,0,0.0
2024,85,1,P009213   ,1.0,1.0,MAD,30,"NDIAYE, ELI",10:58,0,0,1,0,2,0,0,1,2,3,0,1,2,0,0,1,0,-2,-12.0
2024,85,1,Team,0.0,0.0,MAD,,Team,,0,0,0,0,0,0,0,3,1,4,0,0,0,0,0,0,0,4,
2024,85,1,Total,,,MAD,,Total,200:00,64,19,28,5,34,11,14,13,29,42,14,6,16,2,4,21,18,64,
2024,85,0,P006590   ,1.0,0.0,IST,1,"BEAUBOIS, RODRIGUE",28:31,9,1,3,2,6,1,1,0,2,2,4,2,0,0,1,3,1,8,-1.0
2024,85,0,P013363   ,0.0,1.0,IST,3,"NWORA, JORDAN",15:12,10,1,2,2,3,2,3,1,2,3,0,0,1,0,0,1,1,9,4.0
2024,85,0,P009846   ,0.0,1.0,IST,6,"BRYANT, ELIJAH",22:30,13,4,11,0,2,5,6,1,2,3,2,0,4,0,1,4,7,6,10.0
2024,85,0,P007109   ,0.0,0.0,IST,11,"SMITS, ROLANDS",17:24,8,2,3,0,0,4,4,0,3,3,2,1,0,0,0,1,2,14,2.0
2024,85,0,P011078   ,1.0,1.0,IST,13,"THOMPSON, DARIUS",31:38,10,1,3,1,7,5,6,1,4,5,0,5,3,1,0,1,5,13,7.0
2024,85,0,P013364   ,1.0,0.0,IST,14,"JOHNSON, STANLEY",14:52,3,1,1,0,4,1,2,2,0,2,1,0,0,0,0,1,2,2,7.0
2024,85,0,P004887   ,1.0,1.0,IST,17,"POIRIER, VINCENT",24:52,8,4,6,0,1,0,0,1,5,6,1,1,0,2,0,2,0,13,11.0
2024,85,0,P006640   ,0.0,0.0,IST,18,"OZDEMIROGLU, DOGUS",07:17,0,0,0,0,3,0,0,0,0,0,1,2,0,0,0,2,0,-2,3.0
2024,85,0,P009513   ,0.0,0.0,IST,21,"HOLLATZ, JUSTUS",DNP,0,0,0,0,0,0,0,0,0,0,0,0,0,0,0,0,0,0,0.0
2024,85,0,P012710   ,1.0,0.0,IST,24,"OSMANI, ERCAN",15:31,5,1,4,1,1,0,0,1,1,2,1,0,1,0,0,1,1,4,4.0
2024,85,0,P012788   ,0.0,0.0,IST,25,"OTURU, DAN",15:08,5,2,2,0,0,1,2,1,3,4,0,0,0,0,0,3,1,6,-1.0
2024,85,0,P009664   ,0.0,1.0,IST,35,"WILLIS, DEREK",07:05,3,0,0,1,1,0,0,0,1,1,0,0,0,1,0,0,0,5,4.0
2024,85,0,Team,0.0,0.0,IST,,Team,,0,0,0,0,0,0,0,2,4,6,0,0,0,0,0,0,0,6,
2024,85,0,Total,,,IST,,Total,200:00,74,17,35,7,28,19,24,10,27,37,12,11,9,4,2,19,20,84,
2024,86,1,P006835   ,1.0,1.0,TEL,1,"HOARD, JAYLEN",29:56,20,8,8,0,0,4,4,1,3,4,1,3,0,0,0,4,3,27,-7.0
2024,86,1,P013389   ,0.0,0.0,TEL,5,"LEE, SABEN",11:37,4,2,3,0,3,0,0,1,1,2,1,1,2,0,0,2,1,1,1.0
2024,86,1,P004233   ,0.0,0.0,TEL,8,"MENCO, RAFI",DNP,0,0,0,0,0,0,0,0,0,0,0,0,0,0,0,0,0,0,0.0
2024,86,1,P011219   ,0.0,0.0,TEL,9,"SORKIN, ROMAN",22:31,13,1,5,2,3,5,6,2,0,2,1,2,3,1,1,0,3,12,2.0
2024,86,1,P013381   ,0.0,1.0,TEL,11,"RAYMAN, WILLIAM",15:23,6,1,3,1,1,1,2,4,2,6,0,0,0,0,1,3,1,6,-10.0
2024,86,1,P007990   ,0.0,0.0,TEL,12,"DIBARTOLOMEO, JOHN",06:41,0,0,0,0,1,0,0,1,0,1,0,1,1,0,0,3,0,-3,-2.0
2024,86,1,P005145   ,0.0,0.0,TEL,15,"COHEN, JAKE",06:00,0,0,0,0,1,0,0,0,0,0,1,1,0,0,0,0,0,1,1.0
2024,86,1,P013382   ,1.0,1.0,TEL,20,"RANDOLPH, LEVI",28:04,15,4,5,1,2,4,4,0,5,5,1,0,1,0,0,3,3,18,12.0
2024,86,1,P007519   ,1.0,1.0,TEL,31,"JOKUBAITIS, ROKAS",20:33,8,4,6,0,1,0,0,0,2,2,3,3,2,0,0,2,0,9,-3.0
2024,86,1,P013383   ,1.0,1.0,TEL,32,"GABRIEL, WENYEN",17:56,6,3,8,0,1,0,1,3,0,3,1,1,2,2,1,4,3,2,-7.0
2024,86,1,P011193   ,1.0,0.0,TEL,45,"BLATT, TAMIR",24:23,12,2,4,2,5,2,2,0,4,4,8,0,3,0,1,2,4,17,4.0
2024,86,1,P013250   ,0.0,0.0,TEL,55,"DE JULIUS, DAVID",16:56,7,2,5,1,3,0,0,1,1,2,0,0,0,0,0,0,1,5,-6.0
2024,86,1,Team,0.0,0.0,TEL,,Team,,0,0,0,0,0,0,0,0,3,3,0,0,0,0,0,0,0,3,
2024,86,1,Total,,,TEL,,Total,200:00,91,27,47,7,21,16,19,13,21,34,17,12,14,3,4,23,19,98,
2024,86,0,P008855   ,1.0,0.0,OLY,0,"WALKUP, THOMAS",18:16,2,1,3,0,3,0,0,0,2,2,2,2,2,1,1,5,0,-4,11.0
2024,86,0,P007982   ,0.0,1.0,OLY,1,"WILLIAMS-GOSS, NIGEL",21:30,10,3,6,1,4,1,1,0,2,2,3,2,3,0,0,3,2,7,5.0
2024,86,0,P012878   ,0.0,0.0,OLY,2,"WRIGHT, MOSES",06:02,4,2,3,0,0,0,0,0,0,0,0,0,0,0,0,0,0,3,-13.0
2024,86,0,P007947   ,1.0,1.0,OLY,8,"VILDOZA, LUCA",31:51,10,2,2,2,7,0,0,0,5,5,4,2,0,0,0,3,2,15,6.0
2024,86,0,P008811   ,1.0,0.0,OLY,10,"FALL, MOUSTAPHA",12:32,4,1,2,0,0,2,2,0,0,0,3,0,0,1,1,1,1,6,9.0
2024,86,0,P003469   ,1.0,1.0,OLY,14,"VEZENKOV, SASHA",28:39,21,4,5,1,2,10,11,2,2,4,2,0,1,1,0,2,6,28,11.0
2024,86,0,P001255   ,0.0,0.0,OLY,16,"PAPANIKOLAOU, KOSTAS",09:18,5,1,1,1,3,0,0,1,1,2,0,0,1,0,0,1,0,3,-5.0
2024,86,0,P009849   ,0.0,0.0,OLY,22,"DORSEY, TYLER",06:34,3,1,2,0,0,1,1,0,0,0,0,0,2,0,0,0,2,2,-6.0
2024,86,0,P008829   ,0.0,1.0,OLY,25,"PETERS, ALEC",11:32,2,1,2,0,0,0,0,0,0,0,0,0,0,0,0,0,0,1,-6.0
2024,86,0,P003941   ,0.0,1.0,OLY,33,"MILUTINOV, NIKOLA",21:25,11,4,5,0,0,3,4,2,6,8,1,1,0,1,0,0,4,24,7.0
2024,86,0,P007853   ,0.0,0.0,OLY,77,"MCKISSIC, SHAQUIELLE",03:26,2,0,0,0,1,2,4,1,0,1,1,0,1,0,0,1,2,1,-10.0
2024,86,0,P013380   ,1.0,0.0,OLY,94,"FOURNIER, EVAN",28:55,20,4,5,3,7,3,3,1,3,4,2,0,4,0,1,3,4,17,6.0
2024,86,0,Team,0.0,0.0,OLY,,Team,,0,0,0,0,0,0,0,4,2,6,0,0,0,0,0,0,0,6,
2024,86,0,Total,,,OLY,,Total,200:00,94,24,36,8,27,22,26,11,23,34,18,7,14,4,3,19,23,109,
2024,87,1,P013403   ,1.0,1.0,ZAL,1,"WALKER IV, LONNIE",24:44,19,3,9,3,5,4,5,0,3,3,1,4,1,1,1,1,5,21,-2.0
2024,87,1,P007975   ,0.0,1.0,ZAL,3,"FRANCISCO, SYLVAIN",22:53,13,2,6,1,4,6,8,0,1,1,3,1,3,0,0,3,7,10,-2.0
2024,87,1,P003210   ,0.0,1.0,ZAL,4,"LEKAVICIUS, LUKAS",11:22,2,1,1,0,2,0,0,0,1,1,0,0,0,0,0,3,0,-2,-8.0
2024,87,1,P011983   ,1.0,0.0,ZAL,8,"BRAZDEIKIS, IGNAS",12:04,5,2,6,0,2,1,1,1,2,3,0,0,0,0,0,1,1,2,-1.0
2024,87,1,P007513   ,1.0,0.0,ZAL,9,"GIEDRAITIS, DOVYDAS",14:22,2,1,3,0,1,0,0,0,0,0,1,1,1,1,1,3,0,-3,3.0
2024,87,1,P005504   ,1.0,0.0,ZAL,15,"BIRUTIS, LAURYNAS",11:15,0,0,1,0,0,0,0,1,1,2,0,0,0,0,0,3,2,0,-3.0
2024,87,1,P012622   ,0.0,0.0,ZAL,21,"MITCHELL, MATTHEW",22:20,9,4,5,0,1,1,1,0,2,2,0,1,1,0,1,5,1,4,11.0
2024,87,1,P003048   ,0.0,0.0,ZAL,42,"DUNSTON, BRYANT",18:37,5,2,6,0,0,1,1,3,4,7,1,1,2,0,0,3,1,6,-5.0
2024,87,1,P012715   ,0.0,0.0,ZAL,45,"MANEK, BRADY",02:24,0,0,2,0,1,0,0,0,0,0,0,0,0,0,0,1,0,-4,0.0
2024,87,1,P002676   ,0.0,1.0,ZAL,51,"BUTKEVICIUS, ARNAS",28:21,2,0,0,0,1,2,2,1,7,8,1,0,1,0,0,4,4,9,-11.0
2024,87,1,P007029   ,0.0,0.0,ZAL,91,"SIRVYDIS, DEIVIDAS",07:52,5,1,2,1,1,0,0,0,0,0,0,0,0,0,0,0,0,4,-9.0
2024,87,1,P002329   ,1.0,1.0,ZAL,92,"ULANOVAS, EDGARAS",23:46,3,0,2,0,2,3,4,0,2,2,1,0,1,0,0,1,3,2,-8.0
2024,87,1,Team,0.0,0.0,ZAL,,Team,,0,0,0,0,0,0,0,4,0,4,0,0,1,0,0,0,0,3,
2024,87,1,Total,,,ZAL,,Total,200:00,65,16,43,5,20,18,22,10,23,33,8,8,11,2,3,28,24,52,
2024,87,0,P002849   ,0.0,0.0,ULK,4,"MELLI, NICOLO",18:27,2,1,3,0,1,0,0,1,6,7,1,0,1,0,0,4,0,2,12.0
2024,87,0,P002968   ,0.0,0.0,ULK,5,"SANLI, SERTAC",15:41,10,1,1,1,1,5,6,2,2,4,0,0,0,0,0,3,3,13,7.0
2024,87,0,P013396   ,0.0,0.0,ULK,9,"MAYS, SKYLAR",06:08,0,0,3,0,0,0,0,0,1,1,0,0,0,0,0,0,1,-1,1.0
2024,87,0,P002969   ,0.0,0.0,ULK,10,"MAHMUTOGLU, MELIH",00:20,0,0,0,0,0,0,0,0,0,0,0,0,0,0,0,0,0,0,1.0
2024,87,0,P008962   ,1.0,1.0,ULK,11,"HAYES-DAVIS, NIGEL",34:23,18,3,8,3,8,3,3,4,7,11,0,2,2,1,1,2,6,23,1.0
2024,87,0,P006961   ,1.0,0.0,ULK,13,"BIBEROVIC, TARIK",14:44,2,1,3,0,2,0,0,1,0,1,0,0,1,0,0,3,1,-4,-1.0
2024,87,0,P010560   ,0.0,1.0,ULK,21,"PIERRE, DYSHAWN",22:04,6,1,3,0,2,4,4,0,1,1,1,1,1,0,1,2,2,3,13.0
2024,87,0,P004004   ,0.0,1.0,ULK,23,"GUDURIC, MARKO",29:46,17,2,5,2,5,7,7,0,3,3,3,2,2,0,0,4,5,18,1.0
2024,87,0,P008104   ,1.0,1.0,ULK,32,"ZAGARS, ARTURS",23:49,10,2,4,1,3,3,6,1,1,2,3,1,3,0,0,2,5,9,6.0
2024,87,0,P009783   ,1.0,1.0,ULK,50,"COLSON, BONZIE",26:23,7,2,3,0,3,3,3,1,7,8,0,1,3,2,0,3,5,13,1.0
2024,87,0,PLMG      ,0.0,0.0,ULK,51,"MARJANOVIC, BOBAN",DNP,0,0,0,0,0,0,0,0,0,0,0,0,0,0,0,0,0,0,0.0
2024,87,0,P007182   ,1.0,0.0,ULK,92,"BIRCH, KHEM",08:15,0,0,0,0,0,0,0,0,2,2,1,0,0,0,0,1,0,2,-7.0
2024,87,0,Team,0.0,0.0,ULK,,Team,,0,0,0,0,0,0,0,4,1,5,0,0,0,0,0,0,0,5,
2024,87,0,Total,,,ULK,,Total,200:00,72,13,33,7,25,25,29,14,31,45,9,7,13,3,2,24,28,83,
2024,88,1,P009862   ,1.0,0.0,BAR,0,"PUNTER, KEVIN",25:59,4,1,3,0,4,2,2,0,4,4,6,2,3,0,0,2,2,7,-5.0
2024,88,1,P011666   ,0.0,1.0,BAR,2,"SARR, DAME",05:44,6,3,4,0,0,0,1,1,1,2,0,0,0,0,0,0,2,8,-4.0
2024,88,1,P000925   ,1.0,0.0,BAR,6,"VESELY, JAN",19:24,2,1,3,0,0,0,0,0,0,0,2,2,0,0,0,4,3,3,-2.0
2024,88,1,P009992   ,0.0,1.0,BAR,8,"BRIZUELA, DARIO",09:51,0,0,0,0,2,0,0,0,0,0,1,0,3,0,0,1,0,-5,-7.0
2024,88,1,P013379   ,0.0,1.0,BAR,10,"METU, CHIMEZIE",12:48,0,0,2,0,1,0,0,0,1,1,1,0,3,0,0,1,0,-5,-20.0
2024,88,1,P002939   ,1.0,0.0,BAR,13,"SATORANSKY, TOMAS",15:52,6,3,4,0,1,0,0,0,1,1,2,0,2,0,0,3,2,4,-10.0
2024,88,1,P003196   ,0.0,0.0,BAR,14,"HERNANGOMEZ, WILLY",13:45,12,3,3,0,0,6,8,1,2,3,3,0,1,0,0,0,6,21,-5.0
2024,88,1,P010106   ,0.0,1.0,BAR,17,"NUNEZ, JUAN",24:00,15,5,6,1,2,2,2,1,5,6,1,1,3,0,0,3,3,18,-4.0
2024,88,1,P006568   ,0.0,0.0,BAR,19,"FALL, YOUSSOUPHA",DNP,0,0,0,0,0,0,0,0,0,0,0,0,0,0,0,0,0,0,0.0
2024,88,1,P003478   ,0.0,0.0,BAR,21,"ABRINES, ALEX",21:18,11,1,1,3,5,0,1,1,1,2,1,2,0,0,0,4,2,11,-8.0
2024,88,1,P012745   ,1.0,0.0,BAR,22,"PARKER, JABARI",32:37,19,3,5,3,7,4,4,0,5,5,5,0,3,0,0,3,2,19,-7.0
2024,88,1,P007464   ,1.0,1.0,BAR,44,"PARRA, JOEL",18:42,12,2,4,2,4,2,2,0,2,2,0,0,0,0,0,2,2,10,-8.0
2024,88,1,Team,0.0,0.0,BAR,,Team,,0,0,0,0,0,0,0,3,3,6,0,0,0,0,0,0,0,6,
2024,88,1,Total,,,BAR,,Total,200:00,87,22,35,9,26,16,20,7,25,32,22,7,18,0,0,23,24,97,
2024,88,0,P012608   ,1.0,0.0,PRS,0,"SHORTS, TJ",25:23,24,6,10,1,1,9,11,0,1,1,9,3,3,0,0,3,11,36,18.0
2024,88,0,P012609   ,0.0,1.0,PRS,1,"MALCOLM, COLLIN",22:56,8,3,4,0,0,2,2,0,2,2,2,1,1,0,0,2,2,11,8.0
2024,88,0,P012640   ,0.0,1.0,PRS,2,"HIFI, NADIR",19:39,15,3,3,2,5,3,3,0,1,1,0,1,1,0,0,2,1,12,1.0
2024,88,0,P012610   ,1.0,0.0,PRS,3,"WARD, TYSON",24:04,13,5,6,1,3,0,1,1,6,7,1,1,1,0,0,4,1,14,11.0
2024,88,0,P013373   ,0.0,0.0,PRS,4,"CAVALIERE, LEOPOLD",07:22,6,2,2,0,0,2,2,0,1,1,0,0,1,0,0,3,1,4,12.0
2024,88,0,P005793   ,0.0,1.0,PRS,5,"SY, BANDJA",15:41,2,0,1,0,1,2,2,1,1,2,1,0,0,0,0,0,2,5,1.0
2024,88,0,P012611   ,0.0,1.0,PRS,7,"HERRERA, SEBASTIAN",01:06,0,0,0,0,0,0,0,0,0,0,0,0,0,0,0,0,0,0,-2.0
2024,88,0,P004512   ,0.0,0.0,PRS,8,"KRATZER, LEON",11:09,0,0,0,0,0,0,0,0,0,0,0,0,2,0,0,3,1,-4,2.0
2024,88,0,P007032   ,0.0,1.0,PRS,12,"LO, MAODO",19:04,20,3,7,4,7,2,2,1,4,5,1,2,0,0,0,0,1,22,10.0
2024,88,0,P010390   ,1.0,0.0,PRS,13,"HAYES, KEVARRIUS",16:20,6,3,5,0,0,0,0,1,0,1,2,1,0,0,0,5,1,4,0.0
2024,88,0,P012613   ,1.0,0.0,PRS,20,"JANTUNEN, MIKAEL",24:19,2,1,1,0,4,0,0,0,5,5,1,1,0,0,0,1,0,4,15.0
2024,88,0,P004197   ,1.0,0.0,PRS,24,"OUATTARA, YAKUBA",12:57,7,2,3,1,2,0,0,1,2,3,0,0,2,0,0,1,0,5,4.0
2024,88,0,Team,0.0,0.0,PRS,,Team,,0,0,0,0,0,0,0,1,2,3,0,0,0,0,0,0,0,3,
2024,88,0,Total,,,PRS,,Total,200:00,103,28,42,9,23,20,23,6,25,31,17,10,11,0,0,24,21,116,
2024,89,1,P007870   ,1.0,1.0,PAR,0,"DAVIES, BRANDON",24:08,17,5,7,0,0,7,7,1,2,3,1,0,2,0,0,2,6,21,-17.0
2024,89,1,P010781   ,1.0,1.0,PAR,1,"LUNDBERG, IFFE",19:59,2,0,2,0,4,2,2,1,0,1,1,1,1,0,0,4,2,-4,-10.0
2024,89,1,P013369   ,0.0,1.0,PAR,2,"JONES, CARLIK",22:34,12,2,7,1,3,5,5,0,3,3,1,0,2,0,2,2,7,10,5.0
2024,89,1,P006591   ,1.0,0.0,PAR,3,"NTILIKINA, FRANK",21:23,9,3,4,1,5,0,0,0,2,2,4,0,0,0,0,5,2,7,-2.0
2024,89,1,P013370   ,0.0,0.0,PAR,4,"WASHINGTON, DUANE",06:31,0,0,1,0,1,0,0,0,1,1,2,0,0,0,0,1,0,0,-3.0
2024,89,1,P011050   ,0.0,0.0,PAR,5,"KOPRIVICA, BALSA",DNP,0,0,0,0,0,0,0,0,0,0,0,0,0,0,0,0,0,0,0.0
2024,89,1,P012167   ,1.0,0.0,PAR,8,"BOSNJAKOVIC, MITAR",09:58,2,1,2,0,2,0,0,0,0,0,1,0,0,0,0,3,0,-3,-6.0
2024,89,1,P008232   ,0.0,0.0,PAR,11,"POKUSEVSKI, ALEKSEJ",23:26,9,3,4,1,4,0,1,3,0,3,0,1,1,1,0,3,1,6,-6.0
2024,89,1,P012720   ,0.0,1.0,PAR,12,"BROWN, STERLING",34:07,17,0,1,5,9,2,3,1,8,9,3,2,1,0,0,1,1,24,-4.0
2024,89,1,P006760   ,1.0,1.0,PAR,17,"BONGA, ISAAC",22:10,7,2,3,1,4,0,0,4,1,5,1,0,2,0,0,4,0,3,0.0
2024,89,1,P011836   ,0.0,0.0,PAR,24,"MIKE, ISIAHA",DNP,0,0,0,0,0,0,0,0,0,0,0,0,0,0,0,0,0,0,0.0
2024,89,1,P011981   ,0.0,0.0,PAR,88,"JONES, TYRIQUE",15:44,6,2,2,0,0,2,2,2,0,2,0,0,2,1,0,0,1,8,8.0
2024,89,1,Team,0.0,0.0,PAR,,Team,,0,0,0,0,0,0,0,0,1,1,0,0,1,0,0,0,0,0,
2024,89,1,Total,,,PAR,,Total,200:00,81,18,33,9,32,18,20,12,18,30,14,4,12,2,2,25,20,72,
2024,89,0,P006085   ,1.0,0.0,MIL,1,"DIMITRIJEVIC, NENO",09:31,3,0,1,1,2,0,0,0,0,0,0,0,3,0,0,0,0,-2,-6.0
2024,89,0,P011064   ,0.0,0.0,MIL,2,"MANNION, NICCOLO",25:02,13,4,6,1,3,2,2,0,1,1,7,2,4,0,0,5,2,12,9.0
2024,89,0,P001392   ,0.0,1.0,MIL,5,"CAUSEUR, FABIEN",21:43,8,1,2,1,3,3,3,0,2,2,2,0,0,0,0,1,2,10,5.0
2024,89,0,P008985   ,1.0,0.0,MIL,10,"BOLMARO, LEANDRO",27:11,11,3,4,0,2,5,5,1,5,6,4,1,0,0,0,2,5,22,-1.0
2024,89,0,P013384   ,0.0,1.0,MIL,12,"BROOKS, ARMONI",19:25,10,2,3,2,6,0,0,0,2,2,1,0,0,0,0,1,1,8,5.0
2024,89,0,P008987   ,1.0,1.0,MIL,16,"LEDAY, ZACH",28:07,13,1,3,2,3,5,6,0,3,3,2,0,1,0,1,3,10,19,16.0
2024,89,0,P001518   ,1.0,1.0,MIL,17,"RICCI, GIAMPAOLO",26:05,3,0,0,1,1,0,0,1,5,6,1,0,1,1,0,2,0,8,18.0
2024,89,0,P005670   ,0.0,0.0,MIL,21,"FLACCADORI, DIEGO",DNP,0,0,0,0,0,0,0,0,0,0,0,0,0,0,0,0,0,0,0.0
2024,89,0,P013385   ,0.0,0.0,MIL,25,"DIOP, OUSMANE",06:49,6,3,3,0,0,0,0,0,0,0,1,0,1,1,0,2,1,6,-4.0
2024,89,0,P006721   ,0.0,0.0,MIL,30,"CARUSO, GUGLIELMO",02:21,2,1,1,0,0,0,0,0,0,0,0,0,0,0,0,1,0,1,-4.0
2024,89,0,P000796   ,1.0,1.0,MIL,33,"MIROTIC, NIKOLA",29:43,19,3,6,3,6,4,5,3,6,9,3,3,1,0,1,2,4,27,1.0
2024,89,0,P013386   ,0.0,0.0,MIL,35,"MC CORMACK, DAVID",04:03,0,0,0,0,0,0,0,0,1,1,0,0,0,0,0,1,0,0,-4.0
2024,89,0,Team,0.0,0.0,MIL,,Team,,0,0,0,0,0,0,0,0,0,0,0,0,2,0,0,0,0,-2,
2024,89,0,Total,,,MIL,,Total,200:00,88,18,29,11,26,19,21,5,25,30,21,6,13,2,2,20,25,109,
2024,90,1,P009549   ,1.0,0.0,VIR,0,"CORDINIER, ISAIA",34:52,12,2,6,1,2,5,7,2,5,7,7,1,1,0,0,5,5,19,-8.0
2024,90,1,PBCN      ,0.0,1.0,VIR,3,"BELINELLI, MARCO",09:34,4,1,2,0,2,2,3,0,0,0,1,0,0,0,0,2,3,2,-7.0
2024,90,1,P006739   ,1.0,1.0,VIR,6,"PAJOLA, ALESSANDRO",29:32,8,2,3,1,3,1,2,0,2,2,1,0,1,0,0,4,3,5,-6.0
2024,90,1,P004888   ,1.0,1.0,VIR,8,"CLYBURN, WILL",33:27,18,3,7,3,5,3,5,2,4,6,4,2,1,0,0,1,5,25,0.0
2024,90,1,P001133   ,1.0,1.0,VIR,21,"SHENGELIA, TORNIKE",31:21,17,3,8,2,5,5,6,0,6,6,1,0,7,1,1,4,3,7,-3.0
2024,90,1,P001844   ,0.0,0.0,VIR,23,"HACKETT, DANIEL",09:38,3,0,0,1,1,0,0,0,0,0,2,0,0,0,0,0,0,5,8.0
2024,90,1,P005738   ,0.0,0.0,VIR,24,"GRAZULIS, ANDREJS",DNP,0,0,0,0,0,0,0,0,0,0,0,0,0,0,0,0,0,0,0.0
2024,90,1,P012585   ,0.0,0.0,VIR,30,"MORGAN, MATTHEW",02:03,0,0,0,0,0,0,0,0,0,0,0,0,1,0,0,0,0,-1,-1.0
2024,90,1,P002084   ,0.0,1.0,VIR,33,"POLONARA, ACHILLE",20:00,4,2,3,0,1,0,0,3,2,5,0,0,0,0,0,2,1,6,-5.0
2024,90,1,P013374   ,1.0,0.0,VIR,35,"DIOUF, MOUHAMET",13:55,4,2,4,0,0,0,0,2,1,3,0,0,0,0,0,2,1,4,-3.0
2024,90,1,P004554   ,0.0,0.0,VIR,41,"ZIZIC, ANTE",13:01,7,3,5,0,0,1,2,0,0,0,0,0,0,0,1,1,2,4,3.0
2024,90,1,P012591   ,0.0,0.0,VIR,59,"TUCKER, RAYJON",02:37,0,0,3,0,1,0,0,0,0,0,0,2,0,0,0,0,1,-1,-3.0
2024,90,1,Team,0.0,0.0,VIR,,Team,,0,0,0,0,0,0,0,4,1,5,0,0,0,0,0,0,0,5,
2024,90,1,Total,,,VIR,,Total,200:00,77,18,41,8,20,17,25,13,21,34,16,5,11,1,2,21,24,80,
2024,90,0,P011209   ,0.0,1.0,PAN,0,"KALAITZAKIS, PANAGIOTIS",06:10,0,0,0,0,0,0,0,0,2,2,0,0,0,0,0,1,0,1,6.0
2024,90,0,P006544   ,0.0,0.0,PAN,6,"MORAITIS, DIMITRIS",DNP,0,0,0,0,0,0,0,0,0,0,0,0,0,0,0,0,0,0,0.0
2024,90,0,P001926   ,0.0,0.0,PAN,10,"SLOUKAS, KOSTAS",28:31,10,2,3,2,7,0,0,0,3,3,7,1,0,0,1,3,4,15,-1.0
2024,90,0,P004088   ,0.0,0.0,PAN,16,"OSMAN, CEDI",07:55,0,0,1,0,1,0,0,1,1,2,1,0,2,0,0,1,0,-2,-2.0
2024,90,0,P011442   ,0.0,0.0,PAN,20,"SAMODUROV, ALEXANDROS",DNP,0,0,0,0,0,0,0,0,0,0,0,0,0,0,0,0,0,0,0.0
2024,90,0,P005161   ,1.0,0.0,PAN,21,"PAPAPETROU, IOANNIS",22:43,9,0,0,3,5,0,0,0,1,1,0,1,0,0,0,4,0,5,1.0
2024,90,0,P011204   ,1.0,1.0,PAN,22,"GRANT, JERIAN",28:07,11,0,3,2,3,5,6,0,1,1,4,1,0,0,0,4,4,12,10.0
2024,90,0,P012774   ,1.0,1.0,PAN,25,"NUNN, KENDRICK",26:34,20,3,6,3,6,5,8,0,1,1,3,3,4,0,0,4,4,14,1.0
2024,90,0,P003842   ,1.0,1.0,PAN,26,"LESSORT, MATHIAS",28:38,16,7,9,0,0,2,4,3,5,8,0,1,3,0,0,2,4,20,4.0
2024,90,0,P012712   ,0.0,1.0,PAN,41,"HERNANGOMEZ, JUANCHO",21:36,4,2,2,0,1,0,0,1,3,4,1,1,0,0,0,0,3,12,0.0
2024,90,0,P007866   ,1.0,0.0,PAN,44,"MITOGLOU, KONSTANTINOS",19:06,5,1,2,1,2,0,0,0,1,1,1,1,2,1,0,2,0,3,1.0
2024,90,0,P005353   ,0.0,0.0,PAN,77,"YURTSEVEN, OMER",10:40,7,2,2,1,1,0,0,2,3,5,0,0,2,1,0,4,2,9,5.0
2024,90,0,Team,0.0,0.0,PAN,,Team,,0,0,0,0,0,0,0,1,5,6,0,0,0,0,0,0,0,6,
2024,90,0,Total,,,PAN,,Total,200:00,82,17,28,12,26,12,18,8,26,34,17,9,13,2,1,25,21,95,
2024,91,1,P009549   ,1.0,1.0,VIR,0,"CORDINIER, ISAIA",27:37,10,3,7,1,6,1,1,1,4,5,5,1,2,0,0,4,3,9,-11.0
2024,91,1,PBCN      ,0.0,0.0,VIR,3,"BELINELLI, MARCO",09:17,0,0,3,0,1,0,0,0,0,0,0,0,1,0,0,2,0,-7,4.0
2024,91,1,P006739   ,1.0,0.0,VIR,6,"PAJOLA, ALESSANDRO",16:54,2,0,0,0,2,2,2,0,2,2,2,2,1,0,0,3,2,4,-3.0
2024,91,1,P004888   ,1.0,1.0,VIR,8,"CLYBURN, WILL",29:16,8,3,4,0,6,2,5,2,4,6,4,0,1,0,0,0,4,11,-6.0
2024,91,1,P001133   ,1.0,1.0,VIR,21,"SHENGELIA, TORNIKE",33:20,23,5,9,3,4,4,7,1,5,6,4,0,5,0,0,1,6,25,-7.0
2024,91,1,P001844   ,0.0,0.0,VIR,23,"HACKETT, DANIEL",17:56,2,0,0,0,0,2,2,1,3,4,2,2,0,0,0,3,1,8,-6.0
2024,91,1,P005738   ,0.0,0.0,VIR,24,"GRAZULIS, ANDREJS",DNP,0,0,0,0,0,0,0,0,0,0,0,0,0,0,0,0,0,0,0.0
2024,91,1,P012585   ,0.0,1.0,VIR,30,"MORGAN, MATTHEW",20:03,14,0,2,4,9,2,2,0,0,0,3,0,0,0,1,4,1,6,6.0
2024,91,1,P002084   ,0.0,0.0,VIR,33,"POLONARA, ACHILLE",12:06,2,1,1,0,1,0,0,2,1,3,1,1,0,0,0,1,0,5,5.0
2024,91,1,P013374   ,0.0,0.0,VIR,35,"DIOUF, MOUHAMET",05:33,3,1,1,0,0,1,2,1,0,1,0,0,1,0,0,3,2,1,1.0
2024,91,1,P004554   ,1.0,1.0,VIR,41,"ZIZIC, ANTE",27:58,18,6,7,0,0,6,8,1,3,4,0,0,1,0,0,1,5,22,-3.0
2024,91,1,P012591   ,0.0,0.0,VIR,59,"TUCKER, RAYJON",DNP,0,0,0,0,0,0,0,0,0,0,0,0,0,0,0,0,0,0,0.0
2024,91,1,Team,0.0,0.0,VIR,,Team,,0,0,0,0,0,0,0,3,1,4,0,0,1,0,0,0,0,3,
2024,91,1,Total,,,VIR,,Total,200:00,82,19,34,8,29,20,29,12,23,35,21,6,13,0,1,22,24,87,
2024,91,0,P002849   ,0.0,0.0,ULK,4,"MELLI, NICOLO",08:27,0,0,0,0,0,0,0,2,0,2,0,1,3,0,0,3,1,-2,-9.0
2024,91,0,P002968   ,1.0,0.0,ULK,5,"SANLI, SERTAC",19:37,5,2,2,0,2,1,1,0,1,1,2,2,0,0,0,4,1,5,9.0
2024,91,0,P013396   ,0.0,0.0,ULK,9,"MAYS, SKYLAR",10:32,0,0,1,0,3,0,0,0,0,0,3,0,0,0,0,1,0,-2,-3.0
2024,91,0,P002969   ,0.0,0.0,ULK,10,"MAHMUTOGLU, MELIH",DNP,0,0,0,0,0,0,0,0,0,0,0,0,0,0,0,0,0,0,0.0
2024,91,0,P008962   ,1.0,1.0,ULK,11,"HAYES-DAVIS, NIGEL",30:43,19,1,1,5,6,2,4,1,7,8,2,0,3,0,0,3,5,25,7.0
2024,91,0,P006961   ,1.0,1.0,ULK,13,"BIBEROVIC, TARIK",26:11,11,1,2,2,5,3,3,1,3,4,3,0,4,0,0,2,2,10,4.0
2024,91,0,P010560   ,0.0,0.0,ULK,21,"PIERRE, DYSHAWN",10:15,2,1,1,0,1,0,0,0,2,2,0,0,0,0,0,2,0,1,-9.0
2024,91,0,P004004   ,0.0,1.0,ULK,23,"GUDURIC, MARKO",23:22,21,3,4,4,7,3,5,0,2,2,3,1,2,0,0,1,5,23,12.0
2024,91,0,P008104   ,1.0,0.0,ULK,32,"ZAGARS, ARTURS",21:23,2,1,2,0,5,0,0,0,0,0,2,0,1,0,0,3,4,-2,-2.0
2024,91,0,P009783   ,1.0,1.0,ULK,50,"COLSON, BONZIE",31:58,18,6,13,2,4,0,0,3,5,8,2,3,1,0,0,1,1,21,14.0
2024,91,0,PLMG      ,0.0,0.0,ULK,51,"MARJANOVIC, BOBAN",DNP,0,0,0,0,0,0,0,0,0,0,0,0,0,0,0,0,0,0,0.0
2024,91,0,P007182   ,0.0,1.0,ULK,92,"BIRCH, KHEM",17:32,8,4,6,0,0,0,0,2,4,6,0,0,1,1,0,4,1,9,-3.0
2024,91,0,Team,0.0,0.0,ULK,,Team,,0,0,0,0,0,0,0,2,4,6,0,0,0,0,0,0,0,6,
2024,91,0,Total,,,ULK,,Total,200:00,86,19,32,13,33,9,13,11,28,39,17,7,15,1,0,24,20,94,
2024,92,1,P011212   ,0.0,1.0,MCO,0,"OKOBO, ELIE",26:15,27,6,8,3,4,6,6,0,0,0,6,3,1,0,0,2,6,36,17.0
2024,92,1,P011231   ,1.0,1.0,MCO,4,"BLOSSOMGAME, JARON",34:16,14,7,11,0,3,0,0,0,5,5,2,1,1,0,1,3,3,13,8.0
2024,92,1,P009754   ,1.0,0.0,MCO,8,"LOYD, JORDAN",16:28,10,2,3,2,3,0,0,1,2,3,1,1,1,0,0,4,1,9,1.0
2024,92,1,P005844   ,0.0,0.0,MCO,9,"PAPAGIANNIS, GEORGIOS",20:58,4,1,2,0,1,2,2,1,3,4,0,1,2,3,0,4,2,6,14.0
2024,92,1,P011226   ,1.0,1.0,MCO,11,"DIALLO, ALPHA",22:55,12,6,9,0,0,0,0,2,2,4,3,5,1,1,0,2,1,20,-4.0
2024,92,1,P004790   ,0.0,0.0,MCO,12,"CORNELIE, PETR",DNP,0,0,0,0,0,0,0,0,0,0,0,0,0,0,0,0,0,0,0.0
2024,92,1,PLCZ      ,1.0,0.0,MCO,20,"MOTIEJUNAS, DONATAS",18:37,7,3,4,0,0,1,2,2,3,5,1,0,0,0,0,2,3,12,-3.0
2024,92,1,P012515   ,0.0,0.0,MCO,22,"TARPEY, TERRY",DNP,0,0,0,0,0,0,0,0,0,0,0,0,0,0,0,0,0,0,0.0
2024,92,1,P008161   ,0.0,0.0,MCO,23,"BEGARIN, JUHANN",DNP,0,0,0,0,0,0,0,0,0,0,0,0,0,0,0,0,0,0,0.0
2024,92,1,P013365   ,0.0,0.0,MCO,30,"BROWN, VITTO",10:41,0,0,3,0,2,0,0,1,0,1,0,0,1,1,1,1,0,-6,5.0
2024,92,1,P008099   ,0.0,1.0,MCO,32,"STRAZEL, MATTHEW",22:10,12,1,2,2,4,4,4,0,1,1,4,1,0,0,0,2,3,16,19.0
2024,92,1,P005985   ,1.0,1.0,MCO,55,"JAMES, MIKE",27:40,17,5,9,2,5,1,2,1,0,1,7,0,1,0,0,3,2,15,-2.0
2024,92,1,Team,0.0,0.0,MCO,,Team,,0,0,0,0,0,0,0,4,1,5,0,0,0,0,0,0,0,5,
2024,92,1,Total,,,MCO,,Total,200:00,103,31,51,9,22,14,16,12,17,29,24,12,8,5,2,23,21,126,
2024,92,0,P013371   ,1.0,0.0,ASV,1,"HARRISON, SHAQUILLE",22:44,5,1,4,0,1,3,4,0,2,2,1,1,3,0,2,4,2,-3,-17.0
2024,92,0,P011225   ,0.0,0.0,ASV,3,"LEE, PARIS",DNP,0,0,0,0,0,0,0,0,0,0,0,0,0,0,0,0,0,0,0.0
2024,92,0,PKIR      ,0.0,0.0,ASV,5,"KAHUDI, CHARLES",11:45,8,1,2,2,3,0,0,0,2,2,0,0,0,0,0,0,0,8,-9.0
2024,92,0,P007027   ,1.0,1.0,ASV,6,"MALEDON, THEO",32:55,24,4,5,3,4,7,7,0,2,2,8,1,8,0,0,2,7,30,-4.0
2024,92,0,P004194   ,1.0,0.0,ASV,7,"LAUVERGNE, JOFFREY",26:45,12,3,6,1,1,3,4,0,5,5,3,0,0,0,0,1,5,20,-14.0
2024,92,0,P002100   ,0.0,0.0,ASV,12,"DE COLO, NANDO",23:11,10,1,2,2,3,2,2,0,0,0,7,2,4,0,1,3,1,10,-2.0
2024,92,0,P010545   ,0.0,1.0,ASV,13,"SAKO, NEAL",17:45,5,2,5,0,0,1,5,0,2,2,0,0,0,0,1,1,3,1,-2.0
2024,92,0,P013405   ,0.0,1.0,ASV,21,"ROBERSON, ANDRE",12:00,0,0,2,0,0,0,0,2,2,4,0,2,0,2,1,2,0,3,-12.0
2024,92,0,P003526   ,1.0,1.0,ASV,23,"LIGHTY, DAVID",25:33,8,1,1,2,3,0,2,0,3,3,3,0,2,0,0,4,3,8,6.0
2024,92,0,P012731   ,1.0,1.0,ASV,24,"NDIAYE, MBAYE",23:45,18,3,4,4,5,0,0,1,2,3,0,0,1,0,0,3,0,15,0.0
2024,92,0,P008991   ,0.0,0.0,ASV,28,"BLACK, TARIK",03:37,2,1,1,0,0,0,2,3,0,3,1,0,1,0,0,1,1,3,-1.0
2024,92,0,P012263   ,0.0,0.0,ASV,30,"SISSOKO, YOHANN",DNP,0,0,0,0,0,0,0,0,0,0,0,0,0,0,0,0,0,0,0.0
2024,92,0,Team,0.0,0.0,ASV,,Team,,0,0,0,0,0,0,0,3,1,4,0,0,1,0,0,0,0,3,
2024,92,0,Total,,,ASV,,Total,200:00,92,17,32,14,20,16,26,9,21,30,23,6,20,2,5,21,22,98,
2024,93,1,P009048   ,1.0,1.0,RED,0,"MILLER-MCINTYRE, CODI",28:06,2,1,2,0,3,0,0,1,5,6,9,1,3,0,0,1,2,12,-16.0
2024,93,1,P010612   ,0.0,0.0,RED,3,"CANAAN, ISAIAH",18:28,4,1,1,0,4,2,3,0,1,1,1,0,0,0,0,0,2,3,-2.0
2024,93,1,PJDR      ,0.0,0.0,RED,4,"TEODOSIC, MILOS",10:30,7,1,3,1,2,2,3,0,1,1,0,0,0,0,0,3,4,5,-7.0
2024,93,1,P002553   ,0.0,0.0,RED,9,"MITROVIC, LUKA",09:23,2,0,1,0,0,2,2,0,0,0,0,0,2,0,0,1,1,-1,-11.0
2024,93,1,PLUO      ,0.0,0.0,RED,10,"LAZIC, BRANKO",02:19,0,0,0,0,0,0,0,0,0,0,0,0,1,0,0,0,0,-1,-1.0
2024,93,1,P004866   ,1.0,1.0,RED,12,"KALINIC, NIKOLA",25:39,5,1,2,1,3,0,0,0,1,1,3,0,1,0,0,4,2,3,-7.0
2024,93,1,P012786   ,1.0,0.0,RED,24,"DAUM, MIKE",18:21,6,3,5,0,2,0,0,1,2,3,0,0,1,0,0,0,1,5,-9.0
2024,93,1,P011194   ,0.0,0.0,RED,30,"PETRUSEV, FILIP",25:17,20,5,10,1,3,7,7,3,5,8,2,1,0,0,1,5,5,23,-1.0
2024,93,1,P006436   ,0.0,0.0,RED,31,"GIEDRAITIS, ROKAS",19:36,10,1,3,2,3,2,2,1,0,1,0,0,0,0,0,5,1,4,4.0
2024,93,1,P006240   ,1.0,1.0,RED,33,"PLAVSIC, UROS",05:20,4,2,4,0,0,0,0,1,0,1,0,1,0,0,0,3,1,2,0.0
2024,93,1,P000848   ,1.0,1.0,RED,36,"NEDOVIC, NEMANJA",20:52,11,1,1,3,6,0,0,0,2,2,1,0,2,0,0,2,1,8,-10.0
2024,93,1,P012044   ,0.0,1.0,RED,99,"DOS SANTOS, YAGO",16:09,6,0,1,1,3,3,4,0,2,2,5,2,0,0,0,0,2,13,0.0
2024,93,1,Team,0.0,0.0,RED,,Team,,0,0,0,0,0,0,0,3,2,5,0,0,0,0,0,0,0,5,
2024,93,1,Total,,,RED,,Total,200:00,77,16,33,9,29,18,21,10,21,31,21,5,10,0,1,24,22,81,
2024,93,0,P007870   ,1.0,0.0,PAR,0,"DAVIES, BRANDON",16:49,9,0,3,2,2,3,4,0,1,1,2,0,1,0,0,1,4,10,5.0
2024,93,0,P010781   ,0.0,1.0,PAR,1,"LUNDBERG, IFFE",29:55,13,4,4,0,5,5,6,3,3,6,4,1,2,0,0,3,4,17,14.0
2024,93,0,P013369   ,0.0,1.0,PAR,2,"JONES, CARLIK",27:13,21,6,10,0,5,9,9,0,6,6,4,1,0,0,0,2,6,27,4.0
2024,93,0,P006591   ,1.0,1.0,PAR,3,"NTILIKINA, FRANK",25:32,8,1,2,2,4,0,0,1,6,7,4,1,1,0,0,4,2,14,19.0
2024,93,0,P013370   ,0.0,0.0,PAR,4,"WASHINGTON, DUANE",DNP,0,0,0,0,0,0,0,0,0,0,0,0,0,0,0,0,0,0,0.0
2024,93,0,P012167   ,0.0,0.0,PAR,8,"BOSNJAKOVIC, MITAR",DNP,0,0,0,0,0,0,0,0,0,0,0,0,0,0,0,0,0,0,0.0
2024,93,0,P008232   ,0.0,0.0,PAR,11,"POKUSEVSKI, ALEKSEJ",05:51,2,1,1,0,1,0,0,1,1,2,1,0,0,0,0,2,0,2,-6.0
2024,93,0,P012720   ,1.0,1.0,PAR,12,"BROWN, STERLING",20:28,3,0,0,1,6,0,0,0,2,2,0,0,0,0,0,1,2,1,-6.0
2024,93,0,P006760   ,1.0,0.0,PAR,17,"BONGA, ISAAC",23:05,8,1,1,2,7,0,0,2,2,4,1,0,0,0,0,3,0,5,6.0
2024,93,0,P007736   ,0.0,0.0,PAR,19,"LAKIC, ARIJAN",DNP,0,0,0,0,0,0,0,0,0,0,0,0,0,0,0,0,0,0,0.0
2024,93,0,P011836   ,1.0,0.0,PAR,24,"MIKE, ISIAHA",27:56,13,4,5,1,3,2,2,2,2,4,0,0,0,0,0,3,1,12,17.0
2024,93,0,P011981   ,0.0,1.0,PAR,88,"JONES, TYRIQUE",23:11,12,4,6,0,0,4,6,3,3,6,1,2,2,1,0,3,5,18,7.0
2024,93,0,Team,0.0,0.0,PAR,,Team,,0,0,0,0,0,0,0,1,1,2,0,0,1,0,0,0,0,1,
2024,93,0,Total,,,PAR,,Total,200:00,89,21,32,8,33,23,27,13,27,40,17,5,7,1,0,22,24,107,
2024,94,1,P008855   ,1.0,1.0,OLY,0,"WALKUP, THOMAS",10:33,3,0,0,1,1,0,0,0,0,0,1,1,2,0,0,3,0,0,0.0
2024,94,1,P007982   ,0.0,0.0,OLY,1,"WILLIAMS-GOSS, NIGEL",23:15,12,5,6,0,2,2,2,0,3,3,1,0,2,0,0,2,2,11,16.0
2024,94,1,P012878   ,0.0,0.0,OLY,2,"WRIGHT, MOSES",03:24,0,0,0,0,0,0,0,0,1,1,0,0,0,0,0,0,0,1,2.0
2024,94,1,P010392   ,0.0,1.0,OLY,5,"LARENTZAKIS, GIANNOULIS",08:03,3,0,1,1,1,0,0,1,0,1,1,0,1,0,0,1,0,2,9.0
2024,94,1,P007947   ,1.0,0.0,OLY,8,"VILDOZA, LUCA",21:56,6,0,0,2,4,0,0,0,1,1,3,0,0,0,0,1,1,8,5.0
2024,94,1,P008811   ,1.0,1.0,OLY,10,"FALL, MOUSTAPHA",16:31,9,4,4,0,0,1,2,0,3,3,2,0,2,0,0,2,5,14,8.0
2024,94,1,P001255   ,0.0,1.0,OLY,16,"PAPANIKOLAOU, KOSTAS",20:00,8,1,1,2,4,0,0,0,2,2,2,1,0,1,0,2,0,10,15.0
2024,94,1,P008829   ,1.0,1.0,OLY,25,"PETERS, ALEC",30:19,12,6,6,0,3,0,0,0,5,5,2,0,1,0,0,2,1,14,21.0
2024,94,1,P003941   ,0.0,0.0,OLY,33,"MILUTINOV, NIKOLA",20:05,14,5,8,0,0,4,4,4,3,7,1,0,1,1,1,1,5,22,13.0
2024,94,1,P007853   ,0.0,0.0,OLY,77,"MCKISSIC, SHAQUIELLE",19:25,10,2,3,2,4,0,0,1,1,2,3,2,0,1,0,1,0,14,19.0
2024,94,1,P013380   ,1.0,0.0,OLY,94,"FOURNIER, EVAN",26:29,15,2,5,3,7,2,2,1,0,1,9,3,0,1,1,0,3,24,7.0
2024,94,1,Team,0.0,0.0,OLY,,Team,,0,0,0,0,0,0,0,1,0,1,0,0,0,0,0,0,0,1,
2024,94,1,Total,,,OLY,,Total,200:00,92,25,34,11,26,9,10,8,19,27,25,7,9,4,2,15,17,121,
2024,94,0,P011948   ,1.0,0.0,BAS,0,"HOWARD, MARKUS",23:11,12,2,5,0,5,8,9,2,2,4,3,0,1,0,3,4,4,6,-14.0
2024,94,0,P008850   ,0.0,1.0,BAS,2,"RAIESTE, SANDER",11:39,3,0,0,1,3,0,0,1,0,1,2,1,1,0,1,1,0,2,-6.0
2024,94,0,P010784   ,0.0,0.0,BAS,6,"SAVKOV, PAVEL",DNP,0,0,0,0,0,0,0,0,0,0,0,0,0,0,0,0,0,0,0.0
2024,94,0,P007230   ,1.0,1.0,BAS,8,"SEDEKERSKIS, TADAS",34:46,8,3,6,0,0,2,3,2,1,3,1,1,3,0,0,3,2,5,-19.0
2024,94,0,P012080   ,1.0,0.0,BAS,9,"LUWAWU-CABARROT, TIMOTHE",25:27,5,1,1,1,5,0,0,1,3,4,2,0,2,0,0,0,1,6,-21.0
2024,94,0,P004058   ,0.0,0.0,BAS,10,"JARAMAZ, OGNJEN",05:22,0,0,1,0,2,0,0,1,0,1,0,0,2,0,0,1,1,-4,-6.0
2024,94,0,P013367   ,1.0,1.0,BAS,11,"FORREST, TRENT",32:05,12,5,8,0,1,2,2,1,2,3,6,1,2,1,0,1,3,19,-20.0
2024,94,0,P011085   ,0.0,1.0,BAS,17,"ROGKAVOPOULOS, NIKOLAOS",22:13,9,3,3,1,3,0,0,0,2,2,1,0,0,0,0,1,0,9,2.0
2024,94,0,P008072   ,0.0,0.0,BAS,18,"DIOP, KHALIFA",08:28,0,0,2,0,0,0,0,0,1,1,0,0,0,0,0,1,0,-2,-14.0
2024,94,0,P011196   ,1.0,1.0,BAS,45,"HALL, DONTA",15:50,9,3,4,0,0,3,4,1,1,2,0,0,1,0,0,2,2,8,-2.0
2024,94,0,P012058   ,0.0,0.0,BAS,46,"NDIAYE, OUSMANE",05:40,4,2,2,0,1,0,0,0,0,0,0,1,0,0,0,1,0,3,-7.0
2024,94,0,P012201   ,0.0,0.0,BAS,95,"MONEKE, CHIMA",15:19,7,3,4,0,2,1,2,3,2,5,1,0,0,1,0,2,2,10,-8.0
2024,94,0,Team,0.0,0.0,BAS,,Team,,0,0,0,0,0,0,0,2,1,3,0,0,2,0,0,0,0,1,
2024,94,0,Total,,,BAS,,Total,200:00,69,22,36,3,22,16,20,14,15,29,16,4,14,2,4,17,15,63,
2024,95,1,P006085   ,0.0,0.0,MIL,1,"DIMITRIJEVIC, NENO",10:56,11,5,6,0,1,1,2,0,1,1,1,0,1,0,0,2,1,8,-7.0
2024,95,1,P011064   ,1.0,0.0,MIL,2,"MANNION, NICCOLO",28:16,12,3,4,1,3,3,3,1,1,2,8,0,4,0,0,4,3,14,19.0
2024,95,1,P001392   ,0.0,1.0,MIL,5,"CAUSEUR, FABIEN",21:21,11,4,4,1,2,0,0,1,2,3,1,3,0,0,0,1,1,17,-1.0
2024,95,1,P006509   ,0.0,0.0,MIL,7,"TONUT, STEFANO",01:35,0,0,0,0,0,0,0,0,0,0,0,0,0,0,0,0,1,1,-2.0
2024,95,1,P013384   ,1.0,0.0,MIL,12,"BROOKS, ARMONI",25:12,16,2,3,4,8,0,0,1,1,2,0,0,0,0,1,4,0,8,8.0
2024,95,1,P008987   ,1.0,1.0,MIL,16,"LEDAY, ZACH",33:38,22,4,8,4,6,2,3,1,6,7,2,0,0,1,1,1,6,29,16.0
2024,95,1,P001518   ,0.0,1.0,MIL,17,"RICCI, GIAMPAOLO",08:27,0,0,0,0,1,0,0,0,1,1,0,0,0,0,0,4,0,-4,-2.0
2024,95,1,P005670   ,0.0,0.0,MIL,21,"FLACCADORI, DIEGO",DNP,0,0,0,0,0,0,0,0,0,0,0,0,0,0,0,0,0,0,0.0
2024,95,1,P013385   ,0.0,0.0,MIL,25,"DIOP, OUSMANE",08:49,2,0,1,0,0,2,4,1,0,1,1,0,1,0,0,1,3,2,-3.0
2024,95,1,P006721   ,0.0,0.0,MIL,30,"CARUSO, GUGLIELMO",02:37,0,0,0,0,0,0,0,0,0,0,0,0,1,0,0,2,0,-3,0.0
2024,95,1,P007831   ,1.0,1.0,MIL,31,"SHIELDS, SHAVON",25:48,4,2,2,0,1,0,0,0,0,0,5,0,1,0,0,1,0,6,19.0
2024,95,1,P000796   ,1.0,1.0,MIL,33,"MIROTIC, NIKOLA",33:21,20,2,3,3,7,7,7,2,6,8,3,1,2,0,0,2,3,26,13.0
2024,95,1,Team,0.0,0.0,MIL,,Team,,0,0,0,0,0,0,0,1,4,5,0,0,1,0,0,0,0,4,
2024,95,1,Total,,,MIL,,Total,200:00,98,22,31,13,29,15,19,8,22,30,21,4,11,1,2,22,18,108,
2024,95,0,P006835   ,1.0,1.0,TEL,1,"HOARD, JAYLEN",32:01,20,8,12,0,1,4,6,1,4,5,2,0,2,1,0,2,3,20,-15.0
2024,95,0,P011202   ,0.0,1.0,TEL,3,"SHAYOK, MARIAL",12:02,10,3,5,1,1,1,2,1,1,2,0,0,2,0,0,3,1,5,2.0
2024,95,0,P013389   ,0.0,0.0,TEL,5,"LEE, SABEN",DNP,0,0,0,0,0,0,0,0,0,0,0,0,0,0,0,0,0,0,0.0
2024,95,0,P004233   ,0.0,0.0,TEL,8,"MENCO, RAFI",DNP,0,0,0,0,0,0,0,0,0,0,0,0,0,0,0,0,0,0,0.0
2024,95,0,P011219   ,0.0,1.0,TEL,9,"SORKIN, ROMAN",22:01,14,4,5,1,3,3,4,1,4,5,1,0,0,0,0,1,4,19,3.0
2024,95,0,P013381   ,0.0,0.0,TEL,11,"RAYMAN, WILLIAM",14:35,0,0,0,0,0,0,0,1,2,3,1,0,0,0,0,2,1,3,-1.0
2024,95,0,P007990   ,1.0,0.0,TEL,12,"DIBARTOLOMEO, JOHN",20:04,6,0,0,2,5,0,0,1,0,1,1,1,0,0,0,1,2,7,-2.0
2024,95,0,P005145   ,0.0,0.0,TEL,15,"COHEN, JAKE",04:03,2,0,0,0,0,2,2,1,0,1,0,0,1,0,0,1,1,2,2.0
2024,95,0,P013382   ,1.0,1.0,TEL,20,"RANDOLPH, LEVI",30:05,13,4,7,1,3,2,2,1,1,2,1,0,0,0,0,1,1,11,-14.0
2024,95,0,P007519   ,1.0,0.0,TEL,31,"JOKUBAITIS, ROKAS",25:47,9,1,4,1,2,4,4,0,2,2,10,0,1,0,0,2,5,19,-10.0
2024,95,0,P013383   ,1.0,0.0,TEL,32,"GABRIEL, WENYEN",20:33,5,2,5,0,1,1,2,2,3,5,2,0,1,1,1,3,1,4,-17.0
2024,95,0,P013250   ,0.0,1.0,TEL,55,"DE JULIUS, DAVID",18:49,7,1,2,1,5,2,2,0,1,1,0,0,1,0,0,2,3,3,-8.0
2024,95,0,Team,0.0,0.0,TEL,,Team,,0,0,0,0,0,0,0,0,3,3,0,0,2,0,0,0,0,1,
2024,95,0,Total,,,TEL,,Total,200:00,86,23,40,7,21,19,24,9,21,30,18,1,10,2,1,18,22,94,
2024,96,1,P003733   ,0.0,1.0,MAD,6,"ABALDE, ALBERTO",18:16,9,0,1,3,4,0,0,0,0,0,0,2,0,0,0,1,0,8,8.0
2024,96,1,P005928   ,1.0,0.0,MAD,7,"CAMPAZZO, FACUNDO",19:43,12,3,3,1,1,3,6,0,2,2,10,1,2,0,0,1,6,25,21.0
2024,96,1,P013378   ,1.0,0.0,MAD,8,"RATHAN-MAYES, XAVIER",17:04,16,1,1,4,6,2,2,0,2,2,2,1,4,0,0,3,4,16,10.0
2024,96,1,P011649   ,1.0,1.0,MAD,9,"GONZALEZ, HUGO",08:25,2,0,0,0,2,2,2,1,0,1,0,0,0,2,0,0,1,4,-3.0
2024,96,1,P003108   ,1.0,1.0,MAD,11,"HEZONJA, MARIO",23:48,11,4,4,1,4,0,0,0,8,8,0,1,0,0,0,2,0,15,31.0
2024,96,1,P006540   ,0.0,0.0,MAD,13,"MUSA, DZANAN",18:16,13,2,3,2,3,3,4,0,3,3,3,2,3,0,1,1,4,17,-3.0
2024,96,1,P009005   ,0.0,0.0,MAD,14,"DECK, GABRIEL",20:23,7,1,2,1,1,2,4,0,0,0,3,1,1,0,1,1,2,7,2.0
2024,96,1,P003583   ,0.0,1.0,MAD,18,"IBAKA, SERGE",19:24,15,6,8,0,0,3,3,3,2,5,1,1,2,0,0,2,3,19,-4.0
2024,96,1,P005791   ,1.0,0.0,MAD,22,"TAVARES, WALTER",20:36,10,2,3,0,0,6,7,1,3,4,4,1,2,2,0,3,4,18,18.0
2024,96,1,PTGB      ,0.0,0.0,MAD,23,"LLULL, SERGIO",06:00,2,1,2,0,2,0,0,1,0,1,0,0,0,0,0,0,0,0,-6.0
2024,96,1,P011247   ,0.0,1.0,MAD,24,"FELIZ, ANDRES",16:11,1,0,2,0,1,1,2,0,0,0,3,0,3,0,0,3,2,-4,5.0
2024,96,1,P009213   ,0.0,0.0,MAD,30,"NDIAYE, ELI",11:54,0,0,0,0,1,0,0,0,1,1,0,0,0,0,0,1,1,0,-9.0
2024,96,1,Team,0.0,0.0,MAD,,Team,,0,0,0,0,0,0,0,0,0,0,0,0,0,0,0,0,0,0,
2024,96,1,Total,,,MAD,,Total,200:00,98,20,29,12,25,22,30,6,21,27,26,10,17,4,2,18,27,125,
2024,96,0,P008384   ,1.0,0.0,BER,1,"PROCIDA, GABRIELE",28:16,18,4,5,3,6,1,2,0,1,1,1,1,1,1,0,2,3,17,-15.0
2024,96,0,P008173   ,1.0,0.0,BER,3,"SPAGNOLO, MATTEO",23:10,4,2,7,0,1,0,0,1,0,1,6,0,2,0,0,2,0,1,-18.0
2024,96,0,P011934   ,1.0,1.0,BER,5,"WETZELL, YANNI",22:45,10,4,9,0,1,2,4,1,0,1,1,3,2,0,2,3,3,3,8.0
2024,96,0,P008211   ,1.0,0.0,BER,6,"DELOW, MALTE",19:55,10,5,8,0,0,0,0,6,1,7,1,0,2,0,0,2,4,15,-5.0
2024,96,0,P012100   ,0.0,1.0,BER,8,"NUFER, ANTON",02:19,3,0,0,1,1,0,0,0,0,0,0,0,0,0,0,0,0,3,1.0
2024,96,0,P007025   ,0.0,1.0,BER,9,"MATTISSECK, JONAS",20:07,11,0,0,3,7,2,2,0,3,3,2,2,1,0,1,2,4,14,-12.0
2024,96,0,P006251   ,1.0,0.0,BER,10,"SCHNEIDER, TIM",20:36,8,1,2,2,3,0,0,0,4,4,0,0,2,1,0,5,0,4,-6.0
2024,96,0,P007550   ,0.0,1.0,BER,18,"SAMAR, ZIGA",19:29,10,2,3,2,4,0,0,0,2,2,8,1,2,0,0,2,2,16,3.0
2024,96,0,P011626   ,0.0,1.0,BER,22,"DOERRIES, AMON",08:39,2,1,1,0,0,0,0,0,1,1,0,0,1,0,0,0,1,3,3.0
2024,96,0,P011631   ,0.0,0.0,BER,25,"RAPIEQUE, ELIAS",19:03,5,1,1,1,2,0,0,0,0,0,0,2,2,0,0,4,0,0,-5.0
2024,96,0,P012604   ,0.0,0.0,BER,50,"WILLIAMS, TREVION",15:41,3,1,2,0,2,1,2,1,3,4,3,0,1,0,1,5,1,0,-24.0
2024,96,0,Team,0.0,0.0,BER,,Team,,0,0,0,0,0,0,0,1,2,3,0,0,1,0,0,0,0,2,
2024,96,0,Total,,,BER,,Total,200:00,84,21,38,12,27,6,10,10,17,27,22,9,17,2,4,27,18,78,
2024,97,1,P006590   ,1.0,1.0,IST,1,"BEAUBOIS, RODRIGUE",27:19,13,4,7,1,3,2,2,0,1,1,2,1,0,0,0,3,4,13,-11.0
2024,97,1,P013363   ,1.0,0.0,IST,3,"NWORA, JORDAN",16:33,4,1,3,0,1,2,2,0,4,4,1,0,2,0,0,1,2,5,-8.0
2024,97,1,P009846   ,0.0,1.0,IST,6,"BRYANT, ELIJAH",30:50,11,2,5,2,6,1,1,0,5,5,10,1,1,0,0,1,1,19,4.0
2024,97,1,P007109   ,1.0,0.0,IST,11,"SMITS, ROLANDS",13:18,3,0,0,1,3,0,0,0,3,3,2,0,0,0,0,1,1,6,-11.0
2024,97,1,P011078   ,1.0,1.0,IST,13,"THOMPSON, DARIUS",35:17,15,4,5,2,5,1,1,0,2,2,4,1,3,0,0,2,2,15,-4.0
2024,97,1,P013364   ,0.0,0.0,IST,14,"JOHNSON, STANLEY",00:53,0,0,0,0,0,0,0,0,0,0,0,0,0,0,0,0,0,0,1.0
2024,97,1,P004887   ,0.0,1.0,IST,17,"POIRIER, VINCENT",25:11,15,5,7,0,0,5,7,1,2,3,1,0,0,2,0,3,4,18,-6.0
2024,97,1,P009513   ,0.0,0.0,IST,21,"HOLLATZ, JUSTUS",04:43,0,0,0,0,1,0,0,1,1,2,1,0,0,0,0,1,0,1,-5.0
2024,97,1,P012710   ,0.0,0.0,IST,24,"OSMANI, ERCAN",07:32,4,2,2,0,0,0,0,1,1,2,0,0,1,0,0,1,0,4,1.0
2024,97,1,P012788   ,1.0,0.0,IST,25,"OTURU, DAN",13:51,10,4,7,0,0,2,2,1,1,2,0,1,2,2,2,3,1,6,-4.0
2024,97,1,P006372   ,0.0,0.0,IST,33,"YILMAZ, ERKAN",05:23,3,0,0,1,2,0,0,0,1,1,0,0,0,0,0,1,0,2,-3.0
2024,97,1,P009664   ,0.0,1.0,IST,35,"WILLIS, DEREK",19:10,6,3,6,0,1,0,0,3,0,3,1,0,0,2,0,2,1,7,1.0
2024,97,1,Team,0.0,0.0,IST,,Team,,0,0,0,0,0,0,0,1,0,1,0,0,2,0,0,0,0,-1,
2024,97,1,Total,,,IST,,Total,200:00,84,25,42,7,22,13,15,8,21,29,22,4,11,6,2,19,16,95,
2024,97,0,P012608   ,1.0,1.0,PRS,0,"SHORTS, TJ",27:33,21,6,12,1,1,6,7,0,2,2,10,1,3,0,1,2,5,26,17.0
2024,97,0,P012609   ,0.0,1.0,PRS,1,"MALCOLM, COLLIN",23:09,15,5,8,1,4,2,2,0,1,1,0,0,0,0,2,2,1,7,-6.0
2024,97,0,P012640   ,0.0,0.0,PRS,2,"HIFI, NADIR",14:13,6,0,0,2,4,0,0,0,0,0,0,1,2,0,0,1,1,3,-13.0
2024,97,0,P012610   ,1.0,1.0,PRS,3,"WARD, TYSON",27:33,11,2,3,1,4,4,4,2,9,11,1,0,0,0,1,0,3,21,17.0
2024,97,0,P013373   ,0.0,0.0,PRS,4,"CAVALIERE, LEOPOLD",09:22,6,3,4,0,0,0,0,2,1,3,1,0,0,0,0,2,1,8,-6.0
2024,97,0,P005793   ,0.0,0.0,PRS,5,"SY, BANDJA",12:27,3,0,0,1,2,0,0,0,2,2,0,1,1,0,0,2,0,2,-8.0
2024,97,0,P004512   ,0.0,0.0,PRS,8,"KRATZER, LEON",08:41,0,0,1,0,0,0,0,1,1,2,1,0,1,0,0,4,0,-3,1.0
2024,97,0,P007032   ,0.0,0.0,PRS,12,"LO, MAODO",13:56,2,1,1,0,4,0,0,0,1,1,5,0,1,0,1,0,0,2,-7.0
2024,97,0,P010390   ,1.0,1.0,PRS,13,"HAYES, KEVARRIUS",21:57,11,3,5,0,0,5,6,0,4,4,1,1,0,2,0,0,5,21,14.0
2024,97,0,P012612   ,0.0,0.0,PRS,18,"SHAHRVIN, ENZO",DNP,0,0,0,0,0,0,0,0,0,0,0,0,0,0,0,0,0,0,0.0
2024,97,0,P012613   ,1.0,1.0,PRS,20,"JANTUNEN, MIKAEL",27:28,13,0,1,3,4,4,4,0,0,0,2,2,2,0,1,2,3,13,17.0
2024,97,0,P004197   ,1.0,0.0,PRS,24,"OUATTARA, YAKUBA",13:41,5,1,3,1,3,0,0,2,0,2,0,1,0,0,0,1,0,3,19.0
2024,97,0,Team,0.0,0.0,PRS,,Team,,0,0,0,0,0,0,0,4,1,5,0,0,1,0,0,0,0,4,
2024,97,0,Total,,,PRS,,Total,200:00,93,21,38,10,26,21,23,11,22,33,21,7,11,2,6,16,19,107,
2024,98,1,P013403   ,1.0,1.0,ZAL,1,"WALKER IV, LONNIE",24:26,24,5,7,4,6,2,4,0,3,3,1,1,2,0,0,1,3,23,11.0
2024,98,1,P007975   ,0.0,1.0,ZAL,3,"FRANCISCO, SYLVAIN",18:30,12,2,4,0,3,8,9,0,1,1,3,2,3,2,0,1,7,17,-8.0
2024,98,1,P011983   ,0.0,0.0,ZAL,8,"BRAZDEIKIS, IGNAS",DNP,0,0,0,0,0,0,0,0,0,0,0,0,0,0,0,0,0,0,0.0
2024,98,1,P007513   ,1.0,1.0,ZAL,9,"GIEDRAITIS, DOVYDAS",22:28,4,2,4,0,2,0,1,0,2,2,0,1,0,0,0,3,2,1,3.0
2024,98,1,P005504   ,0.0,0.0,ZAL,15,"BIRUTIS, LAURYNAS",12:12,1,0,1,0,0,1,2,0,2,2,0,1,0,0,0,1,1,2,3.0
2024,98,1,P011051   ,0.0,1.0,ZAL,18,"SMAILAGIC, ALEN",10:56,3,0,2,1,2,0,0,1,1,2,1,0,1,0,0,0,0,2,5.0
2024,98,1,P012622   ,0.0,0.0,ZAL,21,"MITCHELL, MATTHEW",24:36,4,2,4,0,3,0,0,1,2,3,4,0,0,0,0,5,1,2,13.0
2024,98,1,P003048   ,1.0,0.0,ZAL,42,"DUNSTON, BRYANT",16:52,6,2,4,0,0,2,3,2,0,2,1,1,0,0,0,3,3,7,-1.0
2024,98,1,P012715   ,1.0,0.0,ZAL,45,"MANEK, BRADY",13:13,3,0,0,1,4,0,0,0,1,1,3,0,1,0,0,4,0,-1,9.0
2024,98,1,P002676   ,0.0,1.0,ZAL,51,"BUTKEVICIUS, ARNAS",20:19,5,1,2,1,2,0,0,1,2,3,0,1,0,0,0,2,2,7,-1.0
2024,98,1,P007029   ,1.0,0.0,ZAL,91,"SIRVYDIS, DEIVIDAS",22:02,19,2,5,5,8,0,0,3,4,7,0,1,0,0,0,2,2,21,9.0
2024,98,1,P002329   ,0.0,0.0,ZAL,92,"ULANOVAS, EDGARAS",14:26,3,0,0,1,2,0,0,0,0,0,2,0,1,0,0,1,0,2,-8.0
2024,98,1,Team,0.0,0.0,ZAL,,Team,,0,0,0,0,0,0,0,3,4,7,0,0,0,0,0,0,0,7,
2024,98,1,Total,,,ZAL,,Total,200:00,84,16,33,13,32,13,19,11,22,33,15,8,8,2,0,23,21,90,
2024,98,0,P011209   ,0.0,0.0,PAN,0,"KALAITZAKIS, PANAGIOTIS",04:21,0,0,1,0,2,0,0,0,2,2,0,0,0,0,1,2,0,-4,7.0
2024,98,0,P009622   ,0.0,1.0,PAN,2,"BROWN, LORENZO",26:07,11,3,5,1,2,2,2,0,4,4,5,1,2,0,0,1,4,19,-5.0
2024,98,0,P001926   ,0.0,1.0,PAN,10,"SLOUKAS, KOSTAS",22:30,5,0,2,1,3,2,2,0,2,2,2,2,1,0,1,3,3,5,-12.0
2024,98,0,P011442   ,0.0,0.0,PAN,20,"SAMODUROV, ALEXANDROS",DNP,0,0,0,0,0,0,0,0,0,0,0,0,0,0,0,0,0,0,0.0
2024,98,0,P005161   ,1.0,0.0,PAN,21,"PAPAPETROU, IOANNIS",20:13,2,1,1,0,2,0,0,0,1,1,0,0,2,0,0,3,2,-2,-4.0
2024,98,0,P011204   ,1.0,1.0,PAN,22,"GRANT, JERIAN",27:08,8,0,0,2,4,2,2,0,1,1,2,0,1,0,0,2,1,7,-12.0
2024,98,0,P012774   ,1.0,1.0,PAN,25,"NUNN, KENDRICK",27:25,19,1,2,5,10,2,2,0,2,2,5,0,3,0,0,4,3,16,5.0
2024,98,0,P003842   ,1.0,1.0,PAN,26,"LESSORT, MATHIAS",23:46,10,3,3,0,0,4,8,0,7,7,0,1,2,0,0,3,7,16,-6.0
2024,98,0,P012712   ,1.0,0.0,PAN,41,"HERNANGOMEZ, JUANCHO",24:58,4,2,5,0,2,0,3,1,6,7,1,0,0,0,0,1,2,5,5.0
2024,98,0,P007866   ,0.0,0.0,PAN,44,"MITOGLOU, KONSTANTINOS",07:30,2,1,1,0,0,0,0,0,0,0,0,0,0,0,0,2,0,0,-10.0
2024,98,0,P005353   ,0.0,0.0,PAN,77,"YURTSEVEN, OMER",16:02,16,7,9,0,0,2,2,4,2,6,2,0,2,0,0,1,1,20,-3.0
2024,98,0,Team,0.0,0.0,PAN,,Team,,0,0,0,0,0,0,0,2,0,2,0,0,0,0,0,0,0,2,
2024,98,0,Total,,,PAN,,Total,200:00,77,18,29,9,25,14,21,7,27,34,17,4,13,0,2,22,23,84,
2024,99,1,P010391   ,1.0,0.0,MUN,0,"WEILER-BABB, NICK",22:13,14,0,0,4,7,2,2,1,4,5,4,2,2,0,0,4,2,18,11.0
2024,99,1,P011244   ,0.0,0.0,MUN,1,"DA SILVA, OSCAR",17:26,7,2,4,1,1,0,0,2,1,3,1,3,2,1,0,2,0,9,17.0
2024,99,1,P011987   ,1.0,0.0,MUN,3,"EDWARDS, CARSEN",29:47,25,7,8,2,9,5,6,0,2,2,1,2,2,0,0,2,9,26,25.0
2024,99,1,P007201   ,1.0,0.0,MUN,7,"VOIGTMANN, JOHANNES",22:05,0,0,0,0,3,0,0,1,6,7,3,0,1,1,0,1,0,6,8.0
2024,99,1,P011224   ,0.0,0.0,MUN,8,"NAPIER, SHABAZZ",20:18,5,1,1,1,1,0,0,0,2,2,5,3,0,0,0,3,0,12,12.0
2024,99,1,P012123   ,0.0,1.0,MUN,10,"KHARCHENKOV, IVAN",03:09,2,1,1,0,0,0,0,0,0,0,0,0,1,0,0,0,0,1,-4.0
2024,99,1,P004508   ,1.0,1.0,MUN,13,"OBST, ANDREAS",28:29,34,0,0,11,16,1,1,2,1,3,1,0,3,0,0,3,3,30,17.0
2024,99,1,P007929   ,0.0,1.0,MUN,17,"BITIM, ONURALP",16:04,0,0,2,0,1,0,0,0,2,2,1,0,0,0,1,1,0,-2,5.0
2024,99,1,P005460   ,0.0,0.0,MUN,20,"HARRIS, ELIAS",12:49,0,0,1,0,0,0,0,0,0,0,1,0,1,0,0,3,0,-4,5.0
2024,99,1,P007639   ,0.0,1.0,MUN,22,"BRANKOVIC, DANKO",03:51,0,0,2,0,0,0,0,0,0,0,0,0,0,0,0,2,0,-4,-2.0
2024,99,1,P007056   ,1.0,0.0,MUN,31,"BOOKER, DEVIN",21:12,10,4,5,0,3,2,2,1,3,4,0,0,1,0,0,3,2,8,19.0
2024,99,1,P013368   ,0.0,1.0,MUN,53,"YEBO, KEVIN",02:37,3,0,0,1,1,0,0,0,1,1,1,0,0,0,0,0,0,5,-3.0
2024,99,1,Team,0.0,0.0,MUN,,Team,,0,0,0,0,0,0,0,0,0,0,0,0,0,0,0,0,0,0,
2024,99,1,Total,,,MUN,,Total,200:00,100,15,24,20,42,10,11,7,22,29,18,10,13,2,1,24,16,105,
2024,99,0,P009862   ,1.0,0.0,BAR,0,"PUNTER, KEVIN",19:44,7,1,5,1,7,2,2,0,2,2,2,1,1,0,0,3,2,0,-15.0
2024,99,0,P012795   ,0.0,0.0,BAR,1,"ANDERSON, JUSTIN",22:30,4,1,2,0,0,2,2,0,1,1,0,0,2,0,0,3,1,0,-21.0
2024,99,0,P011666   ,0.0,0.0,BAR,2,"SARR, DAME",04:26,0,0,0,0,0,0,3,0,0,0,1,0,0,0,0,0,1,-1,-6.0
2024,99,0,P000925   ,1.0,0.0,BAR,6,"VESELY, JAN",18:11,8,3,3,0,1,2,2,1,1,2,0,1,1,0,0,0,2,11,-9.0
2024,99,0,P009992   ,0.0,1.0,BAR,8,"BRIZUELA, DARIO",15:50,5,2,5,0,2,1,2,0,0,0,2,1,0,0,1,1,1,1,-1.0
2024,99,0,P002939   ,1.0,0.0,BAR,13,"SATORANSKY, TOMAS",19:12,4,2,4,0,1,0,0,1,5,6,5,1,3,0,0,3,3,10,-9.0
2024,99,0,P003196   ,0.0,0.0,BAR,14,"HERNANGOMEZ, WILLY",13:25,10,4,5,0,0,2,2,0,0,0,0,0,2,0,0,1,4,10,-12.0
2024,99,0,P010106   ,0.0,1.0,BAR,17,"NUNEZ, JUAN",20:25,5,2,3,0,0,1,2,1,1,2,7,1,3,0,0,3,4,11,-11.0
2024,99,0,P006568   ,0.0,1.0,BAR,19,"FALL, YOUSSOUPHA",08:24,3,1,1,0,0,1,2,0,4,4,0,0,0,1,0,1,1,7,-1.0
2024,99,0,P003478   ,1.0,0.0,BAR,21,"ABRINES, ALEX",11:54,0,0,0,0,1,0,0,0,1,1,2,0,0,0,0,0,2,4,-5.0
2024,99,0,P012745   ,1.0,1.0,BAR,22,"PARKER, JABARI",27:03,26,8,8,3,5,1,2,0,3,3,2,2,3,0,0,0,2,29,-14.0
2024,99,0,P007464   ,0.0,1.0,BAR,44,"PARRA, JOEL",18:56,6,2,3,0,1,2,2,0,1,1,1,1,0,0,1,2,1,5,-6.0
2024,99,0,Team,0.0,0.0,BAR,,Team,,0,0,0,0,0,0,0,3,4,7,0,0,0,0,0,0,0,7,
2024,99,0,Total,,,BAR,,Total,200:00,78,26,39,4,18,14,21,6,23,29,22,8,15,1,2,17,24,94,
2024,100,1,P013403   ,1.0,1.0,ZAL,1,"WALKER IV, LONNIE",25:09,19,4,8,2,8,5,6,0,2,2,3,0,1,0,1,2,6,15,-26.0
2024,100,1,P007975   ,0.0,1.0,ZAL,3,"FRANCISCO, SYLVAIN",16:49,4,0,3,0,2,4,4,0,4,4,2,0,2,0,0,2,5,6,-7.0
2024,100,1,P003210   ,0.0,0.0,ZAL,4,"LEKAVICIUS, LUKAS",02:45,0,0,1,0,1,0,0,0,0,0,0,0,0,0,0,0,0,-2,-6.0
2024,100,1,P007513   ,1.0,1.0,ZAL,9,"GIEDRAITIS, DOVYDAS",27:46,5,1,4,1,3,0,0,1,0,1,1,0,1,0,0,3,0,-2,-3.0
2024,100,1,P005504   ,0.0,0.0,ZAL,15,"BIRUTIS, LAURYNAS",11:56,3,1,4,0,0,1,2,0,3,3,1,0,0,3,1,2,1,4,5.0
2024,100,1,P011051   ,0.0,1.0,ZAL,18,"SMAILAGIC, ALEN",20:19,11,4,5,1,2,0,0,0,1,1,0,1,0,2,1,1,0,11,-9.0
2024,100,1,P012622   ,0.0,1.0,ZAL,21,"MITCHELL, MATTHEW",19:46,5,2,2,0,0,1,2,1,1,2,2,0,1,0,0,2,1,6,-10.0
2024,100,1,P003048   ,1.0,0.0,ZAL,42,"DUNSTON, BRYANT",07:45,5,2,3,0,0,1,1,2,0,2,2,0,0,0,1,2,1,6,-9.0
2024,100,1,P012715   ,1.0,0.0,ZAL,45,"MANEK, BRADY",03:59,0,0,0,0,1,0,0,0,1,1,0,0,0,0,0,1,0,-1,-1.0
2024,100,1,P002676   ,0.0,0.0,ZAL,51,"BUTKEVICIUS, ARNAS",25:54,2,1,1,0,2,0,0,3,4,7,3,0,1,0,0,4,1,6,11.0
2024,100,1,P007029   ,1.0,0.0,ZAL,91,"SIRVYDIS, DEIVIDAS",24:15,14,1,2,4,6,0,0,2,3,5,1,1,3,0,0,3,1,13,2.0
2024,100,1,P002329   ,0.0,0.0,ZAL,92,"ULANOVAS, EDGARAS",13:37,2,1,5,0,1,0,0,1,1,2,0,1,0,0,0,0,1,1,-12.0
2024,100,1,Team,0.0,0.0,ZAL,,Team,,0,0,0,0,0,0,0,2,4,6,0,0,1,0,0,0,0,5,
2024,100,1,Total,,,ZAL,,Total,200:00,70,17,38,8,26,12,15,12,24,36,15,3,10,5,4,22,17,68,
2024,100,0,P011948   ,1.0,0.0,BAS,0,"HOWARD, MARKUS",21:08,9,3,5,0,7,3,4,1,0,1,3,0,1,0,0,3,2,1,-10.0
2024,100,0,P008850   ,0.0,0.0,BAS,2,"RAIESTE, SANDER",DNP,0,0,0,0,0,0,0,0,0,0,0,0,0,0,0,0,0,0,0.0
2024,100,0,P010784   ,0.0,0.0,BAS,6,"SAVKOV, PAVEL",DNP,0,0,0,0,0,0,0,0,0,0,0,0,0,0,0,0,0,0,0.0
2024,100,0,P007230   ,1.0,0.0,BAS,8,"SEDEKERSKIS, TADAS",21:43,7,2,3,0,1,3,3,1,4,5,2,1,1,0,1,0,5,16,-7.0
2024,100,0,P004058   ,0.0,0.0,BAS,10,"JARAMAZ, OGNJEN",02:46,0,0,0,0,0,0,0,1,1,2,0,0,0,0,0,0,0,2,-4.0
2024,100,0,P013367   ,1.0,1.0,BAS,11,"FORREST, TRENT",32:30,14,5,7,0,2,4,4,0,2,2,2,2,1,0,0,2,4,17,18.0
2024,100,0,P011085   ,0.0,1.0,BAS,17,"ROGKAVOPOULOS, NIKOLAOS",27:18,10,1,1,2,4,2,2,2,2,4,2,0,0,0,0,3,1,12,25.0
2024,100,0,P008072   ,0.0,0.0,BAS,18,"DIOP, KHALIFA",03:54,0,0,2,0,1,0,0,0,0,0,0,0,0,0,2,1,0,-6,-4.0
2024,100,0,P012597   ,0.0,1.0,BAS,44,"BALDWIN, KAMAR",23:36,10,2,4,2,6,0,0,0,3,3,6,1,0,0,1,3,0,10,22.0
2024,100,0,P011196   ,1.0,1.0,BAS,45,"HALL, DONTA",33:31,14,6,9,0,0,2,5,4,7,11,1,0,1,3,0,2,5,25,16.0
2024,100,0,P012058   ,0.0,0.0,BAS,46,"NDIAYE, OUSMANE",04:03,2,1,1,0,0,0,0,0,0,0,0,0,0,0,0,0,1,3,-5.0
2024,100,0,P012201   ,1.0,1.0,BAS,95,"MONEKE, CHIMA",29:31,17,2,3,3,7,4,4,0,5,5,1,2,2,1,1,3,4,19,14.0
2024,100,0,Team,0.0,0.0,BAS,,Team,,0,0,0,0,0,0,0,3,2,5,0,0,2,0,0,0,0,3,
2024,100,0,Total,,,BAS,,Total,200:00,83,22,35,7,28,18,22,12,26,38,17,6,8,4,5,17,22,102,
2024,101,1,P008384   ,1.0,0.0,BER,1,"PROCIDA, GABRIELE",25:16,10,4,5,0,5,2,2,1,2,3,2,0,3,1,0,3,2,6,-18.0
2024,101,1,P012099   ,0.0,0.0,BER,2,"GROSBER, DORIAN",DNP,0,0,0,0,0,0,0,0,0,0,0,0,0,0,0,0,0,0,0.0
2024,101,1,P008173   ,1.0,1.0,BER,3,"SPAGNOLO, MATTEO",24:25,16,7,10,0,0,2,2,2,3,5,2,0,1,1,0,4,4,20,-8.0
2024,101,1,P011934   ,1.0,0.0,BER,5,"WETZELL, YANNI",24:45,6,3,8,0,1,0,0,2,3,5,3,1,2,0,2,0,2,7,-5.0
2024,101,1,P008211   ,0.0,0.0,BER,6,"DELOW, MALTE",18:08,6,1,2,0,1,4,4,0,1,1,0,2,0,0,0,2,2,7,-7.0
2024,101,1,P012100   ,0.0,0.0,BER,8,"NUFER, ANTON",DNP,0,0,0,0,0,0,0,0,0,0,0,0,0,0,0,0,0,0,0.0
2024,101,1,P007025   ,1.0,1.0,BER,9,"MATTISSECK, JONAS",24:27,3,0,0,1,4,0,0,0,0,0,0,1,1,0,0,2,1,-1,-9.0
2024,101,1,P006251   ,0.0,1.0,BER,10,"SCHNEIDER, TIM",17:40,5,1,1,1,3,0,1,2,2,4,2,0,2,0,0,2,1,5,-19.0
2024,101,1,P007550   ,0.0,0.0,BER,18,"SAMAR, ZIGA",15:30,8,2,3,0,1,4,4,1,2,3,3,1,4,0,0,2,2,9,-7.0
2024,101,1,P011631   ,0.0,1.0,BER,25,"RAPIEQUE, ELIAS",15:36,14,4,6,1,2,3,5,1,2,3,2,0,0,0,1,1,4,16,-1.0
2024,101,1,P013386   ,0.0,0.0,BER,33,"MC CORMACK, DAVID",10:03,7,3,5,0,0,1,2,1,3,4,0,0,2,0,0,5,1,2,0.0
2024,101,1,P012604   ,1.0,1.0,BER,50,"WILLIAMS, TREVION",24:10,10,1,7,2,3,2,2,2,6,8,4,1,3,1,2,4,3,11,-16.0
2024,101,1,Team,0.0,0.0,BER,,Team,,0,0,0,0,0,0,0,1,2,3,0,0,0,0,0,0,0,3,
2024,101,1,Total,,,BER,,Total,200:00,85,26,47,5,20,18,22,13,26,39,18,6,18,3,5,25,22,85,
2024,101,0,P006835   ,1.0,0.0,TEL,1,"HOARD, JAYLEN",28:53,18,6,9,2,4,0,0,2,0,2,1,4,1,0,1,1,3,20,24.0
2024,101,0,P011202   ,0.0,1.0,TEL,3,"SHAYOK, MARIAL",14:42,3,0,3,1,4,0,0,1,2,3,3,0,0,0,0,4,1,0,-4.0
2024,101,0,P011219   ,0.0,0.0,TEL,9,"SORKIN, ROMAN",15:32,9,4,7,0,0,1,1,3,2,5,0,0,2,1,0,3,1,8,-2.0
2024,101,0,P011433   ,0.0,1.0,TEL,10,"MAYER, OMER",01:08,0,0,0,0,0,0,0,0,1,1,1,0,1,0,0,0,0,1,-1.0
2024,101,0,P013381   ,0.0,1.0,TEL,11,"RAYMAN, WILLIAM",16:15,12,2,2,2,4,2,4,0,4,4,0,2,1,0,0,1,3,15,4.0
2024,101,0,P007990   ,1.0,0.0,TEL,12,"DIBARTOLOMEO, JOHN",21:22,5,0,0,1,5,2,2,1,3,4,0,2,0,0,0,5,2,4,20.0
2024,101,0,P011214   ,0.0,0.0,TEL,14,"RIVERO, JASIEL",14:42,8,2,2,0,0,4,6,2,1,3,0,0,1,1,0,1,3,11,-2.0
2024,101,0,P005145   ,0.0,0.0,TEL,15,"COHEN, JAKE",DNP,0,0,0,0,0,0,0,0,0,0,0,0,0,0,0,0,0,0,0.0
2024,101,0,P013382   ,1.0,0.0,TEL,20,"RANDOLPH, LEVI",18:40,2,0,4,0,1,2,2,1,2,3,1,1,2,0,2,1,3,0,13.0
2024,101,0,P007519   ,1.0,0.0,TEL,31,"JOKUBAITIS, ROKAS",25:48,24,11,13,0,1,2,2,0,1,1,6,1,1,0,0,2,3,29,8.0
2024,101,0,P013383   ,1.0,1.0,TEL,32,"GABRIEL, WENYEN",20:12,8,4,6,0,0,0,0,3,4,7,3,0,0,3,0,4,3,18,18.0
2024,101,0,P013250   ,0.0,1.0,TEL,55,"DE JULIUS, DAVID",22:46,14,2,6,3,5,1,2,0,0,0,3,0,1,0,0,1,3,11,12.0
2024,101,0,Team,0.0,0.0,TEL,,Team,,0,0,0,0,0,0,0,1,4,5,0,0,0,0,0,0,0,5,
2024,101,0,Total,,,TEL,,Total,200:00,103,31,52,9,24,14,19,14,24,38,18,10,10,5,3,23,25,122,
2024,102,1,P012608   ,1.0,1.0,PRS,0,"SHORTS, TJ",27:08,19,4,12,2,2,5,9,1,2,3,9,2,2,0,1,1,8,25,1.0
2024,102,1,P012609   ,0.0,0.0,PRS,1,"MALCOLM, COLLIN",16:01,3,0,1,1,1,0,0,1,5,6,2,0,0,0,0,1,1,10,7.0
2024,102,1,P012640   ,0.0,1.0,PRS,2,"HIFI, NADIR",18:28,11,1,6,2,8,3,4,0,0,0,2,0,1,0,1,1,3,1,13.0
2024,102,1,P012610   ,1.0,1.0,PRS,3,"WARD, TYSON",27:13,6,0,2,2,8,0,0,1,8,9,0,0,0,0,1,3,0,3,0.0
2024,102,1,P013373   ,0.0,0.0,PRS,4,"CAVALIERE, LEOPOLD",08:25,2,1,1,0,0,0,0,2,1,3,0,0,0,0,0,2,1,4,7.0
2024,102,1,P005793   ,0.0,0.0,PRS,5,"SY, BANDJA",12:47,2,1,2,0,0,0,0,0,2,2,0,0,1,0,0,2,1,1,3.0
2024,102,1,P004512   ,0.0,0.0,PRS,8,"KRATZER, LEON",10:38,4,2,3,0,0,0,0,2,3,5,0,0,1,0,0,2,0,5,2.0
2024,102,1,P007032   ,0.0,0.0,PRS,12,"LO, MAODO",17:40,15,3,4,3,7,0,0,0,1,1,0,0,3,0,0,2,1,7,-6.0
2024,102,1,P010390   ,1.0,1.0,PRS,13,"HAYES, KEVARRIUS",20:56,8,3,3,0,0,2,4,2,4,6,0,1,3,3,0,4,2,11,-6.0
2024,102,1,P012612   ,0.0,0.0,PRS,18,"SHAHRVIN, ENZO",DNP,0,0,0,0,0,0,0,0,0,0,0,0,0,0,0,0,0,0,0.0
2024,102,1,P012613   ,1.0,1.0,PRS,20,"JANTUNEN, MIKAEL",27:13,6,0,1,2,6,0,0,1,7,8,1,0,0,1,0,4,0,7,0.0
2024,102,1,P004197   ,1.0,0.0,PRS,24,"OUATTARA, YAKUBA",13:31,5,1,2,1,2,0,0,0,0,0,0,1,0,1,0,1,0,4,-6.0
2024,102,1,Team,0.0,0.0,PRS,,Team,,0,0,0,0,0,0,0,4,1,5,0,0,0,0,0,0,0,5,
2024,102,1,Total,,,PRS,,Total,200:00,81,16,37,13,34,10,17,14,34,48,14,4,11,5,3,23,17,83,
2024,102,0,P009549   ,1.0,1.0,VIR,0,"CORDINIER, ISAIA",24:01,16,4,5,1,2,5,6,0,7,7,8,0,1,0,0,4,5,28,8.0
2024,102,0,PBCN      ,0.0,1.0,VIR,3,"BELINELLI, MARCO",09:10,5,1,2,1,4,0,0,0,2,2,0,0,1,0,0,0,0,2,-7.0
2024,102,0,P006739   ,1.0,0.0,VIR,6,"PAJOLA, ALESSANDRO",22:08,3,0,2,1,3,0,0,0,1,1,2,0,1,0,1,0,1,1,3.0
2024,102,0,P004888   ,1.0,1.0,VIR,8,"CLYBURN, WILL",31:02,25,5,9,5,8,0,0,0,3,3,2,2,2,0,0,3,3,23,6.0
2024,102,0,P001133   ,0.0,1.0,VIR,21,"SHENGELIA, TORNIKE",21:36,8,1,3,1,5,3,4,0,4,4,2,0,3,0,0,2,3,5,3.0
2024,102,0,P001844   ,0.0,0.0,VIR,23,"HACKETT, DANIEL",12:22,0,0,1,0,2,0,0,0,3,3,0,1,1,0,0,1,1,0,-9.0
2024,102,0,P005738   ,1.0,0.0,VIR,24,"GRAZULIS, ANDREJS",10:25,2,1,1,0,0,0,0,0,0,0,0,0,0,0,0,1,0,1,-1.0
2024,102,0,P012585   ,0.0,1.0,VIR,30,"MORGAN, MATTHEW",19:04,4,1,2,0,4,2,4,0,1,1,5,1,0,0,1,2,4,5,-4.0
2024,102,0,P002084   ,0.0,0.0,VIR,33,"POLONARA, ACHILLE",12:32,0,0,1,0,1,0,0,2,1,3,0,0,0,0,1,1,0,-1,-10.0
2024,102,0,P013374   ,0.0,0.0,VIR,35,"DIOUF, MOUHAMET",14:21,6,2,2,0,0,2,6,3,2,5,0,0,0,0,0,2,3,8,6.0
2024,102,0,P004554   ,1.0,0.0,VIR,41,"ZIZIC, ANTE",20:49,9,3,7,0,0,3,4,2,0,2,0,1,1,2,2,1,3,8,-7.0
2024,102,0,P012591   ,0.0,0.0,VIR,59,"TUCKER, RAYJON",02:30,0,0,0,0,0,0,0,0,0,0,0,0,1,1,0,0,0,0,-3.0
2024,102,0,Team,0.0,0.0,VIR,,Team,,0,0,0,0,0,0,0,2,5,7,0,0,0,0,0,0,0,7,
2024,102,0,Total,,,VIR,,Total,200:00,78,18,35,9,29,15,24,9,29,38,19,5,11,3,5,17,23,87,
2024,103,1,P007870   ,1.0,1.0,PAR,0,"DAVIES, BRANDON",18:11,12,3,6,2,4,0,0,1,4,5,2,0,2,0,0,3,1,10,-1.0
2024,103,1,P010781   ,0.0,1.0,PAR,1,"LUNDBERG, IFFE",30:58,13,4,7,1,5,2,3,1,3,4,4,0,1,0,1,0,4,15,21.0
2024,103,1,P013369   ,0.0,1.0,PAR,2,"JONES, CARLIK",31:38,15,4,11,1,2,4,4,2,2,4,8,3,0,1,0,3,5,25,20.0
2024,103,1,P006591   ,1.0,0.0,PAR,3,"NTILIKINA, FRANK",23:43,7,1,1,1,4,2,2,1,1,2,3,1,1,0,0,3,2,8,5.0
2024,103,1,P011050   ,0.0,0.0,PAR,5,"KOPRIVICA, BALSA",10:25,8,4,4,0,0,0,0,3,2,5,0,1,1,0,0,4,0,9,11.0
2024,103,1,P012167   ,0.0,0.0,PAR,8,"BOSNJAKOVIC, MITAR",DNP,0,0,0,0,0,0,0,0,0,0,0,0,0,0,0,0,0,0,0.0
2024,103,1,P004761   ,0.0,1.0,PAR,9,"MARINKOVIC, VANJA",28:53,10,0,0,3,7,1,2,1,1,2,0,0,0,0,0,3,1,5,26.0
2024,103,1,P008232   ,0.0,0.0,PAR,11,"POKUSEVSKI, ALEKSEJ",05:17,0,0,0,0,3,0,0,1,1,2,0,1,0,0,0,1,0,-1,-3.0
2024,103,1,P012720   ,1.0,0.0,PAR,12,"BROWN, STERLING",05:56,0,0,0,0,0,0,0,0,0,0,0,0,0,0,0,0,1,1,-12.0
2024,103,1,P006760   ,1.0,0.0,PAR,17,"BONGA, ISAAC",16:01,6,0,1,2,4,0,0,1,1,2,2,1,0,0,0,1,1,8,-10.0
2024,103,1,P011836   ,1.0,0.0,PAR,24,"MIKE, ISIAHA",12:44,5,1,1,0,2,3,4,1,1,2,0,2,0,0,0,1,2,7,-20.0
2024,103,1,P011981   ,0.0,1.0,PAR,88,"JONES, TYRIQUE",16:14,2,1,2,0,0,0,0,1,3,4,0,0,0,0,0,3,2,4,3.0
2024,103,1,Team,0.0,0.0,PAR,,Team,,0,0,0,0,0,0,0,2,2,4,0,0,0,0,0,0,0,4,
2024,103,1,Total,,,PAR,,Total,200:00,78,18,33,10,31,12,15,15,21,36,19,9,5,1,1,22,19,95,
2024,103,0,P008855   ,1.0,1.0,OLY,0,"WALKUP, THOMAS",30:55,6,0,0,2,5,0,0,3,2,5,3,2,1,0,0,4,3,11,0.0
2024,103,0,P007982   ,0.0,0.0,OLY,1,"WILLIAMS-GOSS, NIGEL",15:56,0,0,2,0,5,0,0,0,1,1,3,0,0,0,1,1,0,-5,-13.0
2024,103,0,P011965   ,0.0,0.0,OLY,3,"MITROU-LONG, NAZ",DNP,0,0,0,0,0,0,0,0,0,0,0,0,0,0,0,0,0,0,0.0
2024,103,0,P010392   ,0.0,0.0,OLY,5,"LARENTZAKIS, GIANNOULIS",DNP,0,0,0,0,0,0,0,0,0,0,0,0,0,0,0,0,0,0,0.0
2024,103,0,P007947   ,1.0,1.0,OLY,8,"VILDOZA, LUCA",28:25,8,2,4,1,2,1,1,1,2,3,3,0,1,0,0,2,1,9,3.0
2024,103,0,P008811   ,1.0,0.0,OLY,10,"FALL, MOUSTAPHA",13:55,8,3,3,0,0,2,4,0,1,1,2,0,3,0,0,3,4,7,9.0
2024,103,0,P001255   ,0.0,0.0,OLY,16,"PAPANIKOLAOU, KOSTAS",16:02,7,0,0,2,4,1,2,1,3,4,0,0,2,0,0,2,1,5,-30.0
2024,103,0,P009849   ,0.0,0.0,OLY,22,"DORSEY, TYLER",04:44,0,0,1,0,1,0,0,0,0,0,0,0,0,0,0,0,0,-2,-6.0
2024,103,0,P008829   ,1.0,1.0,OLY,25,"PETERS, ALEC",24:04,12,4,4,0,2,4,4,3,5,8,0,1,2,1,0,2,4,20,22.0
2024,103,0,P003941   ,0.0,1.0,OLY,33,"MILUTINOV, NIKOLA",25:56,13,4,5,0,0,5,6,3,5,8,1,0,0,0,0,2,5,23,-17.0
2024,103,0,P007853   ,0.0,0.0,OLY,77,"MCKISSIC, SHAQUIELLE",14:48,0,0,0,0,4,0,0,0,1,1,1,0,0,0,0,2,0,-4,-9.0
2024,103,0,P013380   ,1.0,1.0,OLY,94,"FOURNIER, EVAN",25:15,16,3,4,2,8,4,7,1,1,2,3,0,2,0,0,1,4,12,1.0
2024,103,0,Team,0.0,0.0,OLY,,Team,,0,0,0,0,0,0,0,3,2,5,0,0,1,0,0,0,0,4,
2024,103,0,Total,,,OLY,,Total,200:00,70,16,23,7,31,17,24,15,23,38,16,3,12,1,1,19,22,80,
2024,104,1,P009863   ,1.0,0.0,ULK,2,"BALDWIN IV, WADE",29:58,19,6,8,2,5,1,1,0,1,1,4,1,2,0,0,4,2,16,-9.0
2024,104,1,P002849   ,0.0,1.0,ULK,4,"MELLI, NICOLO",14:06,0,0,2,0,4,0,0,1,4,5,3,0,1,0,0,2,0,-1,13.0
2024,104,1,P002968   ,0.0,0.0,ULK,5,"SANLI, SERTAC",09:58,7,1,1,0,0,5,7,1,5,6,0,1,0,1,0,2,3,14,-4.0
2024,104,1,P013396   ,0.0,1.0,ULK,9,"MAYS, SKYLAR",06:04,3,0,1,1,1,0,0,0,0,0,1,0,2,0,0,1,0,0,6.0
2024,104,1,P008962   ,1.0,0.0,ULK,11,"HAYES-DAVIS, NIGEL",30:38,6,1,6,1,2,1,1,1,1,2,0,0,1,0,0,3,3,1,-10.0
2024,104,1,P006961   ,0.0,0.0,ULK,13,"BIBEROVIC, TARIK",30:33,15,3,4,3,6,0,0,2,2,4,1,0,1,0,0,1,0,14,-11.0
2024,104,1,P010560   ,0.0,0.0,ULK,21,"PIERRE, DYSHAWN",04:56,0,0,0,0,1,0,0,0,4,4,1,0,0,0,0,1,1,4,-4.0
2024,104,1,P004004   ,0.0,0.0,ULK,23,"GUDURIC, MARKO",17:07,8,3,5,0,4,2,2,1,1,2,3,2,3,0,0,4,3,5,-15.0
2024,104,1,P008104   ,1.0,1.0,ULK,32,"ZAGARS, ARTURS",27:19,16,2,4,2,3,6,8,0,2,2,3,0,1,0,0,1,7,21,3.0
2024,104,1,P009783   ,1.0,1.0,ULK,50,"COLSON, BONZIE",15:25,9,0,3,3,4,0,0,1,1,2,0,1,0,0,1,1,1,7,-3.0
2024,104,1,PLMG      ,0.0,0.0,ULK,51,"MARJANOVIC, BOBAN",DNP,0,0,0,0,0,0,0,0,0,0,0,0,0,0,0,0,0,0,0.0
2024,104,1,P007182   ,1.0,1.0,ULK,92,"BIRCH, KHEM",13:56,2,1,2,0,0,0,0,1,1,2,1,0,1,1,0,4,1,1,4.0
2024,104,1,Team,0.0,0.0,ULK,,Team,,0,0,0,0,0,0,0,1,1,2,0,0,1,0,0,0,0,1,
2024,104,1,Total,,,ULK,,Total,200:00,85,17,36,12,30,15,19,9,23,32,17,5,13,2,1,24,21,83,
2024,104,0,P006085   ,0.0,0.0,MIL,1,"DIMITRIJEVIC, NENO",18:59,15,2,6,2,3,5,6,0,2,2,4,0,1,0,0,1,4,17,11.0
2024,104,0,P011064   ,1.0,0.0,MIL,2,"MANNION, NICCOLO",20:33,0,0,1,0,2,0,0,0,0,0,6,0,3,0,0,4,2,-2,-6.0
2024,104,0,P006701   ,0.0,0.0,MIL,3,"BORTOLANI, GIORDANO",DNP,0,0,0,0,0,0,0,0,0,0,0,0,0,0,0,0,0,0,0.0
2024,104,0,P001392   ,0.0,1.0,MIL,5,"CAUSEUR, FABIEN",21:58,5,1,2,1,2,0,0,1,3,4,3,1,1,0,0,2,2,10,6.0
2024,104,0,P013384   ,0.0,0.0,MIL,12,"BROOKS, ARMONI",17:06,8,2,4,1,5,1,1,1,2,3,1,0,0,0,1,1,2,6,9.0
2024,104,0,P008987   ,1.0,1.0,MIL,16,"LEDAY, ZACH",29:09,19,3,6,2,4,7,7,0,2,2,0,0,2,0,0,3,5,16,1.0
2024,104,0,P001518   ,1.0,1.0,MIL,17,"RICCI, GIAMPAOLO",23:09,4,2,3,0,1,0,0,1,5,6,3,0,0,1,0,4,1,9,5.0
2024,104,0,P013385   ,0.0,0.0,MIL,25,"DIOP, OUSMANE",09:58,2,1,2,0,0,0,0,0,1,1,0,0,1,0,0,2,0,-1,-4.0
2024,104,0,P006721   ,0.0,0.0,MIL,30,"CARUSO, GUGLIELMO",00:03,0,0,0,0,0,0,0,0,0,0,0,0,0,0,0,0,0,0,0.0
2024,104,0,P007831   ,1.0,1.0,MIL,31,"SHIELDS, SHAVON",25:30,9,3,4,1,3,0,0,3,2,5,3,0,1,0,0,2,0,11,-2.0
2024,104,0,P000796   ,1.0,1.0,MIL,33,"MIROTIC, NIKOLA",29:13,29,6,9,3,6,8,11,2,7,9,2,3,2,0,1,0,7,38,10.0
2024,104,0,P011941   ,0.0,0.0,MIL,55,"GILLESPIE, FREDDIE",04:22,0,0,1,0,0,0,0,1,1,2,0,1,0,0,0,2,0,0,0.0
2024,104,0,Team,0.0,0.0,MIL,,Team,,0,0,0,0,0,0,0,1,1,2,0,0,2,0,0,0,0,0,
2024,104,0,Total,,,MIL,,Total,200:00,91,20,38,10,26,21,25,10,26,36,22,5,13,1,2,21,23,104,
2024,105,1,P009048   ,1.0,0.0,RED,0,"MILLER-MCINTYRE, CODI",21:30,0,0,1,0,2,0,0,0,7,7,12,0,1,0,0,2,1,14,21.0
2024,105,1,P010612   ,0.0,1.0,RED,3,"CANAAN, ISAIAH",20:16,5,1,2,1,5,0,0,2,1,3,3,0,0,0,0,3,0,3,2.0
2024,105,1,PJDR      ,0.0,0.0,RED,4,"TEODOSIC, MILOS",06:19,4,1,1,0,0,2,3,0,0,0,4,0,0,0,0,1,1,7,12.0
2024,105,1,P002553   ,0.0,1.0,RED,9,"MITROVIC, LUKA",13:43,6,2,3,0,0,2,2,2,1,3,2,1,1,0,0,1,3,12,-2.0
2024,105,1,PLUO      ,0.0,1.0,RED,10,"LAZIC, BRANKO",05:42,5,1,2,1,1,0,0,0,0,0,0,1,0,0,0,0,1,6,-1.0
2024,105,1,P004866   ,1.0,0.0,RED,12,"KALINIC, NIKOLA",27:40,10,4,5,0,3,2,2,1,4,5,2,0,1,0,0,2,4,14,24.0
2024,105,1,P004007   ,1.0,0.0,RED,13,"DOBRIC, OGNJEN",19:06,15,4,5,2,3,1,1,0,1,1,3,0,1,0,0,2,2,16,24.0
2024,105,1,P012786   ,1.0,0.0,RED,24,"DAUM, MIKE",26:17,16,5,6,2,6,0,0,2,3,5,2,0,1,0,0,1,0,16,26.0
2024,105,1,P011194   ,1.0,0.0,RED,30,"PETRUSEV, FILIP",22:14,25,8,10,2,2,3,6,3,2,5,3,1,0,2,0,2,5,34,25.0
2024,105,1,P006436   ,0.0,1.0,RED,31,"GIEDRAITIS, ROKAS",13:03,5,1,1,1,3,0,0,0,0,0,0,2,1,0,0,1,0,3,-13.0
2024,105,1,P006240   ,0.0,0.0,RED,33,"PLAVSIC, UROS",05:40,2,1,2,0,0,0,0,0,3,3,0,0,0,0,0,1,0,3,-1.0
2024,105,1,P012044   ,0.0,1.0,RED,99,"DOS SANTOS, YAGO",18:30,8,0,2,2,4,2,2,0,2,2,3,1,2,0,1,1,2,8,3.0
2024,105,1,Team,0.0,0.0,RED,,Team,,0,0,0,0,0,0,0,0,2,2,0,0,0,0,0,0,0,2,
2024,105,1,Total,,,RED,,Total,200:00,101,28,40,11,29,12,16,10,26,36,34,6,8,2,1,17,19,138,
2024,105,0,P010391   ,1.0,0.0,MUN,0,"WEILER-BABB, NICK",13:25,3,0,0,1,3,0,0,1,0,1,2,0,0,0,0,3,1,2,-20.0
2024,105,0,P011244   ,0.0,1.0,MUN,1,"DA SILVA, OSCAR",24:17,8,4,6,0,1,0,0,1,4,5,1,1,1,0,0,3,0,8,-9.0
2024,105,0,P011987   ,1.0,0.0,MUN,3,"EDWARDS, CARSEN",19:14,3,0,4,1,4,0,0,0,0,0,4,0,1,0,2,1,2,-2,-19.0
2024,105,0,P007201   ,1.0,0.0,MUN,7,"VOIGTMANN, JOHANNES",15:43,0,0,1,0,2,0,0,1,2,3,1,0,0,0,0,1,2,2,-15.0
2024,105,0,P011224   ,0.0,0.0,MUN,8,"NAPIER, SHABAZZ",21:21,11,2,5,1,7,4,5,0,3,3,2,2,0,0,0,2,5,11,-8.0
2024,105,0,P012123   ,0.0,1.0,MUN,10,"KHARCHENKOV, IVAN",06:42,4,2,2,0,0,0,0,0,0,0,1,0,2,0,0,0,0,3,0.0
2024,105,0,P004508   ,1.0,0.0,MUN,13,"OBST, ANDREAS",21:27,8,1,2,2,6,0,0,2,3,5,1,1,1,0,0,1,0,8,-14.0
2024,105,0,P007929   ,0.0,1.0,MUN,17,"BITIM, ONURALP",24:09,13,3,3,2,3,1,1,1,1,2,0,1,3,0,0,3,3,12,-11.0
2024,105,0,P005460   ,0.0,0.0,MUN,20,"HARRIS, ELIAS",11:37,4,2,3,0,1,0,0,0,1,1,1,0,0,0,0,0,0,4,2.0
2024,105,0,P007639   ,0.0,1.0,MUN,22,"BRANKOVIC, DANKO",11:22,5,1,3,1,1,0,0,1,2,3,1,0,0,1,0,1,0,7,2.0
2024,105,0,P007056   ,1.0,0.0,MUN,31,"BOOKER, DEVIN",24:01,14,6,8,0,2,2,3,3,2,5,2,0,5,0,0,3,3,11,-28.0
2024,105,0,P013368   ,0.0,1.0,MUN,53,"YEBO, KEVIN",06:42,4,1,1,0,0,2,2,1,1,2,1,0,2,0,0,1,1,5,0.0
2024,105,0,Team,0.0,0.0,MUN,,Team,,0,0,0,0,0,0,0,3,1,4,0,0,0,0,0,0,0,4,
2024,105,0,Total,,,MUN,,Total,200:00,77,22,38,8,30,9,11,14,20,34,17,5,15,1,2,19,17,75,
2024,106,1,P011209   ,0.0,0.0,PAN,0,"KALAITZAKIS, PANAGIOTIS",DNP,0,0,0,0,0,0,0,0,0,0,0,0,0,0,0,0,0,0,0.0
2024,106,1,P009622   ,0.0,0.0,PAN,2,"BROWN, LORENZO",20:05,4,2,3,0,2,0,0,0,4,4,4,0,1,0,1,2,2,7,3.0
2024,106,1,P006544   ,0.0,0.0,PAN,6,"MORAITIS, DIMITRIS",DNP,0,0,0,0,0,0,0,0,0,0,0,0,0,0,0,0,0,0,0.0
2024,106,1,P001926   ,0.0,1.0,PAN,10,"SLOUKAS, KOSTAS",26:14,11,0,0,1,5,8,8,0,2,2,4,1,1,0,0,1,6,18,-5.0
2024,106,1,P004088   ,1.0,0.0,PAN,16,"OSMAN, CEDI",20:07,3,0,0,1,5,0,0,1,0,1,0,1,1,1,0,3,1,-1,-2.0
2024,106,1,P005161   ,0.0,0.0,PAN,21,"PAPAPETROU, IOANNIS",04:53,3,0,1,0,0,3,4,1,0,1,1,0,0,0,0,0,2,5,-5.0
2024,106,1,P011204   ,1.0,1.0,PAN,22,"GRANT, JERIAN",31:27,9,3,6,1,2,0,0,1,1,2,3,0,2,0,0,2,0,6,-8.0
2024,106,1,P012774   ,1.0,1.0,PAN,25,"NUNN, KENDRICK",26:37,23,6,8,1,6,8,9,3,1,4,2,0,3,1,0,4,7,22,1.0
2024,106,1,P003842   ,1.0,1.0,PAN,26,"LESSORT, MATHIAS",34:53,22,9,10,0,0,4,5,4,7,11,2,0,3,1,0,4,5,32,2.0
2024,106,1,P012712   ,0.0,1.0,PAN,41,"HERNANGOMEZ, JUANCHO",19:47,10,2,4,2,5,0,1,2,4,6,1,1,1,0,0,1,1,11,11.0
2024,106,1,P007866   ,1.0,0.0,PAN,44,"MITOGLOU, KONSTANTINOS",10:50,3,1,4,0,1,1,1,1,2,3,0,1,1,0,0,3,1,0,-7.0
2024,106,1,P005353   ,0.0,0.0,PAN,77,"YURTSEVEN, OMER",05:07,0,0,0,0,0,0,0,0,1,1,0,0,0,0,0,2,0,-1,-5.0
2024,106,1,Team,0.0,0.0,PAN,,Team,,0,0,0,0,0,0,0,1,2,3,0,0,1,0,0,0,0,2,
2024,106,1,Total,,,PAN,,Total,200:00,88,23,36,6,26,24,28,14,24,38,17,4,14,3,1,22,25,101,
2024,106,0,P011212   ,0.0,1.0,MCO,0,"OKOBO, ELIE",26:14,14,2,4,1,2,7,9,0,3,3,5,2,2,0,0,2,5,20,1.0
2024,106,0,P011231   ,0.0,0.0,MCO,4,"BLOSSOMGAME, JARON",18:58,7,2,4,1,2,0,0,0,1,1,1,1,0,0,0,3,2,6,0.0
2024,106,0,P009754   ,1.0,1.0,MCO,8,"LOYD, JORDAN",26:30,15,2,3,3,5,2,2,1,3,4,5,0,2,0,0,4,1,16,1.0
2024,106,0,P005844   ,0.0,0.0,MCO,9,"PAPAGIANNIS, GEORGIOS",17:23,13,5,6,1,2,0,0,0,1,1,0,1,2,1,0,4,0,8,4.0
2024,106,0,P011226   ,1.0,1.0,MCO,11,"DIALLO, ALPHA",30:25,24,7,10,1,1,7,8,0,7,7,2,3,1,0,0,3,7,35,15.0
2024,106,0,P004790   ,0.0,0.0,MCO,12,"CORNELIE, PETR",DNP,0,0,0,0,0,0,0,0,0,0,0,0,0,0,0,0,0,0,0.0
2024,106,0,PLCZ      ,1.0,0.0,MCO,20,"MOTIEJUNAS, DONATAS",14:36,3,1,2,0,0,1,2,0,2,2,1,0,0,0,1,3,2,2,-6.0
2024,106,0,P012515   ,0.0,0.0,MCO,22,"TARPEY, TERRY",DNP,0,0,0,0,0,0,0,0,0,0,0,0,0,0,0,0,0,0,0.0
2024,106,0,P008161   ,0.0,0.0,MCO,23,"BEGARIN, JUHANN",00:08,0,0,0,0,0,0,0,0,0,0,0,0,0,0,0,0,0,0,3.0
2024,106,0,P013365   ,1.0,1.0,MCO,30,"BROWN, VITTO",16:55,9,2,2,1,3,2,3,1,0,1,0,0,0,0,0,3,1,5,4.0
2024,106,0,P008099   ,0.0,0.0,MCO,32,"STRAZEL, MATTHEW",15:44,0,0,1,0,2,0,0,1,1,2,2,0,0,0,1,2,1,-1,-9.0
2024,106,0,P005985   ,1.0,1.0,MCO,55,"JAMES, MIKE",33:07,6,0,5,2,5,0,0,0,2,2,10,1,1,0,1,2,3,10,2.0
2024,106,0,Team,0.0,0.0,MCO,,Team,,0,0,0,0,0,0,0,1,1,2,0,0,0,0,0,0,0,2,
2024,106,0,Total,,,MCO,,Total,200:00,91,21,37,10,22,19,24,4,21,25,26,8,8,1,3,26,22,103,
2024,107,1,P009862   ,1.0,1.0,BAR,0,"PUNTER, KEVIN",34:31,27,7,14,2,8,7,8,1,0,1,4,2,0,0,1,1,7,25,-3.0
2024,107,1,P012795   ,0.0,1.0,BAR,1,"ANDERSON, JUSTIN",27:41,4,0,0,1,2,1,2,2,4,6,1,1,0,0,0,2,1,9,-4.0
2024,107,1,P000925   ,1.0,1.0,BAR,6,"VESELY, JAN",38:10,20,8,12,1,2,1,2,2,6,8,2,1,1,1,0,1,2,26,-9.0
2024,107,1,P009992   ,0.0,1.0,BAR,8,"BRIZUELA, DARIO",19:41,9,3,6,1,4,0,0,0,1,1,4,1,1,0,0,3,3,8,-5.0
2024,107,1,P002939   ,1.0,0.0,BAR,13,"SATORANSKY, TOMAS",26:30,0,0,4,0,1,0,0,1,3,4,1,1,1,0,0,3,1,-2,-7.0
2024,107,1,P003196   ,0.0,0.0,BAR,14,"HERNANGOMEZ, WILLY",03:21,0,0,0,0,0,0,0,0,1,1,0,0,1,0,0,1,0,-1,-2.0
2024,107,1,P010106   ,0.0,0.0,BAR,17,"NUNEZ, JUAN",11:58,7,3,4,0,1,1,1,1,2,3,3,0,0,0,0,5,3,9,9.0
2024,107,1,P006568   ,0.0,0.0,BAR,19,"FALL, YOUSSOUPHA",08:29,2,1,2,0,0,0,0,2,1,3,0,0,2,0,0,3,0,-1,4.0
2024,107,1,P003478   ,1.0,0.0,BAR,21,"ABRINES, ALEX",25:50,3,0,0,1,6,0,0,1,2,3,0,2,0,0,0,3,0,0,-6.0
2024,107,1,P012745   ,1.0,1.0,BAR,22,"PARKER, JABARI",35:35,11,3,10,1,8,2,2,2,4,6,2,1,2,0,1,2,1,2,-11.0
2024,107,1,P013505   ,0.0,0.0,BAR,23,"NETO, RAUL",03:49,5,1,2,1,1,0,0,0,0,0,0,0,0,0,0,0,1,5,-5.0
2024,107,1,P007464   ,0.0,0.0,BAR,44,"PARRA, JOEL",14:25,2,1,1,0,1,0,0,1,2,3,0,0,0,1,0,2,1,4,4.0
2024,107,1,Team,0.0,0.0,BAR,,Team,,0,0,0,0,0,0,0,4,3,7,0,0,0,0,0,0,0,7,
2024,107,1,Total,,,BAR,,Total,250:00,90,27,55,8,34,12,15,17,29,46,17,9,8,2,2,26,20,91,
2024,107,0,P003733   ,1.0,0.0,MAD,6,"ABALDE, ALBERTO",22:48,3,0,1,1,3,0,0,0,1,1,2,2,0,0,0,4,1,2,6.0
2024,107,0,P005928   ,1.0,1.0,MAD,7,"CAMPAZZO, FACUNDO",44:50,18,3,4,3,8,3,4,0,5,5,10,2,4,0,0,2,10,32,14.0
2024,107,0,P013378   ,1.0,0.0,MAD,8,"RATHAN-MAYES, XAVIER",16:35,6,0,2,2,3,0,0,0,0,0,1,0,0,0,0,0,2,6,4.0
2024,107,0,P011649   ,0.0,0.0,MAD,9,"GONZALEZ, HUGO",DNP,0,0,0,0,0,0,0,0,0,0,0,0,0,0,0,0,0,0,0.0
2024,107,0,P003108   ,1.0,1.0,MAD,11,"HEZONJA, MARIO",35:45,23,7,8,2,7,3,3,1,6,7,1,0,1,0,0,3,2,23,9.0
2024,107,0,P006540   ,0.0,1.0,MAD,13,"MUSA, DZANAN",31:24,9,3,6,1,3,0,0,0,6,6,3,0,3,0,0,1,0,9,3.0
2024,107,0,P009005   ,0.0,1.0,MAD,14,"DECK, GABRIEL",27:19,3,1,3,0,1,1,2,1,2,3,2,0,2,0,0,3,3,2,0.0
2024,107,0,P003583   ,0.0,0.0,MAD,18,"IBAKA, SERGE",13:17,2,0,0,0,2,2,2,1,0,1,0,0,1,0,0,3,1,-2,-16.0
2024,107,0,P005791   ,1.0,1.0,MAD,22,"TAVARES, WALTER",36:27,24,10,13,0,0,4,6,4,14,18,1,1,2,2,2,3,5,39,20.0
2024,107,0,PTGB      ,0.0,0.0,MAD,23,"LLULL, SERGIO",16:33,6,1,2,1,4,1,1,0,0,0,2,1,1,0,0,1,1,4,2.0
2024,107,0,P011247   ,0.0,0.0,MAD,24,"FELIZ, ANDRES",05:02,3,0,2,1,1,0,0,0,0,0,0,1,0,0,0,0,0,2,-7.0
2024,107,0,P009213   ,0.0,0.0,MAD,30,"NDIAYE, ELI",DNP,0,0,0,0,0,0,0,0,0,0,0,0,0,0,0,0,0,0,0.0
2024,107,0,Team,0.0,0.0,MAD,,Team,,0,0,0,0,0,0,0,2,3,5,0,0,1,0,0,0,0,4,
2024,107,0,Total,,,MAD,,Total,250:00,97,25,41,11,32,14,18,9,37,46,22,7,15,2,2,20,25,121,
2024,108,1,P013371   ,1.0,1.0,ASV,1,"HARRISON, SHAQUILLE",18:34,4,2,4,0,1,0,0,0,0,0,4,1,0,0,0,3,1,4,-11.0
2024,108,1,P011225   ,0.0,0.0,ASV,3,"LEE, PARIS",18:50,8,1,3,2,6,0,0,0,2,2,4,1,0,0,2,3,2,6,33.0
2024,108,1,PKIR      ,1.0,0.0,ASV,5,"KAHUDI, CHARLES",14:57,5,1,1,1,3,0,0,0,1,1,1,1,0,1,0,2,0,5,17.0
2024,108,1,P007027   ,1.0,1.0,ASV,6,"MALEDON, THEO",26:00,17,3,5,2,5,5,7,0,4,4,7,0,1,0,1,2,7,24,-13.0
2024,108,1,P004194   ,1.0,0.0,ASV,7,"LAUVERGNE, JOFFREY",19:17,18,9,11,0,1,0,0,1,1,2,0,0,0,0,1,2,2,16,11.0
2024,108,1,P010316   ,0.0,1.0,ASV,8,"AJINCA, MELVIN",07:03,2,1,2,0,0,0,0,0,1,1,0,0,0,0,0,1,0,1,-9.0
2024,108,1,P002100   ,0.0,0.0,ASV,12,"DE COLO, NANDO",16:26,17,3,3,3,6,2,2,0,1,1,4,1,1,0,0,1,3,21,21.0
2024,108,1,P010545   ,0.0,1.0,ASV,13,"SAKO, NEAL",18:28,11,5,6,0,0,1,2,1,1,2,0,0,1,1,1,3,2,9,7.0
2024,108,1,P013405   ,0.0,1.0,ASV,21,"ROBERSON, ANDRE",21:43,2,1,2,0,0,0,0,1,3,4,3,2,2,1,0,2,0,7,7.0
2024,108,1,P003526   ,0.0,0.0,ASV,23,"LIGHTY, DAVID",18:00,8,1,1,2,4,0,0,1,1,2,1,2,0,0,0,2,1,10,7.0
2024,108,1,P012731   ,1.0,0.0,ASV,24,"NDIAYE, MBAYE",15:54,1,0,0,0,0,1,2,1,1,2,0,0,2,0,0,1,2,1,8.0
2024,108,1,P008991   ,0.0,0.0,ASV,28,"BLACK, TARIK",04:48,4,2,2,0,0,0,0,0,1,1,0,0,0,0,0,2,0,3,-3.0
2024,108,1,Team,0.0,0.0,ASV,,Team,,0,0,0,0,0,0,0,1,2,3,0,0,0,0,0,0,0,3,
2024,108,1,Total,,,ASV,,Total,200:00,97,29,40,10,26,9,13,6,19,25,24,8,7,3,5,24,20,110,
2024,108,0,P006590   ,0.0,1.0,IST,1,"BEAUBOIS, RODRIGUE",20:56,20,5,6,2,3,4,5,0,2,2,1,0,1,0,0,2,3,20,-10.0
2024,108,0,P013363   ,0.0,1.0,IST,3,"NWORA, JORDAN",21:31,9,2,4,1,3,2,2,2,1,3,3,0,0,0,0,0,1,12,-8.0
2024,108,0,P009846   ,1.0,0.0,IST,6,"BRYANT, ELIJAH",26:06,8,1,4,1,3,3,5,1,5,6,2,1,5,1,1,2,8,11,-17.0
2024,108,0,P007109   ,0.0,1.0,IST,11,"SMITS, ROLANDS",16:02,5,0,1,1,3,2,2,1,0,1,0,0,2,0,1,3,1,-2,-9.0
2024,108,0,P011078   ,1.0,0.0,IST,13,"THOMPSON, DARIUS",30:29,14,3,3,2,5,2,3,0,1,1,3,2,4,1,0,3,3,13,-19.0
2024,108,0,P013364   ,1.0,0.0,IST,14,"JOHNSON, STANLEY",14:02,0,0,1,0,1,0,0,0,1,1,1,0,1,0,0,2,0,-3,2.0
2024,108,0,P004887   ,1.0,1.0,IST,17,"POIRIER, VINCENT",24:56,10,4,7,0,1,2,3,1,2,3,3,0,1,1,0,2,2,11,-10.0
2024,108,0,P009513   ,0.0,1.0,IST,21,"HOLLATZ, JUSTUS",07:06,2,1,1,0,1,0,0,0,0,0,3,0,0,0,0,2,0,2,7.0
2024,108,0,P012710   ,1.0,0.0,IST,24,"OSMANI, ERCAN",14:23,6,0,0,2,3,0,0,0,2,2,1,0,1,0,0,3,0,4,-1.0
2024,108,0,P012788   ,0.0,0.0,IST,25,"OTURU, DAN",14:54,7,2,4,0,0,3,5,2,2,4,0,0,2,2,1,1,4,9,-5.0
2024,108,0,P006372   ,0.0,0.0,IST,33,"YILMAZ, ERKAN",DNP,0,0,0,0,0,0,0,0,0,0,0,0,0,0,0,0,0,0,0.0
2024,108,0,P009664   ,0.0,0.0,IST,35,"WILLIS, DEREK",09:35,1,0,0,0,0,1,2,0,1,1,0,0,0,0,0,0,1,2,-5.0
2024,108,0,Team,0.0,0.0,IST,,Team,,0,0,0,0,0,0,0,2,3,5,0,0,0,0,0,0,0,5,
2024,108,0,Total,,,IST,,Total,200:00,82,18,31,9,23,19,27,9,20,29,17,3,17,5,3,20,23,84,
2024,109,1,P006590   ,1.0,1.0,IST,1,"BEAUBOIS, RODRIGUE",18:13,8,1,2,2,5,0,0,0,1,1,4,0,0,0,0,1,2,10,16.0
2024,109,1,P013363   ,0.0,0.0,IST,3,"NWORA, JORDAN",21:07,12,3,3,2,5,0,0,0,4,4,2,0,1,0,0,2,0,12,8.0
2024,109,1,P009846   ,0.0,1.0,IST,6,"BRYANT, ELIJAH",24:59,10,2,6,2,5,0,0,1,3,4,3,4,3,0,0,3,4,12,2.0
2024,109,1,P010400   ,0.0,0.0,IST,10,"ONCEL, RIDVAN",08:41,2,1,1,0,0,0,0,0,0,0,1,1,2,0,0,0,0,2,-5.0
2024,109,1,P007109   ,0.0,1.0,IST,11,"SMITS, ROLANDS",19:08,13,3,3,2,4,1,1,2,0,2,1,0,1,0,0,2,1,12,4.0
2024,109,1,P011078   ,1.0,1.0,IST,13,"THOMPSON, DARIUS",31:12,19,5,6,3,6,0,0,1,2,3,6,2,0,0,0,1,1,26,13.0
2024,109,1,P013364   ,0.0,0.0,IST,14,"JOHNSON, STANLEY",DNP,0,0,0,0,0,0,0,0,0,0,0,0,0,0,0,0,0,0,0.0
2024,109,1,P004887   ,1.0,1.0,IST,17,"POIRIER, VINCENT",21:37,8,4,6,0,0,0,0,2,1,3,0,0,1,0,0,3,1,6,4.0
2024,109,1,P009513   ,1.0,0.0,IST,21,"HOLLATZ, JUSTUS",15:51,2,1,1,0,0,0,0,0,2,2,1,0,2,0,0,1,1,3,-1.0
2024,109,1,P012710   ,1.0,0.0,IST,24,"OSMANI, ERCAN",21:16,13,4,5,1,2,2,2,1,1,2,2,0,0,0,0,1,1,15,9.0
2024,109,1,P012788   ,0.0,0.0,IST,25,"OTURU, DAN",17:56,14,5,6,0,0,4,5,3,3,6,0,0,0,0,0,2,5,21,5.0
2024,109,1,P009664   ,0.0,0.0,IST,35,"WILLIS, DEREK",DNP,0,0,0,0,0,0,0,0,0,0,0,0,0,0,0,0,0,0,0.0
2024,109,1,Team,0.0,0.0,IST,,Team,,0,0,0,0,0,0,0,0,0,0,0,0,0,0,0,0,0,0,
2024,109,1,Total,,,IST,,Total,200:00,101,29,39,12,27,7,8,10,17,27,20,7,10,0,0,16,16,119,
2024,109,0,P010391   ,1.0,1.0,MUN,0,"WEILER-BABB, NICK",32:57,17,0,1,5,7,2,2,3,0,3,4,1,4,0,0,1,3,20,-5.0
2024,109,0,P011244   ,0.0,0.0,MUN,1,"DA SILVA, OSCAR",04:59,0,0,0,0,0,0,0,0,0,0,0,0,0,0,0,2,0,-2,-6.0
2024,109,0,P011987   ,1.0,1.0,MUN,3,"EDWARDS, CARSEN",30:07,20,5,10,2,5,4,4,0,0,0,5,1,2,0,0,1,5,20,-3.0
2024,109,0,P001557   ,0.0,0.0,MUN,5,"GIFFEY, NIELS",05:52,3,0,0,1,1,0,0,0,0,0,0,0,0,0,0,1,0,2,-11.0
2024,109,0,P007201   ,1.0,1.0,MUN,7,"VOIGTMANN, JOHANNES",28:53,6,3,4,0,4,0,0,4,6,10,2,1,0,0,0,2,0,12,-6.0
2024,109,0,P011224   ,0.0,0.0,MUN,8,"NAPIER, SHABAZZ",19:43,9,3,3,1,4,0,0,0,1,1,4,0,1,0,0,2,0,8,-3.0
2024,109,0,P004508   ,1.0,1.0,MUN,13,"OBST, ANDREAS",26:47,3,0,1,1,7,0,0,0,2,2,4,0,1,0,0,0,1,2,-8.0
2024,109,0,P007929   ,0.0,0.0,MUN,17,"BITIM, ONURALP",04:34,2,1,2,0,0,0,0,1,1,2,0,0,0,0,0,1,0,2,-3.0
2024,109,0,P005460   ,0.0,0.0,MUN,20,"HARRIS, ELIAS",04:03,1,0,0,0,0,1,2,0,0,0,0,0,1,0,0,0,1,0,-1.0
2024,109,0,P007639   ,0.0,0.0,MUN,22,"BRANKOVIC, DANKO",03:37,0,0,1,0,0,0,0,0,0,0,0,1,1,0,0,1,0,-2,2.0
2024,109,0,P007056   ,1.0,1.0,MUN,31,"BOOKER, DEVIN",32:20,27,12,15,0,2,3,5,4,4,8,5,1,2,0,0,3,5,34,-12.0
2024,109,0,P013368   ,0.0,0.0,MUN,53,"YEBO, KEVIN",06:08,2,1,1,0,0,0,0,1,1,2,0,0,0,0,0,2,1,3,1.0
2024,109,0,Team,0.0,0.0,MUN,,Team,,0,0,0,0,0,0,0,3,0,3,0,0,1,0,0,0,0,2,
2024,109,0,Total,,,MUN,,Total,200:00,90,25,38,10,30,10,13,16,15,31,24,5,13,0,0,16,16,101,
2024,110,1,P013371   ,0.0,0.0,ASV,1,"HARRISON, SHAQUILLE",07:49,2,1,1,0,0,0,0,0,1,1,0,0,0,0,0,3,0,0,-11.0
2024,110,1,P011225   ,1.0,1.0,ASV,3,"LEE, PARIS",26:25,13,1,5,3,7,2,2,1,0,1,4,1,0,0,1,2,1,9,10.0
2024,110,1,P007027   ,1.0,1.0,ASV,6,"MALEDON, THEO",30:20,23,5,7,2,5,7,7,0,2,2,7,2,2,0,0,2,6,31,17.0
2024,110,1,P004194   ,0.0,0.0,ASV,7,"LAUVERGNE, JOFFREY",12:50,7,2,3,0,1,3,4,0,2,2,1,3,1,0,1,1,4,11,-11.0
2024,110,1,P010316   ,1.0,0.0,ASV,8,"AJINCA, MELVIN",03:31,0,0,0,0,2,0,0,0,0,0,0,0,0,0,0,0,0,-2,0.0
2024,110,1,P002100   ,0.0,1.0,ASV,12,"DE COLO, NANDO",21:32,3,1,1,0,3,1,1,0,0,0,2,0,3,0,0,1,2,0,0.0
2024,110,1,P010545   ,1.0,0.0,ASV,13,"SAKO, NEAL",13:14,6,3,3,0,0,0,0,1,2,3,0,1,0,0,0,4,0,6,2.0
2024,110,1,P013405   ,1.0,1.0,ASV,21,"ROBERSON, ANDRE",27:04,8,4,5,0,1,0,0,0,7,7,2,1,2,1,0,1,0,14,3.0
2024,110,1,P003526   ,0.0,0.0,ASV,23,"LIGHTY, DAVID",20:18,2,1,2,0,1,0,0,0,1,1,1,0,1,0,0,2,1,0,-6.0
2024,110,1,P012731   ,0.0,1.0,ASV,24,"NDIAYE, MBAYE",25:36,12,4,4,1,3,1,1,0,5,5,1,3,1,1,0,2,1,18,1.0
2024,110,1,P008991   ,0.0,0.0,ASV,28,"BLACK, TARIK",11:21,4,2,2,0,0,0,0,1,0,1,1,0,1,1,0,1,1,6,5.0
2024,110,1,P012263   ,0.0,0.0,ASV,30,"SISSOKO, YOHANN",DNP,0,0,0,0,0,0,0,0,0,0,0,0,0,0,0,0,0,0,0.0
2024,110,1,Team,0.0,0.0,ASV,,Team,,0,0,0,0,0,0,0,0,2,2,0,0,1,0,0,0,0,1,
2024,110,1,Total,,,ASV,,Total,200:00,80,24,33,6,23,14,15,3,22,25,19,11,12,3,2,19,16,94,
2024,110,0,P003733   ,0.0,0.0,MAD,6,"ABALDE, ALBERTO",11:15,3,0,2,1,2,0,0,1,1,2,1,0,4,0,0,1,0,-2,-8.0
2024,110,0,P005928   ,0.0,1.0,MAD,7,"CAMPAZZO, FACUNDO",29:14,5,0,3,1,6,2,2,2,2,4,12,1,1,0,1,1,8,19,5.0
2024,110,0,P013378   ,0.0,0.0,MAD,8,"RATHAN-MAYES, XAVIER",06:41,3,0,0,1,2,0,0,0,0,0,1,0,0,0,0,0,0,3,-3.0
2024,110,0,P011649   ,0.0,0.0,MAD,9,"GONZALEZ, HUGO",01:09,0,0,0,0,0,0,0,0,1,1,0,0,0,0,0,1,0,0,-2.0
2024,110,0,P003108   ,0.0,1.0,MAD,11,"HEZONJA, MARIO",31:04,19,6,7,2,10,1,1,0,3,3,0,1,0,0,1,0,1,14,0.0
2024,110,0,P006540   ,1.0,0.0,MAD,13,"MUSA, DZANAN",14:19,1,0,1,0,2,1,2,2,1,3,2,0,1,0,0,1,1,1,-13.0
2024,110,0,P009005   ,1.0,1.0,MAD,14,"DECK, GABRIEL",29:41,17,6,9,1,4,2,4,2,2,4,3,2,5,0,1,2,4,14,8.0
2024,110,0,P007630   ,0.0,0.0,MAD,16,"GARUBA, USMAN",12:50,2,1,1,0,0,0,0,2,0,2,2,2,0,0,0,4,0,4,-11.0
2024,110,0,P005791   ,1.0,1.0,MAD,22,"TAVARES, WALTER",25:37,10,4,4,0,0,2,2,1,7,8,0,1,1,1,0,2,2,19,11.0
2024,110,0,PTGB      ,0.0,0.0,MAD,23,"LLULL, SERGIO",13:50,6,0,0,2,5,0,0,1,1,2,0,1,0,0,0,0,2,8,13.0
2024,110,0,P011247   ,1.0,0.0,MAD,24,"FELIZ, ANDRES",10:46,3,0,2,1,2,0,0,0,1,1,1,0,1,1,0,2,0,0,-7.0
2024,110,0,P009213   ,1.0,1.0,MAD,30,"NDIAYE, ELI",13:34,9,0,0,3,3,0,0,0,1,1,0,1,0,0,0,2,1,10,-3.0
2024,110,0,Team,0.0,0.0,MAD,,Team,,0,0,0,0,0,0,0,3,2,5,0,0,0,0,0,0,0,5,
2024,110,0,Total,,,MAD,,Total,200:00,78,17,29,12,36,8,11,14,22,36,22,9,13,2,3,16,19,95,
2024,111,1,P011209   ,1.0,1.0,PAN,0,"KALAITZAKIS, PANAGIOTIS",12:23,0,0,0,0,0,0,0,1,1,2,1,0,1,0,0,1,0,1,-2.0
2024,111,1,P009622   ,1.0,0.0,PAN,2,"BROWN, LORENZO",24:53,18,2,4,4,7,2,2,0,3,3,2,0,1,1,1,2,2,17,-6.0
2024,111,1,P006544   ,0.0,0.0,PAN,6,"MORAITIS, DIMITRIS",DNP,0,0,0,0,0,0,0,0,0,0,0,0,0,0,0,0,0,0,0.0
2024,111,1,P001926   ,0.0,0.0,PAN,10,"SLOUKAS, KOSTAS",18:00,6,1,2,0,3,4,4,0,1,1,6,1,2,0,1,0,4,11,0.0
2024,111,1,P004088   ,0.0,1.0,PAN,16,"OSMAN, CEDI",03:56,0,0,1,0,1,0,0,0,0,0,0,1,0,0,0,1,0,-2,2.0
2024,111,1,P011442   ,0.0,0.0,PAN,20,"SAMODUROV, ALEXANDROS",DNP,0,0,0,0,0,0,0,0,0,0,0,0,0,0,0,0,0,0,0.0
2024,111,1,P011204   ,1.0,1.0,PAN,22,"GRANT, JERIAN",33:19,8,2,4,1,1,1,1,0,0,0,2,0,1,0,1,3,2,5,5.0
2024,111,1,P012774   ,0.0,0.0,PAN,25,"NUNN, KENDRICK",30:04,29,6,8,5,9,2,2,0,1,1,2,0,2,0,1,5,4,22,2.0
2024,111,1,P003842   ,1.0,0.0,PAN,26,"LESSORT, MATHIAS",25:52,16,5,7,0,0,6,10,2,6,8,1,1,1,0,0,0,8,27,-8.0
2024,111,1,P012712   ,1.0,0.0,PAN,41,"HERNANGOMEZ, JUANCHO",30:33,4,1,2,0,4,2,2,1,5,6,1,0,0,0,0,0,3,9,5.0
2024,111,1,P007866   ,0.0,1.0,PAN,44,"MITOGLOU, KONSTANTINOS",18:49,9,0,0,3,5,0,0,0,4,4,1,0,0,0,0,1,2,13,6.0
2024,111,1,P005353   ,0.0,1.0,PAN,77,"YURTSEVEN, OMER",02:11,0,0,1,0,0,0,0,1,0,1,0,0,2,0,0,2,0,-4,1.0
2024,111,1,Team,0.0,0.0,PAN,,Team,,0,0,0,0,0,0,0,1,1,2,0,0,1,0,0,0,0,1,
2024,111,1,Total,,,PAN,,Total,200:00,90,17,29,13,30,17,21,6,22,28,16,3,11,1,4,15,25,100,
2024,111,0,P009862   ,1.0,1.0,BAR,0,"PUNTER, KEVIN",32:23,6,0,2,2,3,0,0,1,4,5,4,0,4,0,1,2,3,8,4.0
2024,111,0,P012795   ,0.0,0.0,BAR,1,"ANDERSON, JUSTIN",23:50,8,1,3,2,3,0,0,0,5,5,3,1,0,2,0,1,0,15,-13.0
2024,111,0,P011666   ,0.0,0.0,BAR,2,"SARR, DAME",02:04,0,0,0,0,0,0,0,0,0,0,0,0,0,0,0,0,0,0,-3.0
2024,111,0,P000925   ,1.0,0.0,BAR,6,"VESELY, JAN",28:58,7,3,10,0,0,1,2,3,2,5,4,2,1,2,0,4,2,9,6.0
2024,111,0,P002939   ,1.0,1.0,BAR,13,"SATORANSKY, TOMAS",17:05,11,2,2,2,3,1,2,1,0,1,1,0,2,0,0,4,3,8,-1.0
2024,111,0,P003196   ,0.0,0.0,BAR,14,"HERNANGOMEZ, WILLY",10:59,6,3,3,0,0,0,0,2,0,2,1,1,2,0,0,4,2,6,-7.0
2024,111,0,P010106   ,0.0,1.0,BAR,17,"NUNEZ, JUAN",24:30,19,7,7,1,3,2,2,0,3,3,3,1,2,0,0,3,2,21,3.0
2024,111,0,P006568   ,0.0,0.0,BAR,19,"FALL, YOUSSOUPHA",DNP,0,0,0,0,0,0,0,0,0,0,0,0,0,0,0,0,0,0,0.0
2024,111,0,P003478   ,1.0,1.0,BAR,21,"ABRINES, ALEX",17:58,13,0,0,2,5,7,7,1,1,2,0,0,0,0,0,4,2,10,8.0
2024,111,0,P012745   ,1.0,1.0,BAR,22,"PARKER, JABARI",35:57,15,6,11,1,7,0,0,1,6,7,3,1,1,0,0,3,1,12,0.0
2024,111,0,P007464   ,0.0,0.0,BAR,44,"PARRA, JOEL",06:16,4,2,3,0,1,0,0,0,0,0,0,0,0,0,0,0,0,2,-2.0
2024,111,0,P012317   ,0.0,0.0,BAR,45,"VILLAR, RAUL",DNP,0,0,0,0,0,0,0,0,0,0,0,0,0,0,0,0,0,0,0.0
2024,111,0,Team,0.0,0.0,BAR,,Team,,0,0,0,0,0,0,0,1,2,3,0,0,0,0,0,0,0,3,
2024,111,0,Total,,,BAR,,Total,200:00,89,24,41,10,25,11,13,10,23,33,19,6,12,4,1,25,15,94,
2024,112,1,P011948   ,1.0,0.0,BAS,0,"HOWARD, MARKUS",18:55,17,1,1,5,9,0,0,0,1,1,0,0,4,0,0,5,3,8,2.0
2024,112,1,P008850   ,0.0,0.0,BAS,2,"RAIESTE, SANDER",10:34,3,0,0,1,1,0,0,0,2,2,0,1,1,0,0,0,0,5,6.0
2024,112,1,P010788   ,0.0,0.0,BAS,4,"QUEREJETA, JOSEBA",DNP,0,0,0,0,0,0,0,0,0,0,0,0,0,0,0,0,0,0,0.0
2024,112,1,P010784   ,0.0,0.0,BAS,6,"SAVKOV, PAVEL",DNP,0,0,0,0,0,0,0,0,0,0,0,0,0,0,0,0,0,0,0.0
2024,112,1,P007230   ,1.0,0.0,BAS,8,"SEDEKERSKIS, TADAS",25:53,12,3,3,2,2,0,0,0,5,5,4,0,0,0,0,0,2,23,7.0
2024,112,1,P013367   ,1.0,1.0,BAS,11,"FORREST, TRENT",26:37,2,1,2,0,1,0,0,0,1,1,8,1,3,0,0,1,1,7,16.0
2024,112,1,P011085   ,0.0,1.0,BAS,17,"ROGKAVOPOULOS, NIKOLAOS",22:25,15,2,2,3,5,2,2,0,4,4,1,0,0,0,0,2,1,17,2.0
2024,112,1,P008072   ,0.0,0.0,BAS,18,"DIOP, KHALIFA",13:53,2,0,0,0,0,2,4,0,1,1,2,0,0,0,0,3,2,2,3.0
2024,112,1,P012597   ,0.0,1.0,BAS,44,"BALDWIN, KAMAR",27:21,14,5,11,1,4,1,1,0,2,2,4,1,0,0,0,3,0,9,5.0
2024,112,1,P011196   ,1.0,1.0,BAS,45,"HALL, DONTA",26:07,14,7,10,0,0,0,3,1,8,9,2,0,2,3,0,2,5,23,9.0
2024,112,1,P012058   ,0.0,0.0,BAS,46,"NDIAYE, OUSMANE",DNP,0,0,0,0,0,0,0,0,0,0,0,0,0,0,0,0,0,0,0.0
2024,112,1,P012201   ,1.0,1.0,BAS,95,"MONEKE, CHIMA",28:15,9,3,4,0,3,3,3,1,4,5,3,2,1,0,1,1,5,17,10.0
2024,112,1,Team,0.0,0.0,BAS,,Team,,0,0,0,0,0,0,0,1,1,2,0,0,2,0,0,0,0,0,
2024,112,1,Total,,,BAS,,Total,200:00,88,22,33,12,25,8,13,3,29,32,24,5,13,3,1,17,19,111,
2024,112,0,P009863   ,1.0,0.0,ULK,2,"BALDWIN IV, WADE",19:46,10,3,3,1,2,1,2,0,3,3,2,0,2,0,0,1,2,12,-14.0
2024,112,0,P002849   ,0.0,0.0,ULK,4,"MELLI, NICOLO",13:16,5,0,0,1,2,2,2,1,3,4,0,0,0,0,0,2,2,8,-2.0
2024,112,0,P002968   ,0.0,0.0,ULK,5,"SANLI, SERTAC",18:00,0,0,3,0,3,0,0,1,1,2,2,0,1,0,1,0,3,-1,-10.0
2024,112,0,P013396   ,0.0,0.0,ULK,9,"MAYS, SKYLAR",04:15,0,0,0,0,1,0,0,0,0,0,0,0,0,0,0,0,0,-1,-7.0
2024,112,0,P008962   ,1.0,0.0,ULK,11,"HAYES-DAVIS, NIGEL",33:23,11,4,6,1,5,0,0,0,7,7,0,2,3,0,0,3,1,9,-16.0
2024,112,0,P006961   ,0.0,1.0,ULK,13,"BIBEROVIC, TARIK",21:08,13,2,4,3,8,0,0,2,0,2,0,0,0,0,0,4,0,4,2.0
2024,112,0,P008174   ,0.0,1.0,ULK,15,"EKSIOGLU, MERT",04:45,0,0,0,0,0,0,0,0,0,0,0,0,0,0,0,0,0,0,3.0
2024,112,0,P004004   ,1.0,0.0,ULK,23,"GUDURIC, MARKO",28:05,10,2,5,2,4,0,0,1,1,2,3,2,2,0,1,2,4,11,-11.0
2024,112,0,P008104   ,0.0,1.0,ULK,32,"ZAGARS, ARTURS",22:39,13,1,2,3,8,2,4,1,1,2,6,1,1,0,0,2,4,15,2.0
2024,112,0,P009783   ,1.0,1.0,ULK,50,"COLSON, BONZIE",17:29,5,1,4,1,3,0,0,1,2,3,0,0,1,0,1,2,0,-1,-9.0
2024,112,0,PLMG      ,0.0,0.0,ULK,51,"MARJANOVIC, BOBAN",DNP,0,0,0,0,0,0,0,0,0,0,0,0,0,0,0,0,0,0,0.0
2024,112,0,P007182   ,1.0,1.0,ULK,92,"BIRCH, KHEM",17:14,9,4,6,0,0,1,1,4,2,6,0,0,2,1,0,4,1,9,2.0
2024,112,0,Team,0.0,0.0,ULK,,Team,,0,0,0,0,0,0,0,1,2,3,0,0,1,0,0,0,0,2,
2024,112,0,Total,,,ULK,,Total,200:00,76,17,33,12,36,6,9,12,22,34,13,5,13,1,3,20,17,67,
2024,113,1,P007870   ,0.0,0.0,PAR,0,"DAVIES, BRANDON",08:12,3,1,4,0,0,1,2,0,2,2,0,0,1,0,1,2,2,-1,6.0
2024,113,1,P013369   ,1.0,1.0,PAR,2,"JONES, CARLIK",31:15,19,5,9,1,4,6,6,0,3,3,10,1,2,0,0,2,7,29,14.0
2024,113,1,P006591   ,0.0,1.0,PAR,3,"NTILIKINA, FRANK",23:59,15,2,4,3,5,2,2,1,4,5,3,2,0,0,0,3,2,20,-7.0
2024,113,1,P013370   ,0.0,1.0,PAR,4,"WASHINGTON, DUANE",18:32,9,4,4,0,3,1,1,0,0,0,1,1,1,0,0,2,3,8,9.0
2024,113,1,P011050   ,0.0,0.0,PAR,5,"KOPRIVICA, BALSA",02:57,0,0,1,0,0,0,0,1,0,1,0,0,0,0,0,0,0,0,-3.0
2024,113,1,P012167   ,0.0,0.0,PAR,8,"BOSNJAKOVIC, MITAR",DNP,0,0,0,0,0,0,0,0,0,0,0,0,0,0,0,0,0,0,0.0
2024,113,1,P004761   ,1.0,0.0,PAR,9,"MARINKOVIC, VANJA",17:01,4,0,1,1,3,1,2,0,0,0,0,0,0,0,0,1,0,-1,-7.0
2024,113,1,P012720   ,1.0,0.0,PAR,12,"BROWN, STERLING",30:37,11,0,1,3,4,2,2,1,4,5,2,0,2,0,0,3,1,12,16.0
2024,113,1,P006760   ,0.0,1.0,PAR,17,"BONGA, ISAAC",20:35,8,2,2,1,3,1,2,1,1,2,0,0,0,1,0,3,1,6,3.0
2024,113,1,P007736   ,0.0,0.0,PAR,19,"LAKIC, ARIJAN",DNP,0,0,0,0,0,0,0,0,0,0,0,0,0,0,0,0,0,0,0.0
2024,113,1,P011836   ,1.0,0.0,PAR,24,"MIKE, ISIAHA",12:58,0,0,0,0,1,0,0,2,0,2,0,0,1,0,0,2,1,-1,-5.0
2024,113,1,P011981   ,1.0,1.0,PAR,88,"JONES, TYRIQUE",33:54,15,4,5,0,0,7,13,3,6,9,2,2,0,3,1,3,10,30,4.0
2024,113,1,Team,0.0,0.0,PAR,,Team,,0,0,0,0,0,0,0,0,2,2,0,0,1,0,0,0,0,1,
2024,113,1,Total,,,PAR,,Total,200:00,84,18,31,9,23,21,30,9,22,31,18,6,8,4,2,21,27,103,
2024,113,0,P013403   ,1.0,1.0,ZAL,1,"WALKER IV, LONNIE",31:06,26,4,7,6,11,0,0,1,4,5,2,0,0,0,1,3,4,25,10.0
2024,113,0,P007975   ,0.0,1.0,ZAL,3,"FRANCISCO, SYLVAIN",23:02,9,0,3,2,8,3,6,3,3,6,2,1,2,0,1,0,7,10,-11.0
2024,113,0,P011983   ,0.0,0.0,ZAL,8,"BRAZDEIKIS, IGNAS",DNP,0,0,0,0,0,0,0,0,0,0,0,0,0,0,0,0,0,0,0.0
2024,113,0,P007513   ,1.0,1.0,ZAL,9,"GIEDRAITIS, DOVYDAS",23:17,8,1,1,2,3,0,0,0,1,1,1,1,0,0,0,4,0,6,-1.0
2024,113,0,P005504   ,0.0,0.0,ZAL,15,"BIRUTIS, LAURYNAS",07:17,4,2,3,0,0,0,0,2,0,2,0,0,1,0,1,0,0,3,8.0
2024,113,0,P011051   ,0.0,0.0,ZAL,18,"SMAILAGIC, ALEN",14:32,2,1,2,0,1,0,0,1,5,6,0,1,2,1,0,5,1,2,-8.0
2024,113,0,P012622   ,0.0,0.0,ZAL,21,"MITCHELL, MATTHEW",13:03,3,0,3,1,3,0,0,2,1,3,2,1,0,0,1,0,0,3,-10.0
2024,113,0,P003048   ,1.0,1.0,ZAL,42,"DUNSTON, BRYANT",17:59,0,0,0,0,0,0,0,1,1,2,2,1,0,1,0,4,0,2,-6.0
2024,113,0,P012715   ,0.0,1.0,ZAL,45,"MANEK, BRADY",23:15,12,0,1,4,8,0,0,1,3,4,1,0,1,0,0,3,1,9,-2.0
2024,113,0,P002676   ,0.0,0.0,ZAL,51,"BUTKEVICIUS, ARNAS",07:55,0,0,0,0,0,0,0,0,1,1,0,0,2,0,0,1,1,-1,0.0
2024,113,0,P007029   ,1.0,0.0,ZAL,91,"SIRVYDIS, DEIVIDAS",08:44,2,1,1,0,2,0,0,0,0,0,0,0,1,0,0,2,0,-3,-6.0
2024,113,0,P002329   ,1.0,0.0,ZAL,92,"ULANOVAS, EDGARAS",29:50,12,1,2,1,4,7,7,4,1,5,3,0,1,0,0,5,7,17,-4.0
2024,113,0,Team,0.0,0.0,ZAL,,Team,,0,0,0,0,0,0,0,1,2,3,0,0,1,0,0,0,0,2,
2024,113,0,Total,,,ZAL,,Total,200:00,78,10,23,16,40,10,13,16,22,38,13,5,11,2,4,27,21,75,
2024,114,1,P006835   ,1.0,0.0,TEL,1,"HOARD, JAYLEN",30:22,12,5,11,0,0,2,3,1,3,4,0,0,1,0,0,2,4,10,-20.0
2024,114,1,P011202   ,0.0,1.0,TEL,3,"SHAYOK, MARIAL",22:36,12,3,4,2,5,0,0,1,0,1,0,1,0,0,0,1,0,9,-1.0
2024,114,1,P011219   ,0.0,0.0,TEL,9,"SORKIN, ROMAN",13:11,4,2,5,0,0,0,0,1,5,6,0,0,1,0,1,0,2,7,6.0
2024,114,1,P013381   ,0.0,1.0,TEL,11,"RAYMAN, WILLIAM",11:04,3,0,0,1,2,0,0,1,3,4,0,1,1,0,0,3,1,4,2.0
2024,114,1,P007990   ,1.0,1.0,TEL,12,"DIBARTOLOMEO, JOHN",20:25,7,2,2,1,2,0,0,1,1,2,0,0,0,0,0,3,1,6,-3.0
2024,114,1,P011214   ,0.0,1.0,TEL,14,"RIVERO, JASIEL",16:09,10,4,8,0,0,2,4,2,2,4,0,0,0,0,1,1,4,10,0.0
2024,114,1,P005145   ,0.0,0.0,TEL,15,"COHEN, JAKE",DNP,0,0,0,0,0,0,0,0,0,0,0,0,0,0,0,0,0,0,0.0
2024,114,1,P013382   ,1.0,0.0,TEL,20,"RANDOLPH, LEVI",30:23,14,2,6,1,1,7,7,3,2,5,2,1,1,0,0,3,3,17,-16.0
2024,114,1,P007519   ,1.0,1.0,TEL,31,"JOKUBAITIS, ROKAS",25:03,12,5,7,0,3,2,2,0,1,1,6,0,6,0,0,3,3,8,-8.0
2024,114,1,P013383   ,1.0,0.0,TEL,32,"GABRIEL, WENYEN",11:10,4,2,4,0,0,0,2,2,3,5,1,0,1,1,0,1,1,6,-14.0
2024,114,1,P011193   ,0.0,0.0,TEL,45,"BLATT, TAMIR",16:38,3,0,0,0,4,3,3,0,2,2,7,0,2,0,0,2,3,7,-7.0
2024,114,1,P013250   ,0.0,0.0,TEL,55,"DE JULIUS, DAVID",02:59,0,0,1,0,1,0,0,0,0,0,0,0,0,0,0,1,0,-3,1.0
2024,114,1,Team,0.0,0.0,TEL,,Team,,0,0,0,0,0,0,0,2,0,2,0,0,1,0,0,0,0,1,
2024,114,1,Total,,,TEL,,Total,200:00,81,25,48,5,18,16,21,14,22,36,16,3,14,1,2,20,22,82,
2024,114,0,P012608   ,1.0,0.0,PRS,0,"SHORTS, TJ",25:56,22,8,15,1,3,3,4,1,2,3,8,1,2,0,1,3,5,23,9.0
2024,114,0,P012609   ,0.0,1.0,PRS,1,"MALCOLM, COLLIN",22:31,6,1,2,1,4,1,2,0,1,1,1,2,2,1,0,1,2,5,14.0
2024,114,0,P012640   ,0.0,1.0,PRS,2,"HIFI, NADIR",16:04,15,2,3,3,9,2,2,0,2,2,0,1,1,0,0,1,4,13,-2.0
2024,114,0,P012610   ,1.0,0.0,PRS,3,"WARD, TYSON",21:56,14,4,4,2,7,0,0,1,4,5,1,1,0,0,0,4,1,13,10.0
2024,114,0,P013373   ,0.0,0.0,PRS,4,"CAVALIERE, LEOPOLD",10:51,2,1,1,0,0,0,0,2,0,2,0,0,1,0,0,5,0,-2,3.0
2024,114,0,P005793   ,0.0,1.0,PRS,5,"SY, BANDJA",14:39,3,0,2,1,1,0,0,2,1,3,0,0,0,0,0,0,2,6,0.0
2024,114,0,P003481   ,0.0,0.0,PRS,6,"KESSENS, MICHAEL",DNP,0,0,0,0,0,0,0,0,0,0,0,0,0,0,0,0,0,0,0.0
2024,114,0,P012611   ,1.0,1.0,PRS,7,"HERRERA, SEBASTIAN",11:59,0,0,1,0,1,0,0,0,0,0,2,0,0,0,0,1,0,-1,5.0
2024,114,0,P004512   ,0.0,1.0,PRS,8,"KRATZER, LEON",12:22,2,1,2,0,0,0,0,3,2,5,0,0,0,0,0,2,0,4,11.0
2024,114,0,P007032   ,0.0,0.0,PRS,12,"LO, MAODO",21:34,19,3,5,4,7,1,2,0,2,2,2,0,1,0,0,0,1,17,0.0
2024,114,0,P010390   ,1.0,0.0,PRS,13,"HAYES, KEVARRIUS",16:47,6,3,6,0,0,0,0,2,2,4,0,0,1,1,0,4,0,3,-2.0
2024,114,0,P012613   ,1.0,0.0,PRS,20,"JANTUNEN, MIKAEL",25:21,4,1,3,0,1,2,3,3,5,8,1,3,0,0,0,2,5,15,12.0
2024,114,0,Team,0.0,0.0,PRS,,Team,,0,0,0,0,0,0,0,5,1,6,0,0,0,0,0,0,0,6,
2024,114,0,Total,,,PRS,,Total,200:00,93,24,44,12,33,9,13,19,22,41,15,8,8,2,1,23,20,102,
2024,115,1,P011212   ,0.0,0.0,MCO,0,"OKOBO, ELIE",23:02,10,4,8,0,2,2,3,0,1,1,1,1,4,0,0,1,4,5,-8.0
2024,115,1,P011231   ,1.0,0.0,MCO,4,"BLOSSOMGAME, JARON",19:07,12,3,5,2,6,0,1,1,4,5,0,0,0,0,0,3,2,9,-6.0
2024,115,1,P009754   ,1.0,1.0,MCO,8,"LOYD, JORDAN",24:23,6,3,3,0,2,0,0,0,3,3,1,1,0,0,0,3,1,7,1.0
2024,115,1,P005844   ,0.0,1.0,MCO,9,"PAPAGIANNIS, GEORGIOS",15:46,11,4,7,1,2,0,0,4,3,7,0,0,0,1,0,1,0,14,-3.0
2024,115,1,P011226   ,1.0,1.0,MCO,11,"DIALLO, ALPHA",29:40,21,6,8,3,3,0,0,2,1,3,1,0,1,1,0,2,1,22,-12.0
2024,115,1,P004790   ,0.0,0.0,MCO,12,"CORNELIE, PETR",DNP,0,0,0,0,0,0,0,0,0,0,0,0,0,0,0,0,0,0,0.0
2024,115,1,PLCZ      ,1.0,0.0,MCO,20,"MOTIEJUNAS, DONATAS",24:14,0,0,3,0,1,0,0,1,1,2,2,0,1,1,0,4,0,-4,-6.0
2024,115,1,P012515   ,0.0,0.0,MCO,22,"TARPEY, TERRY",DNP,0,0,0,0,0,0,0,0,0,0,0,0,0,0,0,0,0,0,0.0
2024,115,1,P008161   ,0.0,0.0,MCO,23,"BEGARIN, JUHANN",DNP,0,0,0,0,0,0,0,0,0,0,0,0,0,0,0,0,0,0,0.0
2024,115,1,P013365   ,0.0,0.0,MCO,30,"BROWN, VITTO",14:04,3,0,0,1,1,0,0,0,1,1,2,1,0,0,0,0,1,8,3.0
2024,115,1,P008099   ,0.0,1.0,MCO,32,"STRAZEL, MATTHEW",21:01,7,2,4,1,2,0,0,1,0,1,3,0,0,0,0,1,1,8,-3.0
2024,115,1,P005985   ,1.0,1.0,MCO,55,"JAMES, MIKE",28:43,10,2,5,2,5,0,0,0,5,5,12,0,1,0,0,1,5,24,-11.0
2024,115,1,Team,0.0,0.0,MCO,,Team,,0,0,0,0,0,0,0,1,2,3,0,0,0,0,0,0,0,3,
2024,115,1,Total,,,MCO,,Total,200:00,80,24,43,10,24,2,4,10,21,31,22,3,7,3,0,16,15,96,
2024,115,0,P008855   ,1.0,1.0,OLY,0,"WALKUP, THOMAS",22:40,8,4,4,0,1,0,0,1,5,6,4,0,1,0,0,4,0,12,19.0
2024,115,0,P007982   ,0.0,1.0,OLY,1,"WILLIAMS-GOSS, NIGEL",22:30,14,3,5,2,3,2,2,0,2,2,3,0,3,0,0,3,3,13,-2.0
2024,115,0,P010392   ,0.0,0.0,OLY,5,"LARENTZAKIS, GIANNOULIS",DNP,0,0,0,0,0,0,0,0,0,0,0,0,0,0,0,0,0,0,0.0
2024,115,0,P007947   ,1.0,0.0,OLY,8,"VILDOZA, LUCA",15:20,3,0,0,1,2,0,0,0,2,2,2,0,0,0,0,2,0,4,6.0
2024,115,0,P008811   ,1.0,0.0,OLY,10,"FALL, MOUSTAPHA",17:08,0,0,0,0,0,0,0,0,3,3,3,0,0,0,0,1,2,7,4.0
2024,115,0,P003469   ,1.0,1.0,OLY,14,"VEZENKOV, SASHA",27:46,14,3,6,2,4,2,2,1,5,6,2,1,1,0,2,0,4,19,15.0
2024,115,0,P001255   ,0.0,0.0,OLY,16,"PAPANIKOLAOU, KOSTAS",07:22,0,0,0,0,1,0,0,0,1,1,0,0,1,0,0,1,0,-2,-4.0
2024,115,0,P009849   ,0.0,0.0,OLY,22,"DORSEY, TYLER",DNP,0,0,0,0,0,0,0,0,0,0,0,0,0,0,0,0,0,0,0.0
2024,115,0,P008829   ,0.0,0.0,OLY,25,"PETERS, ALEC",18:04,9,1,2,2,2,1,1,2,1,3,0,0,1,0,0,2,0,8,-3.0
2024,115,0,P003941   ,0.0,1.0,OLY,33,"MILUTINOV, NIKOLA",22:52,4,2,4,0,0,0,0,3,3,6,0,0,0,0,0,0,1,9,5.0
2024,115,0,P007853   ,0.0,1.0,OLY,77,"MCKISSIC, SHAQUIELLE",23:59,18,3,4,3,6,3,3,1,2,3,2,2,2,0,1,2,4,20,3.0
2024,115,0,P013380   ,1.0,0.0,OLY,94,"FOURNIER, EVAN",22:19,19,3,8,4,13,1,2,0,0,0,0,0,0,0,0,0,1,5,2.0
2024,115,0,Team,0.0,0.0,OLY,,Team,,0,0,0,0,0,0,0,3,1,4,0,0,0,0,0,0,0,4,
2024,115,0,Total,,,OLY,,Total,200:00,89,19,33,14,32,9,10,11,25,36,16,3,9,0,3,15,15,99,
2024,116,1,P006085   ,0.0,1.0,MIL,1,"DIMITRIJEVIC, NENO",14:01,4,2,4,0,4,0,0,0,2,2,3,0,0,0,0,1,1,3,-16.0
2024,116,1,P011064   ,1.0,0.0,MIL,2,"MANNION, NICCOLO",28:12,20,4,4,4,7,0,0,0,1,1,5,2,3,0,0,3,2,21,25.0
2024,116,1,P001392   ,0.0,0.0,MIL,5,"CAUSEUR, FABIEN",24:06,20,1,3,6,6,0,0,0,2,2,2,1,0,0,0,3,0,20,5.0
2024,116,1,P013384   ,0.0,1.0,MIL,12,"BROOKS, ARMONI",14:07,3,0,3,1,2,0,0,1,0,1,0,1,0,0,1,0,0,0,-11.0
2024,116,1,P008987   ,1.0,1.0,MIL,16,"LEDAY, ZACH",31:20,14,4,7,1,3,3,5,1,6,7,3,4,0,1,0,1,4,25,18.0
2024,116,1,P001518   ,1.0,1.0,MIL,17,"RICCI, GIAMPAOLO",18:43,2,1,1,0,2,0,0,1,3,4,0,0,0,0,0,4,0,0,19.0
2024,116,1,P005670   ,0.0,0.0,MIL,21,"FLACCADORI, DIEGO",DNP,0,0,0,0,0,0,0,0,0,0,0,0,0,0,0,0,0,0,0.0
2024,116,1,P013385   ,0.0,0.0,MIL,25,"DIOP, OUSMANE",DNP,0,0,0,0,0,0,0,0,0,0,0,0,0,0,0,0,0,0,0.0
2024,116,1,P006721   ,0.0,0.0,MIL,30,"CARUSO, GUGLIELMO",DNP,0,0,0,0,0,0,0,0,0,0,0,0,0,0,0,0,0,0,0.0
2024,116,1,P007831   ,1.0,0.0,MIL,31,"SHIELDS, SHAVON",26:58,8,4,6,0,3,0,2,1,4,5,4,0,1,0,0,2,5,12,26.0
2024,116,1,P000796   ,1.0,0.0,MIL,33,"MIROTIC, NIKOLA",27:34,23,5,8,3,6,4,5,3,4,7,2,0,1,2,0,1,3,28,24.0
2024,116,1,P011941   ,0.0,1.0,MIL,55,"GILLESPIE, FREDDIE",14:59,7,3,3,0,0,1,1,2,0,2,1,0,2,1,0,1,1,9,-15.0
2024,116,1,Team,0.0,0.0,MIL,,Team,,0,0,0,0,0,0,0,2,0,2,0,0,0,0,0,0,0,2,
2024,116,1,Total,,,MIL,,Total,200:00,101,24,39,15,33,8,13,11,22,33,20,8,7,4,1,16,16,120,
2024,116,0,P009048   ,1.0,0.0,RED,0,"MILLER-MCINTYRE, CODI",14:30,8,4,6,0,1,0,0,0,0,0,2,0,2,0,0,2,1,4,-23.0
2024,116,0,P010612   ,0.0,1.0,RED,3,"CANAAN, ISAIAH",21:50,14,1,1,4,8,0,0,0,2,2,1,1,1,0,0,0,0,13,-7.0
2024,116,0,PJDR      ,0.0,0.0,RED,4,"TEODOSIC, MILOS",18:19,4,1,1,0,2,2,2,0,1,1,3,0,3,0,0,5,2,0,6.0
2024,116,0,P007960   ,0.0,0.0,RED,7,"DAVIDOVAC, DEJAN",13:36,12,3,3,2,2,0,0,0,0,0,0,2,0,0,0,2,0,12,-4.0
2024,116,0,P002553   ,0.0,0.0,RED,9,"MITROVIC, LUKA",22:43,7,3,6,0,0,1,2,4,5,9,2,0,1,1,2,1,2,13,4.0
2024,116,0,PLUO      ,0.0,0.0,RED,10,"LAZIC, BRANKO",05:58,3,0,1,1,2,0,0,2,1,3,1,0,0,0,0,1,1,5,1.0
2024,116,0,P004866   ,1.0,1.0,RED,12,"KALINIC, NIKOLA",27:18,5,2,3,0,4,1,3,1,5,6,1,0,1,0,1,2,2,3,-24.0
2024,116,0,P004007   ,1.0,0.0,RED,13,"DOBRIC, OGNJEN",11:04,1,0,2,0,3,1,2,0,0,0,0,0,0,0,1,0,1,-5,-14.0
2024,116,0,P012786   ,1.0,1.0,RED,24,"DAUM, MIKE",12:27,9,4,6,0,1,1,1,2,1,3,0,0,0,0,0,2,1,8,-4.0
2024,116,0,P011194   ,1.0,0.0,RED,30,"PETRUSEV, FILIP",13:38,2,1,5,0,0,0,0,6,2,8,1,0,2,0,0,1,0,4,-20.0
2024,116,0,P006436   ,0.0,1.0,RED,31,"GIEDRAITIS, ROKAS",13:11,4,2,2,0,2,0,0,0,1,1,1,1,0,0,0,1,2,6,-1.0
2024,116,0,P012044   ,0.0,1.0,RED,99,"DOS SANTOS, YAGO",25:26,17,2,4,3,4,4,5,0,4,4,6,0,2,0,0,2,3,22,11.0
2024,116,0,Team,0.0,0.0,RED,,Team,,0,0,0,0,0,0,0,0,1,1,0,0,1,0,0,0,0,0,
2024,116,0,Total,,,RED,,Total,200:00,86,23,40,10,29,10,15,15,23,38,18,4,13,1,4,19,15,85,
2024,117,1,P009549   ,1.0,0.0,VIR,0,"CORDINIER, ISAIA",30:44,8,2,4,1,7,1,1,1,2,3,1,0,3,2,1,5,2,-1,-4.0
2024,117,1,PBCN      ,0.0,1.0,VIR,3,"BELINELLI, MARCO",18:48,9,3,5,1,9,0,0,0,0,0,0,1,0,0,0,0,0,0,14.0
2024,117,1,P006739   ,1.0,0.0,VIR,6,"PAJOLA, ALESSANDRO",25:58,3,1,1,0,1,1,2,0,5,5,6,3,2,0,0,4,1,10,-5.0
2024,117,1,P004888   ,1.0,1.0,VIR,8,"CLYBURN, WILL",32:18,23,8,11,2,11,1,1,2,5,7,1,1,0,0,1,2,3,20,-10.0
2024,117,1,P001133   ,1.0,0.0,VIR,21,"SHENGELIA, TORNIKE",21:29,2,0,3,0,3,2,2,3,2,5,1,0,2,2,0,1,3,4,-10.0
2024,117,1,P001844   ,0.0,1.0,VIR,23,"HACKETT, DANIEL",17:47,3,0,2,1,1,0,0,0,2,2,5,0,2,0,0,3,1,4,0.0
2024,117,1,P005738   ,0.0,0.0,VIR,24,"GRAZULIS, ANDREJS",03:09,0,0,0,0,0,0,0,0,0,0,0,0,1,0,0,1,0,-2,-9.0
2024,117,1,P012585   ,0.0,0.0,VIR,30,"MORGAN, MATTHEW",15:11,6,2,3,0,3,2,3,1,1,2,6,1,0,0,0,0,3,13,4.0
2024,117,1,P002084   ,0.0,1.0,VIR,33,"POLONARA, ACHILLE",15:12,7,0,0,1,2,4,6,0,6,6,2,0,0,1,0,2,3,14,4.0
2024,117,1,P013374   ,0.0,1.0,VIR,35,"DIOUF, MOUHAMET",25:27,12,3,5,0,0,6,6,4,4,8,0,1,0,1,0,1,3,22,8.0
2024,117,1,P004554   ,1.0,0.0,VIR,41,"ZIZIC, ANTE",16:39,13,6,7,0,0,1,3,2,0,2,0,1,1,2,0,2,3,15,-4.0
2024,117,1,P012591   ,0.0,0.0,VIR,59,"TUCKER, RAYJON",02:18,2,1,1,0,0,0,0,0,0,0,0,0,1,0,0,2,0,-1,2.0
2024,117,1,Team,0.0,0.0,VIR,,Team,,0,0,0,0,0,0,0,1,1,2,0,0,0,0,0,0,0,2,
2024,117,1,Total,,,VIR,,Total,225:00,88,26,42,6,37,18,24,14,28,42,22,8,12,8,2,23,22,100,
2024,117,0,P008384   ,1.0,1.0,BER,1,"PROCIDA, GABRIELE",30:44,20,6,8,2,7,2,3,3,1,4,2,0,2,0,0,2,2,16,8.0
2024,117,0,P008173   ,1.0,1.0,BER,3,"SPAGNOLO, MATTEO",30:50,10,1,6,1,4,5,6,2,6,8,5,0,1,0,1,2,6,16,5.0
2024,117,0,P011934   ,1.0,0.0,BER,5,"WETZELL, YANNI",22:10,6,1,5,0,1,4,4,3,2,5,1,0,1,0,2,4,4,4,5.0
2024,117,0,P008211   ,0.0,1.0,BER,6,"DELOW, MALTE",14:21,4,1,2,0,1,2,2,0,1,1,1,0,2,0,1,1,1,1,-5.0
2024,117,0,P007025   ,0.0,0.0,BER,9,"MATTISSECK, JONAS",DNP,0,0,0,0,0,0,0,0,0,0,0,0,0,0,0,0,0,0,0.0
2024,117,0,P006251   ,0.0,1.0,BER,10,"SCHNEIDER, TIM",22:58,7,2,2,1,4,0,1,1,2,3,0,0,1,1,0,4,1,3,-1.0
2024,117,0,P008967   ,0.0,1.0,BER,11,"THOMAS, MATT",20:47,13,2,4,3,7,0,0,1,4,5,3,0,0,0,1,1,0,13,-6.0
2024,117,0,P008780   ,1.0,0.0,BER,15,"HERMANNSSON, MARTIN",24:58,4,2,4,0,3,0,0,1,0,1,6,1,1,0,1,1,2,6,8.0
2024,117,0,P007550   ,0.0,0.0,BER,18,"SAMAR, ZIGA",13:25,3,1,3,0,1,1,2,0,0,0,4,0,2,0,0,3,4,2,-3.0
2024,117,0,P011631   ,0.0,0.0,BER,25,"RAPIEQUE, ELIAS",DNP,0,0,0,0,0,0,0,0,0,0,0,0,0,0,0,0,0,0,0.0
2024,117,0,P013386   ,1.0,0.0,BER,33,"MC CORMACK, DAVID",25:51,16,7,15,0,0,2,2,5,9,14,1,4,3,1,2,1,2,24,9.0
2024,117,0,P012604   ,0.0,0.0,BER,50,"WILLIAMS, TREVION",18:56,7,3,6,0,1,1,2,3,5,8,2,0,2,0,0,3,1,8,-10.0
2024,117,0,Team,0.0,0.0,BER,,Team,,0,0,0,0,0,0,0,2,3,5,0,0,1,0,0,0,0,4,
2024,117,0,Total,,,BER,,Total,225:00,90,26,55,7,29,17,22,21,33,54,25,5,16,2,8,22,23,97,
2024,118,1,P013403   ,1.0,0.0,ZAL,1,"WALKER IV, LONNIE",24:47,18,2,7,3,6,5,6,0,2,2,1,1,0,0,0,0,4,17,8.0
2024,118,1,P007975   ,0.0,1.0,ZAL,3,"FRANCISCO, SYLVAIN",20:03,16,2,5,2,6,6,6,3,0,3,2,0,3,0,0,2,5,14,3.0
2024,118,1,P011983   ,0.0,0.0,ZAL,8,"BRAZDEIKIS, IGNAS",02:32,2,1,2,0,0,0,0,0,1,1,0,0,0,0,0,0,0,2,3.0
2024,118,1,P007513   ,1.0,1.0,ZAL,9,"GIEDRAITIS, DOVYDAS",32:43,4,2,3,0,2,0,0,3,3,6,3,1,1,0,1,1,1,9,10.0
2024,118,1,P005504   ,1.0,0.0,ZAL,15,"BIRUTIS, LAURYNAS",16:57,3,1,3,0,0,1,2,2,3,5,1,0,0,1,0,2,2,7,8.0
2024,118,1,P011051   ,0.0,1.0,ZAL,18,"SMAILAGIC, ALEN",12:02,7,2,5,0,1,3,5,3,1,4,1,0,1,1,1,4,3,4,-6.0
2024,118,1,P012622   ,0.0,0.0,ZAL,21,"MITCHELL, MATTHEW",10:18,2,1,2,0,1,0,0,0,2,2,1,1,0,0,1,3,0,0,-2.0
2024,118,1,P003048   ,0.0,0.0,ZAL,42,"DUNSTON, BRYANT",10:06,2,1,1,0,0,0,0,1,1,2,0,1,1,1,0,5,0,0,9.0
2024,118,1,P012715   ,0.0,0.0,ZAL,45,"MANEK, BRADY",05:28,3,0,1,1,2,0,0,0,0,0,0,1,0,0,0,0,0,2,7.0
2024,118,1,P002676   ,0.0,0.0,ZAL,51,"BUTKEVICIUS, ARNAS",25:21,7,0,2,1,2,4,4,0,2,2,0,2,1,0,0,3,2,6,4.0
2024,118,1,P007029   ,1.0,1.0,ZAL,91,"SIRVYDIS, DEIVIDAS",13:30,14,2,3,3,5,1,1,2,1,3,0,0,0,1,1,1,1,14,8.0
2024,118,1,P002329   ,1.0,1.0,ZAL,92,"ULANOVAS, EDGARAS",26:13,7,2,3,0,2,3,4,0,3,3,2,0,0,0,0,3,2,7,13.0
2024,118,1,Team,0.0,0.0,ZAL,,Team,,0,0,0,0,0,0,0,3,2,5,0,0,4,0,0,0,0,1,
2024,118,1,Total,,,ZAL,,Total,200:00,85,16,37,10,27,23,28,17,21,38,11,7,11,4,4,24,20,83,
2024,118,0,P006590   ,0.0,1.0,IST,1,"BEAUBOIS, RODRIGUE",25:31,6,0,4,2,5,0,0,0,0,0,3,1,0,1,0,1,0,3,3.0
2024,118,0,P013363   ,0.0,1.0,IST,3,"NWORA, JORDAN",06:13,0,0,1,0,1,0,0,0,2,2,0,0,1,0,0,0,1,0,-12.0
2024,118,0,P009846   ,1.0,0.0,IST,6,"BRYANT, ELIJAH",35:13,23,4,7,2,4,9,12,1,5,6,4,2,2,0,3,3,9,28,-8.0
2024,118,0,P010400   ,0.0,0.0,IST,10,"ONCEL, RIDVAN",04:54,2,1,1,0,0,0,0,0,0,0,0,0,1,0,0,1,1,1,-5.0
2024,118,0,P007109   ,0.0,0.0,IST,11,"SMITS, ROLANDS",12:56,2,1,2,0,0,0,0,0,2,2,2,0,0,0,1,1,1,4,-11.0
2024,118,0,P011078   ,1.0,0.0,IST,13,"THOMPSON, DARIUS",26:49,10,2,3,2,3,0,0,0,1,1,1,1,3,0,0,5,2,5,-10.0
2024,118,0,P013364   ,0.0,0.0,IST,14,"JOHNSON, STANLEY",04:05,0,0,1,0,0,0,0,0,0,0,0,0,0,0,0,1,0,-2,0.0
2024,118,0,P004887   ,1.0,0.0,IST,17,"POIRIER, VINCENT",13:31,9,3,4,0,1,3,3,1,1,2,1,0,0,1,0,2,2,11,-10.0
2024,118,0,P009513   ,1.0,1.0,IST,21,"HOLLATZ, JUSTUS",17:30,2,1,3,0,3,0,0,1,1,2,2,0,0,0,0,1,0,0,-11.0
2024,118,0,P012710   ,1.0,0.0,IST,24,"OSMANI, ERCAN",08:10,3,0,1,1,2,0,0,1,2,3,0,0,0,0,0,0,0,4,-5.0
2024,118,0,P012788   ,0.0,1.0,IST,25,"OTURU, DAN",22:44,8,2,3,0,0,4,8,2,4,6,1,0,3,1,0,3,5,10,2.0
2024,118,0,P009664   ,0.0,1.0,IST,35,"WILLIS, DEREK",22:24,7,2,4,0,1,3,4,2,6,8,1,0,1,1,0,2,3,13,2.0
2024,118,0,Team,0.0,0.0,IST,,Team,,0,0,0,0,0,0,0,3,0,3,0,0,1,0,0,0,0,2,
2024,118,0,Total,,,IST,,Total,200:00,72,16,34,7,20,19,27,11,24,35,15,4,12,4,4,20,24,79,
2024,119,1,P010391   ,1.0,1.0,MUN,0,"WEILER-BABB, NICK",32:08,9,0,0,3,6,0,0,1,4,5,6,2,1,0,0,2,0,16,10.0
2024,119,1,P011244   ,0.0,1.0,MUN,1,"DA SILVA, OSCAR",20:13,7,2,4,1,2,0,0,1,3,4,0,0,0,0,0,2,1,7,3.0
2024,119,1,P011987   ,0.0,0.0,MUN,3,"EDWARDS, CARSEN",27:12,27,5,9,4,8,5,5,0,2,2,1,2,3,0,2,3,9,25,0.0
2024,119,1,P001557   ,1.0,0.0,MUN,5,"GIFFEY, NIELS",12:11,2,1,2,0,0,0,0,0,1,1,0,0,0,0,1,0,0,1,8.0
2024,119,1,P007201   ,1.0,0.0,MUN,7,"VOIGTMANN, JOHANNES",20:49,8,1,1,2,2,0,0,0,4,4,1,1,0,0,0,2,1,13,10.0
2024,119,1,P011224   ,0.0,1.0,MUN,8,"NAPIER, SHABAZZ",16:06,5,0,0,1,2,2,2,0,2,2,4,0,3,0,0,2,1,6,14.0
2024,119,1,P004508   ,1.0,1.0,MUN,13,"OBST, ANDREAS",27:25,18,3,4,4,5,0,0,0,1,1,2,2,1,0,0,4,1,17,16.0
2024,119,1,P007929   ,0.0,0.0,MUN,17,"BITIM, ONURALP",04:58,0,0,0,0,0,0,0,0,0,0,0,0,0,0,0,0,0,0,-6.0
2024,119,1,P005460   ,0.0,0.0,MUN,20,"HARRIS, ELIAS",03:54,0,0,2,0,0,0,0,0,1,1,0,0,0,0,0,0,2,1,-6.0
2024,119,1,P007639   ,0.0,0.0,MUN,22,"BRANKOVIC, DANKO",DNP,0,0,0,0,0,0,0,0,0,0,0,0,0,0,0,0,0,0,0.0
2024,119,1,P007056   ,1.0,1.0,MUN,31,"BOOKER, DEVIN",28:27,18,3,10,3,4,3,4,2,3,5,5,1,1,1,0,3,4,21,14.0
2024,119,1,P013368   ,0.0,0.0,MUN,53,"YEBO, KEVIN",06:37,0,0,0,0,1,0,0,0,0,0,0,0,0,0,0,0,1,0,7.0
2024,119,1,Team,0.0,0.0,MUN,,Team,,0,0,0,0,0,0,0,0,2,2,0,0,2,0,0,0,0,0,
2024,119,1,Total,,,MUN,,Total,200:00,94,15,32,18,30,10,11,4,23,27,19,8,11,1,3,18,20,107,
2024,119,0,P011948   ,1.0,0.0,BAS,0,"HOWARD, MARKUS",30:58,19,4,7,3,12,2,2,0,1,1,1,0,0,0,0,2,5,12,-15.0
2024,119,0,P008850   ,0.0,1.0,BAS,2,"RAIESTE, SANDER",10:41,6,0,0,2,3,0,0,0,0,0,1,0,0,0,0,1,0,5,-1.0
2024,119,0,P010784   ,0.0,0.0,BAS,6,"SAVKOV, PAVEL",DNP,0,0,0,0,0,0,0,0,0,0,0,0,0,0,0,0,0,0,0.0
2024,119,0,P007230   ,1.0,1.0,BAS,8,"SEDEKERSKIS, TADAS",29:03,10,3,5,1,2,1,2,1,2,3,2,0,1,0,1,3,3,9,-14.0
2024,119,0,P004058   ,0.0,0.0,BAS,10,"JARAMAZ, OGNJEN",DNP,0,0,0,0,0,0,0,0,0,0,0,0,0,0,0,0,0,0,0.0
2024,119,0,P013367   ,1.0,0.0,BAS,11,"FORREST, TRENT",21:19,6,3,4,0,0,0,0,0,0,0,6,0,1,0,0,2,0,8,-5.0
2024,119,0,P011085   ,0.0,1.0,BAS,17,"ROGKAVOPOULOS, NIKOLAOS",17:44,6,0,0,2,3,0,0,1,2,3,2,0,3,0,0,3,0,4,-5.0
2024,119,0,P008072   ,0.0,0.0,BAS,18,"DIOP, KHALIFA",10:59,0,0,0,0,0,0,0,1,1,2,1,0,1,1,0,2,1,2,3.0
2024,119,0,P012597   ,0.0,0.0,BAS,44,"BALDWIN, KAMAR",19:40,4,0,5,0,1,4,4,1,2,3,3,1,1,0,0,4,2,2,1.0
2024,119,0,P011196   ,1.0,1.0,BAS,45,"HALL, DONTA",29:01,4,0,0,0,0,4,4,1,4,5,1,1,0,1,0,0,3,15,-17.0
2024,119,0,P012058   ,0.0,0.0,BAS,46,"NDIAYE, OUSMANE",DNP,0,0,0,0,0,0,0,0,0,0,0,0,0,0,0,0,0,0,0.0
2024,119,0,P012201   ,1.0,1.0,BAS,95,"MONEKE, CHIMA",30:35,25,6,11,4,5,1,1,2,9,11,2,1,4,1,0,3,4,31,-17.0
2024,119,0,Team,0.0,0.0,BAS,,Team,,0,0,0,0,0,0,0,0,0,0,0,0,1,0,0,0,0,-1,
2024,119,0,Total,,,BAS,,Total,200:00,80,16,32,12,26,12,13,7,21,28,19,3,12,3,1,20,18,87,
2024,120,1,P007870   ,0.0,0.0,PAR,0,"DAVIES, BRANDON",16:46,4,2,4,0,0,0,0,0,5,5,2,0,1,0,0,1,1,8,-8.0
2024,120,1,P013369   ,1.0,1.0,PAR,2,"JONES, CARLIK",27:34,18,4,7,3,3,1,2,0,3,3,4,1,3,0,1,1,1,18,14.0
2024,120,1,P006591   ,0.0,0.0,PAR,3,"NTILIKINA, FRANK",13:30,7,2,3,1,3,0,0,0,2,2,1,1,1,0,0,4,0,3,-5.0
2024,120,1,P013370   ,0.0,1.0,PAR,4,"WASHINGTON, DUANE",14:08,7,2,5,0,2,3,3,0,1,1,3,0,3,0,1,1,4,5,19.0
2024,120,1,P011050   ,1.0,0.0,PAR,5,"KOPRIVICA, BALSA",05:43,2,1,1,0,0,0,0,1,0,1,0,1,0,0,0,1,0,3,2.0
2024,120,1,P012167   ,0.0,0.0,PAR,8,"BOSNJAKOVIC, MITAR",DNP,0,0,0,0,0,0,0,0,0,0,0,0,0,0,0,0,0,0,0.0
2024,120,1,P004761   ,1.0,0.0,PAR,9,"MARINKOVIC, VANJA",27:57,9,0,0,3,5,0,0,0,1,1,3,2,1,0,0,2,0,10,7.0
2024,120,1,P008232   ,0.0,0.0,PAR,11,"POKUSEVSKI, ALEKSEJ",DNP,0,0,0,0,0,0,0,0,0,0,0,0,0,0,0,0,0,0,0.0
2024,120,1,P012720   ,1.0,1.0,PAR,12,"BROWN, STERLING",30:00,17,2,4,3,7,4,4,0,3,3,3,0,1,0,0,0,3,19,14.0
2024,120,1,P006760   ,0.0,1.0,PAR,17,"BONGA, ISAAC",31:33,13,1,2,2,4,5,5,3,1,4,1,2,0,0,0,3,2,16,23.0
2024,120,1,P011836   ,1.0,0.0,PAR,24,"MIKE, ISIAHA",05:43,2,1,1,0,1,0,0,0,1,1,1,1,0,0,0,0,1,5,2.0
2024,120,1,P011981   ,0.0,1.0,PAR,88,"JONES, TYRIQUE",27:06,12,6,8,0,0,0,0,4,6,10,2,1,2,1,1,4,2,19,22.0
2024,120,1,Team,0.0,0.0,PAR,,Team,,0,0,0,0,0,0,0,1,2,3,0,0,1,0,0,0,0,2,
2024,120,1,Total,,,PAR,,Total,200:00,91,21,35,12,25,13,14,9,25,34,20,9,13,1,3,17,14,108,
2024,120,0,P011209   ,0.0,1.0,PAN,0,"KALAITZAKIS, PANAGIOTIS",07:01,0,0,1,0,0,0,0,0,0,0,0,0,0,0,0,1,0,-2,-6.0
2024,120,0,P009622   ,1.0,1.0,PAN,2,"BROWN, LORENZO",24:25,4,2,4,0,3,0,0,1,1,2,3,2,1,0,0,2,2,5,-8.0
2024,120,0,P006544   ,0.0,0.0,PAN,6,"MORAITIS, DIMITRIS",DNP,0,0,0,0,0,0,0,0,0,0,0,0,0,0,0,0,0,0,0.0
2024,120,0,P001926   ,0.0,0.0,PAN,10,"SLOUKAS, KOSTAS",23:19,15,2,5,3,9,2,2,0,1,1,6,1,2,0,1,3,2,10,-8.0
2024,120,0,P004088   ,0.0,0.0,PAN,16,"OSMAN, CEDI",08:02,3,0,0,1,4,0,0,1,2,3,0,0,0,0,0,1,1,3,-8.0
2024,120,0,P011442   ,0.0,0.0,PAN,20,"SAMODUROV, ALEXANDROS",DNP,0,0,0,0,0,0,0,0,0,0,0,0,0,0,0,0,0,0,0.0
2024,120,0,P005161   ,0.0,0.0,PAN,21,"PAPAPETROU, IOANNIS",10:02,4,2,2,0,0,0,0,1,0,1,0,0,2,0,0,1,0,2,-8.0
2024,120,0,P011204   ,1.0,1.0,PAN,22,"GRANT, JERIAN",27:26,9,0,1,2,3,3,3,0,2,2,3,0,0,0,0,2,2,12,-18.0
2024,120,0,P012774   ,1.0,0.0,PAN,25,"NUNN, KENDRICK",30:37,12,4,7,1,7,1,1,1,2,3,2,0,2,0,0,2,3,7,-6.0
2024,120,0,P003842   ,1.0,1.0,PAN,26,"LESSORT, MATHIAS",33:10,13,5,10,0,0,3,3,3,3,6,5,1,3,3,0,3,5,22,-10.0
2024,120,0,P012712   ,1.0,1.0,PAN,41,"HERNANGOMEZ, JUANCHO",26:19,13,5,5,1,2,0,0,2,4,6,0,1,0,0,0,0,0,19,-10.0
2024,120,0,P007866   ,0.0,0.0,PAN,44,"MITOGLOU, KONSTANTINOS",09:39,0,0,0,0,1,0,0,0,1,1,1,0,1,0,0,1,2,1,-8.0
2024,120,0,Team,0.0,0.0,PAN,,Team,,0,0,0,0,0,0,0,0,1,1,0,0,1,0,0,0,0,0,
2024,120,0,Total,,,PAN,,Total,200:00,73,20,35,8,29,9,9,9,17,26,20,5,12,3,1,16,17,79,
2024,121,1,P005928   ,1.0,1.0,MAD,7,"CAMPAZZO, FACUNDO",28:16,14,1,7,2,4,6,7,1,4,5,6,1,2,0,1,4,9,19,2.0
2024,121,1,P013378   ,0.0,0.0,MAD,8,"RATHAN-MAYES, XAVIER",05:19,0,0,2,0,0,0,0,0,0,0,0,0,0,0,0,1,0,-3,-6.0
2024,121,1,P011649   ,0.0,0.0,MAD,9,"GONZALEZ, HUGO",04:53,0,0,2,0,0,0,0,0,0,0,0,0,0,0,0,1,0,-3,-7.0
2024,121,1,P003108   ,1.0,0.0,MAD,11,"HEZONJA, MARIO",28:36,9,3,6,1,2,0,0,1,3,4,2,0,3,0,0,3,2,7,-6.0
2024,121,1,P006540   ,1.0,1.0,MAD,13,"MUSA, DZANAN",19:28,9,3,6,0,1,3,3,0,2,2,2,0,1,0,0,1,5,12,6.0
2024,121,1,P009005   ,1.0,1.0,MAD,14,"DECK, GABRIEL",22:14,7,2,4,1,1,0,0,1,3,4,3,0,1,0,1,1,0,9,3.0
2024,121,1,P007630   ,0.0,1.0,MAD,16,"GARUBA, USMAN",12:07,0,0,0,0,1,0,0,1,4,5,1,0,0,0,0,3,0,2,-13.0
2024,121,1,P003583   ,0.0,0.0,MAD,18,"IBAKA, SERGE",10:35,3,0,0,1,1,0,0,1,0,1,0,0,1,0,0,0,1,4,-17.0
2024,121,1,P005791   ,1.0,0.0,MAD,22,"TAVARES, WALTER",28:51,13,6,8,0,0,1,2,2,5,7,0,0,3,0,0,4,2,12,8.0
2024,121,1,PTGB      ,0.0,0.0,MAD,23,"LLULL, SERGIO",17:17,10,2,4,2,6,0,0,0,0,0,0,0,0,0,0,1,1,4,-14.0
2024,121,1,P011247   ,0.0,0.0,MAD,24,"FELIZ, ANDRES",09:26,2,1,2,0,0,0,0,0,1,1,1,0,0,0,0,1,0,2,-13.0
2024,121,1,P009213   ,0.0,1.0,MAD,30,"NDIAYE, ELI",12:58,3,0,0,1,1,0,0,0,0,0,0,1,1,0,0,1,0,2,-3.0
2024,121,1,Team,0.0,0.0,MAD,,Team,,0,0,0,0,0,0,0,0,2,2,0,0,1,0,0,0,0,1,
2024,121,1,Total,,,MAD,,Total,200:00,70,18,41,8,17,10,12,7,24,31,15,2,13,0,2,21,20,68,
2024,121,0,P009863   ,1.0,0.0,ULK,2,"BALDWIN IV, WADE",26:09,10,5,10,0,4,0,0,1,2,3,5,0,2,0,0,5,2,4,1.0
2024,121,0,P002849   ,0.0,0.0,ULK,4,"MELLI, NICOLO",16:27,7,2,3,1,1,0,0,1,3,4,1,0,0,0,0,2,0,9,15.0
2024,121,0,P002968   ,1.0,0.0,ULK,5,"SANLI, SERTAC",14:39,2,0,2,0,2,2,2,0,4,4,0,0,1,1,0,2,1,1,1.0
2024,121,0,P013396   ,0.0,0.0,ULK,9,"MAYS, SKYLAR",DNP,0,0,0,0,0,0,0,0,0,0,0,0,0,0,0,0,0,0,0.0
2024,121,0,P008962   ,1.0,1.0,ULK,11,"HAYES-DAVIS, NIGEL",37:33,33,6,9,6,10,3,4,1,3,4,0,2,1,0,0,2,2,30,4.0
2024,121,0,P006961   ,0.0,1.0,ULK,13,"BIBEROVIC, TARIK",14:34,6,1,2,1,2,1,2,0,1,1,1,0,1,0,0,2,1,3,8.0
2024,121,0,P008174   ,0.0,0.0,ULK,15,"EKSIOGLU, MERT",DNP,0,0,0,0,0,0,0,0,0,0,0,0,0,0,0,0,0,0,0.0
2024,121,0,P004004   ,1.0,1.0,ULK,23,"GUDURIC, MARKO",21:45,7,0,1,1,2,4,4,0,1,1,2,0,0,0,0,2,2,8,4.0
2024,121,0,P008104   ,0.0,0.0,ULK,32,"ZAGARS, ARTURS",19:04,4,1,2,0,5,2,2,0,1,1,2,0,1,1,0,2,8,7,10.0
2024,121,0,P009783   ,1.0,1.0,ULK,50,"COLSON, BONZIE",24:39,6,2,2,0,1,2,2,3,1,4,0,2,1,0,0,1,1,10,7.0
2024,121,0,PLMG      ,0.0,0.0,ULK,51,"MARJANOVIC, BOBAN",03:47,0,0,1,0,0,0,0,0,3,3,0,0,0,0,0,0,0,2,-5.0
2024,121,0,P007182   ,0.0,1.0,ULK,92,"BIRCH, KHEM",21:23,7,3,5,0,0,1,2,3,4,7,0,0,0,0,0,2,2,11,15.0
2024,121,0,Team,0.0,0.0,ULK,,Team,,0,0,0,0,0,0,0,2,2,4,0,0,1,0,0,0,0,3,
2024,121,0,Total,,,ULK,,Total,200:00,82,20,37,9,27,15,18,11,25,36,11,4,8,2,0,20,19,88,
2024,122,1,P006835   ,1.0,1.0,TEL,1,"HOARD, JAYLEN",32:12,20,8,10,0,2,4,6,4,4,8,2,2,2,0,0,3,5,26,2.0
2024,122,1,P011202   ,0.0,1.0,TEL,3,"SHAYOK, MARIAL",12:55,2,1,3,0,1,0,0,1,1,2,0,0,0,0,0,1,2,2,-6.0
2024,122,1,P011219   ,0.0,1.0,TEL,9,"SORKIN, ROMAN",08:46,4,2,3,0,1,0,0,0,0,0,3,0,0,0,0,0,0,5,-13.0
2024,122,1,P013381   ,1.0,0.0,TEL,11,"RAYMAN, WILLIAM",11:20,6,2,4,0,2,2,2,3,1,4,0,1,0,0,0,2,1,6,4.0
2024,122,1,P007990   ,0.0,0.0,TEL,12,"DIBARTOLOMEO, JOHN",12:25,3,0,0,1,3,0,0,0,1,1,1,0,0,0,0,3,0,0,-2.0
2024,122,1,P011214   ,1.0,0.0,TEL,14,"RIVERO, JASIEL",22:40,8,4,7,0,1,0,1,2,1,3,2,0,1,1,0,0,2,10,10.0
2024,122,1,P005145   ,0.0,0.0,TEL,15,"COHEN, JAKE",07:48,6,3,3,0,0,0,0,0,0,0,0,0,0,0,0,2,0,4,-4.0
2024,122,1,P013382   ,1.0,1.0,TEL,20,"RANDOLPH, LEVI",28:55,12,5,9,0,2,2,3,4,2,6,0,2,2,0,0,2,3,12,7.0
2024,122,1,P007519   ,0.0,0.0,TEL,31,"JOKUBAITIS, ROKAS",18:55,8,2,3,1,1,1,2,0,1,1,4,0,1,0,1,2,2,9,-18.0
2024,122,1,P013383   ,0.0,0.0,TEL,32,"GABRIEL, WENYEN",08:36,0,0,2,0,0,0,2,2,1,3,1,0,1,2,0,1,2,2,-2.0
2024,122,1,P011193   ,1.0,0.0,TEL,45,"BLATT, TAMIR",26:31,14,1,1,4,9,0,0,0,2,2,10,0,7,0,0,1,3,16,9.0
2024,122,1,P013250   ,0.0,1.0,TEL,55,"DE JULIUS, DAVID",08:57,3,0,2,1,1,0,0,0,1,1,0,0,0,0,0,3,0,-1,3.0
2024,122,1,Team,0.0,0.0,TEL,,Team,,0,0,0,0,0,0,0,4,2,6,0,0,0,0,0,0,0,6,
2024,122,1,Total,,,TEL,,Total,200:00,86,28,47,7,23,9,16,20,17,37,23,5,14,3,1,20,20,97,
2024,122,0,P009862   ,1.0,0.0,BAR,0,"PUNTER, KEVIN",30:43,18,3,7,4,6,0,0,0,0,0,1,0,1,0,0,2,1,11,3.0
2024,122,0,P012795   ,1.0,1.0,BAR,1,"ANDERSON, JUSTIN",27:06,16,4,6,2,4,2,2,1,1,2,2,3,0,0,1,1,2,19,-4.0
2024,122,0,P011666   ,0.0,0.0,BAR,2,"SARR, DAME",DNP,0,0,0,0,0,0,0,0,0,0,0,0,0,0,0,0,0,0,0.0
2024,122,0,P000925   ,0.0,1.0,BAR,6,"VESELY, JAN",22:33,9,4,6,0,0,1,2,3,1,4,2,1,2,0,0,2,3,12,-7.0
2024,122,0,P002939   ,1.0,1.0,BAR,13,"SATORANSKY, TOMAS",26:02,6,2,2,0,1,2,3,0,2,2,8,1,2,0,0,1,2,14,10.0
2024,122,0,P003196   ,0.0,0.0,BAR,14,"HERNANGOMEZ, WILLY",14:32,11,4,8,0,0,3,4,5,4,9,1,1,0,1,2,2,4,18,9.0
2024,122,0,P010106   ,0.0,0.0,BAR,17,"NUNEZ, JUAN",13:58,5,1,3,1,2,0,0,0,0,0,3,0,3,0,0,4,2,0,-8.0
2024,122,0,P006568   ,1.0,0.0,BAR,19,"FALL, YOUSSOUPHA",02:55,0,0,0,0,0,0,0,0,1,1,0,0,1,0,0,2,0,-2,0.0
2024,122,0,P003478   ,0.0,1.0,BAR,21,"ABRINES, ALEX",20:57,5,1,1,1,2,0,0,0,3,3,2,1,1,0,0,4,2,7,8.0
2024,122,0,P012745   ,1.0,1.0,BAR,22,"PARKER, JABARI",35:08,18,7,10,1,5,1,2,4,5,9,4,1,3,0,0,1,4,24,4.0
2024,122,0,P007464   ,0.0,0.0,BAR,44,"PARRA, JOEL",06:06,0,0,2,0,1,0,0,1,0,1,0,0,0,0,0,1,0,-3,-5.0
2024,122,0,P012317   ,0.0,0.0,BAR,45,"VILLAR, RAUL",DNP,0,0,0,0,0,0,0,0,0,0,0,0,0,0,0,0,0,0,0.0
2024,122,0,Team,0.0,0.0,BAR,,Team,,0,0,0,0,0,0,0,0,2,2,0,0,1,0,0,0,0,1,
2024,122,0,Total,,,BAR,,Total,200:00,88,26,45,9,21,9,13,14,19,33,23,8,14,1,3,20,20,101,
2024,123,1,P011212   ,0.0,1.0,MCO,0,"OKOBO, ELIE",20:51,10,4,6,0,0,2,2,1,1,2,5,1,2,0,0,3,3,14,2.0
2024,123,1,P011231   ,0.0,1.0,MCO,4,"BLOSSOMGAME, JARON",21:51,7,2,2,0,0,3,4,1,1,2,2,3,0,0,0,0,3,16,11.0
2024,123,1,P009754   ,1.0,0.0,MCO,8,"LOYD, JORDAN",21:35,8,1,4,2,5,0,0,1,1,2,3,1,3,1,0,3,1,4,20.0
2024,123,1,P005844   ,0.0,1.0,MCO,9,"PAPAGIANNIS, GEORGIOS",18:54,12,4,6,0,1,4,4,0,3,3,1,2,1,3,0,0,2,19,0.0
2024,123,1,P011226   ,1.0,0.0,MCO,11,"DIALLO, ALPHA",12:37,8,3,3,0,0,2,3,1,2,3,2,0,1,0,0,0,2,13,14.0
2024,123,1,P004790   ,0.0,0.0,MCO,12,"CORNELIE, PETR",13:06,6,1,1,0,1,4,4,0,1,1,0,1,2,0,0,1,2,6,8.0
2024,123,1,PLCZ      ,1.0,0.0,MCO,20,"MOTIEJUNAS, DONATAS",12:23,6,3,3,0,0,0,0,2,2,4,3,0,0,0,0,2,3,14,10.0
2024,123,1,P012515   ,0.0,1.0,MCO,22,"TARPEY, TERRY",17:23,2,0,0,0,2,2,2,0,4,4,1,1,0,0,0,2,1,5,-2.0
2024,123,1,P008161   ,0.0,1.0,MCO,23,"BEGARIN, JUHANN",05:51,5,2,3,0,1,1,2,1,0,1,1,0,0,0,0,1,1,4,-1.0
2024,123,1,P013365   ,1.0,0.0,MCO,30,"BROWN, VITTO",20:29,17,2,2,3,6,4,5,2,5,7,1,0,2,0,0,4,4,19,17.0
2024,123,1,P008099   ,0.0,0.0,MCO,32,"STRAZEL, MATTHEW",13:54,10,4,4,0,2,2,2,0,0,0,0,1,1,0,0,0,1,9,6.0
2024,123,1,P005985   ,1.0,0.0,MCO,55,"JAMES, MIKE",21:06,9,0,3,2,4,3,3,0,1,1,4,0,1,0,0,1,3,10,15.0
2024,123,1,Team,0.0,0.0,MCO,,Team,,0,0,0,0,0,0,0,0,0,0,0,0,1,0,0,0,0,-1,
2024,123,1,Total,,,MCO,,Total,200:00,100,26,37,7,22,27,31,9,21,30,23,10,14,4,0,17,26,132,
2024,123,0,P008384   ,1.0,0.0,BER,1,"PROCIDA, GABRIELE",17:04,7,2,2,0,3,3,3,0,2,2,2,2,0,0,0,1,3,12,-9.0
2024,123,0,P008173   ,1.0,0.0,BER,3,"SPAGNOLO, MATTEO",22:51,10,3,6,1,2,1,2,0,0,0,9,1,3,0,1,2,1,10,-6.0
2024,123,0,P011934   ,1.0,0.0,BER,5,"WETZELL, YANNI",19:30,16,5,7,1,1,3,5,1,3,4,1,0,2,0,0,2,4,17,-16.0
2024,123,0,P008211   ,0.0,1.0,BER,6,"DELOW, MALTE",22:47,8,3,3,0,2,2,2,2,1,3,2,1,1,0,0,2,2,11,-8.0
2024,123,0,P007025   ,0.0,1.0,BER,9,"MATTISSECK, JONAS",15:57,6,0,1,2,4,0,0,0,0,0,0,0,1,0,1,4,1,-2,-11.0
2024,123,0,P006251   ,0.0,1.0,BER,10,"SCHNEIDER, TIM",16:28,0,0,1,0,3,0,0,0,2,2,1,0,1,0,1,2,0,-5,-2.0
2024,123,0,P008967   ,1.0,0.0,BER,11,"THOMAS, MATT",18:24,3,0,2,1,1,0,0,0,0,0,2,0,1,0,0,1,0,1,-7.0
2024,123,0,P007550   ,0.0,1.0,BER,18,"SAMAR, ZIGA",17:09,6,1,4,1,1,1,2,0,0,0,5,2,2,0,0,2,4,9,-14.0
2024,123,0,P006919   ,0.0,0.0,BER,19,"OLINDE, LOUIS",DNP,0,0,0,0,0,0,0,0,0,0,0,0,0,0,0,0,0,0,0.0
2024,123,0,P011631   ,0.0,0.0,BER,25,"RAPIEQUE, ELIAS",11:33,0,0,0,0,2,0,0,0,1,1,0,1,1,0,0,5,0,-6,-5.0
2024,123,0,P013386   ,1.0,1.0,BER,33,"MC CORMACK, DAVID",18:22,16,6,6,0,0,4,4,1,2,3,0,0,3,0,0,3,2,15,-9.0
2024,123,0,P012604   ,0.0,0.0,BER,50,"WILLIAMS, TREVION",19:55,8,4,6,0,3,0,0,3,7,10,3,1,2,0,1,2,0,12,-13.0
2024,123,0,Team,0.0,0.0,BER,,Team,,0,0,0,0,0,0,0,0,0,0,0,0,2,0,0,0,0,-2,
2024,123,0,Total,,,BER,,Total,200:00,80,24,38,6,22,14,18,7,18,25,25,8,19,0,4,26,17,72,
2024,124,1,P008855   ,1.0,0.0,OLY,0,"WALKUP, THOMAS",28:29,3,0,0,1,3,0,0,0,0,0,7,0,2,0,0,1,1,6,-19.0
2024,124,1,P007982   ,0.0,1.0,OLY,1,"WILLIAMS-GOSS, NIGEL",21:28,12,4,6,0,0,4,5,0,0,0,2,1,3,0,0,4,3,8,8.0
2024,124,1,P011965   ,0.0,0.0,OLY,3,"MITROU-LONG, NAZ",DNP,0,0,0,0,0,0,0,0,0,0,0,0,0,0,0,0,0,0,0.0
2024,124,1,P010392   ,0.0,0.0,OLY,5,"LARENTZAKIS, GIANNOULIS",DNP,0,0,0,0,0,0,0,0,0,0,0,0,0,0,0,0,0,0,0.0
2024,124,1,P007947   ,1.0,1.0,OLY,8,"VILDOZA, LUCA",21:20,5,1,1,1,5,0,0,0,3,3,1,2,1,1,0,3,0,4,1.0
2024,124,1,P003469   ,1.0,1.0,OLY,14,"VEZENKOV, SASHA",31:47,18,4,8,0,5,10,10,2,3,5,1,2,2,0,0,3,5,17,-1.0
2024,124,1,P001255   ,0.0,0.0,OLY,16,"PAPANIKOLAOU, KOSTAS",05:34,0,0,2,0,0,0,0,0,1,1,0,0,0,0,0,1,0,-2,-3.0
2024,124,1,P009849   ,0.0,0.0,OLY,22,"DORSEY, TYLER",05:55,3,0,0,1,1,0,0,0,0,0,1,0,1,0,0,2,1,2,-6.0
2024,124,1,P008829   ,0.0,1.0,OLY,25,"PETERS, ALEC",18:10,8,2,2,1,1,1,2,0,0,0,0,1,0,0,0,0,1,9,2.0
2024,124,1,P003941   ,1.0,0.0,OLY,33,"MILUTINOV, NIKOLA",24:26,6,1,5,0,0,4,6,3,6,9,0,1,0,1,2,2,3,10,-10.0
2024,124,1,P007853   ,0.0,0.0,OLY,77,"MCKISSIC, SHAQUIELLE",19:30,10,4,5,0,2,2,3,1,2,3,2,0,2,0,0,4,2,7,-8.0
2024,124,1,P013380   ,1.0,1.0,OLY,94,"FOURNIER, EVAN",23:21,25,1,2,3,4,14,17,0,2,2,4,4,3,0,0,3,10,34,6.0
2024,124,1,Team,0.0,0.0,OLY,,Team,,0,0,0,0,0,0,0,1,2,3,0,0,0,0,0,0,0,3,
2024,124,1,Total,,,OLY,,Total,200:00,90,17,31,7,21,35,43,7,19,26,18,11,14,2,2,23,26,98,
2024,124,0,P012608   ,1.0,1.0,PRS,0,"SHORTS, TJ",27:11,21,6,13,1,2,6,8,1,2,3,8,0,4,0,1,3,8,22,14.0
2024,124,0,P012609   ,0.0,0.0,PRS,1,"MALCOLM, COLLIN",16:47,9,2,2,1,2,2,2,2,3,5,2,0,1,0,0,2,1,13,-6.0
2024,124,0,P012640   ,0.0,1.0,PRS,2,"HIFI, NADIR",22:00,20,2,2,4,11,4,4,0,1,1,1,1,2,0,0,2,3,15,-11.0
2024,124,0,P012610   ,1.0,1.0,PRS,3,"WARD, TYSON",27:19,14,3,3,2,6,2,2,1,4,5,1,3,2,0,0,2,2,17,11.0
2024,124,0,P013373   ,0.0,0.0,PRS,4,"CAVALIERE, LEOPOLD",06:56,0,0,0,0,0,0,0,1,1,2,0,1,1,0,0,1,2,3,-17.0
2024,124,0,P005793   ,0.0,0.0,PRS,5,"SY, BANDJA",14:26,3,0,0,1,3,0,0,1,1,2,0,0,2,0,0,2,1,0,-9.0
2024,124,0,P012611   ,0.0,0.0,PRS,7,"HERRERA, SEBASTIAN",DNP,0,0,0,0,0,0,0,0,0,0,0,0,0,0,0,0,0,0,0.0
2024,124,0,P004512   ,0.0,0.0,PRS,8,"KRATZER, LEON",08:31,0,0,1,0,0,0,0,1,0,1,1,1,1,0,0,4,0,-3,10.0
2024,124,0,P007032   ,0.0,1.0,PRS,12,"LO, MAODO",16:00,8,0,1,2,6,2,2,1,1,2,5,1,3,0,1,3,3,7,-2.0
2024,124,0,P010390   ,1.0,0.0,PRS,13,"HAYES, KEVARRIUS",21:19,8,4,5,0,0,0,2,3,4,7,0,0,1,2,0,2,1,12,7.0
2024,124,0,P012613   ,1.0,1.0,PRS,20,"JANTUNEN, MIKAEL",25:01,4,2,2,0,2,0,0,2,5,7,1,0,0,0,0,3,1,8,15.0
2024,124,0,P004197   ,1.0,0.0,PRS,24,"OUATTARA, YAKUBA",14:30,9,3,3,1,4,0,0,2,0,2,1,2,1,0,0,2,0,8,18.0
2024,124,0,Team,0.0,0.0,PRS,,Team,,0,0,0,0,0,0,0,0,3,3,0,0,1,0,0,0,0,2,
2024,124,0,Total,,,PRS,,Total,200:00,96,22,32,12,36,16,20,15,25,40,20,9,19,2,2,26,22,104,
2024,125,1,P009549   ,1.0,0.0,VIR,0,"CORDINIER, ISAIA",31:37,13,4,8,1,3,2,5,2,2,4,3,0,2,0,0,5,4,8,-2.0
2024,125,1,PBCN      ,0.0,1.0,VIR,3,"BELINELLI, MARCO",09:47,3,1,3,0,1,1,1,0,0,0,2,0,0,0,0,2,1,1,-8.0
2024,125,1,P006739   ,0.0,1.0,VIR,6,"PAJOLA, ALESSANDRO",25:03,7,2,3,1,3,0,0,1,3,4,4,0,1,0,1,3,0,7,-6.0
2024,125,1,P004888   ,1.0,1.0,VIR,8,"CLYBURN, WILL",30:21,19,4,6,1,2,8,8,2,10,12,3,2,1,1,0,1,6,38,1.0
2024,125,1,P001133   ,1.0,1.0,VIR,21,"SHENGELIA, TORNIKE",32:52,27,11,18,0,5,5,6,3,3,6,1,2,2,0,0,3,9,27,-6.0
2024,125,1,P001844   ,1.0,0.0,VIR,23,"HACKETT, DANIEL",18:28,2,1,1,0,0,0,0,0,1,1,1,0,2,0,0,2,1,1,2.0
2024,125,1,P005738   ,0.0,0.0,VIR,24,"GRAZULIS, ANDREJS",DNP,0,0,0,0,0,0,0,0,0,0,0,0,0,0,0,0,0,0,0.0
2024,125,1,P012585   ,0.0,0.0,VIR,30,"MORGAN, MATTHEW",04:55,0,0,1,0,1,0,0,0,0,0,0,0,0,0,0,1,0,-3,-7.0
2024,125,1,P002084   ,0.0,1.0,VIR,33,"POLONARA, ACHILLE",25:18,0,0,2,0,2,0,0,1,2,3,2,1,0,1,0,1,0,2,-10.0
2024,125,1,P013374   ,0.0,0.0,VIR,35,"DIOUF, MOUHAMET",07:45,6,2,3,0,0,2,3,0,1,1,1,0,0,0,0,1,2,7,0.0
2024,125,1,P004554   ,1.0,0.0,VIR,41,"ZIZIC, ANTE",13:54,10,5,6,0,0,0,0,2,0,2,0,0,1,1,0,4,0,7,1.0
2024,125,1,P012591   ,0.0,0.0,VIR,59,"TUCKER, RAYJON",DNP,0,0,0,0,0,0,0,0,0,0,0,0,0,0,0,0,0,0,0.0
2024,125,1,Team,0.0,0.0,VIR,,Team,,0,0,0,0,0,0,0,2,0,2,0,0,1,0,0,0,0,1,
2024,125,1,Total,,,VIR,,Total,200:00,87,30,51,3,17,18,23,13,22,35,17,5,10,3,1,23,23,96,
2024,125,0,P009048   ,1.0,1.0,RED,0,"MILLER-MCINTYRE, CODI",25:15,3,0,3,1,1,0,0,0,5,5,5,0,2,0,0,2,2,8,-2.0
2024,125,0,P010612   ,0.0,1.0,RED,3,"CANAAN, ISAIAH",28:17,26,3,4,4,9,8,8,1,1,2,3,1,0,0,0,2,5,29,16.0
2024,125,0,PJDR      ,0.0,0.0,RED,4,"TEODOSIC, MILOS",04:15,0,0,0,0,0,0,0,0,0,0,1,0,0,0,0,1,0,0,-9.0
2024,125,0,P007960   ,0.0,0.0,RED,7,"DAVIDOVAC, DEJAN",15:26,3,1,1,0,1,1,1,0,0,0,0,0,0,0,0,3,1,0,12.0
2024,125,0,P002553   ,0.0,0.0,RED,9,"MITROVIC, LUKA",28:55,21,9,12,0,0,3,6,2,4,6,1,0,0,0,0,2,5,25,5.0
2024,125,0,P004866   ,1.0,1.0,RED,12,"KALINIC, NIKOLA",22:29,8,1,3,2,2,0,0,0,2,2,3,0,2,0,1,2,1,7,-2.0
2024,125,0,P004007   ,1.0,0.0,RED,13,"DOBRIC, OGNJEN",09:46,4,2,2,0,2,0,0,0,0,0,0,0,1,0,0,1,0,0,-2.0
2024,125,0,P012786   ,1.0,0.0,RED,24,"DAUM, MIKE",10:34,3,0,1,1,3,0,0,0,1,1,0,0,0,0,1,3,1,-2,-6.0
2024,125,0,P011194   ,1.0,1.0,RED,30,"PETRUSEV, FILIP",23:18,20,6,8,1,3,5,5,2,6,8,3,1,1,1,0,4,3,27,-5.0
2024,125,0,P006436   ,0.0,0.0,RED,31,"GIEDRAITIS, ROKAS",15:13,1,0,1,0,1,1,2,0,0,0,1,1,0,0,0,1,1,0,11.0
2024,125,0,P006240   ,0.0,0.0,RED,33,"PLAVSIC, UROS",DNP,0,0,0,0,0,0,0,0,0,0,0,0,0,0,0,0,0,0,0.0
2024,125,0,P012044   ,0.0,1.0,RED,99,"DOS SANTOS, YAGO",16:32,5,2,3,0,1,1,1,1,1,2,8,0,2,0,1,2,4,12,17.0
2024,125,0,Team,0.0,0.0,RED,,Team,,0,0,0,0,0,0,0,2,2,4,0,0,1,0,0,0,0,3,
2024,125,0,Total,,,RED,,Total,200:00,94,24,38,9,23,19,23,8,22,30,25,3,9,1,3,23,23,109,
2024,126,1,P006085   ,0.0,0.0,MIL,1,"DIMITRIJEVIC, NENO",19:31,4,0,3,0,2,4,4,0,0,0,5,0,1,0,0,2,3,4,-1.0
2024,126,1,P011064   ,1.0,0.0,MIL,2,"MANNION, NICCOLO",19:52,11,2,4,2,3,1,1,0,0,0,4,0,2,0,1,4,2,7,7.0
2024,126,1,P001392   ,0.0,0.0,MIL,5,"CAUSEUR, FABIEN",24:24,9,1,3,1,2,4,4,0,5,5,3,6,1,0,0,1,2,20,21.0
2024,126,1,P013384   ,0.0,1.0,MIL,12,"BROOKS, ARMONI",19:57,14,1,3,2,3,6,7,0,3,3,0,0,0,0,0,1,3,15,5.0
2024,126,1,P008987   ,1.0,1.0,MIL,16,"LEDAY, ZACH",28:37,17,3,4,1,5,8,8,1,4,5,0,2,2,0,0,1,6,22,2.0
2024,126,1,P001518   ,1.0,1.0,MIL,17,"RICCI, GIAMPAOLO",08:43,0,0,0,0,1,0,0,1,1,2,0,0,1,0,0,1,0,-1,-9.0
2024,126,1,P005670   ,0.0,0.0,MIL,21,"FLACCADORI, DIEGO",DNP,0,0,0,0,0,0,0,0,0,0,0,0,0,0,0,0,0,0,0.0
2024,126,1,P013385   ,0.0,1.0,MIL,25,"DIOP, OUSMANE",10:25,8,2,3,0,0,4,4,1,0,1,1,0,0,1,0,1,2,11,4.0
2024,126,1,P006721   ,0.0,0.0,MIL,30,"CARUSO, GUGLIELMO",DNP,0,0,0,0,0,0,0,0,0,0,0,0,0,0,0,0,0,0,0.0
2024,126,1,P007831   ,1.0,1.0,MIL,31,"SHIELDS, SHAVON",27:33,8,0,3,2,4,2,2,0,2,2,4,0,1,0,1,3,3,7,1.0
2024,126,1,P000796   ,1.0,0.0,MIL,33,"MIROTIC, NIKOLA",32:56,17,3,6,2,5,5,5,2,2,4,2,1,0,1,0,1,5,23,11.0
2024,126,1,P011941   ,0.0,0.0,MIL,55,"GILLESPIE, FREDDIE",08:02,4,2,2,0,0,0,0,0,0,0,1,0,1,1,0,4,0,1,-1.0
2024,126,1,Team,0.0,0.0,MIL,,Team,,0,0,0,0,0,0,0,4,3,7,0,0,1,0,0,0,0,6,
2024,126,1,Total,,,MIL,,Total,200:00,92,14,31,10,25,34,35,9,20,29,20,9,10,3,2,19,26,115,
2024,126,0,P013371   ,1.0,0.0,ASV,1,"HARRISON, SHAQUILLE",12:51,5,2,3,0,0,1,1,0,1,1,2,1,2,0,0,2,1,5,5.0
2024,126,0,P011225   ,0.0,1.0,ASV,3,"LEE, PARIS",26:54,7,1,2,1,6,2,2,0,1,1,7,0,2,0,1,1,4,9,-12.0
2024,126,0,PKIR      ,0.0,0.0,ASV,5,"KAHUDI, CHARLES",06:57,0,0,0,0,0,0,0,1,1,2,0,0,0,0,0,1,0,1,-4.0
2024,126,0,P007027   ,1.0,1.0,ASV,6,"MALEDON, THEO",32:32,24,6,7,2,7,6,7,0,5,5,3,0,3,0,0,3,8,27,-5.0
2024,126,0,P004194   ,0.0,1.0,ASV,7,"LAUVERGNE, JOFFREY",27:09,19,8,9,1,4,0,1,1,5,6,0,0,2,1,1,1,1,18,3.0
2024,126,0,P010316   ,0.0,0.0,ASV,8,"AJINCA, MELVIN",07:24,3,0,2,1,2,0,1,0,0,0,0,0,1,0,0,2,1,-3,-11.0
2024,126,0,P010545   ,1.0,0.0,ASV,13,"SAKO, NEAL",18:02,4,2,3,0,0,0,0,2,1,3,1,0,2,0,0,3,0,2,-14.0
2024,126,0,P013405   ,1.0,0.0,ASV,21,"ROBERSON, ANDRE",21:03,13,4,6,1,1,2,3,1,4,5,4,1,1,1,0,5,2,17,16.0
2024,126,0,P003526   ,1.0,1.0,ASV,23,"LIGHTY, DAVID",13:37,2,1,1,0,2,0,0,0,2,2,0,1,0,0,1,3,0,-1,-1.0
2024,126,0,P012731   ,0.0,1.0,ASV,24,"NDIAYE, MBAYE",28:14,7,2,4,0,2,3,5,4,2,6,0,3,1,0,0,4,2,7,-18.0
2024,126,0,P008991   ,0.0,0.0,ASV,28,"BLACK, TARIK",05:17,0,0,2,0,0,0,0,1,0,1,0,0,0,0,0,2,0,-3,1.0
2024,126,0,P012263   ,0.0,0.0,ASV,30,"SISSOKO, YOHANN",DNP,0,0,0,0,0,0,0,0,0,0,0,0,0,0,0,0,0,0,0.0
2024,126,0,Team,0.0,0.0,ASV,,Team,,0,0,0,0,0,0,0,0,2,2,0,0,2,0,0,0,0,0,
2024,126,0,Total,,,ASV,,Total,200:00,84,26,39,6,24,14,20,10,24,34,17,6,16,2,3,27,19,79,
2024,127,1,P009863   ,1.0,0.0,ULK,2,"BALDWIN IV, WADE",29:58,13,3,11,0,2,7,8,1,5,6,3,2,4,0,0,2,5,12,-26.0
2024,127,1,P002849   ,0.0,0.0,ULK,4,"MELLI, NICOLO",15:37,2,1,1,0,1,0,0,0,1,1,1,0,0,0,0,3,1,1,-7.0
2024,127,1,P002968   ,1.0,1.0,ULK,5,"SANLI, SERTAC",16:44,10,2,3,2,2,0,2,2,1,3,1,2,0,0,0,3,1,11,-8.0
2024,127,1,P013396   ,0.0,0.0,ULK,9,"MAYS, SKYLAR",09:01,2,1,1,0,1,0,0,1,1,2,0,1,0,0,0,0,1,5,-4.0
2024,127,1,P002969   ,0.0,1.0,ULK,10,"MAHMUTOGLU, MELIH",02:17,0,0,0,0,0,0,0,0,0,0,0,0,0,0,0,0,0,0,-4.0
2024,127,1,P008962   ,1.0,1.0,ULK,11,"HAYES-DAVIS, NIGEL",37:11,28,9,12,1,9,7,8,2,4,6,2,1,1,0,0,4,10,30,-31.0
2024,127,1,P006961   ,1.0,1.0,ULK,13,"BIBEROVIC, TARIK",26:46,7,2,7,1,4,0,0,1,2,3,0,0,2,0,1,3,0,-4,-29.0
2024,127,1,P008174   ,0.0,1.0,ULK,15,"EKSIOGLU, MERT",03:44,0,0,0,0,0,0,0,0,0,0,0,0,0,0,0,0,0,0,-6.0
2024,127,1,P004004   ,0.0,0.0,ULK,23,"GUDURIC, MARKO",17:02,2,1,3,0,1,0,0,0,1,1,1,0,3,0,0,5,2,-5,-4.0
2024,127,1,P009783   ,1.0,0.0,ULK,50,"COLSON, BONZIE",24:07,1,0,1,0,1,1,2,0,0,0,0,0,1,1,0,0,1,-1,-16.0
2024,127,1,PLMG      ,0.0,0.0,ULK,51,"MARJANOVIC, BOBAN",DNP,0,0,0,0,0,0,0,0,0,0,0,0,0,0,0,0,0,0,0.0
2024,127,1,P007182   ,0.0,0.0,ULK,92,"BIRCH, KHEM",17:33,4,2,3,0,0,0,0,6,3,9,1,0,0,0,0,3,1,11,-15.0
2024,127,1,Team,0.0,0.0,ULK,,Team,,0,0,0,0,0,0,0,2,0,2,0,0,0,0,0,0,0,2,
2024,127,1,Total,,,ULK,,Total,200:00,69,21,42,4,21,15,20,15,18,33,9,6,11,1,1,23,22,62,
2024,127,0,P011212   ,0.0,1.0,MCO,0,"OKOBO, ELIE",26:49,19,6,8,1,2,4,4,0,2,2,5,1,4,0,0,1,4,23,21.0
2024,127,0,P011231   ,1.0,1.0,MCO,4,"BLOSSOMGAME, JARON",21:42,11,4,5,1,1,0,0,3,1,4,1,0,0,0,0,4,0,11,21.0
2024,127,0,P009754   ,1.0,0.0,MCO,8,"LOYD, JORDAN",18:20,12,2,4,2,4,2,2,0,2,2,1,1,0,0,0,2,2,12,22.0
2024,127,0,P005844   ,0.0,0.0,MCO,9,"PAPAGIANNIS, GEORGIOS",13:11,6,3,3,0,0,0,0,0,2,2,2,1,0,0,0,5,1,7,1.0
2024,127,0,P004790   ,0.0,0.0,MCO,12,"CORNELIE, PETR",DNP,0,0,0,0,0,0,0,0,0,0,0,0,0,0,0,0,0,0,0.0
2024,127,0,P002581   ,0.0,1.0,MCO,14,"JAITEH, MAM",03:36,2,1,1,0,0,0,0,0,0,0,0,0,0,0,0,1,0,1,0.0
2024,127,0,PLCZ      ,1.0,0.0,MCO,20,"MOTIEJUNAS, DONATAS",22:32,9,3,6,0,0,3,6,1,10,11,1,0,0,0,0,1,6,20,27.0
2024,127,0,P012515   ,1.0,0.0,MCO,22,"TARPEY, TERRY",26:06,5,1,3,1,1,0,0,0,3,3,2,3,0,1,1,3,0,8,20.0
2024,127,0,P008161   ,0.0,1.0,MCO,23,"BEGARIN, JUHANN",03:24,0,0,1,0,0,0,0,0,1,1,0,0,1,0,0,0,0,-1,0.0
2024,127,0,P013365   ,0.0,0.0,MCO,30,"BROWN, VITTO",22:33,9,3,3,0,1,3,3,0,3,3,0,0,0,0,0,2,3,12,15.0
2024,127,0,P008099   ,0.0,1.0,MCO,32,"STRAZEL, MATTHEW",12:10,5,1,2,0,2,3,3,0,0,0,3,1,0,0,0,2,3,7,-2.0
2024,127,0,P005985   ,1.0,0.0,MCO,55,"JAMES, MIKE",29:37,21,3,7,3,6,6,6,2,0,2,5,0,2,0,0,1,4,22,25.0
2024,127,0,Team,0.0,0.0,MCO,,Team,,0,0,0,0,0,0,0,2,2,4,0,0,0,0,0,0,0,4,
2024,127,0,Total,,,MCO,,Total,200:00,99,27,43,8,17,21,24,8,26,34,20,7,7,1,1,22,23,126,
2024,128,1,P008173   ,1.0,0.0,BER,3,"SPAGNOLO, MATTEO",28:26,13,4,6,0,2,5,7,1,1,2,6,0,4,0,0,1,4,14,0.0
2024,128,1,P011934   ,1.0,0.0,BER,5,"WETZELL, YANNI",20:11,8,4,6,0,1,0,0,3,2,5,4,0,1,0,0,3,2,12,3.0
2024,128,1,P008211   ,1.0,1.0,BER,6,"DELOW, MALTE",23:24,5,1,2,1,2,0,0,1,2,3,2,2,0,0,0,3,0,7,-5.0
2024,128,1,P007025   ,0.0,0.0,BER,9,"MATTISSECK, JONAS",13:07,9,0,0,3,3,0,0,0,1,1,2,1,1,0,0,2,2,12,-4.0
2024,128,1,P006251   ,0.0,1.0,BER,10,"SCHNEIDER, TIM",19:10,13,1,2,3,4,2,3,1,1,2,0,1,3,1,0,1,2,12,-7.0
2024,128,1,P008967   ,1.0,1.0,BER,11,"THOMAS, MATT",27:02,11,1,2,3,7,0,0,0,4,4,3,1,2,0,0,0,0,12,1.0
2024,128,1,P007550   ,0.0,0.0,BER,18,"SAMAR, ZIGA",11:24,4,2,3,0,0,0,0,0,1,1,2,0,2,0,0,2,0,2,0.0
2024,128,1,P006919   ,0.0,1.0,BER,19,"OLINDE, LOUIS",12:27,5,0,0,1,4,2,2,0,3,3,1,0,0,0,0,3,2,5,7.0
2024,128,1,P011631   ,0.0,0.0,BER,25,"RAPIEQUE, ELIAS",11:47,2,1,1,0,1,0,1,0,1,1,0,1,0,0,0,2,1,1,5.0
2024,128,1,P013386   ,1.0,1.0,BER,33,"McCORMACK, DAVID",25:08,16,4,6,0,0,8,11,1,5,6,0,1,2,0,0,3,7,20,4.0
2024,128,1,P012604   ,0.0,0.0,BER,50,"WILLIAMS, TREVION",07:54,4,2,5,0,0,0,0,1,1,2,1,0,0,0,0,3,0,1,-9.0
2024,128,1,Team,0.0,0.0,BER,,Team,,0,0,0,0,0,0,0,0,3,3,0,0,1,0,0,0,0,2,
2024,128,1,Total,,,BER,,Total,200:00,90,20,33,11,24,17,24,8,25,33,21,7,16,1,0,23,20,100,
2024,128,0,P007870   ,0.0,1.0,PAR,0,"DAVIES, BRANDON",15:17,4,1,3,0,1,2,4,1,3,4,1,2,0,0,1,0,2,7,8.0
2024,128,0,P013369   ,1.0,1.0,PAR,2,"JONES, CARLIK",32:48,24,7,13,1,1,7,8,0,5,5,6,2,1,0,0,3,7,33,10.0
2024,128,0,P006591   ,0.0,0.0,PAR,3,"NTILIKINA, FRANK",05:23,0,0,0,0,1,0,0,0,1,1,1,0,0,0,0,2,1,0,-2.0
2024,128,0,P013370   ,0.0,0.0,PAR,4,"WASHINGTON, DUANE",17:01,13,1,4,3,5,2,2,0,0,0,0,0,1,0,0,2,3,8,5.0
2024,128,0,P011050   ,0.0,0.0,PAR,5,"KOPRIVICA, BALSA",DNP,0,0,0,0,0,0,0,0,0,0,0,0,0,0,0,0,0,0,0.0
2024,128,0,P012167   ,0.0,0.0,PAR,8,"BOSNJAKOVIC, MITAR",02:00,0,0,0,0,1,0,0,0,0,0,0,0,0,0,0,0,1,0,-5.0
2024,128,0,P004761   ,1.0,1.0,PAR,9,"MARINKOVIC, VANJA",24:31,8,1,1,2,5,0,0,0,0,0,1,0,0,0,0,2,1,5,1.0
2024,128,0,P008232   ,0.0,0.0,PAR,11,"POKUSEVSKI, ALEKSEJ",DNP,0,0,0,0,0,0,0,0,0,0,0,0,0,0,0,0,0,0,0.0
2024,128,0,P012720   ,1.0,1.0,PAR,12,"BROWN, STERLING",32:31,18,2,2,4,9,2,2,2,0,2,3,1,3,0,0,3,1,14,-4.0
2024,128,0,P006760   ,0.0,1.0,PAR,17,"BONGA, ISAAC",28:51,0,0,0,0,3,0,0,1,5,6,0,2,1,0,0,2,1,3,5.0
2024,128,0,P011836   ,1.0,0.0,PAR,24,"MIKE, ISIAHA",11:09,4,2,2,0,1,0,0,0,0,0,1,1,1,0,0,1,0,3,-5.0
2024,128,0,P011981   ,1.0,0.0,PAR,88,"JONES, TYRIQUE",30:29,20,6,7,0,0,8,10,3,4,7,1,0,3,0,0,5,6,23,-8.0
2024,128,0,Team,0.0,0.0,PAR,,Team,,0,0,0,0,0,0,0,0,3,3,0,0,0,0,0,0,0,3,
2024,128,0,Total,,,PAR,,Total,200:00,91,20,32,10,27,21,26,7,21,28,14,8,10,0,1,20,23,99,
2024,129,1,P011948   ,1.0,1.0,BAS,0,"HOWARD, MARKUS",29:26,13,2,4,2,14,3,6,0,1,1,1,1,3,0,1,2,6,-1,4.0
2024,129,1,P008850   ,0.0,0.0,BAS,2,"RAIESTE, SANDER",00:12,0,0,0,0,0,0,0,0,0,0,0,0,0,0,0,0,0,0,0.0
2024,129,1,P010784   ,0.0,0.0,BAS,6,"SAVKOV, PAVEL",DNP,0,0,0,0,0,0,0,0,0,0,0,0,0,0,0,0,0,0,0.0
2024,129,1,P007230   ,1.0,0.0,BAS,8,"SEDEKERSKIS, TADAS",31:08,8,4,4,0,0,0,0,2,3,5,2,0,1,0,0,2,1,13,5.0
2024,129,1,P004058   ,0.0,0.0,BAS,10,"JARAMAZ, OGNJEN",DNP,0,0,0,0,0,0,0,0,0,0,0,0,0,0,0,0,0,0,0.0
2024,129,1,P013367   ,1.0,0.0,BAS,11,"FORREST, TRENT",27:06,9,2,3,1,3,2,2,0,1,1,2,0,2,0,0,1,1,7,-6.0
2024,129,1,P011085   ,0.0,1.0,BAS,17,"ROGKAVOPOULOS, NIKOLAOS",19:50,19,3,4,4,7,1,2,3,2,5,2,0,1,0,1,2,1,18,2.0
2024,129,1,P008072   ,0.0,0.0,BAS,18,"DIOP, KHALIFA",17:47,8,4,5,0,0,0,0,6,2,8,2,1,2,0,0,1,0,15,8.0
2024,129,1,P012597   ,0.0,1.0,BAS,44,"BALDWIN, KAMAR",23:17,9,1,2,1,4,4,4,0,0,0,2,2,4,0,0,3,2,4,0.0
2024,129,1,P011196   ,1.0,1.0,BAS,45,"HALL, DONTA",22:12,7,2,3,0,0,3,6,1,3,4,1,0,0,2,0,1,3,12,-9.0
2024,129,1,P012058   ,0.0,0.0,BAS,46,"NDIAYE, OUSMANE",DNP,0,0,0,0,0,0,0,0,0,0,0,0,0,0,0,0,0,0,0.0
2024,129,1,P012201   ,1.0,1.0,BAS,95,"MONEKE, CHIMA",29:02,8,1,2,1,5,3,6,0,5,5,4,0,0,0,1,3,8,13,-9.0
2024,129,1,Team,0.0,0.0,BAS,,Team,,0,0,0,0,0,0,0,2,3,5,0,0,1,0,0,0,0,4,
2024,129,1,Total,,,BAS,,Total,200:00,81,19,27,9,33,16,26,14,20,34,16,4,14,2,3,15,22,85,
2024,129,0,P009549   ,0.0,1.0,VIR,0,"CORDINIER, ISAIA",20:28,11,4,7,0,1,3,4,2,0,2,2,0,2,0,0,3,4,9,10.0
2024,129,0,P006739   ,1.0,1.0,VIR,6,"PAJOLA, ALESSANDRO",23:28,9,3,3,1,2,0,0,0,1,1,6,2,3,1,0,4,2,13,-2.0
2024,129,0,P004888   ,1.0,1.0,VIR,8,"CLYBURN, WILL",34:37,23,7,11,2,6,3,5,0,4,4,4,0,3,1,0,0,6,25,-1.0
2024,129,0,P006273   ,0.0,0.0,VIR,9,"VISCONTI, RICCARDO",DNP,0,0,0,0,0,0,0,0,0,0,0,0,0,0,0,0,0,0,0.0
2024,129,0,P001133   ,1.0,1.0,VIR,21,"SHENGELIA, TORNIKE",31:21,16,3,13,2,4,4,4,3,7,10,3,2,1,0,1,4,2,15,-1.0
2024,129,0,P001844   ,0.0,0.0,VIR,23,"HACKETT, DANIEL",23:18,5,1,1,1,2,0,0,0,2,2,2,1,2,0,0,5,0,2,-2.0
2024,129,0,P005738   ,0.0,1.0,VIR,24,"GRAZULIS, ANDREJS",22:58,7,2,2,1,2,0,0,1,1,2,0,0,0,0,0,4,0,4,4.0
2024,129,0,P012585   ,0.0,0.0,VIR,30,"MORGAN, MATTHEW",06:19,0,0,0,0,2,0,0,0,0,0,0,0,0,0,0,1,0,-3,0.0
2024,129,0,P002084   ,0.0,0.0,VIR,33,"POLONARA, ACHILLE",04:26,0,0,0,0,0,0,0,0,0,0,0,0,1,0,0,0,0,-1,0.0
2024,129,0,P013374   ,0.0,0.0,VIR,35,"DIOUF, MOUHAMET",08:08,2,1,1,0,0,0,0,1,0,1,0,0,0,1,0,0,0,4,-7.0
2024,129,0,P004554   ,1.0,0.0,VIR,41,"ZIZIC, ANTE",16:20,9,4,5,0,0,1,2,4,2,6,0,0,1,0,0,0,1,13,6.0
2024,129,0,P012591   ,1.0,0.0,VIR,59,"TUCKER, RAYJON",08:37,0,0,1,0,0,0,0,0,0,0,2,0,1,0,1,1,0,-2,-2.0
2024,129,0,Team,0.0,0.0,VIR,,Team,,0,0,0,0,0,0,0,1,0,1,0,0,0,0,0,0,0,1,
2024,129,0,Total,,,VIR,,Total,200:00,82,25,44,7,19,11,15,12,17,29,19,5,14,3,2,22,15,80,
2024,130,1,P010391   ,1.0,1.0,MUN,0,"WEILER-BABB, NICK",28:09,3,0,0,1,4,0,0,0,4,4,4,4,2,1,0,1,1,11,-1.0
2024,130,1,P011244   ,0.0,0.0,MUN,1,"DA SILVA, OSCAR",10:29,0,0,1,0,0,0,0,0,3,3,1,0,0,0,0,2,0,1,1.0
2024,130,1,P011987   ,1.0,1.0,MUN,3,"EDWARDS, CARSEN",29:30,25,9,12,1,6,4,4,1,1,2,3,0,5,0,0,2,4,19,3.0
2024,130,1,P001557   ,0.0,1.0,MUN,5,"GIFFEY, NIELS",11:47,3,0,0,1,2,0,0,0,0,0,1,0,0,0,0,1,1,3,7.0
2024,130,1,P007201   ,1.0,0.0,MUN,7,"VOIGTMANN, JOHANNES",19:26,9,3,5,1,2,0,0,2,3,5,6,0,0,0,0,1,0,16,1.0
2024,130,1,P011224   ,0.0,0.0,MUN,8,"NAPIER, SHABAZZ",19:04,13,2,3,3,6,0,0,1,5,6,5,1,1,0,0,2,2,20,10.0
2024,130,1,P012123   ,0.0,0.0,MUN,10,"KHARCHENKOV, IVAN",DNP,0,0,0,0,0,0,0,0,0,0,0,0,0,0,0,0,0,0,0.0
2024,130,1,P004508   ,1.0,1.0,MUN,13,"OBST, ANDREAS",28:40,23,0,0,7,13,2,2,0,2,2,0,0,1,0,0,4,2,16,-5.0
2024,130,1,P007929   ,0.0,0.0,MUN,17,"BITIM, ONURALP",04:32,0,0,0,0,0,0,0,0,0,0,0,0,1,0,0,0,1,0,1.0
2024,130,1,P007639   ,0.0,0.0,MUN,22,"BRANKOVIC, DANKO",07:07,6,3,3,0,0,0,0,2,1,3,0,0,0,0,0,1,1,9,4.0
2024,130,1,P007056   ,1.0,1.0,MUN,31,"BOOKER, DEVIN",29:13,14,6,8,0,2,2,3,3,3,6,0,1,2,0,0,4,3,13,2.0
2024,130,1,P013368   ,0.0,0.0,MUN,53,"YEBO, KEVIN",12:03,2,1,2,0,1,0,0,2,4,6,0,0,2,0,0,2,1,3,2.0
2024,130,1,Team,0.0,0.0,MUN,,Team,,0,0,0,0,0,0,0,0,1,1,0,0,0,0,0,0,0,1,
2024,130,1,Total,,,MUN,,Total,200:00,98,24,34,14,36,8,9,11,27,38,20,6,14,1,0,20,16,112,
2024,130,0,P006835   ,1.0,1.0,TEL,1,"HOARD, JAYLEN",33:23,25,11,16,0,1,3,5,3,3,6,1,1,0,0,0,3,4,26,2.0
2024,130,0,P011202   ,0.0,1.0,TEL,3,"SHAYOK, MARIAL",12:41,6,2,2,0,5,2,2,0,0,0,1,2,1,0,1,3,1,0,-15.0
2024,130,0,P004233   ,0.0,0.0,TEL,8,"MENCO, RAFI",DNP,0,0,0,0,0,0,0,0,0,0,0,0,0,0,0,0,0,0,0.0
2024,130,0,P013381   ,0.0,0.0,TEL,11,"RAYMAN, WILLIAM",07:24,2,1,1,0,0,0,0,0,0,0,1,0,0,0,0,2,1,2,3.0
2024,130,0,P007990   ,0.0,0.0,TEL,12,"DIBARTOLOMEO, JOHN",14:23,3,0,1,1,2,0,0,1,3,4,0,1,0,0,0,2,1,5,-16.0
2024,130,0,P005145   ,0.0,0.0,TEL,15,"COHEN, JAKE",11:13,2,1,1,0,0,0,0,0,1,1,2,0,1,0,0,1,0,3,-4.0
2024,130,0,P013382   ,1.0,1.0,TEL,20,"RANDOLPH, LEVI",28:06,20,2,5,4,6,4,4,1,2,3,1,2,2,0,0,2,3,20,9.0
2024,130,0,P007519   ,1.0,1.0,TEL,31,"JOKUBAITIS, ROKAS",32:03,4,2,7,0,4,0,0,1,5,6,5,3,2,0,0,1,1,7,5.0
2024,130,0,P013383   ,1.0,0.0,TEL,32,"GABRIEL, WENYEN",28:03,16,6,9,0,0,4,9,6,2,8,2,0,1,0,0,2,7,22,-10.0
2024,130,0,P011193   ,1.0,1.0,TEL,45,"BLATT, TAMIR",24:35,13,0,0,4,8,1,2,0,3,3,10,1,2,0,0,0,1,21,11.0
2024,130,0,P013250   ,0.0,0.0,TEL,55,"DE JULIUS, DAVID",08:09,2,1,2,0,1,0,0,0,0,0,2,0,1,0,0,0,1,2,-10.0
2024,130,0,Team,0.0,0.0,TEL,,Team,,0,0,0,0,0,0,0,1,2,3,0,0,0,0,0,0,0,3,
2024,130,0,Total,,,TEL,,Total,200:00,93,26,44,9,27,14,22,13,21,34,25,10,10,0,1,16,20,111,
2024,131,1,P003733   ,1.0,1.0,MAD,6,"ABALDE, ALBERTO",19:08,6,0,0,2,2,0,0,0,3,3,2,1,1,0,0,2,0,9,2.0
2024,131,1,P005928   ,1.0,0.0,MAD,7,"CAMPAZZO, FACUNDO",24:19,9,3,7,0,3,3,3,1,0,1,5,1,2,0,2,3,5,7,-8.0
2024,131,1,P013378   ,0.0,1.0,MAD,8,"RATHAN-MAYES, XAVIER",15:06,3,1,2,0,3,1,2,1,1,2,0,1,2,0,0,2,2,-1,3.0
2024,131,1,P003108   ,0.0,1.0,MAD,11,"HEZONJA, MARIO",25:16,14,3,4,1,5,5,6,0,8,8,3,1,0,0,0,2,4,22,0.0
2024,131,1,P006540   ,0.0,1.0,MAD,13,"MUSA, DZANAN",15:46,15,2,2,1,4,8,8,0,5,5,1,0,2,0,0,0,4,20,-7.0
2024,131,1,P009005   ,1.0,0.0,MAD,14,"DECK, GABRIEL",24:46,10,3,6,1,1,1,3,0,0,0,1,0,2,0,1,4,3,2,-4.0
2024,131,1,P007630   ,0.0,0.0,MAD,16,"GARUBA, USMAN",DNP,0,0,0,0,0,0,0,0,0,0,0,0,0,0,0,0,0,0,0.0
2024,131,1,P003583   ,0.0,0.0,MAD,18,"IBAKA, SERGE",08:40,2,1,2,0,0,0,1,0,0,0,1,0,2,1,0,3,1,-2,-15.0
2024,131,1,P005791   ,1.0,0.0,MAD,22,"TAVARES, WALTER",27:57,10,4,4,0,0,2,4,3,2,5,2,1,2,2,0,3,2,15,0.0
2024,131,1,PTGB      ,0.0,0.0,MAD,23,"LLULL, SERGIO",13:53,12,0,1,3,7,3,5,0,1,1,0,0,1,0,0,2,3,6,-15.0
2024,131,1,P011247   ,0.0,0.0,MAD,24,"FELIZ, ANDRES",06:29,0,0,0,0,0,0,0,0,1,1,0,0,0,0,0,1,1,1,-1.0
2024,131,1,P009213   ,1.0,1.0,MAD,30,"NDIAYE, ELI",18:40,2,0,0,0,1,2,2,0,4,4,1,1,0,0,0,2,1,6,0.0
2024,131,1,Team,0.0,0.0,MAD,,Team,,0,0,0,0,0,0,0,1,2,3,0,0,0,0,0,0,0,3,
2024,131,1,Total,,,MAD,,Total,200:00,83,17,28,8,26,25,34,6,27,33,16,6,14,3,3,24,26,88,
2024,131,0,P013403   ,1.0,0.0,ZAL,1,"WALKER IV, LONNIE",27:52,21,5,9,3,6,2,2,0,2,2,0,0,4,1,1,1,2,13,-1.0
2024,131,0,P007975   ,1.0,1.0,ZAL,3,"FRANCISCO, SYLVAIN",31:01,17,2,4,3,6,4,5,1,4,5,4,3,4,0,0,4,7,22,10.0
2024,131,0,P003210   ,0.0,0.0,ZAL,4,"LEKAVICIUS, LUKAS",05:21,0,0,1,0,0,0,0,0,1,1,1,1,2,0,1,0,0,-1,2.0
2024,131,0,P011983   ,0.0,1.0,ZAL,8,"BRAZDEIKIS, IGNAS",19:05,10,3,5,1,2,1,2,1,1,2,2,0,0,0,0,3,3,10,16.0
2024,131,0,P005504   ,1.0,0.0,ZAL,15,"BIRUTIS, LAURYNAS",14:26,0,0,0,0,0,0,0,0,2,2,0,0,1,2,0,2,0,1,-2.0
2024,131,0,P011051   ,0.0,1.0,ZAL,18,"SMAILAGIC, ALEN",18:12,13,4,6,1,2,2,2,4,0,4,0,0,1,0,1,2,2,12,10.0
2024,131,0,P012622   ,0.0,0.0,ZAL,21,"MITCHELL, MATTHEW",05:45,5,0,1,1,1,2,2,0,2,2,0,0,0,0,0,0,2,8,2.0
2024,131,0,P003048   ,0.0,0.0,ZAL,42,"DUNSTON, BRYANT",07:22,1,0,2,0,0,1,2,0,1,1,1,0,0,0,0,4,1,-3,1.0
2024,131,0,P012715   ,0.0,1.0,ZAL,45,"MANEK, BRADY",23:34,13,2,3,3,4,0,0,0,3,3,1,0,0,0,0,4,0,11,15.0
2024,131,0,P002676   ,0.0,0.0,ZAL,51,"BUTKEVICIUS, ARNAS",00:56,0,0,0,0,0,0,0,0,0,0,0,0,0,0,0,2,0,-2,-3.0
2024,131,0,P007029   ,1.0,0.0,ZAL,91,"SIRVYDIS, DEIVIDAS",21:26,11,0,1,3,6,2,4,0,4,4,2,0,1,0,0,2,2,10,-5.0
2024,131,0,P002329   ,1.0,1.0,ZAL,92,"ULANOVAS, EDGARAS",25:00,1,0,1,0,2,1,2,0,2,2,2,2,0,0,0,2,4,5,3.0
2024,131,0,Team,0.0,0.0,ZAL,,Team,,0,0,0,0,0,0,0,0,3,3,0,0,0,0,0,0,0,3,
2024,131,0,Total,,,ZAL,,Total,200:00,92,16,33,15,29,15,21,6,25,31,13,6,13,3,3,26,23,89,
2024,132,1,P007200   ,0.0,0.0,IST,0,"LARKIN, SHANE",17:28,6,0,1,2,3,0,0,0,2,2,3,1,1,1,1,1,5,13,14.0
2024,132,1,P006590   ,0.0,0.0,IST,1,"BEAUBOIS, RODRIGUE",18:36,16,5,7,2,3,0,0,0,1,1,2,2,0,0,0,1,0,17,14.0
2024,132,1,P013363   ,1.0,0.0,IST,3,"NWORA, JORDAN",27:43,15,3,3,3,8,0,0,1,7,8,0,0,2,0,0,2,1,15,10.0
2024,132,1,P009846   ,1.0,1.0,IST,6,"BRYANT, ELIJAH",26:15,5,1,3,0,2,3,3,0,3,3,1,1,3,0,1,2,2,2,26.0
2024,132,1,P007109   ,0.0,1.0,IST,11,"SMITS, ROLANDS",18:52,6,1,3,1,3,1,1,3,2,5,1,1,1,0,0,4,1,5,2.0
2024,132,1,P011078   ,1.0,0.0,IST,13,"THOMPSON, DARIUS",22:58,7,3,5,0,2,1,2,1,2,3,9,3,0,2,0,2,1,18,19.0
2024,132,1,P013364   ,0.0,1.0,IST,14,"JOHNSON, STANLEY",03:29,4,2,2,0,0,0,0,0,0,0,0,0,0,0,0,1,0,3,-3.0
2024,132,1,P004887   ,1.0,0.0,IST,17,"POIRIER, VINCENT",13:55,8,4,5,0,0,0,0,0,3,3,1,1,0,2,0,3,0,11,15.0
2024,132,1,P009513   ,0.0,1.0,IST,21,"HOLLATZ, JUSTUS",04:07,2,1,1,0,0,0,0,0,0,0,0,0,0,0,0,1,0,1,0.0
2024,132,1,P012710   ,1.0,0.0,IST,24,"OSMANI, ERCAN",22:54,9,3,5,1,2,0,0,0,5,5,2,1,1,1,0,2,3,15,18.0
2024,132,1,P012788   ,0.0,0.0,IST,25,"OTURU, DAN",20:14,15,6,6,0,0,3,4,2,2,4,1,0,1,1,0,3,5,21,18.0
2024,132,1,P009664   ,0.0,1.0,IST,35,"WILLIS, DEREK",03:29,0,0,0,0,0,0,0,0,1,1,0,0,0,1,0,0,0,2,-3.0
2024,132,1,Team,0.0,0.0,IST,,Team,,0,0,0,0,0,0,0,1,0,1,0,0,0,0,0,0,0,1,
2024,132,1,Total,,,IST,,Total,200:00,93,29,41,9,23,8,10,8,28,36,20,10,9,8,2,22,18,124,
2024,132,0,P011209   ,0.0,1.0,PAN,0,"KALAITZAKIS, PANAGIOTIS",07:56,0,0,0,0,1,0,0,0,0,0,2,0,0,0,1,0,0,0,-6.0
2024,132,0,P009622   ,0.0,0.0,PAN,2,"BROWN, LORENZO",19:33,4,2,4,0,1,0,0,0,1,1,2,1,4,0,0,2,2,1,-18.0
2024,132,0,P006544   ,0.0,1.0,PAN,6,"MORAITIS, DIMITRIS",04:07,2,0,0,0,1,2,2,0,1,1,0,0,0,0,0,0,1,3,0.0
2024,132,0,P001926   ,1.0,0.0,PAN,10,"SLOUKAS, KOSTAS",25:44,15,2,2,3,5,2,2,1,3,4,3,1,3,0,0,0,2,20,-10.0
2024,132,0,P004088   ,1.0,0.0,PAN,16,"OSMAN, CEDI",26:11,12,3,4,1,7,3,5,1,5,6,0,1,0,1,0,3,3,11,-19.0
2024,132,0,P005161   ,0.0,0.0,PAN,21,"PAPAPETROU, IOANNIS",13:33,3,0,3,1,4,0,0,1,1,2,1,1,0,1,1,2,0,-1,-13.0
2024,132,0,P011204   ,1.0,1.0,PAN,22,"GRANT, JERIAN",27:05,5,0,5,0,4,5,5,1,1,2,2,0,0,0,2,2,2,-2,-21.0
2024,132,0,P003842   ,1.0,0.0,PAN,26,"LESSORT, MATHIAS",26:27,7,2,7,0,0,3,4,4,1,5,1,1,3,0,1,2,7,9,-27.0
2024,132,0,P011221   ,0.0,1.0,PAN,37,"ANTETOKOUNMPO, KOSTAS",07:04,5,2,2,0,0,1,4,0,0,0,0,2,0,0,0,1,3,6,0.0
2024,132,0,P012712   ,1.0,0.0,PAN,41,"HERNANGOMEZ, JUANCHO",12:45,4,2,7,0,0,0,0,4,1,5,0,0,0,0,2,2,1,1,-10.0
2024,132,0,P007866   ,0.0,1.0,PAN,44,"MITOGLOU, KONSTANTINOS",20:45,4,1,4,0,1,2,2,1,1,2,0,0,1,0,1,1,1,0,-8.0
2024,132,0,P005353   ,0.0,0.0,PAN,77,"YURTSEVEN, OMER",08:50,6,3,4,0,0,0,0,1,1,2,0,0,0,0,0,3,0,4,2.0
2024,132,0,Team,0.0,0.0,PAN,,Team,,0,0,0,0,0,0,0,4,3,7,0,0,0,0,0,0,0,7,
2024,132,0,Total,,,PAN,,Total,200:00,67,17,42,5,24,18,24,18,19,37,11,7,11,2,8,18,22,59,
2024,133,1,P009048   ,1.0,1.0,RED,0,"MILLER-MCINTYRE, CODI",31:20,12,6,9,0,3,0,0,1,2,3,9,2,0,0,1,1,2,20,10.0
2024,133,1,P010612   ,0.0,0.0,RED,3,"CANAAN, ISAIAH",14:27,0,0,1,0,2,0,0,0,0,0,1,0,1,0,0,2,0,-5,-3.0
2024,133,1,P007960   ,0.0,1.0,RED,7,"DAVIDOVAC, DEJAN",17:29,12,2,2,1,1,5,5,0,3,3,1,0,0,1,0,1,4,20,7.0
2024,133,1,P002553   ,1.0,0.0,RED,9,"MITROVIC, LUKA",14:26,12,4,6,0,0,4,5,2,1,3,2,0,1,0,1,3,4,13,10.0
2024,133,1,PLUO      ,1.0,0.0,RED,10,"LAZIC, BRANKO",05:06,0,0,0,0,0,0,0,0,1,1,0,1,0,0,0,0,0,2,5.0
2024,133,1,P004866   ,1.0,1.0,RED,12,"KALINIC, NIKOLA",29:49,16,5,5,2,3,0,0,1,0,1,3,1,1,0,0,3,4,20,5.0
2024,133,1,P004007   ,1.0,1.0,RED,13,"DOBRIC, OGNJEN",24:47,7,2,2,1,3,0,0,0,4,4,1,2,2,0,0,2,1,9,16.0
2024,133,1,P012786   ,0.0,0.0,RED,24,"DAUM, MIKE",06:02,0,0,3,0,0,0,0,1,1,2,0,0,0,0,1,1,0,-3,0.0
2024,133,1,P006436   ,0.0,0.0,RED,31,"GIEDRAITIS, ROKAS",DNP,0,0,0,0,0,0,0,0,0,0,0,0,0,0,0,0,0,0,0.0
2024,133,1,P006240   ,0.0,0.0,RED,33,"PLAVSIC, UROS",16:31,4,2,6,0,0,0,0,1,0,1,1,0,0,0,0,2,2,2,4.0
2024,133,1,P000848   ,0.0,1.0,RED,36,"NEDOVIC, NEMANJA",18:51,18,2,3,4,6,2,2,1,1,2,4,1,2,0,0,3,1,18,17.0
2024,133,1,P012044   ,0.0,0.0,RED,99,"DOS SANTOS, YAGO",21:12,6,0,3,2,5,0,0,0,1,1,3,3,1,0,0,1,1,6,-1.0
2024,133,1,Team,0.0,0.0,RED,,Team,,0,0,0,0,0,0,0,3,2,5,0,0,0,0,0,0,0,5,
2024,133,1,Total,,,RED,,Total,200:00,87,23,40,10,23,11,12,10,16,26,25,10,8,1,3,19,19,107,
2024,133,0,P008855   ,1.0,0.0,OLY,0,"WALKUP, THOMAS",14:50,4,2,3,0,0,0,0,1,0,1,1,1,5,0,0,2,1,0,-6.0
2024,133,0,P007982   ,0.0,1.0,OLY,1,"WILLIAMS-GOSS, NIGEL",30:00,9,4,5,0,1,1,1,0,0,0,6,1,1,0,0,3,2,12,-7.0
2024,133,0,P011965   ,0.0,0.0,OLY,3,"MITROU-LONG, NAZ",DNP,0,0,0,0,0,0,0,0,0,0,0,0,0,0,0,0,0,0,0.0
2024,133,0,P010392   ,0.0,0.0,OLY,5,"LARENTZAKIS, GIANNOULIS",DNP,0,0,0,0,0,0,0,0,0,0,0,0,0,0,0,0,0,0,0.0
2024,133,0,P007947   ,1.0,0.0,OLY,8,"VILDOZA, LUCA",18:48,6,0,0,2,3,0,0,0,1,1,3,1,2,0,0,3,2,7,-15.0
2024,133,0,P003469   ,1.0,1.0,OLY,14,"VEZENKOV, SASHA",30:46,19,7,10,1,3,2,2,4,6,10,1,0,4,0,0,1,1,21,-5.0
2024,133,0,P001255   ,0.0,1.0,OLY,16,"PAPANIKOLAOU, KOSTAS",16:16,3,0,1,0,3,3,4,0,3,3,1,1,1,2,1,2,2,3,-4.0
2024,133,0,P009849   ,0.0,0.0,OLY,22,"DORSEY, TYLER",10:00,3,0,0,1,2,0,0,0,2,2,1,0,1,0,0,1,0,3,1.0
2024,133,0,P008829   ,0.0,1.0,OLY,25,"PETERS, ALEC",19:14,8,1,3,0,1,6,6,2,3,5,1,0,0,0,0,3,6,14,-9.0
2024,133,0,P003941   ,1.0,0.0,OLY,33,"MILUTINOV, NIKOLA",24:56,11,4,5,0,0,3,4,2,3,5,1,1,0,1,0,0,4,21,-10.0
2024,133,0,P007853   ,0.0,0.0,OLY,77,"MCKISSIC, SHAQUIELLE",15:20,8,1,4,2,3,0,0,1,1,2,1,0,1,0,0,1,0,5,-2.0
2024,133,0,P013380   ,1.0,1.0,OLY,94,"FOURNIER, EVAN",19:50,2,1,3,0,7,0,0,0,1,1,2,0,0,0,0,3,1,-6,-13.0
2024,133,0,Team,0.0,0.0,OLY,,Team,,0,0,0,0,0,0,0,4,0,4,0,0,2,0,0,0,0,2,
2024,133,0,Total,,,OLY,,Total,200:00,73,20,34,6,23,15,17,14,20,34,18,5,17,3,1,19,19,82,
2024,134,1,P009862   ,1.0,1.0,BAR,0,"PUNTER, KEVIN",24:02,21,4,5,3,5,4,4,0,6,6,4,1,3,0,0,3,1,24,3.0
2024,134,1,P012795   ,1.0,1.0,BAR,1,"ANDERSON, JUSTIN",35:34,17,3,6,3,6,2,2,0,5,5,1,0,0,0,0,1,1,17,-11.0
2024,134,1,P011666   ,0.0,0.0,BAR,2,"SARR, DAME",01:12,0,0,0,0,0,0,0,0,0,0,0,0,0,0,0,2,0,-2,-2.0
2024,134,1,P000925   ,1.0,0.0,BAR,6,"VESELY, JAN",26:52,13,5,7,1,1,0,0,0,2,2,4,1,2,0,0,4,2,14,-4.0
2024,134,1,P009992   ,0.0,1.0,BAR,8,"BRIZUELA, DARIO",16:52,6,0,1,2,4,0,0,0,0,0,1,0,1,0,0,0,3,6,-14.0
2024,134,1,P002939   ,1.0,0.0,BAR,13,"SATORANSKY, TOMAS",22:40,8,3,3,0,2,2,2,0,1,1,5,0,1,1,0,3,2,11,-6.0
2024,134,1,P003196   ,0.0,0.0,BAR,14,"HERNANGOMEZ, WILLY",10:38,4,2,4,0,0,0,0,2,3,5,0,0,2,0,0,4,1,2,-12.0
2024,134,1,P010106   ,0.0,1.0,BAR,17,"NUNEZ, JUAN",17:20,3,0,2,1,2,0,0,0,2,2,4,1,1,0,0,3,4,7,-7.0
2024,134,1,P006568   ,0.0,0.0,BAR,19,"FALL, YOUSSOUPHA",DNP,0,0,0,0,0,0,0,0,0,0,0,0,0,0,0,0,0,0,0.0
2024,134,1,P012745   ,1.0,0.0,BAR,22,"PARKER, JABARI",26:09,7,2,4,1,4,0,0,1,4,5,2,0,3,0,1,5,1,1,-5.0
2024,134,1,P007464   ,0.0,1.0,BAR,44,"PARRA, JOEL",18:41,2,1,1,0,3,0,0,0,1,1,1,0,1,0,0,2,1,-1,-7.0
2024,134,1,P012317   ,0.0,0.0,BAR,45,"VILLAR, RAUL",DNP,0,0,0,0,0,0,0,0,0,0,0,0,0,0,0,0,0,0,0.0
2024,134,1,Team,0.0,0.0,BAR,,Team,,0,0,0,0,0,0,0,0,3,3,0,0,0,0,0,0,0,3,
2024,134,1,Total,,,BAR,,Total,200:00,81,20,33,11,27,8,8,3,27,30,22,3,14,1,1,27,16,82,
2024,134,0,P006085   ,0.0,0.0,MIL,1,"DIMITRIJEVIC, NENO",11:19,5,1,2,1,2,0,0,0,0,0,1,0,1,0,0,3,0,0,19.0
2024,134,0,P011064   ,1.0,1.0,MIL,2,"MANNION, NICCOLO",23:33,6,2,3,0,5,2,3,2,2,4,6,1,3,0,0,1,5,11,-8.0
2024,134,0,P001392   ,0.0,1.0,MIL,5,"CAUSEUR, FABIEN",22:54,5,1,1,1,2,0,0,0,2,2,1,0,1,0,0,3,0,3,-5.0
2024,134,0,P006509   ,0.0,0.0,MIL,7,"TONUT, STEFANO",DNP,0,0,0,0,0,0,0,0,0,0,0,0,0,0,0,0,0,0,0.0
2024,134,0,P008985   ,1.0,0.0,MIL,10,"BOLMARO, LEANDRO",18:04,4,0,0,0,2,4,5,0,3,3,5,1,0,0,0,1,4,13,16.0
2024,134,0,P013384   ,0.0,0.0,MIL,12,"BROOKS, ARMONI",08:45,3,0,1,1,1,0,0,0,1,1,1,1,0,0,0,1,0,4,6.0
2024,134,0,P008987   ,1.0,1.0,MIL,16,"LEDAY, ZACH",31:59,33,6,10,4,4,9,9,1,3,4,0,1,2,0,1,2,8,37,4.0
2024,134,0,P001518   ,0.0,1.0,MIL,17,"RICCI, GIAMPAOLO",06:19,0,0,0,0,1,0,0,1,0,1,0,0,0,0,0,1,0,-1,2.0
2024,134,0,P013385   ,0.0,1.0,MIL,25,"DIOP, OUSMANE",09:21,6,2,3,0,0,2,2,0,0,0,0,1,0,0,0,1,2,7,9.0
2024,134,0,P007831   ,1.0,0.0,MIL,31,"SHIELDS, SHAVON",31:14,11,3,5,1,4,2,2,0,6,6,3,0,0,0,0,1,2,16,8.0
2024,134,0,P000796   ,1.0,0.0,MIL,33,"MIROTIC, NIKOLA",30:31,19,3,8,2,3,7,8,0,7,7,2,0,1,1,0,0,5,26,12.0
2024,134,0,P011941   ,0.0,0.0,MIL,55,"GILLESPIE, FREDDIE",06:01,2,1,2,0,0,0,0,1,0,1,0,0,0,0,0,2,0,0,2.0
2024,134,0,Team,0.0,0.0,MIL,,Team,,0,0,0,0,0,0,0,0,2,2,0,0,1,0,0,0,0,1,
2024,134,0,Total,,,MIL,,Total,200:00,94,19,35,10,24,26,29,5,26,31,19,5,9,1,1,16,26,117,
2024,135,1,P013371   ,0.0,0.0,ASV,1,"HARRISON, SHAQUILLE",17:51,5,1,1,1,3,0,0,0,1,1,1,3,3,0,0,5,2,2,15.0
2024,135,1,P011225   ,1.0,0.0,ASV,3,"LEE, PARIS",17:55,1,0,1,0,3,1,1,0,0,0,3,1,1,0,0,1,1,0,-9.0
2024,135,1,P007027   ,1.0,1.0,ASV,6,"MALEDON, THEO",31:35,22,3,7,2,4,10,11,0,5,5,7,2,2,0,2,3,8,30,2.0
2024,135,1,P004194   ,1.0,0.0,ASV,7,"LAUVERGNE, JOFFREY",15:54,4,1,2,0,2,2,2,2,1,3,3,0,2,0,0,1,4,8,-12.0
2024,135,1,P010316   ,0.0,0.0,ASV,8,"AJINCA, MELVIN",14:29,6,0,0,2,3,0,0,1,1,2,0,0,1,0,0,3,0,3,4.0
2024,135,1,P002100   ,0.0,1.0,ASV,12,"DE COLO, NANDO",18:04,12,2,3,2,7,2,2,1,0,1,4,1,1,0,0,2,2,11,8.0
2024,135,1,P010545   ,1.0,0.0,ASV,13,"SAKO, NEAL",16:03,14,7,7,0,0,0,1,3,4,7,2,0,2,0,0,3,1,18,-13.0
2024,135,1,P013405   ,0.0,1.0,ASV,21,"ROBERSON, ANDRE",20:45,8,1,2,1,3,3,4,2,3,5,1,1,2,1,0,4,2,8,18.0
2024,135,1,P003526   ,1.0,1.0,ASV,23,"LIGHTY, DAVID",20:06,7,1,1,1,4,2,2,0,2,2,2,0,2,0,0,2,2,6,-5.0
2024,135,1,P012731   ,0.0,1.0,ASV,24,"NDIAYE, MBAYE",27:18,19,5,5,2,5,3,4,0,6,6,2,0,1,1,0,0,2,25,17.0
2024,135,1,P008991   ,0.0,0.0,ASV,28,"BLACK, TARIK",DNP,0,0,0,0,0,0,0,0,0,0,0,0,0,0,0,0,0,0,0.0
2024,135,1,P012263   ,0.0,0.0,ASV,30,"SISSOKO, YOHANN",DNP,0,0,0,0,0,0,0,0,0,0,0,0,0,0,0,0,0,0,0.0
2024,135,1,Team,0.0,0.0,ASV,,Team,,0,0,0,0,0,0,0,5,1,6,0,0,0,0,0,0,0,6,
2024,135,1,Total,,,ASV,,Total,200:00,98,21,29,11,34,23,27,14,24,38,25,8,17,2,2,24,24,117,
2024,135,0,P012608   ,1.0,1.0,PRS,0,"SHORTS, TJ",27:30,29,11,14,1,2,4,6,2,1,3,8,2,2,0,0,3,10,41,9.0
2024,135,0,P012609   ,0.0,0.0,PRS,1,"MALCOLM, COLLIN",16:32,3,0,0,1,3,0,0,0,2,2,0,0,1,0,0,2,0,0,-13.0
2024,135,0,P012640   ,0.0,1.0,PRS,2,"HIFI, NADIR",20:39,20,3,6,3,6,5,6,0,1,1,0,2,3,0,1,3,4,13,-9.0
2024,135,0,P012610   ,1.0,1.0,PRS,3,"WARD, TYSON",27:30,9,4,9,0,2,1,3,2,2,4,1,0,0,1,0,3,3,6,9.0
2024,135,0,P013373   ,0.0,0.0,PRS,4,"CAVALIERE, LEOPOLD",15:25,4,1,1,0,0,2,2,1,2,3,0,0,3,0,0,3,1,2,-8.0
2024,135,0,P005793   ,0.0,1.0,PRS,5,"SY, BANDJA",16:43,8,1,1,2,3,0,2,2,0,2,0,2,0,0,0,1,1,9,-17.0
2024,135,0,P012611   ,0.0,0.0,PRS,7,"HERRERA, SEBASTIAN",DNP,0,0,0,0,0,0,0,0,0,0,0,0,0,0,0,0,0,0,0.0
2024,135,0,P004512   ,0.0,0.0,PRS,8,"KRATZER, LEON",06:42,0,0,3,0,0,0,0,1,1,2,0,0,0,1,0,2,0,-2,-4.0
2024,135,0,P007032   ,0.0,0.0,PRS,12,"LO, MAODO",14:12,5,1,3,1,5,0,0,0,0,0,3,0,1,0,1,0,1,1,-15.0
2024,135,0,P010390   ,1.0,0.0,PRS,13,"HAYES, KEVARRIUS",12:05,8,3,3,0,0,2,2,0,2,2,1,1,1,0,0,5,2,8,12.0
2024,135,0,P012613   ,1.0,1.0,PRS,20,"JANTUNEN, MIKAEL",27:15,4,2,2,0,3,0,0,2,3,5,1,2,2,0,0,3,2,6,9.0
2024,135,0,P004197   ,1.0,0.0,PRS,24,"OUATTARA, YAKUBA",15:27,3,0,1,1,2,0,0,0,3,3,1,0,0,0,0,1,0,4,2.0
2024,135,0,Team,0.0,0.0,PRS,,Team,,0,0,0,0,0,0,0,4,0,4,0,0,0,0,0,0,0,4,
2024,135,0,Total,,,PRS,,Total,200:00,93,26,43,9,26,14,21,14,17,31,15,9,13,2,2,26,24,92,
2024,136,1,P011212   ,0.0,0.0,MCO,0,"OKOBO, ELIE",22:47,10,3,7,1,1,1,1,0,3,3,5,0,1,0,1,2,2,12,12.0
2024,136,1,P011231   ,0.0,0.0,MCO,4,"BLOSSOMGAME, JARON",20:18,8,4,5,0,2,0,0,1,5,6,2,0,0,0,0,2,3,14,22.0
2024,136,1,P009754   ,1.0,0.0,MCO,8,"LOYD, JORDAN",19:10,11,2,2,1,4,4,4,0,3,3,3,1,0,0,0,3,3,15,10.0
2024,136,1,P005844   ,0.0,0.0,MCO,9,"PAPAGIANNIS, GEORGIOS",12:26,14,5,5,1,1,1,1,0,1,1,1,0,0,0,0,1,1,16,7.0
2024,136,1,P004790   ,0.0,1.0,MCO,12,"CORNELIE, PETR",05:18,1,0,1,0,0,1,2,2,0,2,0,1,0,0,0,0,1,3,-7.0
2024,136,1,P002581   ,0.0,0.0,MCO,14,"JAITEH, MAM",11:13,7,3,4,0,0,1,2,0,2,2,2,1,0,0,0,2,1,9,18.0
2024,136,1,PLCZ      ,1.0,0.0,MCO,20,"MOTIEJUNAS, DONATAS",10:44,8,4,5,0,0,0,0,1,1,2,1,0,0,2,0,1,1,12,1.0
2024,136,1,P012515   ,1.0,1.0,MCO,22,"TARPEY, TERRY",24:44,8,3,4,0,3,2,2,1,1,2,5,3,0,2,0,3,1,14,5.0
2024,136,1,P008161   ,0.0,1.0,MCO,23,"BEGARIN, JUHANN",05:34,0,0,3,0,2,0,0,3,1,4,0,0,0,0,1,1,0,-3,-7.0
2024,136,1,P013365   ,1.0,1.0,MCO,30,"BROWN, VITTO",20:01,2,1,3,0,3,0,0,2,2,4,0,1,2,1,0,2,0,-1,-3.0
2024,136,1,P008099   ,0.0,1.0,MCO,32,"STRAZEL, MATTHEW",21:54,11,2,4,2,3,1,1,1,1,2,5,0,0,0,1,2,2,14,25.0
2024,136,1,P005985   ,1.0,0.0,MCO,55,"JAMES, MIKE",25:51,13,1,3,3,6,2,4,0,2,2,4,0,2,0,1,1,4,12,12.0
2024,136,1,Team,0.0,0.0,MCO,,Team,,0,0,0,0,0,0,0,2,0,2,0,0,0,0,0,0,0,2,
2024,136,1,Total,,,MCO,,Total,200:00,93,28,46,8,25,13,17,13,22,35,28,7,5,5,4,20,19,119,
2024,136,0,P010391   ,1.0,0.0,MUN,0,"WEILER-BABB, NICK",24:36,9,3,4,1,3,0,0,0,4,4,6,1,2,0,0,1,0,14,-11.0
2024,136,0,P011987   ,1.0,0.0,MUN,3,"EDWARDS, CARSEN",23:44,17,2,6,3,7,4,4,1,4,5,3,0,3,0,1,0,4,17,-9.0
2024,136,0,P001557   ,0.0,1.0,MUN,5,"GIFFEY, NIELS",12:00,3,1,2,0,0,1,2,1,1,2,1,0,1,1,0,2,1,3,-9.0
2024,136,0,P007201   ,0.0,0.0,MUN,7,"VOIGTMANN, JOHANNES",20:53,13,2,2,3,7,0,0,0,1,1,3,0,0,0,0,1,0,12,-13.0
2024,136,0,P011224   ,0.0,0.0,MUN,8,"NAPIER, SHABAZZ",18:52,2,1,1,0,2,0,0,0,3,3,3,1,1,0,0,2,0,4,-16.0
2024,136,0,P012123   ,0.0,1.0,MUN,10,"KHARCHENKOV, IVAN",05:18,2,1,2,0,1,0,1,0,0,0,0,1,0,0,1,0,2,1,7.0
2024,136,0,P004508   ,1.0,0.0,MUN,13,"OBST, ANDREAS",26:58,5,1,2,1,5,0,0,0,2,2,0,0,2,0,1,2,1,-2,-20.0
2024,136,0,P007929   ,0.0,1.0,MUN,17,"BITIM, ONURALP",10:00,6,0,1,2,4,0,0,0,0,0,0,0,1,1,1,0,1,3,-2.0
2024,136,0,P005460   ,0.0,0.0,MUN,20,"HARRIS, ELIAS",07:26,4,0,0,0,0,4,4,2,0,2,0,0,0,0,0,1,2,7,-13.0
2024,136,0,P007639   ,1.0,1.0,MUN,22,"BRANKOVIC, DANKO",19:07,11,3,4,0,2,5,7,1,2,3,0,0,2,2,1,4,4,8,-4.0
2024,136,0,P007056   ,1.0,0.0,MUN,31,"BOOKER, DEVIN",19:19,2,1,2,0,1,0,0,2,4,6,1,0,2,0,0,3,5,7,-7.0
2024,136,0,P013368   ,0.0,1.0,MUN,53,"YEBO, KEVIN",11:47,0,0,0,0,0,0,0,0,2,2,0,0,1,0,0,3,0,-2,2.0
2024,136,0,Team,0.0,0.0,MUN,,Team,,0,0,0,0,0,0,0,4,1,5,0,0,2,0,0,0,0,3,
2024,136,0,Total,,,MUN,,Total,200:00,74,15,26,10,32,14,18,11,24,35,17,3,17,4,5,19,20,75,
2024,137,1,P011209   ,1.0,0.0,PAN,0,"KALAITZAKIS, PANAGIOTIS",13:24,7,1,1,1,2,2,2,0,0,0,0,0,0,0,0,3,1,4,15.0
2024,137,1,P009622   ,0.0,1.0,PAN,2,"BROWN, LORENZO",09:49,2,1,3,0,1,0,0,0,4,4,2,0,0,0,0,3,0,2,-8.0
2024,137,1,P001926   ,0.0,0.0,PAN,10,"SLOUKAS, KOSTAS",19:53,9,0,1,3,4,0,0,0,1,1,6,1,2,0,0,2,0,11,28.0
2024,137,1,P004088   ,0.0,1.0,PAN,16,"OSMAN, CEDI",13:03,3,1,1,0,0,1,2,0,0,0,0,0,0,0,0,4,1,-1,5.0
2024,137,1,P011442   ,0.0,1.0,PAN,20,"SAMODUROV, ALEXANDROS",02:16,0,0,0,0,0,0,0,0,0,0,0,0,0,2,0,1,0,1,-4.0
2024,137,1,P011204   ,1.0,0.0,PAN,22,"GRANT, JERIAN",26:57,12,3,4,2,4,0,0,0,1,1,8,3,0,0,0,3,1,19,24.0
2024,137,1,P012774   ,1.0,1.0,PAN,25,"NUNN, KENDRICK",36:54,39,4,7,8,16,7,7,1,6,7,2,0,3,0,0,2,5,37,23.0
2024,137,1,P003842   ,1.0,1.0,PAN,26,"LESSORT, MATHIAS",27:21,8,1,2,0,0,6,8,3,5,8,3,0,1,0,0,2,6,19,11.0
2024,137,1,P011221   ,0.0,0.0,PAN,37,"ANTETOKOUNMPO, KOSTAS",DNP,0,0,0,0,0,0,0,0,0,0,0,0,0,0,0,0,0,0,0.0
2024,137,1,P012712   ,1.0,0.0,PAN,41,"HERNANGOMEZ, JUANCHO",19:47,6,2,4,0,2,2,2,3,0,3,2,0,3,0,0,1,1,4,17.0
2024,137,1,P007866   ,0.0,0.0,PAN,44,"MITOGLOU, KONSTANTINOS",17:57,8,1,2,2,2,0,0,0,4,4,0,0,1,0,0,2,1,9,16.0
2024,137,1,P005353   ,0.0,0.0,PAN,77,"YURTSEVEN, OMER",12:39,9,3,4,1,1,0,0,2,3,5,3,1,2,2,0,3,0,14,18.0
2024,137,1,Team,0.0,0.0,PAN,,Team,,0,0,0,0,0,0,0,3,4,7,0,0,1,0,0,0,0,6,
2024,137,1,Total,,,PAN,,Total,200:00,103,17,29,17,32,18,21,12,28,40,26,5,13,4,0,26,16,125,
2024,137,0,P006085   ,0.0,1.0,MIL,1,"DIMITRIJEVIC, NENO",18:20,15,2,4,1,3,8,8,0,1,1,3,0,0,0,0,0,5,20,-17.0
2024,137,0,P011064   ,1.0,0.0,MIL,2,"MANNION, NICCOLO",21:40,11,4,5,1,4,0,0,0,0,0,2,1,3,0,0,2,4,9,-12.0
2024,137,0,P001392   ,0.0,0.0,MIL,5,"CAUSEUR, FABIEN",25:39,6,0,2,1,2,3,4,0,3,3,2,0,0,0,1,0,3,9,-27.0
2024,137,0,P008985   ,0.0,0.0,MIL,10,"BOLMARO, LEANDRO",DNP,0,0,0,0,0,0,0,0,0,0,0,0,0,0,0,0,0,0,0.0
2024,137,0,P013384   ,0.0,1.0,MIL,12,"BROOKS, ARMONI",16:21,2,0,2,0,2,2,2,0,1,1,2,2,2,0,1,1,2,1,-16.0
2024,137,0,P008987   ,1.0,0.0,MIL,16,"LEDAY, ZACH",25:34,6,2,7,0,2,2,2,1,3,4,1,1,0,0,0,2,3,6,-26.0
2024,137,0,P001518   ,1.0,1.0,MIL,17,"RICCI, GIAMPAOLO",07:23,0,0,0,0,1,0,0,0,1,1,1,0,0,0,0,1,0,0,6.0
2024,137,0,P005670   ,0.0,1.0,MIL,21,"FLACCADORI, DIEGO",07:59,2,1,2,0,0,0,0,0,1,1,0,2,1,0,1,1,1,2,-2.0
2024,137,0,P013385   ,0.0,0.0,MIL,25,"DIOP, OUSMANE",14:19,0,0,0,0,0,0,0,0,3,3,0,0,1,0,0,5,1,-2,-15.0
2024,137,0,P007831   ,1.0,0.0,MIL,31,"SHIELDS, SHAVON",26:30,11,3,4,1,1,2,2,0,2,2,2,0,0,0,0,1,2,15,-15.0
2024,137,0,P000796   ,1.0,0.0,MIL,33,"MIROTIC, NIKOLA",24:28,16,4,6,2,5,2,2,3,1,4,2,1,3,0,0,1,2,16,-11.0
2024,137,0,P011941   ,0.0,1.0,MIL,55,"GILLESPIE, FREDDIE",11:47,5,1,3,0,0,3,4,0,0,0,0,0,1,0,1,2,3,1,-10.0
2024,137,0,Team,0.0,0.0,MIL,,Team,,0,0,0,0,0,0,0,1,0,1,0,0,0,0,0,0,0,1,
2024,137,0,Total,,,MIL,,Total,200:00,74,17,35,6,20,22,24,5,16,21,15,7,11,0,4,16,26,78,
2024,138,1,P009862   ,1.0,0.0,BAR,0,"PUNTER, KEVIN",27:51,25,6,11,2,2,7,7,1,1,2,5,2,1,0,0,2,6,32,27.0
2024,138,1,P012795   ,1.0,0.0,BAR,1,"ANDERSON, JUSTIN",21:40,18,6,6,1,1,3,3,0,2,2,0,1,1,0,0,3,2,19,11.0
2024,138,1,P011666   ,0.0,1.0,BAR,2,"SARR, DAME",01:19,0,0,0,0,0,0,0,0,0,0,1,1,0,0,0,0,0,2,9.0
2024,138,1,P000925   ,1.0,0.0,BAR,6,"VESELY, JAN",23:39,2,1,4,0,1,0,0,0,2,2,3,0,1,0,1,2,2,1,17.0
2024,138,1,P009992   ,0.0,1.0,BAR,8,"BRIZUELA, DARIO",11:09,11,1,3,3,5,0,0,0,1,1,1,0,1,0,1,1,0,6,4.0
2024,138,1,P002939   ,1.0,0.0,BAR,13,"SATORANSKY, TOMAS",22:58,5,1,1,1,1,0,0,1,3,4,5,0,0,0,0,2,0,12,19.0
2024,138,1,P003196   ,0.0,1.0,BAR,14,"HERNANGOMEZ, WILLY",16:21,4,1,3,0,0,2,2,0,5,5,0,1,1,0,0,2,1,6,10.0
2024,138,1,P010106   ,0.0,1.0,BAR,17,"NUNEZ, JUAN",17:02,4,2,3,0,2,0,0,0,3,3,3,3,2,0,0,2,2,8,8.0
2024,138,1,P006568   ,0.0,0.0,BAR,19,"FALL, YOUSSOUPHA",DNP,0,0,0,0,0,0,0,0,0,0,0,0,0,0,0,0,0,0,0.0
2024,138,1,P003478   ,0.0,0.0,BAR,21,"ABRINES, ALEX",18:01,2,0,0,0,2,2,2,0,1,1,3,0,0,0,0,0,4,8,3.0
2024,138,1,P012745   ,1.0,0.0,BAR,22,"PARKER, JABARI",31:01,15,3,9,3,4,0,0,1,6,7,0,3,1,0,1,3,1,14,23.0
2024,138,1,P007464   ,0.0,1.0,BAR,44,"PARRA, JOEL",08:59,4,2,3,0,0,0,0,1,1,2,0,1,0,0,0,2,0,4,4.0
2024,138,1,Team,0.0,0.0,BAR,,Team,,0,0,0,0,0,0,0,1,1,2,0,0,0,0,0,0,0,2,
2024,138,1,Total,,,BAR,,Total,200:00,90,23,43,10,18,14,14,5,26,31,21,12,8,0,3,19,18,114,
2024,138,0,P009863   ,1.0,0.0,ULK,2,"BALDWIN IV, WADE",12:13,4,1,3,0,1,2,2,0,0,0,2,0,1,0,0,0,2,4,-2.0
2024,138,0,P002849   ,0.0,1.0,ULK,4,"MELLI, NICOLO",15:33,3,0,1,1,2,0,0,3,2,5,1,0,2,0,0,1,0,4,-13.0
2024,138,0,P002968   ,0.0,1.0,ULK,5,"SANLI, SERTAC",11:01,2,1,1,0,2,0,0,0,0,0,0,0,2,2,0,4,0,-4,-13.0
2024,138,0,P013396   ,0.0,1.0,ULK,9,"MAYS, SKYLAR",13:30,8,2,5,1,3,1,3,1,1,2,0,1,3,0,0,1,2,2,-14.0
2024,138,0,P008962   ,1.0,0.0,ULK,11,"HAYES-DAVIS, NIGEL",34:19,7,2,4,1,6,0,0,0,4,4,1,1,0,0,0,0,5,11,-19.0
2024,138,0,P006961   ,0.0,1.0,ULK,13,"BIBEROVIC, TARIK",22:35,4,1,3,0,4,2,2,0,2,2,2,0,1,0,0,2,2,1,-16.0
2024,138,0,P008174   ,0.0,1.0,ULK,15,"EKSIOGLU, MERT",01:14,0,0,0,0,0,0,0,0,0,0,0,0,0,0,0,0,0,0,-6.0
2024,138,0,P011205   ,1.0,0.0,ULK,20,"HALL, DEVON",20:26,9,3,4,1,4,0,1,1,0,1,2,0,2,0,0,4,2,3,-8.0
2024,138,0,P004004   ,0.0,0.0,ULK,23,"GUDURIC, MARKO",22:33,3,1,1,0,3,1,2,0,2,2,1,2,3,0,0,3,3,1,-12.0
2024,138,0,P009783   ,1.0,0.0,ULK,50,"COLSON, BONZIE",27:29,15,3,6,3,5,0,0,2,1,3,1,0,0,1,0,2,0,13,-23.0
2024,138,0,PLMG      ,0.0,0.0,ULK,51,"MARJANOVIC, BOBAN",DNP,0,0,0,0,0,0,0,0,0,0,0,0,0,0,0,0,0,0,0.0
2024,138,0,P007182   ,1.0,0.0,ULK,92,"BIRCH, KHEM",19:07,8,3,4,0,0,2,2,2,4,6,0,0,2,0,0,1,3,13,-9.0
2024,138,0,Team,0.0,0.0,ULK,,Team,,0,0,0,0,0,0,0,4,5,9,0,0,1,0,0,0,0,8,
2024,138,0,Total,,,ULK,,Total,200:00,63,17,32,7,30,8,12,13,21,34,10,4,17,3,0,18,19,56,
2024,139,1,P012609   ,1.0,1.0,PRS,1,"MALCOLM, COLLIN",27:20,11,3,9,0,4,5,5,1,4,5,1,1,0,0,1,1,5,11,-9.0
2024,139,1,P012640   ,0.0,1.0,PRS,2,"HIFI, NADIR",30:15,21,3,7,3,11,6,6,2,0,2,0,0,1,0,1,3,4,10,-21.0
2024,139,1,P012610   ,1.0,1.0,PRS,3,"WARD, TYSON",25:35,7,0,2,2,4,1,2,1,4,5,1,0,0,0,1,4,3,6,1.0
2024,139,1,P013373   ,0.0,0.0,PRS,4,"CAVALIERE, LEOPOLD",14:27,3,0,1,1,3,0,0,0,0,0,0,0,0,0,0,0,0,0,2.0
2024,139,1,P005793   ,0.0,1.0,PRS,5,"SY, BANDJA",20:17,5,0,0,1,2,2,3,1,2,3,0,0,1,1,0,2,1,5,-17.0
2024,139,1,P003481   ,0.0,0.0,PRS,6,"KESSENS, MICHAEL",DNP,0,0,0,0,0,0,0,0,0,0,0,0,0,0,0,0,0,0,0.0
2024,139,1,P012611   ,0.0,0.0,PRS,7,"HERRERA, SEBASTIAN",12:36,0,0,0,0,6,0,0,2,2,4,0,0,0,0,0,4,0,-6,-11.0
2024,139,1,P004512   ,0.0,0.0,PRS,8,"KRATZER, LEON",11:13,0,0,0,0,0,0,0,0,1,1,0,0,1,1,0,5,0,-4,-6.0
2024,139,1,P007032   ,1.0,1.0,PRS,12,"LO, MAODO",27:24,30,9,10,4,7,0,0,0,2,2,7,1,2,0,1,1,3,35,0.0
2024,139,1,P010390   ,1.0,0.0,PRS,13,"HAYES, KEVARRIUS",23:09,8,3,6,0,0,2,3,1,4,5,1,0,0,1,2,3,3,9,3.0
2024,139,1,P012613   ,1.0,0.0,PRS,20,"JANTUNEN, MIKAEL",07:44,0,0,0,0,1,0,0,0,0,0,0,0,0,0,0,0,0,-1,3.0
2024,139,1,Team,0.0,0.0,PRS,,Team,,0,0,0,0,0,0,0,2,2,4,0,0,0,0,0,0,0,4,
2024,139,1,Total,,,PRS,,Total,200:00,85,18,35,11,38,16,19,10,21,31,10,2,5,3,6,23,19,69,
2024,139,0,P003733   ,0.0,1.0,MAD,6,"ABALDE, ALBERTO",17:43,10,2,2,2,3,0,0,0,0,0,1,0,1,0,0,3,1,7,14.0
2024,139,0,P005928   ,0.0,1.0,MAD,7,"CAMPAZZO, FACUNDO",27:32,19,3,4,3,6,4,4,1,3,4,6,1,1,0,1,2,6,28,21.0
2024,139,0,P011649   ,0.0,0.0,MAD,9,"GONZALEZ, HUGO",06:44,0,0,0,0,1,0,0,0,1,1,1,0,0,0,0,1,0,0,3.0
2024,139,0,P003108   ,0.0,1.0,MAD,11,"HEZONJA, MARIO",27:09,17,1,2,4,9,3,4,0,4,4,3,0,0,1,1,1,4,20,12.0
2024,139,0,P006540   ,1.0,0.0,MAD,13,"MUSA, DZANAN",18:22,12,5,6,0,1,2,2,1,3,4,2,0,3,0,0,3,1,11,2.0
2024,139,0,P009005   ,1.0,1.0,MAD,14,"DECK, GABRIEL",31:45,11,2,5,0,4,7,10,1,7,8,1,0,1,1,0,1,5,14,10.0
2024,139,0,P007630   ,0.0,0.0,MAD,16,"GARUBA, USMAN",09:10,0,0,0,0,0,0,0,0,0,0,0,1,1,1,0,5,0,-4,-2.0
2024,139,0,P003583   ,0.0,0.0,MAD,18,"IBAKA, SERGE",DNP,0,0,0,0,0,0,0,0,0,0,0,0,0,0,0,0,0,0,0.0
2024,139,0,P005791   ,1.0,1.0,MAD,22,"TAVARES, WALTER",30:50,10,4,7,0,0,2,2,6,8,14,3,0,3,3,0,3,5,26,13.0
2024,139,0,PTGB      ,0.0,0.0,MAD,23,"LLULL, SERGIO",12:54,9,0,1,3,7,0,0,0,1,1,0,0,1,0,0,0,1,5,-5.0
2024,139,0,P011247   ,1.0,0.0,MAD,24,"FELIZ, ANDRES",12:59,6,3,5,0,2,0,0,2,1,3,3,0,0,0,1,0,0,7,-8.0
2024,139,0,P009213   ,1.0,0.0,MAD,30,"NDIAYE, ELI",04:52,2,1,1,0,1,0,0,0,0,0,0,0,0,0,0,0,0,1,-5.0
2024,139,0,Team,0.0,0.0,MAD,,Team,,0,0,0,0,0,0,0,3,7,10,0,0,1,0,0,0,0,9,
2024,139,0,Total,,,MAD,,Total,200:00,96,21,33,12,34,18,22,14,35,49,20,2,12,6,3,19,23,124,
2024,140,1,P008173   ,1.0,1.0,BER,3,"SPAGNOLO, MATTEO",23:18,6,3,8,0,0,0,0,0,2,2,7,0,1,0,0,1,1,9,-8.0
2024,140,1,P011934   ,1.0,1.0,BER,5,"WETZELL, YANNI",23:37,15,5,7,1,1,2,5,1,7,8,5,1,2,1,0,2,3,24,2.0
2024,140,1,P008211   ,1.0,1.0,BER,6,"DELOW, MALTE",20:17,0,0,0,0,1,0,0,0,1,1,3,2,0,0,0,4,1,2,-3.0
2024,140,1,P007025   ,0.0,0.0,BER,9,"MATTISSECK, JONAS",16:44,1,0,1,0,1,1,1,0,0,0,1,1,1,0,0,3,1,-2,-18.0
2024,140,1,P006251   ,0.0,0.0,BER,10,"SCHNEIDER, TIM",07:54,0,0,0,0,1,0,0,0,2,2,0,0,0,0,0,0,0,1,-17.0
2024,140,1,P008967   ,1.0,1.0,BER,11,"THOMAS, MATT",23:16,8,2,4,0,6,4,4,0,0,0,1,0,2,0,0,1,3,1,-2.0
2024,140,1,P008780   ,0.0,0.0,BER,15,"HERMANNSSON, MARTIN",16:42,3,0,2,1,4,0,0,0,2,2,3,0,1,0,0,0,1,3,-12.0
2024,140,1,P007550   ,0.0,0.0,BER,18,"SAMAR, ZIGA",DNP,0,0,0,0,0,0,0,0,0,0,0,0,0,0,0,0,0,0,0.0
2024,140,1,P006919   ,0.0,0.0,BER,19,"OLINDE, LOUIS",14:08,3,1,3,0,2,1,1,0,2,2,0,0,1,0,0,2,1,-1,-21.0
2024,140,1,P011631   ,0.0,0.0,BER,25,"RAPIEQUE, ELIAS",14:04,7,3,3,0,1,1,3,1,1,2,0,0,0,0,0,5,2,3,-1.0
2024,140,1,P013386   ,1.0,1.0,BER,33,"McCORMACK, DAVID",25:44,19,5,8,0,0,9,12,1,5,6,0,1,2,1,0,1,7,25,3.0
2024,140,1,P012604   ,0.0,0.0,BER,50,"WILLIAMS, TREVION",14:16,4,2,5,0,1,0,0,0,3,3,0,0,2,0,1,3,2,-1,-23.0
2024,140,1,Team,0.0,0.0,BER,,Team,,0,0,0,0,0,0,0,2,0,2,0,0,0,0,0,0,0,2,
2024,140,1,Total,,,BER,,Total,200:00,66,21,41,2,18,18,26,5,25,30,20,5,12,2,1,22,22,66,
2024,140,0,P013403   ,1.0,0.0,ZAL,1,"WALKER IV, LONNIE",22:07,13,2,4,2,6,3,3,1,6,7,4,1,3,0,0,2,2,16,13.0
2024,140,0,P007975   ,1.0,1.0,ZAL,3,"FRANCISCO, SYLVAIN",27:00,16,3,6,3,7,1,1,0,3,3,2,2,2,0,0,1,3,16,10.0
2024,140,0,P011983   ,0.0,1.0,ZAL,8,"BRAZDEIKIS, IGNAS",15:18,8,1,3,0,5,6,6,2,2,4,2,0,0,0,1,2,3,7,12.0
2024,140,0,P007513   ,0.0,0.0,ZAL,9,"GIEDRAITIS, DOVYDAS",16:39,3,1,2,0,1,1,1,0,2,2,2,0,3,0,0,1,1,2,5.0
2024,140,0,P005504   ,1.0,1.0,ZAL,15,"BIRUTIS, LAURYNAS",23:57,9,4,5,0,0,1,4,0,4,4,0,1,2,0,0,3,4,9,9.0
2024,140,0,P011051   ,0.0,0.0,ZAL,18,"SMAILAGIC, ALEN",02:01,2,1,2,0,0,0,0,1,0,1,0,0,0,0,1,1,0,0,-4.0
2024,140,0,P012622   ,0.0,0.0,ZAL,21,"MITCHELL, MATTHEW",DNP,0,0,0,0,0,0,0,0,0,0,0,0,0,0,0,0,0,0,0.0
2024,140,0,P003048   ,0.0,0.0,ZAL,42,"DUNSTON, BRYANT",14:02,6,3,3,0,0,0,0,1,2,3,2,1,0,0,0,4,0,8,15.0
2024,140,0,P012715   ,0.0,1.0,ZAL,45,"MANEK, BRADY",16:14,9,0,1,3,4,0,0,0,2,2,0,0,1,1,0,3,0,6,17.0
2024,140,0,P002676   ,0.0,1.0,ZAL,51,"BUTKEVICIUS, ARNAS",16:15,5,1,1,1,2,0,0,1,6,7,1,1,1,0,0,2,1,11,12.0
2024,140,0,P007029   ,1.0,0.0,ZAL,91,"SIRVYDIS, DEIVIDAS",21:57,9,1,2,2,5,1,2,1,3,4,0,0,1,0,0,2,3,8,4.0
2024,140,0,P002329   ,1.0,0.0,ZAL,92,"ULANOVAS, EDGARAS",24:30,6,0,0,1,3,3,3,0,2,2,4,1,0,0,0,1,4,14,7.0
2024,140,0,Team,0.0,0.0,ZAL,,Team,,0,0,0,0,0,0,0,1,2,3,0,0,0,0,0,0,0,3,
2024,140,0,Total,,,ZAL,,Total,200:00,86,17,29,12,33,16,20,8,34,42,17,7,13,1,2,22,21,100,
2024,141,1,P006835   ,1.0,1.0,TEL,1,"HOARD, JAYLEN",29:07,14,5,9,0,0,4,4,1,1,2,3,1,2,0,0,3,3,14,10.0
2024,141,1,P011202   ,0.0,1.0,TEL,3,"SHAYOK, MARIAL",17:15,2,1,2,0,1,0,0,0,0,0,2,1,1,0,0,2,2,2,-26.0
2024,141,1,P011219   ,0.0,1.0,TEL,9,"SORKIN, ROMAN",28:12,22,7,11,2,6,2,3,2,3,5,1,1,1,1,1,3,5,21,-9.0
2024,141,1,P011433   ,0.0,0.0,TEL,10,"MAYER, OMER",DNP,0,0,0,0,0,0,0,0,0,0,0,0,0,0,0,0,0,0,0.0
2024,141,1,P013381   ,1.0,0.0,TEL,11,"RAYMAN, WILLIAM",16:03,0,0,1,0,0,0,0,0,1,1,0,0,0,0,1,5,0,-6,2.0
2024,141,1,P007990   ,0.0,0.0,TEL,12,"DIBARTOLOMEO, JOHN",13:55,0,0,0,0,4,0,0,0,0,0,1,0,0,0,0,2,0,-5,-19.0
2024,141,1,P005145   ,0.0,0.0,TEL,15,"COHEN, JAKE",15:19,5,2,2,0,1,1,1,0,2,2,0,0,3,0,0,2,1,2,-18.0
2024,141,1,P013382   ,1.0,1.0,TEL,20,"RANDOLPH, LEVI",23:29,4,1,5,0,3,2,2,1,1,2,1,3,0,0,2,2,1,0,10.0
2024,141,1,P007519   ,0.0,1.0,TEL,31,"JOKUBAITIS, ROKAS",23:54,22,7,10,1,2,5,5,2,5,7,5,0,2,0,0,2,5,31,-5.0
2024,141,1,P013383   ,1.0,0.0,TEL,32,"GABRIEL, WENYEN",04:00,2,1,2,0,0,0,0,0,1,1,0,0,0,0,0,0,0,2,5.0
2024,141,1,P011193   ,1.0,0.0,TEL,45,"BLATT, TAMIR",23:48,14,0,2,4,5,2,2,2,1,3,7,1,2,0,0,0,2,22,3.0
2024,141,1,P013250   ,0.0,0.0,TEL,55,"DeJULIUS, DAVID",04:58,0,0,1,0,0,0,0,0,0,0,0,0,0,0,0,0,1,0,-3.0
2024,141,1,Team,0.0,0.0,TEL,,Team,,0,0,0,0,0,0,0,1,1,2,0,0,0,0,0,0,0,2,
2024,141,1,Total,,,TEL,,Total,200:00,85,24,45,7,22,16,17,9,16,25,20,7,11,1,4,21,20,85,
2024,141,0,P011948   ,1.0,1.0,BAS,0,"HOWARD, MARKUS",34:00,28,5,8,6,9,0,1,0,1,1,3,1,4,0,0,3,4,23,13.0
2024,141,0,P008850   ,0.0,0.0,BAS,2,"RAIESTE, SANDER",01:51,3,0,0,1,1,0,0,0,0,0,0,0,0,0,0,0,0,3,1.0
2024,141,0,P010784   ,0.0,0.0,BAS,6,"SAVKOV, PAVEL",DNP,0,0,0,0,0,0,0,0,0,0,0,0,0,0,0,0,0,0,0.0
2024,141,0,P007230   ,1.0,1.0,BAS,8,"SEDEKERSKIS, TADAS",32:32,12,4,5,1,2,1,2,5,4,9,3,0,1,2,0,2,2,22,13.0
2024,141,0,P004058   ,0.0,0.0,BAS,10,"JARAMAZ, OGNJEN",06:00,0,0,1,0,1,0,0,0,0,0,1,0,1,0,0,0,1,-1,-3.0
2024,141,0,P013367   ,1.0,0.0,BAS,11,"FORREST, TRENT",15:18,4,2,3,0,1,0,0,0,2,2,3,0,3,0,0,2,0,2,-3.0
2024,141,0,P011085   ,0.0,1.0,BAS,17,"ROGKAVOPOULOS, NIKOLAOS",24:12,11,2,4,2,8,1,2,1,6,7,0,0,1,0,0,1,2,9,10.0
2024,141,0,P008072   ,0.0,0.0,BAS,18,"DIOP, KHALIFA",19:27,2,1,3,0,0,0,0,3,4,7,2,1,3,1,0,4,2,6,20.0
2024,141,0,P012597   ,0.0,1.0,BAS,44,"BALDWIN, KAMAR",24:42,8,1,2,2,2,0,0,0,1,1,5,0,0,0,0,3,1,11,13.0
2024,141,0,P011196   ,1.0,0.0,BAS,45,"HALL, DONTA",12:56,10,4,4,0,0,2,3,1,0,1,1,1,1,0,0,3,3,11,-10.0
2024,141,0,P012058   ,0.0,0.0,BAS,46,"NDIAYE, OUSMANE",DNP,0,0,0,0,0,0,0,0,0,0,0,0,0,0,0,0,0,0,0.0
2024,141,0,P012201   ,1.0,1.0,BAS,95,"MONEKE, CHIMA",29:02,17,6,10,0,2,5,6,2,6,8,4,1,3,1,1,2,6,24,-4.0
2024,141,0,Team,0.0,0.0,BAS,,Team,,0,0,0,0,0,0,0,2,2,4,0,0,0,0,0,0,0,4,
2024,141,0,Total,,,BAS,,Total,200:00,95,25,40,12,26,9,14,14,26,40,22,4,17,4,1,20,21,114,
2024,142,1,P007200   ,0.0,1.0,IST,0,"LARKIN, SHANE",24:32,4,1,1,0,3,2,2,0,4,4,12,4,5,0,0,2,5,19,22.0
2024,142,1,P006590   ,0.0,1.0,IST,1,"BEAUBOIS, RODRIGUE",17:50,11,5,6,0,2,1,1,0,1,1,1,3,2,1,0,2,1,11,25.0
2024,142,1,P013363   ,1.0,0.0,IST,3,"NWORA, JORDAN",15:28,3,0,1,1,3,0,0,0,0,0,0,2,1,0,0,2,0,-1,0.0
2024,142,1,P009846   ,1.0,0.0,IST,6,"BRYANT, ELIJAH",27:25,17,3,9,3,4,2,2,1,6,7,2,3,3,0,1,1,1,18,11.0
2024,142,1,P007109   ,0.0,1.0,IST,11,"SMITS, ROLANDS",18:15,12,1,2,3,4,1,2,1,2,3,1,0,1,0,0,1,1,12,25.0
2024,142,1,P011078   ,1.0,1.0,IST,13,"THOMPSON, DARIUS",27:25,8,3,6,0,2,2,2,1,0,1,3,1,3,0,0,2,4,7,6.0
2024,142,1,P013364   ,0.0,0.0,IST,14,"JOHNSON, STANLEY",07:20,2,1,2,0,0,0,0,0,1,1,1,1,1,0,0,2,0,1,2.0
2024,142,1,P004887   ,1.0,0.0,IST,17,"POIRIER, VINCENT",21:06,2,1,3,0,0,0,0,2,2,4,1,1,1,1,0,1,0,5,10.0
2024,142,1,P009513   ,0.0,0.0,IST,21,"HOLLATZ, JUSTUS",DNP,0,0,0,0,0,0,0,0,0,0,0,0,0,0,0,0,0,0,0.0
2024,142,1,P012710   ,1.0,0.0,IST,24,"OSMANI, ERCAN",21:45,13,2,3,1,3,6,6,3,3,6,1,0,2,0,0,2,4,17,-3.0
2024,142,1,P012788   ,0.0,1.0,IST,25,"OTURU, DAN",18:54,17,7,8,0,0,3,3,3,3,6,1,1,1,0,0,1,3,25,12.0
2024,142,1,P009664   ,0.0,0.0,IST,35,"WILLIS, DEREK",DNP,0,0,0,0,0,0,0,0,0,0,0,0,0,0,0,0,0,0,0.0
2024,142,1,Team,0.0,0.0,IST,,Team,,0,0,0,0,0,0,0,3,1,4,0,0,0,0,0,0,0,4,
2024,142,1,Total,,,IST,,Total,200:00,89,24,41,8,21,17,18,14,23,37,23,16,20,2,1,16,19,118,
2024,142,0,P009048   ,1.0,0.0,RED,0,"MILLER-MCINTYRE, CODI",27:41,10,2,7,2,4,0,0,0,1,1,3,0,4,0,1,3,2,1,-6.0
2024,142,0,P010612   ,0.0,0.0,RED,3,"CANAAN, ISAIAH",12:39,0,0,1,0,0,0,0,0,1,1,2,0,1,0,0,1,0,0,-12.0
2024,142,0,P007960   ,0.0,0.0,RED,7,"DAVIDOVAC, DEJAN",DNP,0,0,0,0,0,0,0,0,0,0,0,0,0,0,0,0,0,0,0.0
2024,142,0,P002553   ,0.0,1.0,RED,9,"MITROVIC, LUKA",16:02,8,4,6,0,0,0,0,1,2,3,3,2,1,0,0,3,0,10,-11.0
2024,142,0,P004866   ,1.0,1.0,RED,12,"KALINIC, NIKOLA",25:32,6,1,2,1,1,1,2,0,1,1,3,1,5,0,0,3,1,2,-15.0
2024,142,0,P004007   ,1.0,0.0,RED,13,"DOBRIC, OGNJEN",19:01,8,2,2,1,3,1,2,1,2,3,1,3,1,0,0,1,2,12,1.0
2024,142,0,P009035   ,1.0,0.0,RED,21,"BOLOMBOY, JOEL",20:21,5,2,2,0,0,1,2,1,6,7,1,2,2,0,0,2,2,12,-6.0
2024,142,0,P012786   ,0.0,0.0,RED,24,"DAUM, MIKE",07:22,0,0,0,0,0,0,0,0,0,0,0,0,1,0,0,0,1,0,-6.0
2024,142,0,P011194   ,1.0,0.0,RED,30,"PETRUSEV, FILIP",28:58,15,5,9,1,2,2,6,1,2,3,1,3,1,0,0,2,5,15,-3.0
2024,142,0,P006436   ,0.0,1.0,RED,31,"GIEDRAITIS, ROKAS",07:04,3,1,2,0,1,1,2,1,0,1,1,1,0,0,0,1,1,3,-15.0
2024,142,0,P000848   ,0.0,1.0,RED,36,"NEDOVIC, NEMANJA",16:36,5,1,2,1,5,0,0,0,0,0,1,0,4,1,1,0,0,-3,-19.0
2024,142,0,P012044   ,0.0,1.0,RED,99,"DOS SANTOS, YAGO",18:44,7,1,4,1,1,2,2,1,0,1,2,0,1,0,0,3,2,5,-18.0
2024,142,0,Team,0.0,0.0,RED,,Team,,0,0,0,0,0,0,0,0,1,1,0,0,0,0,0,0,0,1,
2024,142,0,Total,,,RED,,Total,200:00,67,19,37,7,17,8,16,6,16,22,18,12,21,1,2,19,16,58,
2024,143,1,P008855   ,1.0,1.0,OLY,0,"WALKUP, THOMAS",23:12,7,1,1,1,2,2,2,0,5,5,7,1,1,0,0,3,3,18,30.0
2024,143,1,P007982   ,0.0,0.0,OLY,1,"WILLIAMS-GOSS, NIGEL",10:49,0,0,3,0,1,0,0,1,0,1,0,0,2,0,0,4,0,-9,-15.0
2024,143,1,P010392   ,0.0,1.0,OLY,5,"LARENTZAKIS, GIANNOULIS",08:51,3,0,2,1,1,0,0,0,1,1,0,0,0,0,0,1,0,1,-10.0
2024,143,1,P007947   ,0.0,1.0,OLY,8,"VILDOZA, LUCA",11:50,2,1,1,0,3,0,0,0,0,0,2,1,1,1,0,2,0,0,-18.0
2024,143,1,P008811   ,1.0,0.0,OLY,10,"FALL, MOUSTAPHA",18:21,2,1,2,0,0,0,0,1,0,1,3,0,1,1,0,1,2,6,-1.0
2024,143,1,P003469   ,1.0,0.0,OLY,14,"VEZENKOV, SASHA",29:23,27,6,9,2,3,9,11,2,8,10,1,1,1,0,1,1,8,38,25.0
2024,143,1,P001255   ,1.0,0.0,OLY,16,"PAPANIKOLAOU, KOSTAS",23:34,6,0,0,2,6,0,0,0,0,0,2,0,0,0,0,3,1,2,24.0
2024,143,1,P009849   ,0.0,0.0,OLY,22,"DORSEY, TYLER",DNP,0,0,0,0,0,0,0,0,0,0,0,0,0,0,0,0,0,0,0.0
2024,143,1,P008829   ,0.0,0.0,OLY,25,"PETERS, ALEC",17:19,12,1,5,3,3,1,2,4,4,8,1,1,0,0,0,2,3,18,-13.0
2024,143,1,P003941   ,0.0,1.0,OLY,33,"MILUTINOV, NIKOLA",21:39,8,3,5,0,0,2,2,1,3,4,0,0,1,1,0,2,1,9,11.0
2024,143,1,P007853   ,0.0,1.0,OLY,77,"MCKISSIC, SHAQUIELLE",08:05,0,0,1,0,1,0,0,0,1,1,0,0,0,0,0,0,1,0,-13.0
2024,143,1,P013380   ,1.0,0.0,OLY,94,"FOURNIER, EVAN",26:57,20,4,8,4,9,0,1,0,5,5,7,1,2,1,0,1,4,25,30.0
2024,143,1,Team,0.0,0.0,OLY,,Team,,0,0,0,0,0,0,0,4,2,6,0,0,0,0,0,0,0,6,
2024,143,1,Total,,,OLY,,Total,200:00,87,17,37,13,29,14,18,13,29,42,23,5,9,4,1,20,23,114,
2024,143,0,P009549   ,0.0,1.0,VIR,0,"CORDINIER, ISAIA",26:03,8,2,4,1,3,1,2,0,3,3,2,1,0,0,0,3,4,10,4.0
2024,143,0,PBCN      ,0.0,1.0,VIR,3,"BELINELLI, MARCO",22:53,20,3,4,4,8,2,3,0,0,0,3,2,1,0,0,3,2,17,13.0
2024,143,0,P006739   ,1.0,1.0,VIR,6,"PAJOLA, ALESSANDRO",20:41,5,0,3,1,4,2,2,0,2,2,5,1,1,0,1,3,2,4,-7.0
2024,143,0,P004888   ,1.0,0.0,VIR,8,"CLYBURN, WILL",24:29,9,2,7,1,4,2,2,1,5,6,3,1,3,0,1,1,4,10,-27.0
2024,143,0,P001844   ,0.0,0.0,VIR,23,"HACKETT, DANIEL",19:23,2,1,2,0,0,0,0,0,2,2,2,0,0,0,0,2,2,5,-3.0
2024,143,0,P005738   ,0.0,1.0,VIR,24,"GRAZULIS, ANDREJS",12:30,2,0,1,0,2,2,2,0,2,2,2,0,0,0,1,4,1,-1,-3.0
2024,143,0,P012585   ,1.0,0.0,VIR,30,"MORGAN, MATTHEW",17:37,15,3,3,2,3,3,3,0,1,1,0,0,0,0,0,3,3,15,-9.0
2024,143,0,P002084   ,1.0,0.0,VIR,33,"POLONARA, ACHILLE",11:10,2,0,1,0,0,2,2,0,0,0,0,0,1,0,0,0,1,1,-12.0
2024,143,0,P013374   ,0.0,0.0,VIR,35,"DIOUF, MOUHAMET",11:39,4,1,2,0,0,2,2,0,0,0,0,1,2,0,0,1,1,2,7.0
2024,143,0,P004554   ,1.0,1.0,VIR,41,"ZIZIC, ANTE",28:21,8,4,5,0,0,0,0,2,5,7,2,0,2,1,1,2,0,12,-17.0
2024,143,0,P011816   ,0.0,0.0,VIR,45,"AKELE, NICOLA",05:14,2,1,1,0,0,0,0,0,2,2,0,0,0,0,0,1,0,3,4.0
2024,143,0,P012591   ,0.0,0.0,VIR,59,"TUCKER, RAYJON",DNP,0,0,0,0,0,0,0,0,0,0,0,0,0,0,0,0,0,0,0.0
2024,143,0,Team,0.0,0.0,VIR,,Team,,0,0,0,0,0,0,0,0,1,1,0,0,0,0,0,0,0,1,
2024,143,0,Total,,,VIR,,Total,200:00,77,17,33,9,24,16,18,3,23,26,19,6,10,1,4,23,20,79,
2024,144,1,P007870   ,0.0,0.0,PAR,0,"DAVIES, BRANDON",DNP,0,0,0,0,0,0,0,0,0,0,0,0,0,0,0,0,0,0,0.0
2024,144,1,P013369   ,1.0,1.0,PAR,2,"JONES, CARLIK",21:59,6,3,10,0,1,0,0,0,2,2,6,2,2,0,0,0,2,8,-4.0
2024,144,1,P013370   ,0.0,1.0,PAR,4,"WASHINGTON, DUANE",24:59,22,7,10,2,6,2,3,0,1,1,8,0,2,0,1,3,5,22,-2.0
2024,144,1,P011050   ,0.0,0.0,PAR,5,"KOPRIVICA, BALSA",13:54,8,4,5,0,0,0,0,2,3,5,0,3,2,4,0,1,1,17,-5.0
2024,144,1,P012167   ,1.0,0.0,PAR,8,"BOSNJAKOVIC, MITAR",04:37,2,1,1,0,0,0,0,0,0,0,0,1,1,0,0,3,0,-1,-4.0
2024,144,1,P004761   ,0.0,0.0,PAR,9,"MARINKOVIC, VANJA",09:53,1,0,0,0,1,1,2,0,0,0,0,0,0,0,0,1,1,-1,-1.0
2024,144,1,P008232   ,0.0,0.0,PAR,11,"POKUSEVSKI, ALEKSEJ",12:40,2,1,2,0,0,0,1,0,2,2,0,0,2,1,0,2,1,0,8.0
2024,144,1,P012720   ,1.0,1.0,PAR,12,"BROWN, STERLING",33:29,15,3,4,3,7,0,0,1,4,5,3,0,1,0,0,3,2,16,-16.0
2024,144,1,P006760   ,0.0,1.0,PAR,17,"BONGA, ISAAC",32:02,6,0,0,2,3,0,0,2,2,4,0,1,1,1,0,3,2,9,10.0
2024,144,1,P007736   ,0.0,0.0,PAR,19,"LAKIC, ARIJAN",DNP,0,0,0,0,0,0,0,0,0,0,0,0,0,0,0,0,0,0,0.0
2024,144,1,P011836   ,1.0,0.0,PAR,24,"MIKE, ISIAHA",20:22,1,0,0,0,1,1,2,0,3,3,1,1,0,0,0,3,1,2,-1.0
2024,144,1,P011981   ,1.0,1.0,PAR,88,"JONES, TYRIQUE",26:05,16,7,12,0,0,2,6,4,2,6,0,2,4,1,0,0,4,16,0.0
2024,144,1,Team,0.0,0.0,PAR,,Team,,0,0,0,0,0,0,0,0,1,1,0,0,0,0,0,0,0,1,
2024,144,1,Total,,,PAR,,Total,200:00,79,26,44,7,19,6,14,9,20,29,18,10,15,7,1,19,19,89,
2024,144,0,P013371   ,0.0,1.0,ASV,1,"HARRISON, SHAQUILLE",15:40,1,0,2,0,0,1,6,1,3,4,2,2,0,0,1,4,4,1,3.0
2024,144,0,P011225   ,1.0,0.0,ASV,3,"LEE, PARIS",17:11,5,0,1,1,4,2,2,0,0,0,2,0,1,0,0,1,2,3,0.0
2024,144,0,P007027   ,1.0,1.0,ASV,6,"MALEDON, THEO",26:13,21,2,8,4,7,5,6,0,6,6,5,1,3,0,1,0,5,24,3.0
2024,144,0,P004194   ,1.0,0.0,ASV,7,"LAUVERGNE, JOFFREY",24:26,17,6,8,0,1,5,6,3,6,9,0,0,2,1,1,2,6,24,2.0
2024,144,0,P010316   ,0.0,1.0,ASV,8,"AJINCA, MELVIN",25:38,10,2,3,2,5,0,0,0,1,1,1,1,1,0,0,3,0,5,6.0
2024,144,0,P002100   ,0.0,0.0,ASV,12,"DE COLO, NANDO",20:28,14,4,6,2,6,0,0,1,2,3,3,2,3,0,2,1,0,10,-1.0
2024,144,0,P010545   ,1.0,1.0,ASV,13,"SAKO, NEAL",25:46,9,4,8,0,0,1,1,6,3,9,2,1,1,0,2,4,2,12,2.0
2024,144,0,P013405   ,0.0,0.0,ASV,21,"ROBERSON, ANDRE",DNP,0,0,0,0,0,0,0,0,0,0,0,0,0,0,0,0,0,0,0.0
2024,144,0,P003526   ,1.0,1.0,ASV,23,"LIGHTY, DAVID",21:41,3,0,0,1,2,0,0,1,2,3,1,1,3,0,0,1,0,3,4.0
2024,144,0,P012731   ,0.0,0.0,ASV,24,"NDIAYE, MBAYE",12:32,0,0,0,0,1,0,0,0,0,0,1,2,1,0,0,2,0,-1,-7.0
2024,144,0,P008991   ,0.0,0.0,ASV,28,"BLACK, TARIK",09:57,2,1,1,0,0,0,0,0,0,0,0,0,1,0,0,1,0,0,2.0
2024,144,0,P012263   ,0.0,0.0,ASV,30,"SISSOKO, YOHANN",00:28,0,0,0,0,0,0,0,0,0,0,0,0,0,0,0,0,0,0,1.0
2024,144,0,Team,0.0,0.0,ASV,,Team,,0,0,0,0,0,0,0,5,1,6,0,0,1,0,0,0,0,5,
2024,144,0,Total,,,ASV,,Total,200:00,82,19,37,10,26,14,21,17,24,41,17,10,17,1,7,19,19,86,
2024,145,1,P011209   ,1.0,1.0,PAN,0,"KALAITZAKIS, PANAGIOTIS",19:12,8,4,4,0,1,0,0,1,2,3,3,1,0,1,0,2,0,13,35.0
2024,145,1,P009622   ,0.0,0.0,PAN,2,"BROWN, LORENZO",17:05,18,5,6,2,2,2,2,0,1,1,3,0,2,0,0,1,5,23,5.0
2024,145,1,P001926   ,0.0,0.0,PAN,10,"SLOUKAS, KOSTAS",13:31,5,1,1,0,3,3,3,1,0,1,2,1,1,0,0,1,2,6,-17.0
2024,145,1,P004088   ,0.0,1.0,PAN,16,"OSMAN, CEDI",18:03,8,1,1,2,5,0,0,0,2,2,0,0,1,0,0,2,0,4,5.0
2024,145,1,P011442   ,0.0,1.0,PAN,20,"SAMODUROV, ALEXANDROS",03:07,1,0,0,0,0,1,2,2,0,2,0,0,0,0,0,0,1,3,0.0
2024,145,1,P011204   ,1.0,0.0,PAN,22,"GRANT, JERIAN",21:08,4,1,2,0,3,2,2,1,0,1,2,0,0,0,1,1,3,4,29.0
2024,145,1,P012774   ,1.0,0.0,PAN,25,"NUNN, KENDRICK",29:43,26,4,6,6,12,0,0,0,1,1,9,4,2,0,1,1,0,28,46.0
2024,145,1,P003842   ,1.0,0.0,PAN,26,"LESSORT, MATHIAS",16:29,10,5,6,0,0,0,1,4,2,6,2,2,0,0,1,1,5,21,24.0
2024,145,1,P011221   ,0.0,1.0,PAN,37,"ANTETOKOUNMPO, KOSTAS",11:35,2,1,2,0,0,0,0,1,1,2,1,0,0,1,1,1,1,4,11.0
2024,145,1,P012712   ,1.0,0.0,PAN,41,"HERNANGOMEZ, JUANCHO",20:05,11,1,2,3,4,0,0,1,6,7,1,0,0,0,1,0,0,16,29.0
2024,145,1,P007866   ,0.0,0.0,PAN,44,"MITOGLOU, KONSTANTINOS",15:45,7,1,2,1,2,2,3,0,2,2,0,0,0,1,0,1,1,7,6.0
2024,145,1,P005353   ,0.0,1.0,PAN,77,"YURTSEVEN, OMER",14:17,4,2,3,0,0,0,0,0,4,4,0,0,3,2,1,2,0,3,2.0
2024,145,1,Team,0.0,0.0,PAN,,Team,,0,0,0,0,0,0,0,1,1,2,0,0,0,0,0,0,0,2,
2024,145,1,Total,,,PAN,,Total,200:00,104,26,35,14,32,10,13,12,22,34,23,8,9,5,6,13,18,134,
2024,145,0,P011948   ,1.0,0.0,BAS,0,"HOWARD, MARKUS",20:21,5,1,2,1,8,0,0,0,2,2,3,0,2,0,2,1,1,-2,-31.0
2024,145,0,P008850   ,0.0,0.0,BAS,2,"RAIESTE, SANDER",18:47,8,0,2,2,4,2,2,0,0,0,1,0,0,0,1,4,2,2,-7.0
2024,145,0,P010784   ,0.0,1.0,BAS,6,"SAVKOV, PAVEL",01:25,3,0,0,1,1,0,0,0,0,0,0,0,0,0,0,1,0,2,0.0
2024,145,0,P007230   ,1.0,0.0,BAS,8,"SEDEKERSKIS, TADAS",26:36,8,4,9,0,0,0,0,2,3,5,0,0,2,2,1,2,0,5,-23.0
2024,145,0,P004058   ,0.0,0.0,BAS,10,"JARAMAZ, OGNJEN",DNP,0,0,0,0,0,0,0,0,0,0,0,0,0,0,0,0,0,0,0.0
2024,145,0,P013367   ,1.0,0.0,BAS,11,"FORREST, TRENT",15:22,0,0,3,0,2,0,0,0,2,2,2,0,2,0,0,2,0,-5,-28.0
2024,145,0,P011085   ,0.0,1.0,BAS,17,"ROGKAVOPOULOS, NIKOLAOS",17:04,7,1,2,1,4,2,2,2,3,5,0,0,1,1,0,0,1,9,-10.0
2024,145,0,P008072   ,0.0,1.0,BAS,18,"DIOP, KHALIFA",21:09,4,2,3,0,0,0,0,1,1,2,1,1,2,1,0,2,1,5,0.0
2024,145,0,P012597   ,0.0,1.0,BAS,44,"BALDWIN, KAMAR",25:37,13,3,5,1,3,4,4,0,1,1,6,1,2,0,1,3,3,14,-10.0
2024,145,0,P011196   ,1.0,0.0,BAS,45,"HALL, DONTA",15:54,5,2,3,0,0,1,1,1,1,2,1,0,1,0,0,2,1,5,-30.0
2024,145,0,P012058   ,0.0,1.0,BAS,46,"NDIAYE, OUSMANE",05:11,0,0,0,0,1,0,0,0,1,1,0,0,1,0,0,0,0,-1,-7.0
2024,145,0,P012201   ,1.0,0.0,BAS,95,"MONEKE, CHIMA",32:34,16,5,7,1,2,3,4,6,2,8,2,2,3,2,0,1,4,26,-29.0
2024,145,0,Team,0.0,0.0,BAS,,Team,,0,0,0,0,0,0,0,2,0,2,0,0,0,0,0,0,0,2,
2024,145,0,Total,,,BAS,,Total,200:00,69,18,36,7,25,12,13,14,16,30,16,4,16,6,5,18,13,62,
2024,146,1,P012608   ,1.0,1.0,PRS,0,"SHORTS, TJ",28:24,22,9,16,0,1,4,5,0,1,1,8,0,0,0,1,2,9,28,12.0
2024,146,1,P012640   ,0.0,1.0,PRS,2,"HIFI, NADIR",17:45,15,2,9,3,7,2,2,1,1,2,1,0,2,0,0,2,1,4,-14.0
2024,146,1,P012610   ,1.0,1.0,PRS,3,"WARD, TYSON",28:24,14,1,2,4,7,0,0,0,2,2,1,0,0,0,0,4,2,11,11.0
2024,146,1,P013373   ,0.0,0.0,PRS,4,"CAVALIERE, LEOPOLD",12:12,2,1,2,0,0,0,0,4,1,5,0,1,0,0,0,3,1,5,-15.0
2024,146,1,P005793   ,1.0,0.0,PRS,5,"SY, BANDJA",20:05,4,2,2,0,0,0,0,1,1,2,0,1,0,0,0,0,1,8,-3.0
2024,146,1,P012611   ,0.0,0.0,PRS,7,"HERRERA, SEBASTIAN",DNP,0,0,0,0,0,0,0,0,0,0,0,0,0,0,0,0,0,0,0.0
2024,146,1,P004512   ,0.0,0.0,PRS,8,"KRATZER, LEON",DNP,0,0,0,0,0,0,0,0,0,0,0,0,0,0,0,0,0,0,0.0
2024,146,1,P007032   ,0.0,1.0,PRS,12,"LO, MAODO",21:54,9,2,5,1,4,2,2,0,0,0,0,1,1,0,0,3,4,4,-17.0
2024,146,1,P010390   ,1.0,1.0,PRS,13,"HAYES, KEVARRIUS",26:52,9,4,4,0,0,1,2,4,3,7,3,1,2,0,0,3,1,15,16.0
2024,146,1,P012613   ,1.0,0.0,PRS,20,"JANTUNEN, MIKAEL",25:21,5,1,1,1,2,0,0,1,3,4,2,0,0,0,0,3,0,7,8.0
2024,146,1,P004197   ,0.0,0.0,PRS,24,"OUATTARA, YAKUBA",11:36,3,0,2,1,1,0,0,2,0,2,0,0,1,0,0,0,0,2,-15.0
2024,146,1,P011949   ,0.0,0.0,PRS,34,"HOMMES, DAULTON",07:27,0,0,0,0,1,0,0,0,1,1,1,1,0,0,0,5,0,-3,-3.0
2024,146,1,Team,0.0,0.0,PRS,,Team,,0,0,0,0,0,0,0,2,1,3,0,0,2,0,0,0,0,1,
2024,146,1,Total,,,PRS,,Total,200:00,83,22,43,10,23,9,11,15,14,29,16,5,8,0,1,25,19,82,
2024,146,0,P009863   ,0.0,1.0,ULK,2,"BALDWIN IV, WADE",24:26,11,5,6,0,4,1,2,3,2,5,8,0,1,0,0,3,1,15,15.0
2024,146,0,P002849   ,0.0,0.0,ULK,4,"MELLI, NICOLO",11:36,2,1,1,0,1,0,0,1,1,2,1,0,0,0,0,1,1,4,-12.0
2024,146,0,P002968   ,0.0,0.0,ULK,5,"SANLI, SERTAC",18:58,9,1,2,1,5,4,5,1,3,4,0,1,1,0,0,2,3,8,1.0
2024,146,0,P002969   ,0.0,0.0,ULK,10,"MAHMUTOGLU, MELIH",DNP,0,0,0,0,0,0,0,0,0,0,0,0,0,0,0,0,0,0,0.0
2024,146,0,P008962   ,1.0,1.0,ULK,11,"HAYES-DAVIS, NIGEL",33:07,14,2,7,2,4,4,5,4,1,5,0,0,1,0,0,1,5,14,16.0
2024,146,0,P006961   ,0.0,1.0,ULK,13,"BIBEROVIC, TARIK",23:03,14,1,1,4,7,0,0,1,1,2,0,0,2,0,0,1,0,10,13.0
2024,146,0,P011205   ,1.0,1.0,ULK,20,"HALL, DEVON",23:06,2,0,3,0,3,2,3,5,1,6,3,0,3,1,0,2,3,3,-13.0
2024,146,0,P010560   ,0.0,0.0,ULK,21,"PIERRE, DYSHAWN",13:51,6,0,1,2,3,0,0,2,3,5,2,0,0,0,0,2,2,11,16.0
2024,146,0,P004004   ,0.0,1.0,ULK,23,"GUDURIC, MARKO",23:11,19,3,5,2,8,7,7,1,2,3,2,0,2,0,0,4,6,16,10.0
2024,146,0,P008104   ,1.0,0.0,ULK,32,"ZAGARS, ARTURS",03:26,0,0,0,0,2,0,0,0,0,0,0,0,0,0,0,1,0,-3,-8.0
2024,146,0,P009783   ,1.0,0.0,ULK,50,"COLSON, BONZIE",11:09,5,1,2,1,2,0,0,2,1,3,0,1,0,0,0,2,1,6,-14.0
2024,146,0,P007182   ,1.0,0.0,ULK,92,"BIRCH, KHEM",14:07,5,1,3,0,0,3,5,4,3,7,1,0,1,0,0,1,3,10,-4.0
2024,146,0,Team,0.0,0.0,ULK,,Team,,0,0,0,0,0,0,0,6,2,8,0,0,1,0,0,0,0,7,
2024,146,0,Total,,,ULK,,Total,200:00,87,15,31,12,39,21,27,30,20,50,17,2,12,1,0,20,25,101,
2024,147,1,P003733   ,0.0,0.0,MAD,6,"ABALDE, ALBERTO",20:24,8,1,1,2,3,0,0,0,3,3,2,0,1,0,0,2,0,9,6.0
2024,147,1,P005928   ,0.0,0.0,MAD,7,"CAMPAZZO, FACUNDO",15:53,12,2,3,1,1,5,5,0,1,1,4,1,2,1,0,0,5,21,10.0
2024,147,1,P011649   ,0.0,1.0,MAD,9,"GONZALEZ, HUGO",14:03,2,1,2,0,0,0,0,0,3,3,1,1,1,1,0,3,1,4,-8.0
2024,147,1,P003108   ,0.0,0.0,MAD,11,"HEZONJA, MARIO",19:31,13,3,4,2,4,1,1,0,5,5,1,1,1,0,0,2,1,15,18.0
2024,147,1,P006540   ,1.0,1.0,MAD,13,"MUSA, DZANAN",23:09,22,5,8,3,4,3,6,3,2,5,5,0,3,0,1,1,6,26,22.0
2024,147,1,P009005   ,1.0,0.0,MAD,14,"DECK, GABRIEL",17:53,12,2,2,1,2,5,6,0,2,2,1,1,1,0,0,0,3,16,9.0
2024,147,1,P007630   ,0.0,0.0,MAD,16,"GARUBA, USMAN",15:01,9,2,3,0,0,5,6,1,5,6,2,1,2,2,0,3,4,17,21.0
2024,147,1,P003583   ,0.0,1.0,MAD,18,"IBAKA, SERGE",14:33,5,1,2,1,2,0,0,0,4,4,0,1,3,1,0,4,1,3,-7.0
2024,147,1,P005791   ,1.0,0.0,MAD,22,"TAVARES, WALTER",10:26,2,1,3,0,0,0,0,0,0,0,0,0,2,0,0,3,0,-5,8.0
2024,147,1,PTGB      ,0.0,0.0,MAD,23,"LLULL, SERGIO",06:37,0,0,1,0,2,0,0,0,0,0,2,0,0,0,1,0,0,-2,5.0
2024,147,1,P011247   ,1.0,1.0,MAD,24,"FELIZ, ANDRES",22:29,5,2,4,0,2,1,1,2,0,2,4,0,1,0,2,4,1,1,8.0
2024,147,1,P009213   ,1.0,1.0,MAD,30,"NDIAYE, ELI",20:01,4,2,5,0,2,0,0,0,5,5,0,2,0,0,0,2,2,6,18.0
2024,147,1,Team,0.0,0.0,MAD,,Team,,0,0,0,0,0,0,0,2,3,5,0,0,0,0,0,0,0,5,
2024,147,1,Total,,,MAD,,Total,200:00,94,22,38,10,22,20,25,8,33,41,22,8,17,5,4,24,24,116,
2024,147,0,P011231   ,0.0,0.0,MCO,4,"BLOSSOMGAME, JARON",16:11,2,1,1,0,2,0,0,0,3,3,0,0,3,0,0,1,2,1,-17.0
2024,147,0,P009754   ,1.0,1.0,MCO,8,"LOYD, JORDAN",25:13,13,3,5,2,6,1,2,0,2,2,2,1,4,1,0,3,4,9,-14.0
2024,147,0,P005844   ,0.0,0.0,MCO,9,"PAPAGIANNIS, GEORGIOS",08:34,0,0,2,0,1,0,0,0,2,2,1,0,0,0,1,1,0,-2,-17.0
2024,147,0,P005763   ,0.0,0.0,MCO,10,"KORKMAZ, FURKAN",15:52,2,1,3,0,0,0,0,0,4,4,0,0,0,0,0,1,2,5,-6.0
2024,147,0,P004790   ,0.0,1.0,MCO,12,"CORNELIE, PETR",13:49,4,2,2,0,3,0,0,1,2,3,0,0,0,0,0,3,0,1,5.0
2024,147,0,P002581   ,0.0,0.0,MCO,14,"JAITEH, MAM",12:07,4,2,4,0,0,0,0,0,1,1,1,2,3,1,0,1,0,3,-3.0
2024,147,0,PLCZ      ,1.0,0.0,MCO,20,"MOTIEJUNAS, DONATAS",16:43,12,4,5,1,1,1,2,1,1,2,0,1,1,2,1,3,2,12,-7.0
2024,147,0,P012515   ,1.0,1.0,MCO,22,"TARPEY, TERRY",19:24,2,0,1,0,0,2,2,0,1,1,1,2,0,0,0,2,2,5,-17.0
2024,147,0,P008161   ,0.0,0.0,MCO,23,"BEGARIN, JUHANN",05:18,0,0,0,0,1,0,0,0,1,1,0,0,1,0,0,4,0,-5,-5.0
2024,147,0,P013365   ,1.0,1.0,MCO,30,"BROWN, VITTO",14:18,4,0,1,1,2,1,3,0,2,2,1,0,1,0,0,2,1,1,-6.0
2024,147,0,P008099   ,0.0,1.0,MCO,32,"STRAZEL, MATTHEW",22:55,10,1,3,2,3,2,3,0,0,0,3,0,1,0,1,1,4,10,-11.0
2024,147,0,P005985   ,1.0,0.0,MCO,55,"JAMES, MIKE",29:36,19,6,13,1,5,4,5,1,3,4,8,1,1,0,2,2,7,22,-12.0
2024,147,0,Team,0.0,0.0,MCO,,Team,,0,0,0,0,0,0,0,4,0,4,0,0,0,0,0,0,0,4,
2024,147,0,Total,,,MCO,,Total,200:00,72,20,40,7,24,11,17,7,22,29,17,7,15,4,5,24,24,66,
2024,148,1,P007200   ,0.0,1.0,IST,0,"LARKIN, SHANE",28:56,11,4,4,1,4,0,1,0,3,3,6,1,2,0,1,0,4,18,15.0
2024,148,1,P006590   ,0.0,1.0,IST,1,"BEAUBOIS, RODRIGUE",18:49,12,0,1,4,7,0,0,0,2,2,0,0,0,2,0,2,2,12,14.0
2024,148,1,P013363   ,1.0,0.0,IST,3,"NWORA, JORDAN",21:59,11,1,3,3,6,0,0,1,2,3,2,1,0,1,0,2,0,11,3.0
2024,148,1,P009846   ,1.0,0.0,IST,6,"BRYANT, ELIJAH",18:13,2,1,3,0,0,0,0,0,3,3,4,1,2,0,0,2,1,5,-1.0
2024,148,1,P007109   ,0.0,0.0,IST,11,"SMITS, ROLANDS",06:47,2,1,1,0,2,0,0,1,0,1,0,0,1,0,1,1,0,-2,-5.0
2024,148,1,P011078   ,1.0,1.0,IST,13,"THOMPSON, DARIUS",28:19,11,1,3,3,5,0,0,0,0,0,11,0,0,0,2,1,3,18,-3.0
2024,148,1,P013364   ,0.0,0.0,IST,14,"JOHNSON, STANLEY",03:44,0,0,1,0,0,0,0,0,2,2,0,0,0,0,0,0,0,1,-1.0
2024,148,1,P004887   ,1.0,0.0,IST,17,"POIRIER, VINCENT",15:02,6,3,5,0,0,0,0,2,0,2,0,1,0,0,1,1,1,6,-4.0
2024,148,1,P009513   ,0.0,0.0,IST,21,"HOLLATZ, JUSTUS",DNP,0,0,0,0,0,0,0,0,0,0,0,0,0,0,0,0,0,0,0.0
2024,148,1,P012710   ,1.0,1.0,IST,24,"OSMANI, ERCAN",34:57,25,6,7,4,7,1,2,3,3,6,4,2,3,0,1,4,5,29,12.0
2024,148,1,P012788   ,0.0,1.0,IST,25,"OTURU, DAN",23:14,6,3,4,0,0,0,0,1,4,5,0,0,2,4,0,4,0,8,15.0
2024,148,1,P009664   ,0.0,0.0,IST,35,"WILLIS, DEREK",DNP,0,0,0,0,0,0,0,0,0,0,0,0,0,0,0,0,0,0,0.0
2024,148,1,Team,0.0,0.0,IST,,Team,,0,0,0,0,0,0,0,1,0,1,0,0,1,0,0,0,0,0,
2024,148,1,Total,,,IST,,Total,200:00,86,20,32,15,31,1,3,9,19,28,27,6,11,7,6,17,16,106,
2024,148,0,P007870   ,0.0,1.0,PAR,0,"DAVIES, BRANDON",16:20,7,2,4,1,2,0,0,2,4,6,2,1,0,0,0,4,3,12,-8.0
2024,148,0,P013369   ,1.0,1.0,PAR,2,"JONES, CARLIK",34:06,8,4,11,0,3,0,0,1,3,4,4,0,2,0,3,2,3,2,-11.0
2024,148,0,P013370   ,0.0,0.0,PAR,4,"WASHINGTON, DUANE",19:35,10,3,7,1,3,1,2,0,0,0,3,0,2,0,1,1,3,5,-9.0
2024,148,0,P011050   ,0.0,0.0,PAR,5,"KOPRIVICA, BALSA",DNP,0,0,0,0,0,0,0,0,0,0,0,0,0,0,0,0,0,0,0.0
2024,148,0,P007632   ,0.0,0.0,PAR,7,"NAKIC, MARIO",05:59,2,1,2,0,1,0,0,0,1,1,0,0,0,0,0,1,0,0,-4.0
2024,148,0,P012167   ,0.0,0.0,PAR,8,"BOSNJAKOVIC, MITAR",DNP,0,0,0,0,0,0,0,0,0,0,0,0,0,0,0,0,0,0,0.0
2024,148,0,P008232   ,1.0,0.0,PAR,11,"POKUSEVSKI, ALEKSEJ",25:41,4,2,2,0,0,0,0,0,2,2,5,1,3,6,0,3,1,13,2.0
2024,148,0,P012720   ,1.0,1.0,PAR,12,"BROWN, STERLING",32:15,15,3,3,3,5,0,0,0,1,1,2,0,2,0,1,1,0,12,3.0
2024,148,0,P006760   ,1.0,1.0,PAR,17,"BONGA, ISAAC",29:07,8,2,3,1,2,1,1,1,2,3,0,0,2,0,1,1,2,7,-10.0
2024,148,0,P007736   ,0.0,0.0,PAR,19,"LAKIC, ARIJAN",DNP,0,0,0,0,0,0,0,0,0,0,0,0,0,0,0,0,0,0,0.0
2024,148,0,P011836   ,0.0,0.0,PAR,24,"MIKE, ISIAHA",08:33,0,0,1,0,2,0,0,1,1,2,0,0,0,0,1,0,0,-2,-3.0
2024,148,0,P011981   ,1.0,1.0,PAR,88,"JONES, TYRIQUE",28:24,23,8,9,0,0,7,8,0,5,5,1,0,2,0,0,4,5,26,-5.0
2024,148,0,Team,0.0,0.0,PAR,,Team,,0,0,0,0,0,0,0,6,0,6,0,0,0,0,0,0,0,6,
2024,148,0,Total,,,PAR,,Total,200:00,77,25,42,6,18,9,11,11,19,30,17,2,13,6,7,17,17,81,
2024,149,1,P013403   ,1.0,0.0,ZAL,1,"WALKER IV, LONNIE",13:54,0,0,2,0,3,0,0,0,3,3,4,0,2,0,0,2,1,-1,-2.0
2024,149,1,P007975   ,1.0,1.0,ZAL,3,"FRANCISCO, SYLVAIN",34:16,22,2,6,4,8,6,7,1,5,6,2,2,3,0,0,3,8,25,-1.0
2024,149,1,P011983   ,0.0,0.0,ZAL,8,"BRAZDEIKIS, IGNAS",07:18,2,0,2,0,1,2,2,1,0,1,1,0,0,0,0,1,1,1,-8.0
2024,149,1,P007513   ,0.0,1.0,ZAL,9,"GIEDRAITIS, DOVYDAS",18:31,0,0,1,0,0,0,0,0,0,0,3,0,1,0,1,3,2,-1,-7.0
2024,149,1,P005504   ,1.0,1.0,ZAL,15,"BIRUTIS, LAURYNAS",13:55,8,4,6,0,0,0,0,1,1,2,2,0,1,0,0,2,0,7,8.0
2024,149,1,P011051   ,0.0,0.0,ZAL,18,"SMAILAGIC, ALEN",08:00,4,1,1,0,2,2,2,0,0,0,0,0,1,0,0,2,1,0,-10.0
2024,149,1,P012622   ,0.0,0.0,ZAL,21,"MITCHELL, MATTHEW",07:25,0,0,0,0,2,0,0,0,0,0,0,0,1,0,0,1,0,-4,-2.0
2024,149,1,P003048   ,0.0,0.0,ZAL,42,"DUNSTON, BRYANT",18:05,8,4,5,0,0,0,0,0,0,0,1,0,0,1,0,1,2,10,-4.0
2024,149,1,P012715   ,0.0,1.0,ZAL,45,"MANEK, BRADY",14:48,9,0,0,3,5,0,0,1,3,4,0,0,1,0,0,1,0,9,-8.0
2024,149,1,P002676   ,0.0,0.0,ZAL,51,"BUTKEVICIUS, ARNAS",23:09,5,1,2,1,3,0,0,2,7,9,2,0,3,0,0,3,0,7,1.0
2024,149,1,P007029   ,1.0,1.0,ZAL,91,"SIRVYDIS, DEIVIDAS",18:35,10,1,2,2,5,2,4,3,2,5,1,1,2,0,0,1,2,10,0.0
2024,149,1,P002329   ,1.0,0.0,ZAL,92,"ULANOVAS, EDGARAS",22:04,4,1,1,0,0,2,4,2,0,2,2,0,1,0,0,4,4,5,3.0
2024,149,1,Team,0.0,0.0,ZAL,,Team,,0,0,0,0,0,0,0,1,4,5,0,0,2,0,0,0,0,3,
2024,149,1,Total,,,ZAL,,Total,200:00,72,14,28,10,29,14,19,12,25,37,18,3,18,1,1,24,21,71,
2024,149,0,P013371   ,0.0,0.0,ASV,1,"HARRISON, SHAQUILLE",14:47,4,2,4,0,1,0,0,0,0,0,0,1,1,0,1,3,0,-3,6.0
2024,149,0,P011225   ,1.0,1.0,ASV,3,"LEE, PARIS",22:50,12,1,2,1,4,7,8,0,2,2,3,1,3,0,0,1,7,16,3.0
2024,149,0,P007027   ,1.0,1.0,ASV,6,"MALEDON, THEO",31:16,17,2,6,2,5,7,7,1,3,4,6,1,1,0,0,1,5,24,0.0
2024,149,0,P010316   ,1.0,0.0,ASV,8,"AJINCA, MELVIN",27:11,17,2,3,4,7,1,1,1,3,4,0,0,0,0,0,1,1,17,9.0
2024,149,0,P000229   ,0.0,0.0,ASV,11,"JACKSON, EDWIN",DNP,0,0,0,0,0,0,0,0,0,0,0,0,0,0,0,0,0,0,0.0
2024,149,0,P002100   ,0.0,1.0,ASV,12,"DE COLO, NANDO",22:42,11,1,1,2,5,3,3,0,2,2,1,1,2,0,0,3,4,11,-2.0
2024,149,0,P010545   ,1.0,1.0,ASV,13,"SAKO, NEAL",18:19,5,2,4,0,0,1,2,2,3,5,1,1,0,0,0,2,2,9,-8.0
2024,149,0,P013405   ,1.0,1.0,ASV,21,"ROBERSON, ANDRE",28:21,8,3,7,0,2,2,3,3,4,7,0,0,1,0,0,3,2,6,9.0
2024,149,0,P003526   ,0.0,0.0,ASV,23,"LIGHTY, DAVID",13:18,0,0,2,0,0,0,0,0,0,0,0,0,0,0,0,2,1,-3,1.0
2024,149,0,P008991   ,0.0,0.0,ASV,28,"BLACK, TARIK",21:16,4,1,3,0,0,2,2,1,2,3,2,2,2,1,0,5,2,5,12.0
2024,149,0,P012263   ,0.0,0.0,ASV,30,"SISSOKO, YOHANN",DNP,0,0,0,0,0,0,0,0,0,0,0,0,0,0,0,0,0,0,0.0
2024,149,0,Team,0.0,0.0,ASV,,Team,,0,0,0,0,0,0,0,1,3,4,0,0,1,0,0,0,0,3,
2024,149,0,Total,,,ASV,,Total,200:00,78,14,32,9,24,23,26,9,22,31,13,7,11,1,1,21,24,85,
2024,150,1,P009549   ,1.0,1.0,VIR,0,"CORDINIER, ISAIA",33:18,24,5,6,2,5,8,10,1,5,6,7,1,1,1,0,2,8,38,2.0
2024,150,1,PBCN      ,0.0,1.0,VIR,3,"BELINELLI, MARCO",08:31,6,2,4,0,3,2,2,1,0,1,0,0,0,0,0,1,1,2,5.0
2024,150,1,P006739   ,0.0,1.0,VIR,6,"PAJOLA, ALESSANDRO",24:31,9,2,3,1,2,2,4,0,2,2,7,0,2,0,0,1,4,15,12.0
2024,150,1,P004888   ,1.0,0.0,VIR,8,"CLYBURN, WILL",26:39,6,3,6,0,4,0,0,2,0,2,2,2,1,1,0,3,2,4,3.0
2024,150,1,P001844   ,1.0,1.0,VIR,23,"HACKETT, DANIEL",15:37,3,0,3,1,3,0,0,1,3,4,1,0,0,0,0,1,1,3,-3.0
2024,150,1,P005738   ,1.0,0.0,VIR,24,"GRAZULIS, ANDREJS",17:10,3,0,1,1,3,0,0,0,1,1,3,0,0,0,0,4,0,0,1.0
2024,150,1,P012585   ,0.0,0.0,VIR,30,"MORGAN, MATTHEW",14:39,10,3,3,0,1,4,4,1,0,1,1,0,1,0,0,2,4,12,4.0
2024,150,1,P002084   ,0.0,0.0,VIR,33,"POLONARA, ACHILLE",19:36,5,1,1,1,5,0,0,1,5,6,0,0,2,0,0,1,0,4,-4.0
2024,150,1,P013374   ,0.0,1.0,VIR,35,"DIOUF, MOUHAMET",17:27,8,3,6,0,0,2,4,2,2,4,2,1,0,2,1,1,3,13,7.0
2024,150,1,P004554   ,1.0,0.0,VIR,41,"ZIZIC, ANTE",22:32,12,6,10,0,0,0,0,8,3,11,0,0,3,0,1,1,1,15,-2.0
2024,150,1,P011816   ,0.0,0.0,VIR,45,"AKELE, NICOLA",DNP,0,0,0,0,0,0,0,0,0,0,0,0,0,0,0,0,0,0,0.0
2024,150,1,P012591   ,0.0,0.0,VIR,59,"TUCKER, RAYJON",DNP,0,0,0,0,0,0,0,0,0,0,0,0,0,0,0,0,0,0,0.0
2024,150,1,Team,0.0,0.0,VIR,,Team,,0,0,0,0,0,0,0,2,3,5,0,0,0,0,0,0,0,5,
2024,150,1,Total,,,VIR,,Total,200:00,86,25,43,6,26,18,24,19,24,43,23,4,10,4,2,17,24,111,
2024,150,0,P009862   ,1.0,1.0,BAR,0,"PUNTER, KEVIN",30:27,17,2,5,3,7,4,4,2,4,6,4,0,2,0,0,3,6,21,-2.0
2024,150,0,P012795   ,1.0,1.0,BAR,1,"ANDERSON, JUSTIN",24:53,7,2,4,1,1,0,0,1,1,2,1,1,1,0,0,4,1,5,6.0
2024,150,0,P011666   ,0.0,0.0,BAR,2,"SARR, DAME",DNP,0,0,0,0,0,0,0,0,0,0,0,0,0,0,0,0,0,0,0.0
2024,150,0,P000925   ,1.0,1.0,BAR,6,"VESELY, JAN",21:17,8,4,7,0,1,0,0,1,4,5,0,1,1,0,0,4,0,5,-9.0
2024,150,0,P009992   ,0.0,0.0,BAR,8,"BRIZUELA, DARIO",11:30,5,1,2,1,2,0,0,1,2,3,1,2,2,0,0,4,1,4,-4.0
2024,150,0,P002939   ,1.0,1.0,BAR,13,"SATORANSKY, TOMAS",29:49,0,0,5,0,1,0,0,1,3,4,8,2,0,0,0,3,1,6,6.0
2024,150,0,P003196   ,0.0,0.0,BAR,14,"HERNANGOMEZ, WILLY",14:35,14,6,7,0,0,2,2,2,1,3,0,1,0,2,0,2,2,19,8.0
2024,150,0,P010106   ,0.0,0.0,BAR,17,"NUNEZ, JUAN",08:28,0,0,4,0,0,0,0,1,0,1,2,0,0,0,1,0,2,0,-11.0
2024,150,0,P006568   ,0.0,0.0,BAR,19,"FALL, YOUSSOUPHA",04:07,4,2,4,0,0,0,0,2,0,2,0,0,0,0,0,1,0,3,-4.0
2024,150,0,P003478   ,0.0,0.0,BAR,21,"ABRINES, ALEX",14:54,5,1,1,1,4,0,0,2,0,2,0,0,1,0,1,1,0,1,-10.0
2024,150,0,P012745   ,1.0,1.0,BAR,22,"PARKER, JABARI",31:20,21,8,9,1,7,2,2,1,4,5,2,0,2,0,0,1,4,22,-4.0
2024,150,0,P007464   ,0.0,0.0,BAR,44,"PARRA, JOEL",08:40,0,0,4,0,1,0,0,0,0,0,1,0,1,0,2,1,0,-8,-1.0
2024,150,0,Team,0.0,0.0,BAR,,Team,,0,0,0,0,0,0,0,4,1,5,0,0,0,0,0,0,0,5,
2024,150,0,Total,,,BAR,,Total,200:00,81,26,52,7,24,8,8,18,20,38,19,7,10,2,4,24,17,83,
2024,151,1,P008855   ,1.0,1.0,OLY,0,"WALKUP, THOMAS",16:54,3,0,1,1,1,0,0,0,1,1,3,1,2,0,0,3,0,2,11.0
2024,151,1,P007982   ,0.0,0.0,OLY,1,"WILLIAMS-GOSS, NIGEL",15:41,4,1,4,0,1,2,2,0,1,1,1,1,1,0,0,1,1,2,-3.0
2024,151,1,P010392   ,0.0,0.0,OLY,5,"LARENTZAKIS, GIANNOULIS",DNP,0,0,0,0,0,0,0,0,0,0,0,0,0,0,0,0,0,0,0.0
2024,151,1,P007947   ,0.0,1.0,OLY,8,"VILDOZA, LUCA",14:58,5,1,3,1,2,0,0,0,0,0,2,1,1,0,0,1,2,5,-2.0
2024,151,1,P008811   ,1.0,0.0,OLY,10,"FALL, MOUSTAPHA",25:03,18,9,9,0,0,0,1,4,1,5,3,1,1,3,0,4,1,25,17.0
2024,151,1,P003469   ,1.0,1.0,OLY,14,"VEZENKOV, SASHA",28:19,17,3,5,2,7,5,5,2,4,6,1,0,2,0,0,0,4,19,7.0
2024,151,1,P001255   ,1.0,1.0,OLY,16,"PAPANIKOLAOU, KOSTAS",15:23,2,1,3,0,2,0,2,1,4,5,3,1,0,2,0,2,1,6,13.0
2024,151,1,P009849   ,0.0,0.0,OLY,22,"DORSEY, TYLER",13:55,3,0,0,1,3,0,0,0,0,0,1,0,0,0,0,2,2,2,-3.0
2024,151,1,P008829   ,0.0,0.0,OLY,25,"PETERS, ALEC",11:41,2,1,2,0,2,0,0,2,0,2,2,1,0,0,0,0,1,5,-2.0
2024,151,1,P003941   ,0.0,0.0,OLY,33,"MILUTINOV, NIKOLA",14:36,3,1,1,0,0,1,1,3,3,6,0,0,1,0,0,2,3,9,-14.0
2024,151,1,P007853   ,0.0,0.0,OLY,77,"MCKISSIC, SHAQUIELLE",20:37,10,4,6,0,0,2,6,1,1,2,0,2,1,0,1,1,4,9,-12.0
2024,151,1,P013380   ,1.0,1.0,OLY,94,"FOURNIER, EVAN",22:53,23,3,6,4,10,5,6,0,1,1,3,0,1,0,0,3,4,17,13.0
2024,151,1,Team,0.0,0.0,OLY,,Team,,0,0,0,0,0,0,0,1,1,2,0,0,1,0,0,0,0,1,
2024,151,1,Total,,,OLY,,Total,200:00,90,24,40,9,28,15,23,14,17,31,19,8,11,5,1,19,23,102,
2024,151,0,P008173   ,1.0,0.0,BER,3,"SPAGNOLO, MATTEO",11:54,6,1,2,0,0,4,4,0,1,1,2,0,3,0,1,0,3,7,-13.0
2024,151,0,P011934   ,1.0,1.0,BER,5,"WETZELL, YANNI",19:41,13,5,6,0,1,3,3,0,1,1,1,0,1,0,0,3,3,12,-12.0
2024,151,0,P008211   ,1.0,1.0,BER,6,"DELOW, MALTE",24:21,4,2,5,0,0,0,0,1,5,6,4,3,1,0,1,3,2,11,-13.0
2024,151,0,P007025   ,0.0,0.0,BER,9,"MATTISSECK, JONAS",15:29,0,0,0,0,2,0,0,0,1,1,0,0,1,0,0,2,1,-3,6.0
2024,151,0,P006251   ,0.0,0.0,BER,10,"SCHNEIDER, TIM",13:44,0,0,1,0,2,0,0,0,1,1,0,0,0,0,0,0,0,-2,-1.0
2024,151,0,P008967   ,1.0,1.0,BER,11,"THOMAS, MATT",22:45,19,3,3,4,7,1,4,0,1,1,0,0,2,0,1,3,3,11,-13.0
2024,151,0,P008780   ,0.0,1.0,BER,15,"HERMANNSSON, MARTIN",15:22,6,0,2,0,3,6,6,1,0,1,8,1,3,0,1,2,3,8,-3.0
2024,151,0,P007550   ,0.0,0.0,BER,18,"SAMAR, ZIGA",12:44,8,1,1,2,2,0,0,0,0,0,5,0,2,0,0,3,1,9,11.0
2024,151,0,P006919   ,0.0,0.0,BER,19,"OLINDE, LOUIS",17:25,4,2,2,0,1,0,0,1,2,3,1,0,1,1,0,4,0,3,10.0
2024,151,0,P011631   ,0.0,0.0,BER,25,"RAPIEQUE, ELIAS",08:23,4,2,4,0,0,0,0,1,1,2,0,1,0,0,1,0,0,4,5.0
2024,151,0,P013386   ,1.0,1.0,BER,33,"McCORMACK, DAVID",18:39,8,4,6,0,1,0,0,0,4,4,1,0,3,0,0,1,2,8,-17.0
2024,151,0,P012604   ,0.0,0.0,BER,50,"WILLIAMS, TREVION",19:33,13,2,2,3,4,0,2,0,5,5,2,1,2,0,0,2,1,15,15.0
2024,151,0,Team,0.0,0.0,BER,,Team,,0,0,0,0,0,0,0,4,3,7,0,0,0,0,0,0,0,7,
2024,151,0,Total,,,BER,,Total,200:00,85,22,34,9,23,14,19,8,25,33,24,6,19,1,5,23,19,90,
2024,152,1,P009048   ,1.0,1.0,RED,0,"MILLER-MCINTYRE, CODI",20:42,4,0,2,1,4,1,2,1,2,3,3,0,1,0,0,1,1,3,-13.0
2024,152,1,P010612   ,1.0,0.0,RED,3,"CANAAN, ISAIAH",24:49,9,0,1,3,9,0,0,0,1,1,0,2,1,0,0,3,0,1,14.0
2024,152,1,P007960   ,0.0,0.0,RED,7,"DAVIDOVAC, DEJAN",DNP,0,0,0,0,0,0,0,0,0,0,0,0,0,0,0,0,0,0,0.0
2024,152,1,P002553   ,0.0,0.0,RED,9,"MITROVIC, LUKA",10:48,3,1,2,0,0,1,1,1,3,4,0,0,0,0,0,0,4,10,13.0
2024,152,1,P004866   ,1.0,1.0,RED,12,"KALINIC, NIKOLA",24:53,3,1,3,0,2,1,2,0,4,4,4,2,0,0,0,1,4,11,-5.0
2024,152,1,P009035   ,1.0,1.0,RED,21,"BOLOMBOY, JOEL",29:12,17,8,11,0,1,1,1,3,3,6,0,1,2,2,0,0,2,22,-5.0
2024,152,1,P012786   ,0.0,0.0,RED,24,"DAUM, MIKE",16:54,7,1,2,1,1,2,2,1,3,4,0,0,1,1,0,3,1,8,7.0
2024,152,1,P011194   ,1.0,0.0,RED,30,"PETRUSEV, FILIP",16:08,8,3,4,0,2,2,4,1,1,2,1,1,2,0,0,3,3,5,-1.0
2024,152,1,P006436   ,0.0,1.0,RED,31,"GIEDRAITIS, ROKAS",18:46,6,0,1,2,2,0,0,1,4,5,2,0,0,0,0,2,0,10,9.0
2024,152,1,P006240   ,0.0,0.0,RED,33,"PLAVSIC, UROS",DNP,0,0,0,0,0,0,0,0,0,0,0,0,0,0,0,0,0,0,0.0
2024,152,1,P000848   ,0.0,0.0,RED,36,"NEDOVIC, NEMANJA",17:48,9,1,3,2,5,1,2,0,1,1,2,1,1,1,0,1,3,9,5.0
2024,152,1,P012044   ,0.0,1.0,RED,99,"DOS SANTOS, YAGO",20:00,15,2,3,3,7,2,2,0,3,3,7,0,1,0,0,3,2,18,16.0
2024,152,1,Team,0.0,0.0,RED,,Team,,0,0,0,0,0,0,0,1,1,2,0,0,0,0,0,0,0,2,
2024,152,1,Total,,,RED,,Total,200:00,81,17,32,12,33,11,16,9,26,35,19,7,9,4,0,17,20,99,
2024,152,0,P006835   ,1.0,1.0,TEL,1,"HOARD, JAYLEN",36:54,14,7,11,0,3,0,1,2,9,11,2,1,2,0,1,1,1,17,7.0
2024,152,0,P011202   ,0.0,0.0,TEL,3,"SHAYOK, MARIAL",12:37,2,1,2,0,1,0,0,0,2,2,0,1,1,0,0,4,0,-2,-26.0
2024,152,0,P011219   ,1.0,0.0,TEL,9,"SORKIN, ROMAN",34:55,21,6,14,2,4,3,4,4,5,9,2,1,2,0,1,3,3,19,-3.0
2024,152,0,P011433   ,0.0,0.0,TEL,10,"MAYER, OMER",DNP,0,0,0,0,0,0,0,0,0,0,0,0,0,0,0,0,0,0,0.0
2024,152,0,P013381   ,0.0,0.0,TEL,11,"RAYMAN, WILLIAM",08:57,3,0,0,1,1,0,0,1,0,1,0,0,0,0,0,3,0,1,-10.0
2024,152,0,P007990   ,0.0,0.0,TEL,12,"DIBARTOLOMEO, JOHN",04:23,0,0,0,0,0,0,0,0,0,0,0,0,0,0,0,1,0,-1,-9.0
2024,152,0,P005145   ,0.0,0.0,TEL,15,"COHEN, JAKE",05:57,0,0,1,0,2,0,0,0,0,0,0,0,0,0,1,1,0,-5,-9.0
2024,152,0,P013382   ,1.0,1.0,TEL,20,"RANDOLPH, LEVI",30:09,16,3,5,2,4,4,5,1,3,4,1,0,0,0,0,2,5,19,-1.0
2024,152,0,P007519   ,1.0,1.0,TEL,31,"JOKUBAITIS, ROKAS",28:43,8,3,4,0,1,2,2,0,8,8,4,0,3,0,0,1,5,19,6.0
2024,152,0,P013383   ,0.0,0.0,TEL,32,"GABRIEL, WENYEN",DNP,0,0,0,0,0,0,0,0,0,0,0,0,0,0,0,0,0,0,0.0
2024,152,0,P011193   ,1.0,1.0,TEL,45,"BLATT, TAMIR",27:22,3,0,1,0,5,3,3,2,2,4,9,1,3,0,1,2,3,8,4.0
2024,152,0,P013250   ,0.0,1.0,TEL,55,"DeJULIUS, DAVID",10:03,6,0,0,2,4,0,0,0,0,0,0,0,1,0,0,2,0,1,1.0
2024,152,0,Team,0.0,0.0,TEL,,Team,,0,0,0,0,0,0,0,1,2,3,0,0,1,0,0,0,0,2,
2024,152,0,Total,,,TEL,,Total,200:00,73,20,38,7,25,12,15,11,31,42,18,4,13,0,4,20,17,78,
2024,153,1,P006085   ,0.0,1.0,MIL,1,"DIMITRIJEVIC, NENO",23:14,11,5,6,0,2,1,2,1,1,2,4,1,2,0,0,0,3,15,3.0
2024,153,1,P011064   ,1.0,0.0,MIL,2,"MANNION, NICCOLO",16:46,1,0,1,0,2,1,2,0,2,2,0,0,1,0,0,2,1,-3,-4.0
2024,153,1,P001392   ,1.0,1.0,MIL,5,"CAUSEUR, FABIEN",29:03,13,2,2,3,3,0,0,0,2,2,2,3,1,0,0,4,0,15,6.0
2024,153,1,P008985   ,0.0,0.0,MIL,10,"BOLMARO, LEANDRO",14:23,0,0,2,0,0,0,0,0,1,1,1,2,1,0,1,2,2,0,1.0
2024,153,1,P013384   ,0.0,0.0,MIL,12,"BROOKS, ARMONI",05:16,3,0,0,1,2,0,0,0,1,1,0,0,0,0,0,0,0,3,3.0
2024,153,1,P008987   ,1.0,1.0,MIL,16,"LEDAY, ZACH",31:37,14,1,4,3,7,3,4,0,6,6,1,0,0,0,0,1,4,16,5.0
2024,153,1,P001518   ,0.0,0.0,MIL,17,"RICCI, GIAMPAOLO",DNP,0,0,0,0,0,0,0,0,0,0,0,0,0,0,0,0,0,0,0.0
2024,153,1,P013385   ,0.0,0.0,MIL,25,"DIOP, OUSMANE",02:15,0,0,0,0,0,0,0,0,0,0,0,0,0,0,0,0,0,0,-10.0
2024,153,1,P007831   ,1.0,1.0,MIL,31,"SHIELDS, SHAVON",31:18,7,2,4,1,3,0,0,0,4,4,4,1,2,0,0,1,1,10,-12.0
2024,153,1,P011199   ,0.0,0.0,MIL,32,"NEBO, JOSH",16:33,11,5,9,0,0,1,2,4,4,8,1,0,1,1,0,3,1,13,9.0
2024,153,1,P000796   ,1.0,1.0,MIL,33,"MIROTIC, NIKOLA",29:35,18,2,4,1,7,11,11,2,3,5,6,0,2,1,0,4,9,25,-6.0
2024,153,1,P011941   ,0.0,0.0,MIL,55,"GILLESPIE, FREDDIE",DNP,0,0,0,0,0,0,0,0,0,0,0,0,0,0,0,0,0,0,0.0
2024,153,1,Team,0.0,0.0,MIL,,Team,,0,0,0,0,0,0,0,1,0,1,0,0,3,0,0,0,0,-2,
2024,153,1,Total,,,MIL,,Total,200:00,78,17,32,9,26,17,21,8,24,32,19,7,13,2,1,17,21,92,
2024,153,0,P010391   ,1.0,1.0,MUN,0,"WEILER-BABB, NICK",28:59,10,3,4,1,3,1,2,1,5,6,12,2,0,0,0,3,2,25,12.0
2024,153,0,P011244   ,0.0,0.0,MUN,1,"DA SILVA, OSCAR",06:29,2,1,3,0,0,0,0,2,0,2,1,0,0,0,0,0,0,3,-11.0
2024,153,0,P011987   ,1.0,1.0,MUN,3,"EDWARDS, CARSEN",32:59,25,5,13,5,11,0,0,0,0,0,3,1,1,0,2,2,2,12,10.0
2024,153,0,P001557   ,1.0,0.0,MUN,5,"GIFFEY, NIELS",11:10,2,1,1,0,1,0,2,1,0,1,1,0,0,0,0,2,1,0,2.0
2024,153,0,P007201   ,1.0,1.0,MUN,7,"VOIGTMANN, JOHANNES",32:24,8,4,5,0,2,0,0,0,7,7,2,1,1,1,0,3,2,14,15.0
2024,153,0,P011224   ,0.0,0.0,MUN,8,"NAPIER, SHABAZZ",12:49,0,0,1,0,1,0,0,0,1,1,1,1,1,0,0,2,2,0,-15.0
2024,153,0,P004508   ,0.0,1.0,MUN,13,"OBST, ANDREAS",29:51,3,0,2,1,2,0,0,0,3,3,1,0,3,0,0,3,3,1,-1.0
2024,153,0,P007929   ,0.0,0.0,MUN,17,"BITIM, ONURALP",04:12,2,1,1,0,1,0,0,0,0,0,0,0,1,0,0,1,0,-1,-5.0
2024,153,0,P005460   ,0.0,0.0,MUN,20,"HARRIS, ELIAS",DNP,0,0,0,0,0,0,0,0,0,0,0,0,0,0,0,0,0,0,0.0
2024,153,0,P007639   ,0.0,0.0,MUN,22,"BRANKOVIC, DANKO",04:12,0,0,0,0,0,0,0,1,0,1,0,0,1,0,0,0,0,0,-5.0
2024,153,0,P007056   ,1.0,1.0,MUN,31,"BOOKER, DEVIN",32:45,23,9,14,1,2,2,2,2,5,7,0,0,0,0,0,3,3,24,3.0
2024,153,0,P013368   ,0.0,0.0,MUN,53,"YEBO, KEVIN",04:10,4,0,0,0,1,4,4,0,0,0,0,0,1,0,0,2,2,2,0.0
2024,153,0,Team,0.0,0.0,MUN,,Team,,0,0,0,0,0,0,0,5,3,8,0,0,1,0,0,0,0,7,
2024,153,0,Total,,,MUN,,Total,200:00,79,24,44,8,24,7,10,12,24,36,21,5,10,1,2,21,17,87,
2024,154,1,P011212   ,0.0,1.0,MCO,0,"OKOBO, ELIE",24:55,9,1,3,1,2,4,4,0,1,1,6,0,2,0,0,4,4,11,6.0
2024,154,1,P011231   ,0.0,0.0,MCO,4,"BLOSSOMGAME, JARON",22:34,11,3,4,1,2,2,2,0,5,5,0,1,0,0,0,1,2,16,11.0
2024,154,1,P009754   ,1.0,1.0,MCO,8,"LOYD, JORDAN",29:26,14,2,3,2,5,4,4,0,6,6,4,0,0,0,0,3,1,18,27.0
2024,154,1,P005844   ,0.0,0.0,MCO,9,"PAPAGIANNIS, GEORGIOS",11:06,8,3,5,0,0,2,2,0,1,1,0,1,2,1,0,0,1,8,2.0
2024,154,1,P004790   ,0.0,0.0,MCO,12,"CORNELIE, PETR",DNP,0,0,0,0,0,0,0,0,0,0,0,0,0,0,0,0,0,0,0.0
2024,154,1,P002581   ,0.0,1.0,MCO,14,"JAITEH, MAM",14:20,12,6,6,0,0,0,0,3,1,4,1,2,4,0,0,2,3,16,6.0
2024,154,1,PLCZ      ,1.0,0.0,MCO,20,"MOTIEJUNAS, DONATAS",14:34,8,4,5,0,0,0,0,0,3,3,2,0,1,0,0,2,0,9,11.0
2024,154,1,P012515   ,1.0,0.0,MCO,22,"TARPEY, TERRY",14:26,3,0,0,1,1,0,0,1,3,4,1,0,0,0,0,1,1,8,15.0
2024,154,1,P008161   ,0.0,1.0,MCO,23,"BEGARIN, JUHANN",00:38,0,0,0,0,1,0,0,0,0,0,0,0,0,0,0,0,0,-1,0.0
2024,154,1,P013365   ,1.0,1.0,MCO,30,"BROWN, VITTO",18:56,6,1,3,1,2,1,1,0,3,3,1,1,0,0,0,2,1,7,7.0
2024,154,1,P008099   ,0.0,0.0,MCO,32,"STRAZEL, MATTHEW",20:59,9,0,0,3,5,0,0,0,1,1,1,0,2,0,0,3,2,6,1.0
2024,154,1,P005985   ,1.0,0.0,MCO,55,"JAMES, MIKE",28:06,14,2,5,2,4,4,7,0,0,0,7,0,2,0,1,1,3,12,9.0
2024,154,1,Team,0.0,0.0,MCO,,Team,,0,0,0,0,0,0,0,1,1,2,0,0,1,0,0,0,0,1,
2024,154,1,Total,,,MCO,,Total,200:00,94,22,34,11,22,17,20,5,25,30,23,5,14,1,1,19,18,111,
2024,154,0,P007200   ,0.0,1.0,IST,0,"LARKIN, SHANE",29:25,7,2,6,1,4,0,0,0,2,2,6,2,3,0,0,2,2,7,-5.0
2024,154,0,P006590   ,0.0,1.0,IST,1,"BEAUBOIS, RODRIGUE",21:20,3,0,1,1,3,0,0,0,2,2,1,1,0,0,0,2,2,4,-13.0
2024,154,0,P013363   ,1.0,0.0,IST,3,"NWORA, JORDAN",20:37,3,0,4,1,3,0,0,0,4,4,0,0,2,0,0,1,1,-1,-14.0
2024,154,0,P009846   ,1.0,0.0,IST,6,"BRYANT, ELIJAH",22:42,12,3,8,2,4,0,0,1,0,1,1,1,1,0,0,2,4,9,-6.0
2024,154,0,P007109   ,0.0,0.0,IST,11,"SMITS, ROLANDS",15:48,10,3,5,0,1,4,4,1,3,4,0,0,2,0,0,5,3,7,6.0
2024,154,0,P011078   ,1.0,1.0,IST,13,"THOMPSON, DARIUS",25:38,12,6,6,0,2,0,0,1,2,3,4,1,0,0,0,0,0,18,-17.0
2024,154,0,P013364   ,0.0,0.0,IST,14,"JOHNSON, STANLEY",DNP,0,0,0,0,0,0,0,0,0,0,0,0,0,0,0,0,0,0,0.0
2024,154,0,P004887   ,1.0,1.0,IST,17,"POIRIER, VINCENT",23:10,10,5,7,0,0,0,2,2,6,8,0,2,2,1,1,1,1,14,-10.0
2024,154,0,P009513   ,0.0,0.0,IST,21,"HOLLATZ, JUSTUS",00:22,0,0,0,0,0,0,0,0,0,0,0,0,0,0,0,0,0,0,-2.0
2024,154,0,P012710   ,1.0,1.0,IST,24,"OSMANI, ERCAN",15:57,4,1,1,0,2,2,2,1,0,1,0,0,1,0,0,2,2,2,-17.0
2024,154,0,P012788   ,0.0,0.0,IST,25,"OTURU, DAN",16:48,14,5,9,0,0,4,4,3,1,4,0,0,1,0,0,2,3,14,-9.0
2024,154,0,P009664   ,0.0,0.0,IST,35,"WILLIS, DEREK",08:13,0,0,0,0,2,0,0,0,0,0,0,2,0,0,0,1,1,0,-8.0
2024,154,0,Team,0.0,0.0,IST,,Team,,0,0,0,0,0,0,0,3,0,3,0,0,0,0,0,0,0,3,
2024,154,0,Total,,,IST,,Total,200:00,75,25,47,5,21,10,12,12,20,32,12,9,12,1,1,18,19,77,
2024,155,1,P008173   ,0.0,0.0,BER,3,"SPAGNOLO, MATTEO",15:38,10,5,11,0,0,0,0,0,1,1,3,1,0,0,0,0,2,11,-12.0
2024,155,1,P011934   ,0.0,0.0,BER,5,"WETZELL, YANNI",19:14,7,2,5,0,1,3,4,0,2,2,1,1,2,0,0,1,3,6,-19.0
2024,155,1,P008211   ,1.0,1.0,BER,6,"DELOW, MALTE",21:44,13,5,7,1,4,0,0,0,5,5,1,2,1,1,1,2,2,15,0.0
2024,155,1,P008062   ,0.0,0.0,BER,7,"MCDOWELL-WHITE, WILL",DNP,0,0,0,0,0,0,0,0,0,0,0,0,0,0,0,0,0,0,0.0
2024,155,1,P007025   ,0.0,0.0,BER,9,"MATTISSECK, JONAS",04:35,0,0,0,0,1,0,0,0,0,0,0,0,0,0,0,1,0,-2,-11.0
2024,155,1,P006251   ,1.0,1.0,BER,10,"SCHNEIDER, TIM",20:51,5,1,1,1,3,0,0,0,1,1,0,0,1,1,0,3,1,2,5.0
2024,155,1,P008967   ,1.0,1.0,BER,11,"THOMAS, MATT",24:56,7,2,6,1,5,0,0,0,2,2,1,0,1,0,1,1,0,-1,-1.0
2024,155,1,P008780   ,1.0,1.0,BER,15,"HERMANNSSON, MARTIN",27:08,8,3,5,0,3,2,2,1,0,1,8,3,2,0,0,0,4,17,1.0
2024,155,1,P007550   ,0.0,0.0,BER,18,"SAMAR, ZIGA",07:43,0,0,1,0,2,0,0,0,0,0,1,0,0,0,0,0,0,-2,1.0
2024,155,1,P006919   ,0.0,0.0,BER,19,"OLINDE, LOUIS",18:16,4,2,2,0,2,0,0,2,3,5,0,0,0,0,0,3,2,6,-11.0
2024,155,1,P011631   ,0.0,0.0,BER,25,"RAPIEQUE, ELIAS",07:38,0,0,1,0,1,0,0,0,1,1,1,0,0,0,0,2,0,-2,-13.0
2024,155,1,P013386   ,1.0,1.0,BER,33,"McCORMACK, DAVID",32:17,15,7,9,0,0,1,2,5,3,8,0,2,1,0,0,3,3,21,5.0
2024,155,1,Team,0.0,0.0,BER,,Team,,0,0,0,0,0,0,0,6,4,10,0,0,1,0,0,0,0,9,
2024,155,1,Total,,,BER,,Total,200:00,69,27,48,3,22,6,8,14,22,36,16,9,9,2,2,16,17,80,
2024,155,0,P003733   ,1.0,1.0,MAD,6,"ABALDE, ALBERTO",19:08,2,1,1,0,2,0,0,1,1,2,2,0,1,0,0,1,0,2,5.0
2024,155,0,P005928   ,1.0,1.0,MAD,7,"CAMPAZZO, FACUNDO",26:16,9,0,1,1,5,6,6,1,3,4,9,1,3,0,0,2,6,19,9.0
2024,155,0,P013378   ,0.0,0.0,MAD,8,"RATHAN-MAYES, XAVIER",DNP,0,0,0,0,0,0,0,0,0,0,0,0,0,0,0,0,0,0,0.0
2024,155,0,P011649   ,0.0,0.0,MAD,9,"GONZALEZ, HUGO",08:02,4,0,0,1,2,1,2,0,2,2,0,0,0,0,0,1,1,4,1.0
2024,155,0,P003108   ,0.0,1.0,MAD,11,"HEZONJA, MARIO",24:57,18,4,5,3,8,1,1,0,6,6,1,2,0,0,1,1,2,21,10.0
2024,155,0,P006540   ,1.0,1.0,MAD,13,"MUSA, DZANAN",23:38,10,2,5,2,7,0,0,0,0,0,1,2,3,1,1,3,1,0,4.0
2024,155,0,P009005   ,1.0,0.0,MAD,14,"DECK, GABRIEL",24:31,6,1,2,1,1,1,2,1,4,5,3,1,0,0,0,2,2,13,4.0
2024,155,0,P007630   ,0.0,0.0,MAD,16,"GARUBA, USMAN",10:46,0,0,1,0,0,0,0,0,1,1,0,0,1,1,0,1,0,-1,8.0
2024,155,0,P003583   ,0.0,0.0,MAD,18,"IBAKA, SERGE",DNP,0,0,0,0,0,0,0,0,0,0,0,0,0,0,0,0,0,0,0.0
2024,155,0,P005791   ,1.0,1.0,MAD,22,"TAVARES, WALTER",29:00,9,4,6,0,0,1,1,4,6,10,1,0,4,0,0,2,3,15,1.0
2024,155,0,PTGB      ,0.0,0.0,MAD,23,"LLULL, SERGIO",19:58,20,2,3,5,9,1,1,1,0,1,1,0,2,0,0,1,1,15,11.0
2024,155,0,P011247   ,0.0,0.0,MAD,24,"FELIZ, ANDRES",13:44,2,1,1,0,1,0,0,0,1,1,2,0,1,0,0,3,0,0,2.0
2024,155,0,Team,0.0,0.0,MAD,,Team,,0,0,0,0,0,0,0,3,4,7,0,0,1,0,0,0,0,6,
2024,155,0,Total,,,MAD,,Total,200:00,80,15,25,13,35,11,13,11,28,39,20,6,16,2,2,17,16,94,
2024,156,1,P006085   ,0.0,0.0,MIL,1,"DIMITRIJEVIC, NENO",16:35,7,1,4,1,2,2,2,0,0,0,3,1,1,0,0,0,1,7,-5.0
2024,156,1,P011064   ,1.0,1.0,MIL,2,"MANNION, NICCOLO",21:17,8,1,1,1,3,3,4,0,1,1,2,1,5,0,0,2,3,5,9.0
2024,156,1,P001392   ,0.0,0.0,MIL,5,"CAUSEUR, FABIEN",18:41,8,2,2,1,2,1,2,0,2,2,2,1,1,1,0,3,1,9,-1.0
2024,156,1,P006509   ,0.0,0.0,MIL,7,"TONUT, STEFANO",10:43,3,0,0,1,1,0,0,0,2,2,0,0,0,0,0,1,1,5,1.0
2024,156,1,P008985   ,1.0,1.0,MIL,10,"BOLMARO, LEANDRO",24:49,14,4,6,2,3,0,0,0,0,0,6,1,2,0,0,2,0,14,-4.0
2024,156,1,P013384   ,0.0,0.0,MIL,12,"BROOKS, ARMONI",DNP,0,0,0,0,0,0,0,0,0,0,0,0,0,0,0,0,0,0,0.0
2024,156,1,P008987   ,1.0,1.0,MIL,16,"LEDAY, ZACH",27:18,3,0,3,1,2,0,0,0,4,4,2,0,1,0,0,1,2,5,-4.0
2024,156,1,P001518   ,0.0,0.0,MIL,17,"RICCI, GIAMPAOLO",14:56,5,1,1,1,2,0,0,0,3,3,1,0,0,0,0,3,0,5,4.0
2024,156,1,P013385   ,0.0,0.0,MIL,25,"DIOP, OUSMANE",05:27,2,1,1,0,0,0,0,0,1,1,1,0,0,0,0,3,0,1,-2.0
2024,156,1,P007831   ,1.0,1.0,MIL,31,"SHIELDS, SHAVON",27:55,15,3,4,3,5,0,1,0,3,3,3,2,1,0,0,3,3,18,-3.0
2024,156,1,P000796   ,1.0,1.0,MIL,33,"MIROTIC, NIKOLA",30:00,16,5,6,0,1,6,6,2,1,3,0,2,5,0,0,3,8,19,5.0
2024,156,1,P011941   ,0.0,0.0,MIL,55,"GILLESPIE, FREDDIE",02:19,2,1,2,0,0,0,0,0,0,0,0,1,0,0,0,0,1,3,-5.0
2024,156,1,Team,0.0,0.0,MIL,,Team,,0,0,0,0,0,0,0,0,1,1,0,0,0,0,0,0,0,1,
2024,156,1,Total,,,MIL,,Total,200:00,83,19,30,11,21,12,15,2,18,20,20,9,16,1,0,21,20,92,
2024,156,0,P008855   ,1.0,0.0,OLY,0,"WALKUP, THOMAS",23:00,2,1,1,0,0,0,0,0,2,2,5,0,3,0,0,3,3,6,-3.0
2024,156,0,P007982   ,0.0,1.0,OLY,1,"WILLIAMS-GOSS, NIGEL",25:14,2,0,1,0,2,2,2,0,2,2,7,1,4,0,0,2,3,6,5.0
2024,156,0,P011965   ,0.0,0.0,OLY,3,"MITROU-LONG, NAZ",DNP,0,0,0,0,0,0,0,0,0,0,0,0,0,0,0,0,0,0,0.0
2024,156,0,P007947   ,0.0,1.0,OLY,8,"VILDOZA, LUCA",17:10,8,0,1,2,5,2,2,0,0,0,1,1,0,0,0,3,1,4,4.0
2024,156,0,P008811   ,1.0,0.0,OLY,10,"FALL, MOUSTAPHA",25:23,11,5,7,0,0,1,3,2,1,3,2,0,4,0,0,3,4,9,-1.0
2024,156,0,P003469   ,1.0,1.0,OLY,14,"VEZENKOV, SASHA",32:35,21,5,7,3,5,2,2,1,3,4,0,0,1,0,0,1,2,21,2.0
2024,156,0,P001255   ,1.0,0.0,OLY,16,"PAPANIKOLAOU, KOSTAS",26:25,6,3,3,0,0,0,0,0,8,8,1,1,2,0,0,2,1,13,2.0
2024,156,0,P009849   ,0.0,0.0,OLY,22,"DORSEY, TYLER",DNP,0,0,0,0,0,0,0,0,0,0,0,0,0,0,0,0,0,0,0.0
2024,156,0,P008829   ,0.0,1.0,OLY,25,"PETERS, ALEC",15:43,14,3,3,1,3,5,5,1,0,1,0,0,0,0,0,4,3,12,6.0
2024,156,0,P013514   ,0.0,0.0,OLY,31,"MENSAH, NATHAN",DNP,0,0,0,0,0,0,0,0,0,0,0,0,0,0,0,0,0,0,0.0
2024,156,0,P007853   ,0.0,0.0,OLY,77,"MCKISSIC, SHAQUIELLE",06:03,2,1,1,0,2,0,0,0,0,0,0,0,1,0,0,0,0,-1,-4.0
2024,156,0,P013380   ,1.0,1.0,OLY,94,"FOURNIER, EVAN",28:27,18,3,4,3,12,3,4,0,1,1,7,5,2,0,1,2,3,18,-6.0
2024,156,0,Team,0.0,0.0,OLY,,Team,,0,0,0,0,0,0,0,4,3,7,0,0,0,0,0,0,0,7,
2024,156,0,Total,,,OLY,,Total,200:00,84,21,28,9,29,15,18,8,20,28,23,8,17,0,1,20,20,95,
2024,157,1,P006835   ,1.0,0.0,TEL,1,"HOARD, JAYLEN",31:29,23,6,10,1,1,8,8,0,5,5,4,2,0,0,0,1,5,34,24.0
2024,157,1,P011202   ,0.0,1.0,TEL,3,"SHAYOK, MARIAL",09:24,7,1,1,1,1,2,2,0,2,2,0,0,1,0,0,0,1,9,0.0
2024,157,1,P004233   ,0.0,0.0,TEL,8,"MENCO, RAFI",DNP,0,0,0,0,0,0,0,0,0,0,0,0,0,0,0,0,0,0,0.0
2024,157,1,P011219   ,1.0,1.0,TEL,9,"SORKIN, ROMAN",21:36,18,7,8,1,2,1,1,1,2,3,0,1,2,0,0,2,4,20,21.0
2024,157,1,P013381   ,0.0,1.0,TEL,11,"RAYMAN, WILLIAM",12:08,0,0,1,0,0,0,0,2,2,4,0,0,0,1,0,1,0,3,-11.0
2024,157,1,P007990   ,0.0,1.0,TEL,12,"DIBARTOLOMEO, JOHN",17:07,0,0,0,0,1,0,0,0,2,2,1,1,0,0,0,3,1,1,9.0
2024,157,1,P005145   ,0.0,0.0,TEL,15,"COHEN, JAKE",03:07,0,0,0,0,0,0,0,0,0,0,0,0,0,0,0,0,0,0,4.0
2024,157,1,P013382   ,1.0,0.0,TEL,20,"RANDOLPH, LEVI",25:11,10,3,6,1,1,1,1,1,1,2,5,0,0,0,1,3,1,11,12.0
2024,157,1,P007519   ,1.0,0.0,TEL,31,"JOKUBAITIS, ROKAS",27:36,18,6,10,2,2,0,0,1,4,5,4,4,3,0,0,3,1,22,7.0
2024,157,1,P011193   ,1.0,0.0,TEL,45,"BLATT, TAMIR",23:42,5,0,1,1,5,2,3,0,3,3,6,2,4,0,0,1,1,6,22.0
2024,157,1,P012604   ,0.0,1.0,TEL,50,"WILLIAMS, TREVION",17:29,12,5,8,0,0,2,3,1,2,3,4,1,3,0,0,3,3,13,-3.0
2024,157,1,P013250   ,0.0,0.0,TEL,55,"DeJULIUS, DAVID",11:11,2,1,1,0,2,0,2,1,1,2,0,0,0,0,0,0,3,3,0.0
2024,157,1,Team,0.0,0.0,TEL,,Team,,0,0,0,0,0,0,0,3,2,5,0,0,1,0,0,0,0,4,
2024,157,1,Total,,,TEL,,Total,200:00,95,29,46,7,15,16,20,10,26,36,24,11,14,1,1,17,20,126,
2024,157,0,P013403   ,1.0,1.0,ZAL,1,"WALKER IV, LONNIE",26:57,14,4,7,1,10,3,4,0,4,4,1,0,4,0,0,0,3,5,-20.0
2024,157,0,P007975   ,0.0,0.0,ZAL,3,"FRANCISCO, SYLVAIN",23:17,15,0,0,3,6,6,7,0,1,1,9,0,4,0,0,0,6,23,-13.0
2024,157,0,P011983   ,0.0,0.0,ZAL,8,"BRAZDEIKIS, IGNAS",04:28,2,1,1,0,0,0,0,0,0,0,0,0,1,0,0,0,0,1,-6.0
2024,157,0,P007513   ,1.0,1.0,ZAL,9,"GIEDRAITIS, DOVYDAS",25:24,6,0,0,2,3,0,0,1,1,2,6,1,0,0,0,1,0,13,-1.0
2024,157,0,P005504   ,0.0,0.0,ZAL,15,"BIRUTIS, LAURYNAS",05:48,2,1,2,0,0,0,0,0,0,0,0,0,2,0,1,2,0,-4,-7.0
2024,157,0,P011051   ,0.0,1.0,ZAL,18,"SMAILAGIC, ALEN",15:28,4,2,2,0,1,0,1,0,1,1,0,1,1,0,0,1,1,3,1.0
2024,157,0,P012622   ,0.0,1.0,ZAL,21,"MITCHELL, MATTHEW",15:03,4,2,4,0,2,0,0,0,3,3,2,0,0,0,0,2,1,4,-7.0
2024,157,0,P003048   ,1.0,0.0,ZAL,42,"DUNSTON, BRYANT",18:44,4,2,2,0,0,0,0,4,1,5,0,0,2,1,0,4,0,4,-11.0
2024,157,0,P012715   ,0.0,0.0,ZAL,45,"MANEK, BRADY",07:33,0,0,0,0,3,0,0,0,1,1,0,0,0,0,0,2,0,-4,-7.0
2024,157,0,P002676   ,0.0,0.0,ZAL,51,"BUTKEVICIUS, ARNAS",21:11,4,0,0,1,1,1,2,3,0,3,0,2,0,0,0,3,2,7,-12.0
2024,157,0,P007029   ,1.0,1.0,ZAL,91,"SIRVYDIS, DEIVIDAS",22:32,15,2,3,3,9,2,4,0,4,4,2,2,2,0,0,4,3,11,5.0
2024,157,0,P002329   ,1.0,0.0,ZAL,92,"ULANOVAS, EDGARAS",13:35,8,0,1,2,3,2,2,1,0,1,0,1,1,0,0,1,1,7,-7.0
2024,157,0,Team,0.0,0.0,ZAL,,Team,,0,0,0,0,0,0,0,1,0,1,0,0,0,0,0,0,0,1,
2024,157,0,Total,,,ZAL,,Total,200:00,78,14,22,12,38,14,20,10,16,26,20,7,17,1,1,20,17,71,
2024,158,1,P009862   ,1.0,1.0,BAR,0,"PUNTER, KEVIN",27:39,13,2,8,2,5,3,5,0,1,1,2,1,3,0,0,2,3,4,1.0
2024,158,1,P012795   ,1.0,0.0,BAR,1,"ANDERSON, JUSTIN",23:08,2,1,3,0,3,0,0,0,4,4,2,0,3,0,0,3,0,-3,-3.0
2024,158,1,P000925   ,1.0,1.0,BAR,6,"VESELY, JAN",25:21,9,4,6,0,2,1,2,0,3,3,0,2,1,1,0,0,3,12,-1.0
2024,158,1,P009992   ,0.0,0.0,BAR,8,"BRIZUELA, DARIO",06:40,6,0,0,2,3,0,0,0,0,0,0,0,0,0,0,3,0,2,-2.0
2024,158,1,P013379   ,1.0,0.0,BAR,10,"METU, CHIMEZIE",22:28,16,3,4,3,3,1,2,0,6,6,0,0,0,0,0,2,3,21,3.0
2024,158,1,P002939   ,1.0,1.0,BAR,13,"SATORANSKY, TOMAS",24:31,7,2,3,1,1,0,0,0,2,2,8,2,1,0,0,3,1,15,-5.0
2024,158,1,P003196   ,0.0,0.0,BAR,14,"HERNANGOMEZ, WILLY",14:39,7,2,3,0,0,3,4,2,1,3,0,3,0,0,0,2,6,15,-3.0
2024,158,1,P010106   ,0.0,0.0,BAR,17,"NUNEZ, JUAN",12:12,0,0,0,0,1,0,0,1,1,2,3,0,1,0,1,1,2,3,-3.0
2024,158,1,P003478   ,0.0,1.0,BAR,21,"ABRINES, ALEX",18:58,5,1,2,1,3,0,0,0,0,0,0,1,0,0,0,3,2,2,1.0
2024,158,1,P012745   ,0.0,1.0,BAR,22,"PARKER, JABARI",17:32,6,3,6,0,3,0,0,1,3,4,2,0,2,1,0,4,2,3,-7.0
2024,158,1,P013505   ,0.0,0.0,BAR,23,"NETO, RAUL",03:17,0,0,0,0,0,0,0,1,1,2,1,0,0,0,0,0,0,3,4.0
2024,158,1,P007464   ,0.0,0.0,BAR,44,"PARRA, JOEL",03:35,3,0,0,1,1,0,0,0,0,0,0,0,0,0,0,2,0,1,-5.0
2024,158,1,Team,0.0,0.0,BAR,,Team,,0,0,0,0,0,0,0,2,1,3,0,0,1,0,0,0,0,2,
2024,158,1,Total,,,BAR,,Total,200:00,74,18,35,10,25,8,13,7,23,30,18,9,12,2,1,25,22,80,
2024,158,0,P009048   ,1.0,0.0,RED,0,"MILLER-MCINTYRE, CODI",21:36,6,3,6,0,3,0,0,2,2,4,3,0,4,0,1,1,2,3,-3.0
2024,158,0,P010588   ,0.0,0.0,RED,1,"BROWN III, JOHN",DNP,0,0,0,0,0,0,0,0,0,0,0,0,0,0,0,0,0,0,0.0
2024,158,0,P010612   ,0.0,0.0,RED,3,"CANAAN, ISAIAH",10:19,0,0,0,0,3,0,0,0,0,0,1,0,0,0,0,2,0,-4,-1.0
2024,158,0,P007960   ,1.0,1.0,RED,7,"DAVIDOVAC, DEJAN",26:36,7,0,3,1,3,4,4,0,2,2,2,1,0,0,0,2,3,8,9.0
2024,158,0,P002553   ,0.0,0.0,RED,9,"MITROVIC, LUKA",10:34,0,0,0,0,0,0,0,0,2,2,1,0,1,1,0,0,0,3,-3.0
2024,158,0,P004866   ,1.0,1.0,RED,12,"KALINIC, NIKOLA",28:51,12,3,4,1,5,3,5,1,2,3,2,2,1,0,0,3,5,13,3.0
2024,158,0,P009035   ,1.0,1.0,RED,21,"BOLOMBOY, JOEL",24:04,8,2,3,0,0,4,4,4,5,9,1,0,1,0,0,2,3,17,6.0
2024,158,0,P012786   ,1.0,0.0,RED,24,"DAUM, MIKE",21:55,11,1,3,3,6,0,0,2,3,5,0,0,1,0,1,2,2,9,-3.0
2024,158,0,P011194   ,0.0,1.0,RED,30,"PETRUSEV, FILIP",20:15,17,5,6,1,4,4,5,1,2,3,2,1,0,0,0,3,4,19,5.0
2024,158,0,P006436   ,0.0,1.0,RED,31,"GIEDRAITIS, ROKAS",11:59,2,0,1,0,1,2,2,0,2,2,0,1,0,0,0,2,2,3,-4.0
2024,158,0,P000848   ,0.0,0.0,RED,36,"NEDOVIC, NEMANJA",06:50,6,0,0,1,1,3,4,0,0,0,2,0,2,0,0,2,4,7,2.0
2024,158,0,P012044   ,0.0,0.0,RED,99,"DOS SANTOS, YAGO",17:01,9,3,3,1,3,0,0,0,2,2,3,0,2,0,0,3,0,7,9.0
2024,158,0,Team,0.0,0.0,RED,,Team,,0,0,0,0,0,0,0,2,4,6,0,0,1,0,0,0,0,5,
2024,158,0,Total,,,RED,,Total,200:00,78,17,29,8,29,20,24,12,26,38,17,5,13,1,2,22,25,90,
2024,159,1,P007870   ,1.0,0.0,PAR,0,"DAVIES, BRANDON",12:25,6,3,6,0,0,0,0,0,2,2,0,0,1,0,0,3,2,3,-6.0
2024,159,1,P013369   ,1.0,1.0,PAR,2,"JONES, CARLIK",31:19,14,4,9,2,3,0,0,0,5,5,5,1,2,0,1,2,4,18,-2.0
2024,159,1,P006591   ,0.0,1.0,PAR,3,"NTILIKINA, FRANK",23:36,2,1,1,0,2,0,0,1,1,2,3,0,0,0,0,2,1,4,13.0
2024,159,1,P013370   ,0.0,1.0,PAR,4,"WASHINGTON, DUANE",28:42,27,8,11,1,3,8,9,0,2,2,1,1,2,0,0,2,6,27,20.0
2024,159,1,P011050   ,0.0,0.0,PAR,5,"KOPRIVICA, BALSA",04:07,3,1,2,0,0,1,1,0,0,0,0,0,1,0,1,0,1,1,-5.0
2024,159,1,P007632   ,1.0,0.0,PAR,7,"NAKIC, MARIO",11:05,0,0,0,0,1,0,0,0,0,0,1,0,0,0,0,1,1,0,-9.0
2024,159,1,P008232   ,0.0,0.0,PAR,11,"POKUSEVSKI, ALEKSEJ",24:26,8,4,6,0,1,0,0,1,4,5,1,0,0,1,1,2,0,9,14.0
2024,159,1,P012720   ,1.0,0.0,PAR,12,"BROWN, STERLING",25:29,8,0,1,1,6,5,6,0,3,3,2,1,1,0,0,4,4,6,7.0
2024,159,1,P006760   ,0.0,0.0,PAR,17,"BONGA, ISAAC",DNP,0,0,0,0,0,0,0,0,0,0,0,0,0,0,0,0,0,0,0.0
2024,159,1,P007736   ,0.0,0.0,PAR,19,"LAKIC, ARIJAN",DNP,0,0,0,0,0,0,0,0,0,0,0,0,0,0,0,0,0,0,0.0
2024,159,1,P011836   ,1.0,1.0,PAR,24,"MIKE, ISIAHA",25:18,9,3,3,1,2,0,0,3,4,7,2,3,1,0,0,1,1,19,-4.0
2024,159,1,P011981   ,0.0,1.0,PAR,88,"JONES, TYRIQUE",13:33,13,5,5,0,0,3,5,2,2,4,0,0,1,0,0,4,4,14,17.0
2024,159,1,Team,0.0,0.0,PAR,,Team,,0,0,0,0,0,0,0,2,2,4,0,0,1,0,0,0,0,3,
2024,159,1,Total,,,PAR,,Total,200:00,90,29,44,5,18,17,21,9,25,34,15,6,10,1,3,21,24,104,
2024,159,0,P003091   ,0.0,0.0,ULK,1,"BIRSEN, METECAN",DNP,0,0,0,0,0,0,0,0,0,0,0,0,0,0,0,0,0,0,0.0
2024,159,0,P002849   ,0.0,1.0,ULK,4,"MELLI, NICOLO",11:56,2,1,1,0,2,0,0,1,2,3,1,0,0,1,0,3,1,3,-12.0
2024,159,0,P002968   ,1.0,0.0,ULK,5,"SANLI, SERTAC",13:16,12,1,1,3,4,1,2,1,1,2,0,0,0,1,0,4,1,10,-7.0
2024,159,0,P013396   ,0.0,0.0,ULK,9,"MAYS, SKYLAR",11:58,5,1,2,1,1,0,0,0,1,1,1,0,0,0,0,0,0,6,-15.0
2024,159,0,P002969   ,1.0,0.0,ULK,10,"MAHMUTOGLU, MELIH",13:44,8,1,2,2,5,0,0,1,0,1,1,0,1,0,0,3,0,2,3.0
2024,159,0,P008962   ,1.0,1.0,ULK,11,"HAYES-DAVIS, NIGEL",34:11,19,4,6,3,4,2,2,0,3,3,4,1,2,0,0,1,5,26,-1.0
2024,159,0,P006961   ,1.0,1.0,ULK,13,"BIBEROVIC, TARIK",24:03,8,1,5,2,6,0,0,1,2,3,1,2,0,0,0,4,0,2,-3.0
2024,159,0,P008174   ,0.0,0.0,ULK,15,"EKSIOGLU, MERT",DNP,0,0,0,0,0,0,0,0,0,0,0,0,0,0,0,0,0,0,0.0
2024,159,0,P011205   ,1.0,1.0,ULK,20,"HALL, DEVON",29:18,6,1,2,1,4,1,2,1,2,3,8,0,1,0,0,2,3,12,5.0
2024,159,0,P004004   ,0.0,1.0,ULK,23,"GUDURIC, MARKO",24:35,14,2,5,2,3,4,4,0,1,1,4,1,5,0,1,3,6,13,-10.0
2024,159,0,P009783   ,0.0,0.0,ULK,50,"COLSON, BONZIE",16:22,2,1,3,0,2,0,2,1,3,4,0,1,1,0,0,1,2,1,-7.0
2024,159,0,P007182   ,0.0,0.0,ULK,92,"BIRCH, KHEM",20:37,5,1,3,0,0,3,4,0,3,3,2,2,1,1,0,3,3,9,2.0
2024,159,0,Team,0.0,0.0,ULK,,Team,,0,0,0,0,0,0,0,1,2,3,0,0,0,0,0,0,0,3,
2024,159,0,Total,,,ULK,,Total,200:00,81,14,30,14,31,11,16,7,20,27,22,7,11,3,1,24,21,87,
2024,160,1,P011948   ,1.0,0.0,BAS,0,"HOWARD, MARKUS",26:40,28,3,9,6,10,4,4,0,0,0,4,0,1,0,0,3,4,22,19.0
2024,160,1,P008850   ,0.0,0.0,BAS,2,"RAIESTE, SANDER",DNP,0,0,0,0,0,0,0,0,0,0,0,0,0,0,0,0,0,0,0.0
2024,160,1,P007230   ,1.0,1.0,BAS,8,"SEDEKERSKIS, TADAS",29:07,0,0,3,0,1,0,0,1,6,7,1,0,0,0,1,0,1,4,25.0
2024,160,1,P012080   ,0.0,0.0,BAS,9,"LUWAWU-CABARROT, TIMOTHE",07:20,2,1,2,0,1,0,0,0,1,1,1,0,0,0,0,0,1,3,-10.0
2024,160,1,P004058   ,0.0,0.0,BAS,10,"JARAMAZ, OGNJEN",DNP,0,0,0,0,0,0,0,0,0,0,0,0,0,0,0,0,0,0,0.0
2024,160,1,P013367   ,0.0,1.0,BAS,11,"FORREST, TRENT",23:42,8,3,4,0,0,2,2,0,5,5,4,1,1,0,0,1,2,17,14.0
2024,160,1,P011085   ,0.0,1.0,BAS,17,"ROGKAVOPOULOS, NIKOLAOS",21:27,10,2,4,2,4,0,1,3,2,5,3,0,1,0,0,3,1,10,-1.0
2024,160,1,P008072   ,0.0,0.0,BAS,18,"DIOP, KHALIFA",11:23,1,0,1,0,0,1,2,0,1,1,0,0,0,0,0,2,2,0,-10.0
2024,160,1,P012597   ,1.0,1.0,BAS,44,"BALDWIN, KAMAR",22:18,8,3,4,0,2,2,4,0,2,2,0,0,2,1,0,3,3,4,3.0
2024,160,1,P011196   ,1.0,1.0,BAS,45,"HALL, DONTA",26:10,8,3,7,0,0,2,4,3,9,12,0,1,1,3,0,3,4,18,15.0
2024,160,1,P012058   ,0.0,0.0,BAS,46,"NDIAYE, OUSMANE",DNP,0,0,0,0,0,0,0,0,0,0,0,0,0,0,0,0,0,0,0.0
2024,160,1,P012201   ,1.0,0.0,BAS,95,"MONEKE, CHIMA",31:53,29,6,9,4,8,5,8,3,7,10,1,0,2,1,1,5,5,28,10.0
2024,160,1,Team,0.0,0.0,BAS,,Team,,0,0,0,0,0,0,0,0,4,4,0,0,0,0,0,0,0,4,
2024,160,1,Total,,,BAS,,Total,200:00,94,21,43,12,26,16,25,10,37,47,14,2,8,5,2,20,23,110,
2024,160,0,P012608   ,1.0,1.0,PRS,0,"SHORTS, TJ",27:03,14,5,14,1,2,1,1,1,0,1,4,0,1,0,2,4,8,10,-22.0
2024,160,0,P012609   ,0.0,1.0,PRS,1,"MALCOLM, COLLIN",21:39,10,2,6,1,4,3,3,1,5,6,1,0,2,0,1,1,2,8,-5.0
2024,160,0,P012640   ,0.0,1.0,PRS,2,"HIFI, NADIR",20:28,16,1,4,2,8,8,8,1,2,3,4,0,0,0,0,2,3,15,1.0
2024,160,0,P012610   ,1.0,1.0,PRS,3,"WARD, TYSON",27:03,5,1,4,1,5,0,0,2,2,4,2,1,2,0,1,3,2,1,-22.0
2024,160,0,P013373   ,0.0,0.0,PRS,4,"CAVALIERE, LEOPOLD",05:29,4,2,2,0,0,0,0,0,3,3,1,0,0,0,0,1,0,7,9.0
2024,160,0,P005793   ,0.0,0.0,PRS,5,"SY, BANDJA",15:02,6,0,0,2,2,0,0,1,0,1,0,0,0,0,0,0,0,7,6.0
2024,160,0,P012611   ,0.0,0.0,PRS,7,"HERRERA, SEBASTIAN",DNP,0,0,0,0,0,0,0,0,0,0,0,0,0,0,0,0,0,0,0.0
2024,160,0,P004512   ,0.0,0.0,PRS,8,"KRATZER, LEON",07:28,0,0,0,0,0,0,0,0,3,3,0,0,0,1,0,4,0,0,0.0
2024,160,0,P007032   ,0.0,0.0,PRS,12,"LO, MAODO",19:29,12,2,4,2,5,2,2,0,2,2,3,0,1,0,0,1,2,12,-3.0
2024,160,0,P010390   ,1.0,0.0,PRS,13,"HAYES, KEVARRIUS",21:05,8,4,5,0,0,0,0,2,4,6,1,1,0,1,1,1,1,15,-7.0
2024,160,0,P012613   ,1.0,1.0,PRS,20,"JANTUNEN, MIKAEL",22:14,0,0,0,0,7,0,0,1,5,6,2,2,0,0,0,4,0,-1,-20.0
2024,160,0,P004197   ,1.0,0.0,PRS,24,"OUATTARA, YAKUBA",13:00,6,0,2,2,3,0,0,0,1,1,0,0,0,0,0,2,0,2,-2.0
2024,160,0,Team,0.0,0.0,PRS,,Team,,0,0,0,0,0,0,0,2,1,3,0,0,0,0,0,0,0,3,
2024,160,0,Total,,,PRS,,Total,200:00,81,17,41,11,36,14,14,11,28,39,18,4,6,2,5,23,18,79,
2024,161,1,P010391   ,1.0,1.0,MUN,0,"WEILER-BABB, NICK",29:19,0,0,0,0,2,0,0,1,4,5,2,2,1,0,0,1,2,7,10.0
2024,161,1,P011244   ,0.0,0.0,MUN,1,"DA SILVA, OSCAR",03:06,0,0,2,0,0,0,0,1,0,1,0,0,0,0,0,0,0,-1,-9.0
2024,161,1,P011987   ,1.0,1.0,MUN,3,"EDWARDS, CARSEN",34:31,11,4,11,0,5,3,3,1,3,4,4,0,3,0,2,2,5,5,-9.0
2024,161,1,P001557   ,1.0,1.0,MUN,5,"GIFFEY, NIELS",19:14,9,2,2,1,1,2,2,1,1,2,2,0,3,0,0,3,1,8,-3.0
2024,161,1,P007201   ,1.0,1.0,MUN,7,"VOIGTMANN, JOHANNES",36:04,14,4,7,2,6,0,3,2,11,13,2,1,1,0,1,2,2,18,-3.0
2024,161,1,P011224   ,0.0,0.0,MUN,8,"NAPIER, SHABAZZ",17:43,0,0,1,0,6,0,0,0,2,2,7,0,0,0,2,1,0,-1,-17.0
2024,161,1,P012123   ,0.0,0.0,MUN,10,"KHARCHENKOV, IVAN",01:46,0,0,0,0,0,0,0,0,0,0,0,0,1,0,0,1,0,-2,-6.0
2024,161,1,P004508   ,0.0,1.0,MUN,13,"OBST, ANDREAS",30:31,19,0,2,6,11,1,1,0,3,3,2,0,1,0,0,1,1,16,-17.0
2024,161,1,P007929   ,0.0,0.0,MUN,17,"BITIM, ONURALP",DNP,0,0,0,0,0,0,0,0,0,0,0,0,0,0,0,0,0,0,0.0
2024,161,1,P007639   ,0.0,0.0,MUN,22,"BRANKOVIC, DANKO",03:06,0,0,0,0,0,0,0,0,0,0,0,0,0,0,0,2,0,-2,-9.0
2024,161,1,P007056   ,1.0,0.0,MUN,31,"BOOKER, DEVIN",19:55,14,6,9,0,3,2,2,3,3,6,2,2,0,1,1,5,3,16,7.0
2024,161,1,P013368   ,0.0,0.0,MUN,53,"YEBO, KEVIN",04:45,2,1,1,0,0,0,0,0,1,1,0,0,1,0,0,2,2,2,1.0
2024,161,1,Team,0.0,0.0,MUN,,Team,,0,0,0,0,0,0,0,3,1,4,0,0,0,0,0,0,0,4,
2024,161,1,Total,,,MUN,,Total,200:00,69,17,35,9,34,8,11,12,29,41,21,5,11,1,6,20,16,70,
2024,161,0,P011209   ,1.0,1.0,PAN,0,"KALAITZAKIS, PANAGIOTIS",07:03,1,0,1,0,1,1,2,0,0,0,0,0,0,0,0,1,1,-2,-3.0
2024,161,0,P009622   ,1.0,0.0,PAN,2,"BROWN, LORENZO",03:59,0,0,2,0,1,0,0,0,1,1,0,0,0,0,0,0,0,-2,-8.0
2024,161,0,P001926   ,0.0,0.0,PAN,10,"SLOUKAS, KOSTAS",25:08,11,0,2,2,4,5,5,0,4,4,8,1,2,1,0,2,4,21,24.0
2024,161,0,P004088   ,0.0,0.0,PAN,16,"OSMAN, CEDI",17:51,4,0,1,0,1,4,4,0,4,4,0,1,0,0,0,2,2,7,19.0
2024,161,0,P005161   ,0.0,0.0,PAN,21,"PAPAPETROU, IOANNIS",01:30,0,0,0,0,0,0,0,0,0,0,0,0,0,0,0,0,0,0,-2.0
2024,161,0,P011204   ,0.0,1.0,PAN,22,"GRANT, JERIAN",28:03,14,3,5,2,4,2,2,0,2,2,1,2,2,0,0,3,2,12,-13.0
2024,161,0,P012774   ,1.0,1.0,PAN,25,"NUNN, KENDRICK",37:56,27,6,12,4,12,3,3,2,4,6,2,2,2,0,1,1,3,22,14.0
2024,161,0,P013383   ,0.0,1.0,PAN,32,"GABRIEL, WENYEN",29:45,6,3,3,0,0,0,4,3,5,8,0,2,0,5,0,4,3,16,30.0
2024,161,0,P011221   ,0.0,0.0,PAN,37,"ANTETOKOUNMPO, KOSTAS",DNP,0,0,0,0,0,0,0,0,0,0,0,0,0,0,0,0,0,0,0.0
2024,161,0,P012712   ,1.0,0.0,PAN,41,"HERNANGOMEZ, JUANCHO",10:31,2,1,3,0,2,0,0,0,3,3,0,0,0,0,0,1,1,1,-16.0
2024,161,0,P007866   ,0.0,1.0,PAN,44,"MITOGLOU, KONSTANTINOS",29:43,15,6,8,1,3,0,2,3,6,9,2,1,1,0,0,2,2,20,21.0
2024,161,0,P005353   ,1.0,0.0,PAN,77,"YURTSEVEN, OMER",08:31,0,0,0,0,0,0,0,1,0,1,0,0,0,0,0,1,1,1,-11.0
2024,161,0,Team,0.0,0.0,PAN,,Team,,0,0,0,0,0,0,0,1,3,4,0,0,0,0,0,0,0,4,
2024,161,0,Total,,,PAN,,Total,200:00,80,19,37,9,28,15,22,10,32,42,13,9,7,6,1,17,19,100,
2024,162,1,P009549   ,1.0,1.0,VIR,0,"CORDINIER, ISAIA",23:14,9,2,3,1,4,2,2,0,1,1,3,1,2,0,1,2,1,6,8.0
2024,162,1,PBCN      ,0.0,0.0,VIR,3,"BELINELLI, MARCO",16:08,4,1,3,0,2,2,2,0,2,2,1,1,0,0,0,0,1,5,-3.0
2024,162,1,P006739   ,1.0,1.0,VIR,6,"PAJOLA, ALESSANDRO",27:52,7,2,3,1,5,0,0,0,2,2,6,1,4,0,0,3,1,5,15.0
2024,162,1,P004888   ,1.0,1.0,VIR,8,"CLYBURN, WILL",26:59,13,1,2,3,6,2,3,1,5,6,2,3,2,0,0,1,4,20,11.0
2024,162,1,P006273   ,0.0,0.0,VIR,9,"VISCONTI, RICCARDO",DNP,0,0,0,0,0,0,0,0,0,0,0,0,0,0,0,0,0,0,0.0
2024,162,1,P005738   ,0.0,0.0,VIR,24,"GRAZULIS, ANDREJS",15:51,9,2,4,1,4,2,2,0,2,2,0,0,0,0,0,4,1,3,4.0
2024,162,1,P012585   ,0.0,1.0,VIR,30,"MORGAN, MATTHEW",17:39,10,1,2,2,5,2,2,0,2,2,2,1,1,0,1,1,2,10,7.0
2024,162,1,P002084   ,1.0,0.0,VIR,33,"POLONARA, ACHILLE",26:13,17,2,4,2,3,7,8,2,7,9,3,1,0,0,0,3,5,28,17.0
2024,162,1,P013374   ,0.0,1.0,VIR,35,"DIOUF, MOUHAMET",18:44,10,2,2,0,0,6,6,0,1,1,0,1,1,0,0,4,3,10,5.0
2024,162,1,P004554   ,1.0,0.0,VIR,41,"ZIZIC, ANTE",10:58,2,1,2,0,0,0,0,0,1,1,1,0,0,1,0,0,0,4,7.0
2024,162,1,P011816   ,0.0,0.0,VIR,45,"AKELE, NICOLA",04:19,0,0,0,0,0,0,0,0,0,0,0,0,0,0,0,0,1,1,-3.0
2024,162,1,P012591   ,0.0,0.0,VIR,59,"TUCKER, RAYJON",12:03,2,1,3,0,0,0,0,0,0,0,1,1,0,0,0,1,5,6,2.0
2024,162,1,Team,0.0,0.0,VIR,,Team,,0,0,0,0,0,0,0,2,0,2,0,0,0,0,0,0,0,2,
2024,162,1,Total,,,VIR,,Total,200:00,83,15,28,10,29,23,25,5,23,28,19,10,10,1,2,19,24,100,
2024,162,0,P013371   ,0.0,0.0,ASV,1,"HARRISON, SHAQUILLE",16:45,7,2,4,1,1,0,0,0,3,3,4,1,1,0,0,2,0,10,-4.0
2024,162,0,P011225   ,1.0,1.0,ASV,3,"LEE, PARIS",20:48,6,3,8,0,1,0,0,0,4,4,3,1,0,0,0,2,1,7,-3.0
2024,162,0,P007027   ,1.0,1.0,ASV,6,"MALEDON, THEO",29:56,20,3,4,1,5,11,12,1,3,4,4,1,4,0,0,2,8,25,-15.0
2024,162,0,P010316   ,1.0,1.0,ASV,8,"AJINCA, MELVIN",18:57,3,0,0,1,3,0,0,0,0,0,0,0,1,0,0,2,0,-2,2.0
2024,162,0,P000229   ,0.0,0.0,ASV,11,"JACKSON, EDWIN",08:27,2,1,3,0,2,0,0,0,2,2,0,0,0,0,0,2,0,-2,-7.0
2024,162,0,P002100   ,0.0,0.0,ASV,12,"DE COLO, NANDO",17:24,8,1,2,1,2,3,4,0,2,2,3,1,3,0,1,2,6,11,-9.0
2024,162,0,P010545   ,1.0,1.0,ASV,13,"SAKO, NEAL",28:40,12,6,7,0,0,0,0,3,6,9,1,1,2,1,0,2,1,20,-8.0
2024,162,0,P013405   ,1.0,1.0,ASV,21,"ROBERSON, ANDRE",24:42,8,1,3,2,5,0,2,1,3,4,1,0,6,1,0,3,2,0,-3.0
2024,162,0,P003526   ,0.0,0.0,ASV,23,"LIGHTY, DAVID",23:07,3,0,0,1,3,0,0,0,1,1,0,0,0,0,0,3,0,-1,-17.0
2024,162,0,P008991   ,0.0,0.0,ASV,28,"BLACK, TARIK",11:14,0,0,1,0,0,0,0,0,2,2,0,0,1,0,0,5,1,-4,-6.0
2024,162,0,P012263   ,0.0,0.0,ASV,30,"SISSOKO, YOHANN",DNP,0,0,0,0,0,0,0,0,0,0,0,0,0,0,0,0,0,0,0.0
2024,162,0,P013377   ,0.0,0.0,ASV,34,"PAUL, MBIYA",DNP,0,0,0,0,0,0,0,0,0,0,0,0,0,0,0,0,0,0,0.0
2024,162,0,Team,0.0,0.0,ASV,,Team,,0,0,0,0,0,0,0,2,0,2,0,0,1,0,0,0,0,1,
2024,162,0,Total,,,ASV,,Total,200:00,69,17,32,7,22,14,18,7,26,33,16,5,19,2,1,25,19,65,
2024,163,1,P013403   ,1.0,0.0,ZAL,1,"WALKER IV, LONNIE",19:50,11,2,4,2,6,1,1,0,2,2,2,0,3,0,0,2,2,6,-9.0
2024,163,1,P007975   ,1.0,1.0,ZAL,3,"FRANCISCO, SYLVAIN",29:36,22,2,3,5,10,3,3,0,3,3,6,0,5,0,1,2,4,21,8.0
2024,163,1,P011983   ,0.0,1.0,ZAL,8,"BRAZDEIKIS, IGNAS",16:19,4,2,4,0,4,0,0,3,2,5,2,1,1,0,0,1,3,7,-3.0
2024,163,1,P007513   ,0.0,0.0,ZAL,9,"GIEDRAITIS, DOVYDAS",15:26,0,0,0,0,1,0,0,1,1,2,0,1,1,0,0,1,1,1,-20.0
2024,163,1,P005504   ,0.0,0.0,ZAL,15,"BIRUTIS, LAURYNAS",02:53,0,0,0,0,0,0,0,0,0,0,0,0,0,0,0,0,0,0,-4.0
2024,163,1,P011051   ,0.0,0.0,ZAL,18,"SMAILAGIC, ALEN",17:53,11,4,4,1,3,0,0,2,1,3,2,0,2,1,0,1,1,13,-2.0
2024,163,1,P012622   ,0.0,0.0,ZAL,21,"MITCHELL, MATTHEW",06:01,0,0,0,0,1,0,0,0,0,0,0,0,1,0,0,2,0,-4,-6.0
2024,163,1,P003048   ,1.0,1.0,ZAL,42,"DUNSTON, BRYANT",19:14,10,5,5,0,1,0,0,1,4,5,1,1,0,0,0,4,0,12,-1.0
2024,163,1,P012715   ,0.0,0.0,ZAL,45,"MANEK, BRADY",06:16,3,0,0,1,1,0,0,0,0,0,0,0,0,0,0,0,0,3,-2.0
2024,163,1,P002676   ,1.0,1.0,ZAL,51,"BUTKEVICIUS, ARNAS",25:56,6,0,0,2,2,0,0,0,2,2,4,0,2,0,0,1,1,10,7.0
2024,163,1,P007029   ,0.0,1.0,ZAL,91,"SIRVYDIS, DEIVIDAS",19:05,12,2,4,2,6,2,3,2,2,4,1,0,3,0,1,0,2,8,-1.0
2024,163,1,P002329   ,1.0,0.0,ZAL,92,"ULANOVAS, EDGARAS",21:31,6,1,1,1,1,1,1,2,1,3,2,1,1,0,0,4,2,9,-2.0
2024,163,1,Team,0.0,0.0,ZAL,,Team,,0,0,0,0,0,0,0,1,2,3,0,0,0,0,0,0,0,3,
2024,163,1,Total,,,ZAL,,Total,200:00,85,18,25,14,36,7,8,12,20,32,20,4,19,1,2,18,16,89,
2024,163,0,P008855   ,1.0,1.0,OLY,0,"WALKUP, THOMAS",24:58,13,5,9,1,3,0,0,1,1,2,5,1,1,0,0,2,1,13,4.0
2024,163,0,P007982   ,0.0,0.0,OLY,1,"WILLIAMS-GOSS, NIGEL",21:50,8,3,5,0,1,2,4,0,1,1,3,1,2,0,0,2,2,6,4.0
2024,163,0,P007947   ,0.0,0.0,OLY,8,"VILDOZA, LUCA",DNP,0,0,0,0,0,0,0,0,0,0,0,0,0,0,0,0,0,0,0.0
2024,163,0,P008811   ,1.0,0.0,OLY,10,"FALL, MOUSTAPHA",16:49,6,2,4,0,0,2,2,1,0,1,3,0,1,0,0,2,2,7,-2.0
2024,163,0,P003469   ,1.0,1.0,OLY,14,"VEZENKOV, SASHA",32:03,24,6,7,2,7,6,6,2,5,7,1,0,1,0,1,1,4,27,11.0
2024,163,0,P001255   ,1.0,0.0,OLY,16,"PAPANIKOLAOU, KOSTAS",29:17,4,0,0,1,1,1,2,0,6,6,4,2,1,1,0,4,3,14,15.0
2024,163,0,P009849   ,0.0,0.0,OLY,22,"DORSEY, TYLER",DNP,0,0,0,0,0,0,0,0,0,0,0,0,0,0,0,0,0,0,0.0
2024,163,0,P008829   ,0.0,0.0,OLY,25,"PETERS, ALEC",08:04,0,0,0,0,0,0,0,0,0,0,0,0,0,0,0,1,1,0,-4.0
2024,163,0,P013514   ,0.0,0.0,OLY,31,"MENSAH, NATHAN",03:13,0,0,0,0,0,0,0,0,0,0,0,0,0,0,0,0,0,0,-3.0
2024,163,0,P003941   ,0.0,1.0,OLY,33,"MILUTINOV, NIKOLA",19:51,6,3,3,0,0,0,0,0,1,1,0,1,1,1,0,0,1,9,12.0
2024,163,0,P007853   ,0.0,1.0,OLY,77,"MCKISSIC, SHAQUIELLE",20:00,17,4,6,3,6,0,2,2,1,3,2,2,0,0,0,1,3,19,3.0
2024,163,0,P013380   ,1.0,1.0,OLY,94,"FOURNIER, EVAN",23:55,14,2,4,3,7,1,1,1,1,2,3,1,0,0,0,3,1,12,-5.0
2024,163,0,Team,0.0,0.0,OLY,,Team,,0,0,0,0,0,0,0,1,0,1,0,0,3,0,0,0,0,-2,
2024,163,0,Total,,,OLY,,Total,200:00,92,25,38,10,25,12,17,8,16,24,21,8,10,2,1,16,18,105,
2024,164,1,P008384   ,1.0,1.0,BER,1,"PROCIDA, GABRIELE",23:11,5,2,6,0,2,1,2,1,2,3,0,0,0,0,1,3,2,-1,-1.0
2024,164,1,P012099   ,0.0,0.0,BER,2,"GROSBER, DORIAN",DNP,0,0,0,0,0,0,0,0,0,0,0,0,0,0,0,0,0,0,0.0
2024,164,1,P008173   ,0.0,0.0,BER,3,"SPAGNOLO, MATTEO",21:21,13,5,10,1,2,0,0,0,2,2,5,2,3,0,1,0,1,13,-4.0
2024,164,1,P011934   ,0.0,1.0,BER,5,"WETZELL, YANNI",23:26,17,6,10,1,2,2,3,1,2,3,2,3,0,0,2,2,3,18,-11.0
2024,164,1,P008211   ,0.0,1.0,BER,6,"DELOW, MALTE",15:23,1,0,0,0,2,1,2,1,0,1,1,0,1,1,0,3,2,-1,-17.0
2024,164,1,P008062   ,1.0,0.0,BER,7,"MCDOWELL-WHITE, WILL",16:16,3,0,0,1,2,0,0,0,0,0,3,0,0,0,0,0,0,5,-1.0
2024,164,1,P007025   ,0.0,0.0,BER,9,"MATTISSECK, JONAS",11:06,6,0,0,2,5,0,0,0,0,0,1,1,0,0,0,2,0,3,1.0
2024,164,1,P006251   ,0.0,1.0,BER,10,"SCHNEIDER, TIM",19:26,13,2,3,2,3,3,4,0,2,2,0,0,1,0,1,3,3,10,-13.0
2024,164,1,P008967   ,1.0,1.0,BER,11,"THOMAS, MATT",24:25,17,1,4,4,7,3,3,0,1,1,3,0,1,0,1,2,2,13,-14.0
2024,164,1,P007550   ,0.0,0.0,BER,18,"SAMAR, ZIGA",08:18,0,0,0,0,1,0,0,0,4,4,1,1,2,0,0,1,1,3,-9.0
2024,164,1,P011631   ,1.0,0.0,BER,25,"RAPIEQUE, ELIAS",20:55,9,3,4,0,1,3,5,4,3,7,3,2,1,0,0,4,4,16,-5.0
2024,164,1,P013386   ,1.0,0.0,BER,33,"McCORMACK, DAVID",16:13,6,3,3,0,0,0,0,1,4,5,1,0,2,0,0,3,2,9,-1.0
2024,164,1,Team,0.0,0.0,BER,,Team,,0,0,0,0,0,0,0,1,0,1,0,0,0,0,0,0,0,1,
2024,164,1,Total,,,BER,,Total,200:00,90,22,40,11,27,13,19,9,20,29,20,9,11,1,6,23,20,89,
2024,164,0,P011212   ,0.0,1.0,MCO,0,"OKOBO, ELIE",25:39,13,3,7,1,2,4,4,1,2,3,4,1,4,0,0,1,4,15,7.0
2024,164,0,P011231   ,0.0,1.0,MCO,4,"BLOSSOMGAME, JARON",17:27,17,4,5,2,3,3,3,2,3,5,0,0,0,0,1,2,3,20,4.0
2024,164,0,P009754   ,1.0,1.0,MCO,8,"LOYD, JORDAN",28:52,12,1,3,2,5,4,4,0,3,3,2,1,2,1,0,4,4,12,18.0
2024,164,0,P005844   ,0.0,0.0,MCO,9,"PAPAGIANNIS, GEORGIOS",18:14,4,2,2,0,0,0,0,1,2,3,1,0,2,3,0,2,0,7,13.0
2024,164,0,PLCZ      ,1.0,0.0,MCO,20,"MOTIEJUNAS, DONATAS",20:21,11,5,6,0,0,1,2,5,1,6,0,1,0,0,0,3,2,15,-2.0
2024,164,0,P008161   ,0.0,0.0,MCO,23,"BEGARIN, JUHANN",DNP,0,0,0,0,0,0,0,0,0,0,0,0,0,0,0,0,0,0,0.0
2024,164,0,P013365   ,1.0,0.0,MCO,30,"BROWN, VITTO",22:20,7,3,4,0,2,1,1,1,5,6,2,1,2,1,0,3,2,11,9.0
2024,164,0,P008099   ,1.0,0.0,MCO,32,"STRAZEL, MATTHEW",21:00,18,1,1,5,6,1,1,0,1,1,1,0,1,0,0,1,3,20,-4.0
2024,164,0,P001932   ,0.0,1.0,MCO,33,"CALATHES, NICK",18:35,0,0,0,0,1,0,0,0,2,2,7,2,2,1,0,3,0,6,19.0
2024,164,0,P005985   ,1.0,1.0,MCO,55,"JAMES, MIKE",27:32,23,5,10,3,7,4,6,0,4,4,7,0,2,0,0,1,5,25,11.0
2024,164,0,Team,0.0,0.0,MCO,,Team,,0,0,0,0,0,0,0,0,5,5,0,0,0,0,0,0,0,5,
2024,164,0,Total,,,MCO,,Total,200:00,105,24,38,13,26,18,21,10,28,38,24,6,15,6,1,20,23,136,
2024,165,1,P013371   ,0.0,1.0,ASV,1,"HARRISON, SHAQUILLE",12:07,0,0,2,0,0,0,0,0,1,1,1,0,2,1,1,1,0,-3,-3.0
2024,165,1,P012262   ,0.0,0.0,ASV,2,"GUEDEGBE, THEO",DNP,0,0,0,0,0,0,0,0,0,0,0,0,0,0,0,0,0,0,0.0
2024,165,1,P011225   ,1.0,1.0,ASV,3,"LEE, PARIS",25:34,7,1,3,1,4,2,4,1,4,5,2,1,1,0,0,1,4,10,-7.0
2024,165,1,P007027   ,1.0,0.0,ASV,6,"MALEDON, THEO",25:30,18,2,6,3,3,5,5,0,3,3,1,1,7,1,1,5,3,10,-9.0
2024,165,1,P004194   ,0.0,0.0,ASV,7,"LAUVERGNE, JOFFREY",DNP,0,0,0,0,0,0,0,0,0,0,0,0,0,0,0,0,0,0,0.0
2024,165,1,P010316   ,1.0,0.0,ASV,8,"AJINCA, MELVIN",18:13,3,1,1,0,3,1,1,0,0,0,0,0,2,0,0,3,2,-3,3.0
2024,165,1,P000229   ,0.0,0.0,ASV,11,"JACKSON, EDWIN",12:02,0,0,1,0,3,0,0,0,0,0,0,1,0,0,0,3,0,-6,-1.0
2024,165,1,P002100   ,0.0,1.0,ASV,12,"DE COLO, NANDO",22:07,22,4,5,2,5,8,8,1,1,2,3,0,6,0,0,2,8,23,-10.0
2024,165,1,P010545   ,1.0,1.0,ASV,13,"SAKO, NEAL",34:00,4,2,3,0,0,0,1,2,6,8,2,1,1,0,0,4,2,10,-5.0
2024,165,1,P013405   ,1.0,1.0,ASV,21,"ROBERSON, ANDRE",33:06,12,4,5,1,3,1,2,0,6,6,0,1,1,0,0,1,3,16,-3.0
2024,165,1,P003526   ,0.0,0.0,ASV,23,"LIGHTY, DAVID",14:53,0,0,1,0,0,0,0,0,0,0,1,1,0,0,0,1,1,1,-9.0
2024,165,1,P013377   ,0.0,0.0,ASV,34,"PAUL, MBIYA",02:28,0,0,0,0,0,0,0,0,0,0,0,0,0,0,0,1,0,-1,-1.0
2024,165,1,Team,0.0,0.0,ASV,,Team,,0,0,0,0,0,0,0,0,3,3,0,0,1,0,0,0,0,2,
2024,165,1,Total,,,ASV,,Total,200:00,66,14,27,7,21,17,21,4,24,28,10,6,21,2,2,22,23,59,
2024,165,0,P006085   ,0.0,0.0,MIL,1,"DIMITRIJEVIC, NENO",10:14,3,0,2,0,1,3,4,0,1,1,0,0,3,0,1,1,3,-2,-4.0
2024,165,0,P011064   ,1.0,1.0,MIL,2,"MANNION, NICCOLO",24:28,7,2,4,1,2,0,0,0,1,1,3,3,1,0,0,4,1,7,16.0
2024,165,0,P006509   ,0.0,0.0,MIL,7,"TONUT, STEFANO",11:00,0,0,1,0,0,0,0,1,1,2,3,0,1,0,0,1,0,2,1.0
2024,165,0,P008985   ,1.0,1.0,MIL,10,"BOLMARO, LEANDRO",26:14,5,2,4,0,2,1,2,1,1,2,3,1,1,1,0,1,3,8,13.0
2024,165,0,P013384   ,0.0,0.0,MIL,12,"BROOKS, ARMONI",18:07,6,3,4,0,5,0,0,1,3,4,0,2,0,0,0,1,0,5,9.0
2024,165,0,P008987   ,0.0,1.0,MIL,16,"LEDAY, ZACH",24:46,17,4,6,2,5,3,4,2,4,6,2,1,2,1,1,4,5,19,8.0
2024,165,0,P001518   ,0.0,0.0,MIL,17,"RICCI, GIAMPAOLO",06:57,5,1,1,1,1,0,0,0,2,2,0,0,0,0,0,1,0,6,6.0
2024,165,0,P005670   ,0.0,0.0,MIL,21,"FLACCADORI, DIEGO",01:44,0,0,0,0,0,0,0,0,0,0,0,0,0,0,0,1,0,-1,-4.0
2024,165,0,P013385   ,0.0,0.0,MIL,25,"DIOP, OUSMANE",09:34,5,2,3,0,0,1,2,3,1,4,0,2,1,0,0,4,1,5,4.0
2024,165,0,P007831   ,1.0,1.0,MIL,31,"SHIELDS, SHAVON",28:13,7,1,5,1,5,2,3,0,3,3,2,0,1,0,0,2,5,5,-4.0
2024,165,0,P000796   ,1.0,1.0,MIL,33,"MIROTIC, NIKOLA",24:47,18,4,7,2,4,4,4,2,6,8,3,1,2,0,0,2,3,24,7.0
2024,165,0,P011941   ,1.0,0.0,MIL,55,"GILLESPIE, FREDDIE",13:56,2,1,2,0,0,0,0,1,1,2,0,0,0,0,0,1,1,3,-7.0
2024,165,0,Team,0.0,0.0,MIL,,Team,,0,0,0,0,0,0,0,2,0,2,0,0,0,0,0,0,0,2,
2024,165,0,Total,,,MIL,,Total,200:00,75,20,39,7,25,14,19,13,24,37,16,10,12,2,2,23,22,83,
2024,166,1,P011948   ,1.0,1.0,BAS,0,"HOWARD, MARKUS",24:11,10,1,3,2,10,2,2,0,1,1,2,1,1,0,1,1,2,3,-4.0
2024,166,1,P008850   ,0.0,0.0,BAS,2,"RAIESTE, SANDER",DNP,0,0,0,0,0,0,0,0,0,0,0,0,0,0,0,0,0,0,0.0
2024,166,1,P007230   ,1.0,0.0,BAS,8,"SEDEKERSKIS, TADAS",19:09,4,0,2,1,3,1,2,1,5,6,3,0,2,0,0,1,4,9,-5.0
2024,166,1,P012080   ,0.0,0.0,BAS,9,"LUWAWU-CABARROT, TIMOTHE",16:29,0,0,1,0,2,0,1,1,1,2,1,0,0,0,0,1,0,-2,0.0
2024,166,1,P004058   ,0.0,0.0,BAS,10,"JARAMAZ, OGNJEN",DNP,0,0,0,0,0,0,0,0,0,0,0,0,0,0,0,0,0,0,0.0
2024,166,1,P013367   ,0.0,1.0,BAS,11,"FORREST, TRENT",21:12,10,3,5,0,0,4,6,1,0,1,3,1,2,0,1,3,5,10,5.0
2024,166,1,P011085   ,0.0,1.0,BAS,17,"ROGKAVOPOULOS, NIKOLAOS",20:51,11,1,2,3,6,0,0,2,3,5,0,1,1,0,1,3,0,8,3.0
2024,166,1,P008072   ,0.0,0.0,BAS,18,"DIOP, KHALIFA",08:45,0,0,1,0,0,0,0,2,2,4,0,0,0,0,0,1,1,3,-11.0
2024,166,1,P012597   ,1.0,0.0,BAS,44,"BALDWIN, KAMAR",18:48,2,1,3,0,3,0,0,0,1,1,1,0,0,0,0,1,0,-2,-7.0
2024,166,1,P011196   ,1.0,0.0,BAS,45,"HALL, DONTA",19:17,14,6,7,0,0,2,4,3,4,7,0,2,0,1,0,3,2,20,1.0
2024,166,1,P012201   ,1.0,1.0,BAS,95,"MONEKE, CHIMA",34:05,18,6,8,0,3,6,6,3,4,7,3,1,3,0,0,3,5,23,6.0
2024,166,1,P007579   ,0.0,1.0,BAS,99,"SAMANIC, LUKA",17:13,4,2,3,0,1,0,2,0,2,2,0,0,1,0,1,0,4,4,2.0
2024,166,1,Team,0.0,0.0,BAS,,Team,,0,0,0,0,0,0,0,1,1,2,0,0,0,0,0,0,0,2,
2024,166,1,Total,,,BAS,,Total,200:00,73,20,35,6,28,15,23,14,24,38,13,6,10,1,4,17,23,78,
2024,166,0,P009048   ,1.0,0.0,RED,0,"MILLER-MCINTYRE, CODI",17:54,9,3,4,1,3,0,0,0,0,0,3,2,4,0,0,3,0,4,-12.0
2024,166,0,P010588   ,0.0,1.0,RED,1,"BROWN III, JOHN",13:55,4,2,2,0,0,0,0,2,4,6,2,0,0,0,0,2,0,10,8.0
2024,166,0,P010612   ,0.0,0.0,RED,3,"CANAAN, ISAIAH",21:26,15,5,6,1,8,2,2,0,0,0,2,0,0,0,0,3,1,7,-1.0
2024,166,0,PJDR      ,0.0,0.0,RED,4,"TEODOSIC, MILOS",03:39,0,0,1,0,2,0,0,0,0,0,0,0,0,0,0,1,1,-3,-1.0
2024,166,0,P007960   ,1.0,1.0,RED,7,"DAVIDOVAC, DEJAN",08:20,0,0,0,0,1,0,0,0,0,0,0,0,0,0,0,0,0,-1,-15.0
2024,166,0,P002553   ,0.0,0.0,RED,9,"MITROVIC, LUKA",11:51,5,2,2,0,0,1,3,1,2,3,2,0,0,1,0,1,3,11,1.0
2024,166,0,P004866   ,1.0,1.0,RED,12,"KALINIC, NIKOLA",27:17,6,3,5,0,1,0,0,0,4,4,2,0,1,0,1,1,1,7,-8.0
2024,166,0,P009035   ,1.0,1.0,RED,21,"BOLOMBOY, JOEL",28:09,16,8,11,0,1,0,0,3,5,8,0,1,1,1,0,4,2,19,1.0
2024,166,0,P011194   ,0.0,0.0,RED,30,"PETRUSEV, FILIP",04:34,0,0,1,0,0,0,0,0,0,0,0,0,0,0,0,1,0,-2,6.0
2024,166,0,P006436   ,0.0,1.0,RED,31,"GIEDRAITIS, ROKAS",26:38,12,1,2,2,4,4,7,1,5,6,0,1,0,2,0,4,4,15,15.0
2024,166,0,P000848   ,1.0,0.0,RED,36,"NEDOVIC, NEMANJA",19:43,3,1,4,0,4,1,1,0,0,0,4,0,1,0,0,3,2,-2,5.0
2024,166,0,P012044   ,0.0,0.0,RED,99,"DOS SANTOS, YAGO",16:34,5,1,3,1,2,0,0,0,2,2,6,0,2,0,0,1,2,9,11.0
2024,166,0,Team,0.0,0.0,RED,,Team,,0,0,0,0,0,0,0,5,0,5,0,0,1,0,0,0,0,4,
2024,166,0,Total,,,RED,,Total,200:00,75,26,41,5,26,8,13,12,22,34,21,4,10,4,1,24,16,78,
2024,167,1,P002849   ,0.0,1.0,ULK,4,"MELLI, NICOLO",17:12,7,2,4,0,2,3,6,1,2,3,0,1,0,0,0,4,7,7,3.0
2024,167,1,P002968   ,1.0,0.0,ULK,5,"SANLI, SERTAC",07:12,6,2,3,0,0,2,2,0,0,0,1,0,0,0,0,1,1,6,-1.0
2024,167,1,P013396   ,1.0,0.0,ULK,9,"MAYS, SKYLAR",16:39,9,3,5,1,1,0,0,0,2,2,1,1,0,0,0,0,0,11,7.0
2024,167,1,P002969   ,0.0,0.0,ULK,10,"MAHMUTOGLU, MELIH",DNP,0,0,0,0,0,0,0,0,0,0,0,0,0,0,0,0,0,0,0.0
2024,167,1,P008962   ,1.0,1.0,ULK,11,"HAYES-DAVIS, NIGEL",31:28,12,2,8,1,5,5,5,1,5,6,3,1,3,0,1,2,5,11,9.0
2024,167,1,P006961   ,0.0,1.0,ULK,13,"BIBEROVIC, TARIK",26:44,17,1,3,5,8,0,0,3,2,5,1,0,3,0,1,4,0,10,-1.0
2024,167,1,P008174   ,0.0,0.0,ULK,15,"EKSIOGLU, MERT",DNP,0,0,0,0,0,0,0,0,0,0,0,0,0,0,0,0,0,0,0.0
2024,167,1,P011205   ,0.0,1.0,ULK,20,"HALL, DEVON",30:16,11,0,1,2,4,5,6,0,5,5,6,0,0,0,0,2,3,19,6.0
2024,167,1,P010560   ,0.0,0.0,ULK,21,"PIERRE, DYSHAWN",13:40,3,0,1,1,1,0,0,1,2,3,0,0,0,0,1,2,1,3,15.0
2024,167,1,P004004   ,1.0,1.0,ULK,23,"GUDURIC, MARKO",27:25,17,2,3,2,4,7,8,1,6,7,7,2,2,0,0,2,5,30,12.0
2024,167,1,P009783   ,1.0,0.0,ULK,50,"COLSON, BONZIE",09:12,1,0,1,0,1,1,2,0,1,1,0,0,0,0,0,0,1,0,-8.0
2024,167,1,P007182   ,0.0,0.0,ULK,92,"BIRCH, KHEM",20:12,1,0,2,0,0,1,2,1,2,3,0,1,0,1,0,3,1,1,-2.0
2024,167,1,Team,0.0,0.0,ULK,,Team,,0,0,0,0,0,0,0,2,1,3,0,0,1,0,0,0,0,2,
2024,167,1,Total,,,ULK,,Total,200:00,84,12,31,12,26,24,31,10,28,38,19,6,9,1,3,20,24,100,
2024,167,0,P007200   ,1.0,0.0,IST,0,"LARKIN, SHANE",32:23,15,2,8,3,5,2,2,0,4,4,1,0,2,0,1,0,4,13,-10.0
2024,167,0,P006590   ,0.0,0.0,IST,1,"BEAUBOIS, RODRIGUE",17:58,2,1,1,0,2,0,0,0,5,5,0,1,0,0,0,1,2,7,-8.0
2024,167,0,P013363   ,1.0,1.0,IST,3,"NWORA, JORDAN",17:42,12,3,5,1,3,3,4,1,3,4,1,0,2,1,0,4,2,9,7.0
2024,167,0,P009846   ,0.0,1.0,IST,6,"BRYANT, ELIJAH",24:51,19,8,10,1,3,0,0,0,3,3,1,0,0,0,0,2,3,20,-8.0
2024,167,0,P007109   ,0.0,0.0,IST,11,"SMITS, ROLANDS",21:41,5,0,1,1,4,2,2,1,2,3,2,0,1,0,0,3,3,5,-12.0
2024,167,0,P011078   ,1.0,0.0,IST,13,"THOMPSON, DARIUS",23:43,2,0,2,0,1,2,2,1,0,1,3,0,2,0,0,1,2,2,-3.0
2024,167,0,P013364   ,0.0,1.0,IST,14,"JOHNSON, STANLEY",11:00,5,2,4,0,0,1,1,0,1,1,0,0,1,1,0,1,1,4,-3.0
2024,167,0,P004887   ,1.0,1.0,IST,17,"POIRIER, VINCENT",21:11,9,4,5,0,0,1,3,3,3,6,1,2,0,1,0,3,2,15,1.0
2024,167,0,P012710   ,1.0,0.0,IST,24,"OSMANI, ERCAN",14:11,5,2,3,0,2,1,1,0,4,4,1,0,0,0,0,4,1,4,3.0
2024,167,0,P012788   ,0.0,0.0,IST,25,"OTURU, DAN",15:17,2,1,4,0,0,0,0,1,2,3,0,0,0,0,0,5,0,-3,-7.0
2024,167,0,P006372   ,0.0,1.0,IST,33,"YILMAZ, ERKAN",00:03,0,0,0,0,0,0,0,0,0,0,0,0,0,0,0,0,0,0,0.0
2024,167,0,P009664   ,0.0,0.0,IST,35,"WILLIS, DEREK",DNP,0,0,0,0,0,0,0,0,0,0,0,0,0,0,0,0,0,0,0.0
2024,167,0,Team,0.0,0.0,IST,,Team,,0,0,0,0,0,0,0,0,0,0,0,0,1,0,0,0,0,-1,
2024,167,0,Total,,,IST,,Total,200:00,76,23,43,6,20,12,15,7,27,34,10,3,9,3,1,24,20,75,
2024,168,1,P011209   ,0.0,0.0,PAN,0,"KALAITZAKIS, PANAGIOTIS",03:36,0,0,0,0,0,0,0,0,0,0,0,0,0,0,0,0,0,0,3.0
2024,168,1,P009622   ,0.0,1.0,PAN,2,"BROWN, LORENZO",19:42,12,0,0,4,6,0,0,0,1,1,7,0,1,0,0,1,0,16,25.0
2024,168,1,P001926   ,0.0,0.0,PAN,10,"SLOUKAS, KOSTAS",16:15,5,0,0,1,3,2,2,0,2,2,5,0,3,0,0,0,1,8,3.0
2024,168,1,P004088   ,0.0,1.0,PAN,16,"OSMAN, CEDI",16:05,11,1,1,3,3,0,0,0,2,2,0,0,0,0,0,4,1,10,10.0
2024,168,1,P005161   ,1.0,0.0,PAN,21,"PAPAPETROU, IOANNIS",15:30,5,1,2,1,2,0,0,0,0,0,2,1,0,0,0,4,0,2,11.0
2024,168,1,P011204   ,1.0,0.0,PAN,22,"GRANT, JERIAN",17:06,6,0,0,2,4,0,0,0,3,3,6,0,0,0,0,1,1,13,2.0
2024,168,1,P012774   ,1.0,1.0,PAN,25,"NUNN, KENDRICK",31:46,27,5,6,5,9,2,2,1,3,4,5,1,1,0,0,3,5,33,9.0
2024,168,1,P013383   ,0.0,0.0,PAN,32,"GABRIEL, WENYEN",09:18,2,1,2,0,0,0,0,1,0,1,1,0,0,0,0,1,1,3,-1.0
2024,168,1,P011221   ,0.0,0.0,PAN,37,"ANTETOKOUNMPO, KOSTAS",DNP,0,0,0,0,0,0,0,0,0,0,0,0,0,0,0,0,0,0,0.0
2024,168,1,P012712   ,1.0,1.0,PAN,41,"HERNANGOMEZ, JUANCHO",32:53,16,2,2,3,4,3,6,2,5,7,3,1,2,0,0,2,5,24,27.0
2024,168,1,P007866   ,0.0,0.0,PAN,44,"MITOGLOU, KONSTANTINOS",09:53,0,0,2,0,1,0,0,1,0,1,0,0,1,0,0,0,0,-3,-8.0
2024,168,1,P005353   ,1.0,1.0,PAN,77,"YURTSEVEN, OMER",27:56,27,13,16,0,0,1,2,2,5,7,2,0,3,3,0,1,3,34,24.0
2024,168,1,Team,0.0,0.0,PAN,,Team,,0,0,0,0,0,0,0,1,1,2,0,0,0,0,0,0,0,2,
2024,168,1,Total,,,PAN,,Total,200:00,111,23,31,19,32,8,12,8,22,30,31,3,11,3,0,17,17,142,
2024,168,0,P009549   ,1.0,1.0,VIR,0,"CORDINIER, ISAIA",23:56,11,2,3,1,3,4,6,0,0,0,5,1,0,0,0,2,4,14,-13.0
2024,168,0,PBCN      ,0.0,1.0,VIR,3,"BELINELLI, MARCO",18:05,8,1,3,2,5,0,0,0,0,0,4,0,1,0,2,0,0,4,-12.0
2024,168,0,P006739   ,1.0,1.0,VIR,6,"PAJOLA, ALESSANDRO",25:50,8,0,1,2,2,2,2,0,1,1,6,2,1,0,0,2,2,15,-12.0
2024,168,0,P004888   ,1.0,1.0,VIR,8,"CLYBURN, WILL",28:31,25,4,7,5,7,2,2,0,4,4,5,1,0,0,0,2,5,33,-10.0
2024,168,0,P006273   ,0.0,0.0,VIR,9,"VISCONTI, RICCARDO",DNP,0,0,0,0,0,0,0,0,0,0,0,0,0,0,0,0,0,0,0.0
2024,168,0,P001844   ,0.0,0.0,VIR,23,"HACKETT, DANIEL",03:26,0,0,0,0,0,0,0,0,0,0,0,1,1,0,0,2,0,-2,0.0
2024,168,0,P005738   ,0.0,0.0,VIR,24,"GRAZULIS, ANDREJS",15:59,12,2,5,2,5,2,2,1,3,4,0,0,1,0,0,1,1,9,4.0
2024,168,0,P012585   ,0.0,0.0,VIR,30,"MORGAN, MATTHEW",19:03,4,2,4,0,2,0,0,0,1,1,6,2,0,0,1,2,1,7,-14.0
2024,168,0,P002084   ,1.0,0.0,VIR,33,"POLONARA, ACHILLE",17:55,3,0,0,1,3,0,0,1,0,1,0,0,1,0,0,3,0,-2,-21.0
2024,168,0,P013374   ,1.0,1.0,VIR,35,"DIOUF, MOUHAMET",24:01,15,7,8,0,0,1,2,1,1,2,0,0,2,0,0,2,1,12,-25.0
2024,168,0,P011816   ,0.0,0.0,VIR,45,"AKELE, NICOLA",17:19,2,1,3,0,0,0,0,0,1,1,0,1,0,0,0,1,0,1,8.0
2024,168,0,P012591   ,0.0,0.0,VIR,59,"TUCKER, RAYJON",05:55,2,0,0,0,0,2,2,1,1,2,0,0,1,0,0,0,3,6,-10.0
2024,168,0,Team,0.0,0.0,VIR,,Team,,0,0,0,0,0,0,0,2,1,3,0,0,1,0,0,0,0,2,
2024,168,0,Total,,,VIR,,Total,200:00,90,19,34,13,27,13,16,6,13,19,26,8,9,0,3,17,17,99,
2024,169,1,P012608   ,1.0,1.0,PRS,0,"SHORTS, TJ",27:01,20,5,9,1,2,7,8,1,1,2,4,2,1,0,1,2,4,22,-9.0
2024,169,1,P012609   ,0.0,0.0,PRS,1,"MALCOLM, COLLIN",16:31,0,0,3,0,1,0,0,2,3,5,1,1,0,0,0,2,0,1,3.0
2024,169,1,P012640   ,0.0,0.0,PRS,2,"HIFI, NADIR",17:23,14,1,2,2,9,6,8,1,2,3,0,0,2,0,0,0,7,12,-5.0
2024,169,1,P012610   ,1.0,1.0,PRS,3,"WARD, TYSON",23:39,13,3,3,1,7,4,4,0,2,2,0,1,2,0,0,4,4,8,-4.0
2024,169,1,P013373   ,0.0,0.0,PRS,4,"CAVALIERE, LEOPOLD",06:25,0,0,2,0,0,0,0,1,3,4,0,0,0,0,0,3,1,0,4.0
2024,169,1,P005793   ,0.0,1.0,PRS,5,"SY, BANDJA",19:26,3,0,1,1,1,0,0,1,1,2,1,0,0,1,1,3,0,2,-7.0
2024,169,1,P004512   ,0.0,0.0,PRS,8,"KRATZER, LEON",05:52,0,0,0,0,0,0,0,0,0,0,0,0,1,0,0,2,0,-3,-4.0
2024,169,1,P007032   ,0.0,1.0,PRS,12,"LO, MAODO",21:46,18,7,10,1,4,1,1,2,1,3,0,0,2,0,0,1,1,13,-9.0
2024,169,1,P010390   ,1.0,0.0,PRS,13,"HAYES, KEVARRIUS",22:42,6,2,3,0,0,2,2,2,3,5,0,0,2,0,0,2,4,10,-8.0
2024,169,1,P012612   ,0.0,0.0,PRS,18,"SHAHRVIN, ENZO",DNP,0,0,0,0,0,0,0,0,0,0,0,0,0,0,0,0,0,0,0.0
2024,169,1,P012613   ,1.0,1.0,PRS,20,"JANTUNEN, MIKAEL",24:33,2,1,4,0,3,0,0,0,4,4,2,1,1,0,0,4,0,-2,-9.0
2024,169,1,P004197   ,1.0,0.0,PRS,24,"OUATTARA, YAKUBA",14:42,3,0,0,1,3,0,0,2,0,2,0,0,1,0,0,0,0,2,-7.0
2024,169,1,Team,0.0,0.0,PRS,,Team,,0,0,0,0,0,0,0,0,3,3,0,0,0,0,0,0,0,3,
2024,169,1,Total,,,PRS,,Total,200:00,79,19,37,7,30,20,23,12,23,35,8,5,12,1,2,23,21,68,
2024,169,0,P009862   ,1.0,1.0,BAR,0,"PUNTER, KEVIN",32:30,12,4,9,1,8,1,1,0,4,4,3,1,0,0,1,4,1,4,10.0
2024,169,0,P012795   ,0.0,0.0,BAR,1,"ANDERSON, JUSTIN",09:50,2,1,2,0,1,0,0,0,3,3,1,0,1,0,0,4,1,0,6.0
2024,169,0,P011666   ,0.0,0.0,BAR,2,"SARR, DAME",DNP,0,0,0,0,0,0,0,0,0,0,0,0,0,0,0,0,0,0,0.0
2024,169,0,P009992   ,0.0,0.0,BAR,8,"BRIZUELA, DARIO",11:15,3,0,1,1,1,0,0,0,0,0,2,0,3,0,0,1,2,2,-4.0
2024,169,0,P013379   ,0.0,1.0,BAR,10,"METU, CHIMEZIE",15:05,13,6,7,0,0,1,2,1,4,5,1,1,2,0,0,1,4,19,-3.0
2024,169,0,P002939   ,1.0,1.0,BAR,13,"SATORANSKY, TOMAS",22:55,12,3,3,2,4,0,0,0,3,3,8,1,1,0,0,3,0,18,8.0
2024,169,0,P003196   ,0.0,0.0,BAR,14,"HERNANGOMEZ, WILLY",20:34,23,7,11,0,0,9,14,5,5,10,0,1,1,0,0,2,8,30,11.0
2024,169,0,P010106   ,0.0,0.0,BAR,17,"NUNEZ, JUAN",16:54,4,0,1,1,3,1,2,1,3,4,4,1,1,0,0,1,2,9,3.0
2024,169,0,P006568   ,1.0,0.0,BAR,19,"FALL, YOUSSOUPHA",11:55,4,2,3,0,0,0,0,2,5,7,1,0,1,1,0,2,1,10,6.0
2024,169,0,P003478   ,1.0,1.0,BAR,21,"ABRINES, ALEX",26:50,6,0,0,1,3,3,4,0,2,2,1,0,0,0,0,3,3,6,8.0
2024,169,0,P012745   ,1.0,1.0,BAR,22,"PARKER, JABARI",32:12,11,3,9,1,5,2,2,3,1,4,3,0,2,1,0,0,1,8,10.0
2024,169,0,P007464   ,0.0,0.0,BAR,44,"PARRA, JOEL",DNP,0,0,0,0,0,0,0,0,0,0,0,0,0,0,0,0,0,0,0.0
2024,169,0,Team,0.0,0.0,BAR,,Team,,0,0,0,0,0,0,0,4,0,4,0,0,1,0,0,0,0,3,
2024,169,0,Total,,,BAR,,Total,200:00,90,26,46,7,25,17,25,16,30,46,24,5,13,2,1,21,23,109,
2024,170,1,P007870   ,1.0,0.0,PAR,0,"DAVIES, BRANDON",15:38,16,5,10,2,3,0,0,1,2,3,1,2,2,3,1,3,0,13,11.0
2024,170,1,P010781   ,0.0,1.0,PAR,1,"LUNDBERG, IFFE",16:54,6,0,1,2,4,0,0,1,0,1,2,0,1,0,0,3,0,2,-2.0
2024,170,1,P013369   ,1.0,0.0,PAR,2,"JONES, CARLIK",20:19,11,3,5,1,2,2,2,0,3,3,8,2,1,0,0,0,3,23,13.0
2024,170,1,P006591   ,0.0,0.0,PAR,3,"NTILIKINA, FRANK",18:14,10,2,2,2,4,0,0,0,1,1,4,0,0,0,0,3,0,10,18.0
2024,170,1,P013370   ,0.0,1.0,PAR,4,"WASHINGTON, DUANE",21:53,13,3,7,1,5,4,4,0,2,2,5,1,1,0,0,1,5,16,12.0
2024,170,1,P011050   ,0.0,1.0,PAR,5,"KOPRIVICA, BALSA",03:28,5,2,2,0,0,1,1,1,1,2,0,0,0,0,0,0,1,8,1.0
2024,170,1,P007632   ,1.0,1.0,PAR,7,"NAKIC, MARIO",19:34,0,0,0,0,2,0,0,0,1,1,1,1,1,0,0,2,0,-2,3.0
2024,170,1,P008232   ,0.0,0.0,PAR,11,"POKUSEVSKI, ALEKSEJ",10:26,3,0,0,1,3,0,0,0,2,2,3,2,0,1,0,1,0,8,11.0
2024,170,1,P012720   ,1.0,0.0,PAR,12,"BROWN, STERLING",23:53,21,5,7,3,4,2,2,1,0,1,4,3,0,0,1,1,1,25,25.0
2024,170,1,P006760   ,1.0,0.0,PAR,17,"BONGA, ISAAC",15:54,0,0,1,0,3,0,0,2,3,5,0,3,0,2,0,1,1,6,10.0
2024,170,1,P011836   ,0.0,1.0,PAR,24,"MIKE, ISIAHA",12:53,4,2,3,0,1,0,0,1,1,2,1,0,0,0,0,2,1,4,2.0
2024,170,1,P011981   ,0.0,0.0,PAR,88,"JONES, TYRIQUE",20:54,9,4,5,0,0,1,2,0,5,5,2,1,0,2,0,1,2,18,11.0
2024,170,1,Team,0.0,0.0,PAR,,Team,,0,0,0,0,0,0,0,2,2,4,0,0,2,0,0,0,0,2,
2024,170,1,Total,,,PAR,,Total,200:00,98,26,43,12,31,10,11,9,23,32,31,15,8,8,2,18,14,133,
2024,170,0,P006835   ,1.0,1.0,TEL,1,"HOARD, JAYLEN",32:28,12,3,5,1,2,3,6,2,4,6,3,0,2,0,1,1,4,15,-13.0
2024,170,0,P011202   ,0.0,0.0,TEL,3,"SHAYOK, MARIAL",11:15,3,0,1,1,4,0,0,1,1,2,2,0,1,0,0,1,0,1,-7.0
2024,170,0,P011219   ,1.0,1.0,TEL,9,"SORKIN, ROMAN",25:03,9,3,7,0,2,3,4,2,4,6,2,0,3,1,2,2,2,6,-10.0
2024,170,0,P011433   ,0.0,0.0,TEL,10,"MAYER, OMER",DNP,0,0,0,0,0,0,0,0,0,0,0,0,0,0,0,0,0,0,0.0
2024,170,0,P013381   ,0.0,1.0,TEL,11,"RAYMAN, WILLIAM",13:15,0,0,1,0,0,0,0,4,5,9,0,0,0,0,1,1,2,8,-16.0
2024,170,0,P007990   ,0.0,1.0,TEL,12,"DIBARTOLOMEO, JOHN",22:30,15,0,0,5,6,0,0,0,0,0,1,0,1,0,0,2,0,12,-15.0
2024,170,0,P005145   ,0.0,0.0,TEL,15,"COHEN, JAKE",DNP,0,0,0,0,0,0,0,0,0,0,0,0,0,0,0,0,0,0,0.0
2024,170,0,P013382   ,1.0,0.0,TEL,20,"RANDOLPH, LEVI",25:42,7,0,4,1,3,4,4,3,1,4,3,0,1,0,1,1,2,7,-19.0
2024,170,0,P007519   ,1.0,1.0,TEL,31,"JOKUBAITIS, ROKAS",18:26,7,2,6,0,1,3,4,1,1,2,4,1,3,0,1,0,2,6,-11.0
2024,170,0,P011193   ,1.0,0.0,TEL,45,"BLATT, TAMIR",26:56,16,2,4,4,9,0,0,0,2,2,3,1,5,0,0,0,3,13,-6.0
2024,170,0,P012604   ,0.0,0.0,TEL,50,"WILLIAMS, TREVION",15:59,6,2,6,0,0,2,2,4,5,9,1,0,2,1,2,3,2,8,-6.0
2024,170,0,P013250   ,0.0,0.0,TEL,55,"DeJULIUS, DAVID",08:26,0,0,0,0,2,0,0,0,1,1,2,0,1,0,0,3,1,-2,-12.0
2024,170,0,Team,0.0,0.0,TEL,,Team,,0,0,0,0,0,0,0,1,1,2,0,0,0,0,0,0,0,2,
2024,170,0,Total,,,TEL,,Total,200:00,75,12,34,12,29,15,20,18,25,43,21,2,19,2,8,14,18,76,
2024,171,1,P003733   ,1.0,1.0,MAD,6,"ABALDE, ALBERTO",21:10,9,3,3,1,2,0,0,1,0,1,1,0,1,0,0,3,0,6,2.0
2024,171,1,P005928   ,1.0,1.0,MAD,7,"CAMPAZZO, FACUNDO",24:51,13,4,7,1,4,2,3,0,3,3,5,3,5,1,0,2,5,16,18.0
2024,171,1,P013378   ,0.0,0.0,MAD,8,"RATHAN-MAYES, XAVIER",12:03,9,3,4,1,3,0,0,1,0,1,0,1,0,0,1,2,1,6,-4.0
2024,171,1,P011649   ,0.0,0.0,MAD,9,"GONZALEZ, HUGO",05:33,2,1,1,0,2,0,0,0,1,1,0,1,0,0,0,2,0,0,10.0
2024,171,1,P003108   ,0.0,1.0,MAD,11,"HEZONJA, MARIO",25:01,14,4,6,1,3,3,4,3,5,8,0,0,3,0,0,0,4,18,8.0
2024,171,1,P006540   ,1.0,1.0,MAD,13,"MUSA, DZANAN",21:42,15,3,5,2,2,3,4,1,4,5,0,0,1,0,0,2,3,17,21.0
2024,171,1,P007630   ,0.0,0.0,MAD,16,"GARUBA, USMAN",10:54,6,3,3,0,0,0,0,1,1,2,0,0,0,0,0,2,1,7,2.0
2024,171,1,P003583   ,0.0,0.0,MAD,18,"IBAKA, SERGE",06:56,2,1,1,0,2,0,0,0,2,2,0,0,0,1,0,1,0,2,5.0
2024,171,1,P005791   ,1.0,1.0,MAD,22,"TAVARES, WALTER",22:10,8,4,7,0,0,0,2,5,5,10,4,0,2,0,0,3,3,15,5.0
2024,171,1,PTGB      ,0.0,0.0,MAD,23,"LLULL, SERGIO",19:32,3,0,0,1,5,0,0,0,0,0,2,0,1,0,0,0,2,2,-5.0
2024,171,1,P011247   ,0.0,0.0,MAD,24,"FELIZ, ANDRES",15:09,2,1,1,0,2,0,0,0,2,2,0,0,1,0,0,3,1,-1,-6.0
2024,171,1,P009213   ,1.0,0.0,MAD,30,"NDIAYE, ELI",14:59,5,1,2,1,2,0,0,0,1,1,0,1,0,0,0,0,1,6,4.0
2024,171,1,Team,0.0,0.0,MAD,,Team,,0,0,0,0,0,0,0,0,2,2,0,0,0,0,0,0,0,2,
2024,171,1,Total,,,MAD,,Total,200:00,88,28,40,8,27,8,13,12,26,38,12,6,14,2,1,20,21,96,
2024,171,0,P011244   ,0.0,0.0,MUN,1,"DA SILVA, OSCAR",19:24,4,2,2,0,0,0,0,0,4,4,0,0,1,1,0,2,1,7,2.0
2024,171,0,P011987   ,1.0,1.0,MUN,3,"EDWARDS, CARSEN",30:41,18,5,6,2,11,2,2,0,1,1,2,2,1,0,0,3,5,14,-9.0
2024,171,0,P001557   ,1.0,1.0,MUN,5,"GIFFEY, NIELS",21:46,8,1,2,2,4,0,0,1,1,2,0,0,2,0,0,4,1,2,-18.0
2024,171,0,P007201   ,1.0,0.0,MUN,7,"VOIGTMANN, JOHANNES",15:18,5,1,1,1,1,0,0,0,3,3,2,0,1,0,0,0,1,10,-13.0
2024,171,0,P011224   ,1.0,1.0,MUN,8,"NAPIER, SHABAZZ",26:58,17,4,5,1,4,6,6,2,0,2,3,3,5,0,1,4,3,14,-6.0
2024,171,0,P012123   ,0.0,0.0,MUN,10,"KHARCHENKOV, IVAN",07:21,2,1,3,0,1,0,0,0,3,3,1,0,0,0,0,4,1,0,-3.0
2024,171,0,P004508   ,0.0,1.0,MUN,13,"OBST, ANDREAS",27:46,3,0,1,1,6,0,0,0,1,1,2,2,0,0,0,2,1,1,-3.0
2024,171,0,P007929   ,0.0,0.0,MUN,17,"BITIM, ONURALP",10:46,0,0,0,0,0,0,0,1,2,3,0,0,0,0,0,1,1,3,2.0
2024,171,0,P005460   ,0.0,0.0,MUN,20,"HARRIS, ELIAS",11:56,8,4,6,0,1,0,0,2,0,2,2,0,0,0,1,0,0,8,-4.0
2024,171,0,P007639   ,0.0,0.0,MUN,22,"BRANKOVIC, DANKO",DNP,0,0,0,0,0,0,0,0,0,0,0,0,0,0,0,0,0,0,0.0
2024,171,0,P007056   ,1.0,1.0,MUN,31,"BOOKER, DEVIN",28:04,11,2,5,1,4,4,7,2,2,4,3,0,2,0,0,2,6,11,-8.0
2024,171,0,P013368   ,0.0,0.0,MUN,53,"YEBO, KEVIN",DNP,0,0,0,0,0,0,0,0,0,0,0,0,0,0,0,0,0,0,0.0
2024,171,0,Team,0.0,0.0,MUN,,Team,,0,0,0,0,0,0,0,1,3,4,0,0,2,0,0,0,0,2,
2024,171,0,Total,,,MUN,,Total,200:00,76,20,31,8,32,12,15,9,20,29,15,7,14,1,2,22,20,72,
2024,172,1,P003091   ,0.0,1.0,ULK,1,"BIRSEN, METECAN",01:35,0,0,0,0,0,0,0,0,1,1,0,0,1,0,0,1,0,-1,2.0
2024,172,1,P002849   ,0.0,0.0,ULK,4,"MELLI, NICOLO",11:10,9,4,4,0,2,1,1,3,1,4,0,0,2,0,0,2,2,9,-2.0
2024,172,1,P002968   ,1.0,0.0,ULK,5,"SANLI, SERTAC",21:56,18,5,6,1,3,5,6,0,3,3,2,1,1,1,0,2,5,23,24.0
2024,172,1,P013396   ,1.0,1.0,ULK,9,"MAYS, SKYLAR",16:21,4,1,2,0,2,2,3,0,0,0,2,0,1,2,0,1,3,5,2.0
2024,172,1,P002969   ,0.0,1.0,ULK,10,"MAHMUTOGLU, MELIH",06:27,0,0,0,0,2,0,0,0,0,0,0,0,1,0,0,0,2,-1,-5.0
2024,172,1,P008962   ,1.0,0.0,ULK,11,"HAYES-DAVIS, NIGEL",33:50,14,1,2,4,6,0,0,2,4,6,3,1,0,0,0,1,1,21,13.0
2024,172,1,P006961   ,0.0,1.0,ULK,13,"BIBEROVIC, TARIK",19:51,8,1,2,2,3,0,0,1,2,3,3,0,0,1,0,2,0,11,21.0
2024,172,1,P011205   ,0.0,0.0,ULK,20,"HALL, DEVON",26:09,2,1,5,0,2,0,0,0,2,2,5,2,5,0,0,0,0,0,10.0
2024,172,1,P010560   ,0.0,1.0,ULK,21,"PIERRE, DYSHAWN",19:20,9,3,3,0,0,3,4,1,3,4,2,1,0,1,0,2,3,17,-1.0
2024,172,1,P004004   ,1.0,0.0,ULK,23,"GUDURIC, MARKO",20:10,14,3,6,2,2,2,2,0,1,1,1,0,3,0,0,3,1,8,19.0
2024,172,1,P009783   ,1.0,0.0,ULK,50,"COLSON, BONZIE",15:43,10,2,2,1,4,3,3,0,2,2,1,0,0,0,0,1,2,11,6.0
2024,172,1,P007182   ,0.0,0.0,ULK,92,"BIRCH, KHEM",07:28,2,0,0,0,0,2,4,1,1,2,0,1,1,0,0,1,3,4,-4.0
2024,172,1,Team,0.0,0.0,ULK,,Team,,0,0,0,0,0,0,0,1,1,2,0,0,0,0,0,0,0,2,
2024,172,1,Total,,,ULK,,Total,200:00,90,21,32,10,26,18,23,9,21,30,19,6,15,5,0,16,22,109,
2024,172,0,P008384   ,1.0,1.0,BER,1,"PROCIDA, GABRIELE",22:16,14,7,9,0,2,0,1,0,1,1,0,0,1,0,0,3,2,8,-12.0
2024,172,0,P008173   ,0.0,0.0,BER,3,"SPAGNOLO, MATTEO",16:32,2,1,5,0,0,0,0,0,1,1,1,1,1,0,1,2,2,-1,3.0
2024,172,0,P011934   ,0.0,0.0,BER,5,"WETZELL, YANNI",19:15,7,2,2,1,2,0,0,2,4,6,2,2,1,0,0,2,1,14,-19.0
2024,172,0,P008211   ,0.0,1.0,BER,6,"DELOW, MALTE",18:20,10,3,4,1,2,1,1,1,1,2,1,0,0,0,0,2,2,11,-5.0
2024,172,0,P008062   ,1.0,0.0,BER,7,"MCDOWELL-WHITE, WILL",24:12,9,3,5,1,2,0,0,2,0,2,2,0,5,0,0,3,0,2,-21.0
2024,172,0,P007025   ,0.0,1.0,BER,9,"MATTISSECK, JONAS",05:20,0,0,1,0,1,0,0,0,0,0,0,0,0,0,1,1,0,-4,0.0
2024,172,0,P006251   ,1.0,1.0,BER,10,"SCHNEIDER, TIM",23:14,6,0,1,2,5,0,0,1,3,4,2,1,1,0,0,2,0,6,-4.0
2024,172,0,P008967   ,1.0,0.0,BER,11,"THOMAS, MATT",20:32,13,2,4,3,5,0,0,0,2,2,1,0,3,0,1,0,3,11,-20.0
2024,172,0,P008780   ,0.0,0.0,BER,15,"HERMANNSSON, MARTIN",12:48,6,2,6,0,1,2,2,0,0,0,3,1,1,0,1,1,2,4,4.0
2024,172,0,P007550   ,0.0,0.0,BER,18,"SAMAR, ZIGA",DNP,0,0,0,0,0,0,0,0,0,0,0,0,0,0,0,0,0,0,0.0
2024,172,0,P011631   ,0.0,0.0,BER,25,"RAPIEQUE, ELIAS",15:56,2,1,2,0,0,0,0,0,1,1,2,0,3,0,0,2,0,-1,-10.0
2024,172,0,P013386   ,1.0,1.0,BER,33,"McCORMACK, DAVID",21:35,4,2,7,0,0,0,0,3,5,8,2,3,2,0,1,4,4,9,-1.0
2024,172,0,Team,0.0,0.0,BER,,Team,,0,0,0,0,0,0,0,4,1,5,0,0,2,0,0,0,0,3,
2024,172,0,Total,,,BER,,Total,200:00,73,23,46,8,20,3,4,13,19,32,16,8,20,0,5,22,16,62,
2024,173,1,P011212   ,0.0,1.0,MCO,0,"OKOBO, ELIE",21:38,4,1,4,0,1,2,2,0,0,0,3,0,3,0,0,3,2,-1,-13.0
2024,173,1,P011231   ,0.0,1.0,MCO,4,"BLOSSOMGAME, JARON",21:49,9,4,4,0,0,1,2,0,1,1,0,0,0,0,0,2,1,8,-23.0
2024,173,1,P009754   ,1.0,1.0,MCO,8,"LOYD, JORDAN",22:11,7,1,2,0,3,5,6,1,5,6,0,1,2,0,0,1,4,10,-15.0
2024,173,1,P005844   ,0.0,1.0,MCO,9,"PAPAGIANNIS, GEORGIOS",23:23,10,5,7,0,0,0,0,2,5,7,0,0,0,4,0,3,0,16,6.0
2024,173,1,P002581   ,0.0,0.0,MCO,14,"JAITEH, MAM",07:52,4,2,4,0,0,0,0,0,0,0,0,0,2,0,0,2,0,-2,-7.0
2024,173,1,PLCZ      ,1.0,0.0,MCO,20,"MOTIEJUNAS, DONATAS",06:58,2,0,1,0,0,2,2,0,1,1,0,0,1,0,0,1,4,4,-12.0
2024,173,1,P012515   ,0.0,0.0,MCO,22,"TARPEY, TERRY",08:28,0,0,0,0,0,0,0,0,2,2,0,1,0,0,0,2,0,1,-2.0
2024,173,1,P008161   ,0.0,0.0,MCO,23,"BEGARIN, JUHANN",DNP,0,0,0,0,0,0,0,0,0,0,0,0,0,0,0,0,0,0,0.0
2024,173,1,P013365   ,1.0,0.0,MCO,30,"BROWN, VITTO",19:44,2,1,1,0,4,0,0,1,1,2,0,0,0,1,0,1,0,0,6.0
2024,173,1,P008099   ,0.0,0.0,MCO,32,"STRAZEL, MATTHEW",27:18,15,1,2,4,5,1,1,0,1,1,2,1,0,0,0,1,5,21,7.0
2024,173,1,P001932   ,1.0,0.0,MCO,33,"CALATHES, NICK",09:35,8,1,2,2,4,0,0,1,1,2,0,0,0,0,1,2,1,5,-17.0
2024,173,1,P005985   ,1.0,1.0,MCO,55,"JAMES, MIKE",31:04,23,2,8,4,9,7,8,1,3,4,8,0,3,0,2,0,6,24,0.0
2024,173,1,Team,0.0,0.0,MCO,,Team,,0,0,0,0,0,0,0,1,3,4,0,0,0,0,0,0,0,4,
2024,173,1,Total,,,MCO,,Total,200:00,84,18,35,10,26,18,21,7,23,30,13,3,11,5,3,18,23,90,
2024,173,0,P009862   ,1.0,0.0,BAR,0,"PUNTER, KEVIN",24:30,14,3,8,2,5,2,3,1,1,2,2,0,1,0,1,5,4,6,3.0
2024,173,0,P012795   ,1.0,0.0,BAR,1,"ANDERSON, JUSTIN",20:25,8,3,4,0,1,2,2,2,1,3,1,0,1,1,1,2,2,9,-12.0
2024,173,0,P011666   ,0.0,0.0,BAR,2,"SARR, DAME",DNP,0,0,0,0,0,0,0,0,0,0,0,0,0,0,0,0,0,0,0.0
2024,173,0,P009992   ,0.0,1.0,BAR,8,"BRIZUELA, DARIO",28:46,27,4,6,6,8,1,3,0,2,2,2,1,2,0,1,0,2,25,12.0
2024,173,0,P013379   ,0.0,1.0,BAR,10,"METU, CHIMEZIE",25:53,13,4,8,1,3,2,2,1,7,8,3,0,2,1,2,2,1,14,9.0
2024,173,0,P002939   ,1.0,1.0,BAR,13,"SATORANSKY, TOMAS",18:30,3,1,2,0,0,1,2,1,4,5,6,0,1,0,0,1,2,12,8.0
2024,173,0,P003196   ,0.0,0.0,BAR,14,"HERNANGOMEZ, WILLY",DNP,0,0,0,0,0,0,0,0,0,0,0,0,0,0,0,0,0,0,0.0
2024,173,0,P010106   ,0.0,0.0,BAR,17,"NUNEZ, JUAN",07:55,4,2,4,0,0,0,0,0,2,2,2,1,0,0,0,4,2,5,7.0
2024,173,0,P006568   ,1.0,0.0,BAR,19,"FALL, YOUSSOUPHA",12:34,6,3,4,0,0,0,0,0,4,4,0,0,2,0,0,3,0,4,2.0
2024,173,0,P003478   ,0.0,1.0,BAR,21,"ABRINES, ALEX",19:54,11,1,1,3,5,0,0,2,4,6,0,0,0,1,0,4,1,13,24.0
2024,173,0,P012745   ,1.0,1.0,BAR,22,"PARKER, JABARI",24:52,12,4,5,1,3,1,2,1,2,3,1,0,1,0,0,2,3,12,-1.0
2024,173,0,P007464   ,0.0,0.0,BAR,44,"PARRA, JOEL",16:41,0,0,0,0,0,0,0,1,1,2,3,1,1,0,0,0,1,6,18.0
2024,173,0,Team,0.0,0.0,BAR,,Team,,0,0,0,0,0,0,0,0,0,0,0,0,0,0,0,0,0,0,
2024,173,0,Total,,,BAR,,Total,200:00,98,25,42,13,25,9,14,9,28,37,20,3,11,3,5,23,18,106,
2024,174,1,P011209   ,1.0,0.0,PAN,0,"KALAITZAKIS, PANAGIOTIS",12:04,7,2,2,1,2,0,0,2,3,5,0,1,2,0,0,3,0,7,5.0
2024,174,1,P006544   ,0.0,0.0,PAN,6,"MORAITIS, DIMITRIS",DNP,0,0,0,0,0,0,0,0,0,0,0,0,0,0,0,0,0,0,0.0
2024,174,1,P004088   ,0.0,1.0,PAN,16,"OSMAN, CEDI",27:05,18,3,6,2,4,6,9,2,1,3,1,0,0,0,2,2,5,15,6.0
2024,174,1,P011442   ,0.0,0.0,PAN,20,"SAMODUROV, ALEXANDROS",DNP,0,0,0,0,0,0,0,0,0,0,0,0,0,0,0,0,0,0,0.0
2024,174,1,P005161   ,0.0,0.0,PAN,21,"PAPAPETROU, IOANNIS",07:56,0,0,0,0,1,0,0,0,1,1,1,0,2,0,0,0,0,-1,11.0
2024,174,1,P011204   ,1.0,1.0,PAN,22,"GRANT, JERIAN",37:23,14,5,5,0,0,4,4,1,6,7,8,2,1,0,0,1,4,33,8.0
2024,174,1,P012774   ,1.0,1.0,PAN,25,"NUNN, KENDRICK",35:32,25,6,8,4,8,1,1,0,2,2,4,1,3,0,0,4,5,24,6.0
2024,174,1,P013383   ,0.0,0.0,PAN,32,"GABRIEL, WENYEN",08:00,0,0,2,0,0,0,0,1,0,1,1,0,0,1,0,2,1,0,4.0
2024,174,1,P012712   ,1.0,1.0,PAN,41,"HERNANGOMEZ, JUANCHO",34:45,15,1,4,3,6,4,6,1,7,8,2,1,3,0,0,2,5,18,7.0
2024,174,1,P007866   ,0.0,0.0,PAN,44,"MITOGLOU, KONSTANTINOS",07:42,0,0,1,0,0,0,0,0,2,2,0,0,2,0,1,2,0,-4,-1.0
2024,174,1,P005353   ,1.0,1.0,PAN,77,"YURTSEVEN, OMER",29:33,17,8,12,0,1,1,2,3,5,8,0,1,3,1,0,3,5,20,14.0
2024,174,1,Team,0.0,0.0,PAN,,Team,,0,0,0,0,0,0,0,4,0,4,0,0,0,0,0,0,0,4,
2024,174,1,Total,,,PAN,,Total,200:00,96,25,40,10,22,16,22,14,27,41,17,6,16,2,3,19,25,116,
2024,174,0,P007870   ,1.0,0.0,PAR,0,"DAVIES, BRANDON",20:37,19,7,11,1,2,2,2,1,2,3,1,2,2,1,1,1,2,19,-9.0
2024,174,0,P010781   ,0.0,1.0,PAR,1,"LUNDBERG, IFFE",33:48,16,2,2,3,4,3,3,0,3,3,7,1,1,0,0,3,2,24,-14.0
2024,174,0,P013369   ,1.0,0.0,PAR,2,"JONES, CARLIK",10:51,3,1,3,0,0,1,2,1,0,1,1,1,1,0,0,1,1,2,-7.0
2024,174,0,P006591   ,1.0,1.0,PAR,3,"NTILIKINA, FRANK",12:50,3,0,1,1,2,0,0,0,0,0,0,0,0,0,0,4,2,-1,6.0
2024,174,0,P013370   ,0.0,0.0,PAR,4,"WASHINGTON, DUANE",10:40,1,0,3,0,1,1,4,0,0,0,2,1,0,0,0,1,2,-2,-13.0
2024,174,0,P011050   ,0.0,0.0,PAR,5,"KOPRIVICA, BALSA",DNP,0,0,0,0,0,0,0,0,0,0,0,0,0,0,0,0,0,0,0.0
2024,174,0,P007632   ,0.0,0.0,PAR,7,"NAKIC, MARIO",04:03,0,0,0,0,0,0,0,0,0,0,0,0,0,0,0,1,0,-1,-5.0
2024,174,0,P008232   ,0.0,0.0,PAR,11,"POKUSEVSKI, ALEKSEJ",15:56,2,1,4,0,2,0,0,2,2,4,1,1,1,2,0,5,0,-1,1.0
2024,174,0,P012720   ,1.0,1.0,PAR,12,"BROWN, STERLING",31:26,23,8,12,2,6,1,1,0,2,2,3,3,1,0,1,1,2,22,1.0
2024,174,0,P006760   ,1.0,0.0,PAR,17,"BONGA, ISAAC",24:48,7,0,1,1,4,4,4,1,3,4,2,1,0,0,0,2,2,10,-8.0
2024,174,0,P011836   ,0.0,1.0,PAR,24,"MIKE, ISIAHA",13:31,4,1,1,0,1,2,3,1,2,3,1,0,0,0,0,2,2,6,-4.0
2024,174,0,P011981   ,0.0,1.0,PAR,88,"JONES, TYRIQUE",21:30,6,2,8,0,0,2,2,6,2,8,2,1,5,0,0,4,4,6,-8.0
2024,174,0,Team,0.0,0.0,PAR,,Team,,0,0,0,0,0,0,0,0,1,1,0,0,0,0,0,0,0,1,
2024,174,0,Total,,,PAR,,Total,200:00,84,22,46,8,22,16,21,12,17,29,20,11,11,3,2,25,19,85,
2024,175,1,P006835   ,1.0,0.0,TEL,1,"HOARD, JAYLEN",26:55,2,1,2,0,0,0,0,0,1,1,1,1,0,1,1,0,0,4,-22.0
2024,175,1,P011202   ,0.0,0.0,TEL,3,"SHAYOK, MARIAL",11:49,2,1,1,0,1,0,0,1,1,2,0,0,0,0,0,2,0,1,-6.0
2024,175,1,P011219   ,0.0,1.0,TEL,9,"SORKIN, ROMAN",17:34,16,5,5,1,1,3,4,0,3,3,0,0,2,0,0,4,4,16,-13.0
2024,175,1,P013381   ,0.0,1.0,TEL,11,"RAYMAN, WILLIAM",07:24,3,0,0,0,1,3,4,0,1,1,0,0,1,0,0,3,2,0,-6.0
2024,175,1,P007990   ,0.0,1.0,TEL,12,"DIBARTOLOMEO, JOHN",21:36,4,2,2,0,2,0,1,0,3,3,1,0,0,0,0,4,1,2,-18.0
2024,175,1,P011214   ,0.0,0.0,TEL,14,"RIVERO, JASIEL",16:07,4,2,3,0,1,0,0,1,3,4,0,1,1,0,0,1,1,6,-16.0
2024,175,1,P005145   ,0.0,0.0,TEL,15,"COHEN, JAKE",DNP,0,0,0,0,0,0,0,0,0,0,0,0,0,0,0,0,0,0,0.0
2024,175,1,P013382   ,1.0,1.0,TEL,20,"RANDOLPH, LEVI",27:06,15,4,7,0,4,7,8,1,3,4,2,0,1,0,0,4,4,12,-22.0
2024,175,1,P007519   ,1.0,1.0,TEL,31,"JOKUBAITIS, ROKAS",28:06,14,5,9,0,1,4,4,2,1,3,4,0,4,0,0,0,3,15,-17.0
2024,175,1,P011193   ,1.0,0.0,TEL,45,"BLATT, TAMIR",19:40,0,0,0,0,6,0,0,0,0,0,5,1,3,0,0,2,1,-4,-20.0
2024,175,1,P012604   ,1.0,0.0,TEL,50,"WILLIAMS, TREVION",16:49,12,5,10,0,0,2,2,3,3,6,3,0,2,0,0,4,2,12,-17.0
2024,175,1,P013250   ,0.0,0.0,TEL,55,"DeJULIUS, DAVID",06:54,2,1,1,0,4,0,0,0,1,1,0,0,0,0,0,0,0,-1,-8.0
2024,175,1,Team,0.0,0.0,TEL,,Team,,0,0,0,0,0,0,0,1,3,4,0,0,0,0,0,0,0,4,
2024,175,1,Total,,,TEL,,Total,200:00,74,26,40,1,21,19,23,9,23,32,16,3,14,1,1,24,18,67,
2024,175,0,P011064   ,1.0,0.0,MIL,2,"MANNION, NICCOLO",23:16,8,2,2,1,2,1,1,0,3,3,3,1,1,0,0,1,1,13,19.0
2024,175,0,P006509   ,0.0,1.0,MIL,7,"TONUT, STEFANO",16:48,0,0,0,0,2,0,0,0,5,5,2,0,0,0,0,1,1,5,9.0
2024,175,0,P008985   ,1.0,0.0,MIL,10,"BOLMARO, LEANDRO",22:12,14,5,6,0,2,4,4,1,1,2,1,1,0,0,0,1,4,18,26.0
2024,175,0,P013384   ,0.0,1.0,MIL,12,"BROOKS, ARMONI",19:36,15,1,3,3,6,4,4,0,2,2,2,0,0,0,0,0,2,16,3.0
2024,175,0,P008987   ,0.0,0.0,MIL,16,"LEDAY, ZACH",19:08,17,5,5,0,2,7,7,0,1,1,3,2,1,0,0,0,6,26,16.0
2024,175,0,P001518   ,0.0,1.0,MIL,17,"RICCI, GIAMPAOLO",18:47,8,0,0,2,4,2,2,0,3,3,0,1,1,0,0,2,1,8,6.0
2024,175,0,P005670   ,0.0,1.0,MIL,21,"FLACCADORI, DIEGO",14:06,8,1,2,2,2,0,1,0,1,1,2,0,0,0,0,2,2,9,15.0
2024,175,0,P013385   ,0.0,0.0,MIL,25,"DIOP, OUSMANE",DNP,0,0,0,0,0,0,0,0,0,0,0,0,0,0,0,0,0,0,0.0
2024,175,0,P006721   ,0.0,1.0,MIL,30,"CARUSO, GUGLIELMO",03:32,0,0,0,0,0,0,0,1,0,1,0,1,0,0,0,2,0,0,-2.0
2024,175,0,P007831   ,1.0,0.0,MIL,31,"SHIELDS, SHAVON",24:02,18,2,3,4,5,2,2,0,1,1,4,2,1,0,0,2,3,23,27.0
2024,175,0,P000796   ,1.0,0.0,MIL,33,"MIROTIC, NIKOLA",22:01,17,6,11,0,4,5,5,0,4,4,3,1,1,0,1,2,3,15,28.0
2024,175,0,P011941   ,1.0,0.0,MIL,55,"GILLESPIE, FREDDIE",16:32,2,1,2,0,0,0,0,1,4,5,2,1,1,1,0,5,1,5,18.0
2024,175,0,Team,0.0,0.0,MIL,,Team,,0,0,0,0,0,0,0,3,1,4,0,0,1,0,0,0,0,3,
2024,175,0,Total,,,MIL,,Total,200:00,107,23,34,12,29,25,26,6,26,32,22,10,7,1,1,18,24,141,
2024,176,1,P007200   ,1.0,1.0,IST,0,"LARKIN, SHANE",31:18,14,2,4,2,4,4,4,0,3,3,2,2,1,0,1,1,6,20,-2.0
2024,176,1,P006590   ,0.0,0.0,IST,1,"BEAUBOIS, RODRIGUE",09:56,0,0,0,0,3,0,0,0,0,0,0,0,0,0,0,3,2,-4,-2.0
2024,176,1,P013363   ,0.0,0.0,IST,3,"NWORA, JORDAN",11:24,4,2,3,0,2,0,0,0,0,0,0,1,0,0,0,0,0,2,-1.0
2024,176,1,P009846   ,0.0,1.0,IST,6,"BRYANT, ELIJAH",25:26,12,2,5,1,5,5,5,0,3,3,1,1,2,0,0,2,3,9,-9.0
2024,176,1,P007109   ,0.0,0.0,IST,11,"SMITS, ROLANDS",18:29,3,1,2,0,0,1,2,1,4,5,1,1,0,0,0,5,2,5,-8.0
2024,176,1,P011078   ,1.0,1.0,IST,13,"THOMPSON, DARIUS",31:09,7,2,4,1,1,0,0,1,1,2,6,0,1,0,1,3,0,8,1.0
2024,176,1,P013364   ,1.0,0.0,IST,14,"JOHNSON, STANLEY",05:56,1,0,0,0,0,1,2,0,1,1,0,1,0,0,0,1,1,2,-3.0
2024,176,1,P004887   ,1.0,1.0,IST,17,"POIRIER, VINCENT",26:14,14,4,8,0,0,6,6,2,1,3,2,1,1,2,0,2,4,19,6.0
2024,176,1,P009513   ,0.0,0.0,IST,21,"HOLLATZ, JUSTUS",05:14,0,0,0,0,1,0,0,1,0,1,0,0,0,0,0,1,0,-1,-2.0
2024,176,1,P012710   ,1.0,1.0,IST,24,"OSMANI, ERCAN",23:20,13,2,5,1,1,6,6,2,3,5,1,1,4,1,0,1,3,16,0.0
2024,176,1,P012788   ,0.0,0.0,IST,25,"OTURU, DAN",11:34,8,4,6,0,0,0,0,0,0,0,0,0,2,0,0,3,1,2,-10.0
2024,176,1,P009664   ,0.0,0.0,IST,35,"WILLIS, DEREK",DNP,0,0,0,0,0,0,0,0,0,0,0,0,0,0,0,0,0,0,0.0
2024,176,1,Team,0.0,0.0,IST,,Team,,0,0,0,0,0,0,0,3,1,4,0,0,0,0,0,0,0,4,
2024,176,1,Total,,,IST,,Total,200:00,76,19,37,5,17,23,25,10,17,27,13,8,11,3,2,22,22,82,
2024,176,0,P013371   ,0.0,1.0,ASV,1,"HARRISON, SHAQUILLE",22:08,11,1,5,2,2,3,3,0,1,1,4,1,0,0,0,2,2,13,20.0
2024,176,0,P011225   ,1.0,0.0,ASV,3,"LEE, PARIS",17:23,6,0,3,2,3,0,0,0,1,1,3,0,2,0,0,1,0,3,-14.0
2024,176,0,P007027   ,1.0,1.0,ASV,6,"MALEDON, THEO",26:49,15,2,3,1,2,8,10,0,1,1,2,1,5,0,0,0,8,18,11.0
2024,176,0,P010316   ,1.0,0.0,ASV,8,"AJINCA, MELVIN",16:48,6,0,1,2,3,0,0,0,1,1,0,0,0,0,1,4,0,0,-6.0
2024,176,0,P000229   ,0.0,0.0,ASV,11,"JACKSON, EDWIN",10:21,0,0,1,0,1,0,0,0,3,3,0,0,1,0,1,2,0,-3,-1.0
2024,176,0,P002100   ,0.0,1.0,ASV,12,"DE COLO, NANDO",23:33,16,1,1,4,4,2,2,0,1,1,4,1,2,0,0,2,4,22,1.0
2024,176,0,P010545   ,1.0,0.0,ASV,13,"SAKO, NEAL",17:31,4,2,3,0,0,0,2,3,1,4,1,0,0,1,0,3,1,5,-13.0
2024,176,0,P013405   ,1.0,1.0,ASV,21,"ROBERSON, ANDRE",29:51,7,1,3,1,5,2,2,2,3,5,4,1,1,0,1,0,1,10,5.0
2024,176,0,P003526   ,0.0,0.0,ASV,23,"LIGHTY, DAVID",13:07,2,1,1,0,0,0,0,0,2,2,1,0,0,0,0,5,1,1,8.0
2024,176,0,P008991   ,0.0,1.0,ASV,28,"BLACK, TARIK",22:29,15,6,8,0,0,3,6,3,4,7,1,0,2,1,0,3,5,19,19.0
2024,176,0,Team,0.0,0.0,ASV,,Team,,0,0,0,0,0,0,0,1,2,3,0,0,1,0,0,0,0,2,
2024,176,0,Total,,,ASV,,Total,200:00,82,14,29,12,20,18,25,9,20,29,20,4,14,2,3,22,22,90,
2024,177,1,P013403   ,1.0,0.0,ZAL,1,"WALKER IV, LONNIE",21:36,17,1,4,3,9,6,6,0,5,5,1,0,4,1,0,4,8,15,-19.0
2024,177,1,P007975   ,0.0,0.0,ZAL,3,"FRANCISCO, SYLVAIN",02:44,5,1,1,1,2,0,0,0,1,1,2,0,0,0,0,0,0,7,7.0
2024,177,1,P003210   ,0.0,1.0,ZAL,4,"LEKAVICIUS, LUKAS",11:46,7,2,3,1,4,0,0,0,1,1,2,0,1,0,0,3,0,2,-2.0
2024,177,1,P011983   ,0.0,1.0,ZAL,8,"BRAZDEIKIS, IGNAS",14:13,2,0,0,0,2,2,2,0,1,1,0,0,1,0,0,0,1,1,-8.0
2024,177,1,P007513   ,1.0,0.0,ZAL,9,"GIEDRAITIS, DOVYDAS",28:30,8,2,8,1,3,1,1,0,1,1,4,0,3,1,0,3,0,0,-19.0
2024,177,1,P005504   ,0.0,0.0,ZAL,15,"BIRUTIS, LAURYNAS",15:31,4,1,2,0,0,2,2,0,1,1,0,1,0,0,0,2,2,5,1.0
2024,177,1,P011051   ,0.0,1.0,ZAL,18,"SMAILAGIC, ALEN",16:20,9,3,5,0,2,3,5,2,3,5,0,0,1,1,0,2,5,11,-12.0
2024,177,1,P003048   ,1.0,0.0,ZAL,42,"DUNSTON, BRYANT",08:09,2,1,2,0,0,0,0,0,0,0,0,0,1,0,0,4,0,-4,-8.0
2024,177,1,P012715   ,1.0,0.0,ZAL,45,"MANEK, BRADY",16:13,3,0,0,1,2,0,0,0,0,0,0,2,2,0,0,2,0,0,-10.0
2024,177,1,P002676   ,1.0,1.0,ZAL,51,"BUTKEVICIUS, ARNAS",28:56,3,0,0,1,2,0,0,2,0,2,1,0,0,1,0,4,1,3,0.0
2024,177,1,P007029   ,0.0,1.0,ZAL,91,"SIRVYDIS, DEIVIDAS",16:25,3,0,0,0,1,3,4,0,3,3,0,0,1,0,0,1,4,6,-3.0
2024,177,1,P002329   ,0.0,0.0,ZAL,92,"ULANOVAS, EDGARAS",19:37,1,0,0,0,1,1,2,0,2,2,1,0,0,0,0,2,4,4,-22.0
2024,177,1,Team,0.0,0.0,ZAL,,Team,,0,0,0,0,0,0,0,3,6,9,0,0,0,0,0,0,0,9,
2024,177,1,Total,,,ZAL,,Total,200:00,64,11,25,8,28,18,22,7,24,31,11,3,14,4,0,27,25,59,
2024,177,0,P003733   ,0.0,0.0,MAD,6,"ABALDE, ALBERTO",25:53,4,2,3,0,2,0,0,2,5,7,2,0,0,0,0,4,1,7,24.0
2024,177,0,P005928   ,1.0,1.0,MAD,7,"CAMPAZZO, FACUNDO",23:07,13,4,5,0,4,5,7,0,0,0,4,0,3,0,1,1,6,11,-10.0
2024,177,0,P013378   ,1.0,0.0,MAD,8,"RATHAN-MAYES, XAVIER",11:52,2,0,0,0,3,2,2,0,1,1,4,0,0,0,0,2,1,3,-2.0
2024,177,0,P011649   ,0.0,1.0,MAD,9,"GONZALEZ, HUGO",05:44,0,0,1,0,0,0,0,0,3,3,0,0,0,0,0,1,0,1,-1.0
2024,177,0,P003108   ,0.0,1.0,MAD,11,"HEZONJA, MARIO",26:37,10,2,5,1,4,3,3,0,6,6,2,0,1,0,1,1,4,13,12.0
2024,177,0,P006540   ,1.0,0.0,MAD,13,"MUSA, DZANAN",16:03,17,3,5,2,3,5,5,0,2,2,0,0,0,0,0,2,4,18,-2.0
2024,177,0,P007630   ,0.0,1.0,MAD,16,"GARUBA, USMAN",10:17,4,2,3,0,0,0,0,1,1,2,0,2,1,0,0,4,0,2,0.0
2024,177,0,P003583   ,0.0,0.0,MAD,18,"IBAKA, SERGE",19:09,13,3,4,2,4,1,2,1,2,3,0,1,3,0,0,5,2,7,19.0
2024,177,0,P005791   ,1.0,0.0,MAD,22,"TAVARES, WALTER",10:28,2,1,1,0,0,0,0,1,2,3,0,0,2,0,0,4,1,0,0.0
2024,177,0,PTGB      ,0.0,0.0,MAD,23,"LLULL, SERGIO",15:40,3,1,6,0,1,1,1,2,0,2,1,0,0,0,1,2,1,-2,20.0
2024,177,0,P011247   ,0.0,1.0,MAD,24,"FELIZ, ANDRES",21:18,9,0,1,2,5,3,4,1,1,2,1,1,0,0,1,0,5,12,27.0
2024,177,0,P009213   ,1.0,0.0,MAD,30,"NDIAYE, ELI",13:52,6,2,2,0,2,2,2,2,5,7,1,2,0,0,0,0,2,16,8.0
2024,177,0,Team,0.0,0.0,MAD,,Team,,0,0,0,0,0,0,0,1,1,2,0,0,1,0,0,0,0,1,
2024,177,0,Total,,,MAD,,Total,200:00,83,20,36,7,28,22,26,11,29,40,15,6,11,0,4,26,27,89,
2024,178,1,P009048   ,1.0,1.0,RED,0,"MILLER-MCINTYRE, CODI",27:28,14,2,4,3,5,1,2,0,0,0,6,0,1,0,0,1,1,14,7.0
2024,178,1,P010588   ,0.0,0.0,RED,1,"BROWN III, JOHN",10:26,2,1,4,0,0,0,0,0,2,2,0,0,0,0,0,0,2,3,-1.0
2024,178,1,P010612   ,0.0,1.0,RED,3,"CANAAN, ISAIAH",23:43,15,3,6,3,6,0,0,1,2,3,2,0,2,0,1,1,1,11,12.0
2024,178,1,P007960   ,1.0,1.0,RED,7,"DAVIDOVAC, DEJAN",22:26,8,2,2,1,3,1,2,0,1,1,0,1,0,3,0,2,1,9,8.0
2024,178,1,P002553   ,0.0,0.0,RED,9,"MITROVIC, LUKA",DNP,0,0,0,0,0,0,0,0,0,0,0,0,0,0,0,0,0,0,0.0
2024,178,1,P004866   ,1.0,0.0,RED,12,"KALINIC, NIKOLA",17:05,2,1,4,0,0,0,0,0,1,1,2,0,2,0,1,3,1,-3,-1.0
2024,178,1,P004007   ,0.0,0.0,RED,13,"DOBRIC, OGNJEN",DNP,0,0,0,0,0,0,0,0,0,0,0,0,0,0,0,0,0,0,0.0
2024,178,1,P009035   ,1.0,0.0,RED,21,"BOLOMBOY, JOEL",26:29,8,2,5,0,0,4,4,5,10,15,1,0,0,3,0,2,3,25,11.0
2024,178,1,P011194   ,0.0,1.0,RED,30,"PETRUSEV, FILIP",20:39,10,4,7,0,0,2,5,1,6,7,2,0,1,0,0,1,3,14,14.0
2024,178,1,P006436   ,0.0,1.0,RED,31,"GIEDRAITIS, ROKAS",17:19,9,2,3,0,0,5,6,1,1,2,0,0,0,1,1,2,3,10,16.0
2024,178,1,P000848   ,1.0,0.0,RED,36,"NEDOVIC, NEMANJA",21:53,14,3,5,2,5,2,2,0,3,3,1,0,2,0,0,2,4,13,5.0
2024,178,1,P012044   ,0.0,0.0,RED,99,"DOS SANTOS, YAGO",12:32,3,0,2,1,2,0,0,0,1,1,4,0,0,0,0,3,0,2,9.0
2024,178,1,Team,0.0,0.0,RED,,Team,,0,0,0,0,0,0,0,5,3,8,0,0,1,0,0,0,0,7,
2024,178,1,Total,,,RED,,Total,200:00,85,20,42,10,21,15,21,13,30,43,18,1,9,7,3,17,19,105,
2024,178,0,P012608   ,1.0,0.0,PRS,0,"SHORTS, TJ",26:46,17,5,14,2,3,1,2,0,0,0,4,1,0,0,1,1,5,14,-5.0
2024,178,0,P012609   ,0.0,1.0,PRS,1,"MALCOLM, COLLIN",16:57,7,1,1,1,3,2,2,1,1,2,1,0,0,1,0,1,1,9,-6.0
2024,178,0,P012640   ,0.0,1.0,PRS,2,"HIFI, NADIR",20:45,13,2,6,3,11,0,0,0,2,2,0,0,0,0,0,3,0,0,-19.0
2024,178,0,P012610   ,1.0,0.0,PRS,3,"WARD, TYSON",26:00,6,1,4,0,3,4,5,3,4,7,3,0,1,0,2,4,4,6,-2.0
2024,178,0,P013373   ,0.0,1.0,PRS,4,"CAVALIERE, LEOPOLD",13:14,4,2,2,0,0,0,0,3,0,3,0,0,0,0,0,2,1,6,-11.0
2024,178,0,P005793   ,0.0,0.0,PRS,5,"SY, BANDJA",06:07,0,0,0,0,1,0,0,1,0,1,0,0,0,0,0,1,0,-1,-7.0
2024,178,0,P004512   ,0.0,0.0,PRS,8,"KRATZER, LEON",06:50,0,0,0,0,0,0,0,0,1,1,0,0,0,0,0,4,0,-3,-1.0
2024,178,0,P007032   ,0.0,1.0,PRS,12,"LO, MAODO",19:05,7,2,4,1,2,0,0,0,0,0,1,1,2,0,1,0,2,5,-8.0
2024,178,0,P010390   ,1.0,0.0,PRS,13,"HAYES, KEVARRIUS",19:44,13,4,9,0,0,5,6,3,4,7,0,0,0,1,3,1,3,14,-12.0
2024,178,0,P012612   ,0.0,1.0,PRS,18,"SHAHRVIN, ENZO",05:35,0,0,1,0,0,0,0,1,0,1,1,0,0,0,0,1,1,1,2.0
2024,178,0,P012613   ,1.0,0.0,PRS,20,"JANTUNEN, MIKAEL",25:11,2,1,1,0,5,0,0,1,6,7,0,0,0,1,0,2,0,3,-2.0
2024,178,0,P004197   ,1.0,0.0,PRS,24,"OUATTARA, YAKUBA",13:46,0,0,0,0,2,0,0,0,1,1,0,0,0,0,0,0,0,-1,-9.0
2024,178,0,Team,0.0,0.0,PRS,,Team,,0,0,0,0,0,0,0,2,3,5,0,0,2,0,0,0,0,3,
2024,178,0,Total,,,PRS,,Total,200:00,69,18,42,7,30,12,15,15,22,37,10,2,5,3,7,20,17,56,
2024,179,1,P008855   ,1.0,0.0,OLY,0,"WALKUP, THOMAS",05:24,1,0,0,0,0,1,2,0,0,0,1,2,0,0,0,1,1,3,12.0
2024,179,1,P007982   ,1.0,0.0,OLY,1,"WILLIAMS-GOSS, NIGEL",23:11,6,3,8,0,2,0,0,0,0,0,6,5,2,0,0,0,1,9,27.0
2024,179,1,P011965   ,0.0,1.0,OLY,3,"MITROU-LONG, NAZ",03:40,0,0,0,0,0,0,0,0,0,0,0,0,0,0,0,1,0,-1,2.0
2024,179,1,P010392   ,0.0,1.0,OLY,5,"LARENTZAKIS, GIANNOULIS",14:49,3,0,0,1,4,0,0,0,3,3,7,2,1,0,0,1,0,10,12.0
2024,179,1,P007947   ,0.0,0.0,OLY,8,"VILDOZA, LUCA",22:22,12,1,1,3,5,1,2,0,4,4,6,2,3,0,0,3,3,18,17.0
2024,179,1,P008811   ,1.0,0.0,OLY,10,"FALL, MOUSTAPHA",17:16,10,5,6,0,0,0,3,5,0,5,3,0,1,1,0,3,3,14,12.0
2024,179,1,P003469   ,1.0,0.0,OLY,14,"VEZENKOV, SASHA",35:14,45,10,10,8,10,1,1,2,5,7,2,0,1,0,0,0,1,52,48.0
2024,179,1,P009849   ,0.0,0.0,OLY,22,"DORSEY, TYLER",03:57,0,0,0,0,0,0,0,0,1,1,0,0,2,0,0,1,0,-2,-4.0
2024,179,1,P008829   ,1.0,1.0,OLY,25,"PETERS, ALEC",23:35,15,2,7,3,4,2,2,3,3,6,3,1,0,0,1,2,3,19,27.0
2024,179,1,P013514   ,0.0,1.0,OLY,31,"MENSAH, NATHAN",02:22,0,0,0,0,0,0,0,0,1,1,0,0,1,0,0,1,0,-1,-2.0
2024,179,1,P003941   ,0.0,0.0,OLY,33,"MILUTINOV, NIKOLA",20:22,4,1,4,0,0,2,2,3,3,6,3,1,0,1,0,0,3,15,33.0
2024,179,1,P007853   ,0.0,1.0,OLY,77,"MCKISSIC, SHAQUIELLE",27:48,16,4,4,1,5,5,7,1,0,1,5,1,1,0,0,1,8,23,31.0
2024,179,1,Team,0.0,0.0,OLY,,Team,,0,0,0,0,0,0,0,3,1,4,0,0,0,0,0,0,0,4,
2024,179,1,Total,,,OLY,,Total,200:00,112,26,40,16,30,12,19,17,21,38,36,14,12,2,1,14,23,163,
2024,179,0,P011987   ,1.0,0.0,MUN,3,"EDWARDS, CARSEN",17:51,0,0,3,0,2,0,0,0,0,0,3,0,1,0,1,1,0,-5,-4.0
2024,179,0,P001557   ,0.0,0.0,MUN,5,"GIFFEY, NIELS",19:30,7,2,3,1,2,0,0,0,0,0,0,0,3,0,0,4,1,-1,-36.0
2024,179,0,P007201   ,1.0,0.0,MUN,7,"VOIGTMANN, JOHANNES",19:23,6,0,0,2,3,0,0,1,2,3,3,1,2,0,0,2,1,9,-3.0
2024,179,0,P011224   ,1.0,0.0,MUN,8,"NAPIER, SHABAZZ",18:45,5,2,3,0,1,1,1,0,0,0,4,2,1,0,0,1,2,9,-1.0
2024,179,0,P012123   ,0.0,1.0,MUN,10,"KHARCHENKOV, IVAN",20:32,7,1,3,1,2,2,4,1,3,4,3,0,7,0,1,3,3,1,-38.0
2024,179,0,P004508   ,0.0,0.0,MUN,13,"OBST, ANDREAS",21:44,9,0,1,3,6,0,0,0,0,0,3,2,2,0,0,2,1,7,-21.0
2024,179,0,P007929   ,1.0,1.0,MUN,17,"BITIM, ONURALP",14:27,2,1,3,0,2,0,0,1,1,2,0,0,2,0,0,4,2,-4,-19.0
2024,179,0,P005460   ,0.0,0.0,MUN,20,"HARRIS, ELIAS",01:51,0,0,0,0,0,0,0,0,0,0,0,0,1,0,0,0,0,-1,-11.0
2024,179,0,P007639   ,0.0,1.0,MUN,22,"BRANKOVIC, DANKO",18:47,4,2,5,0,0,0,0,3,2,5,1,0,1,1,0,2,0,5,-31.0
2024,179,0,P007056   ,1.0,0.0,MUN,31,"BOOKER, DEVIN",19:23,16,5,8,2,3,0,0,0,2,2,1,0,1,0,0,2,2,14,-3.0
2024,179,0,P012126   ,0.0,1.0,MUN,44,"VOLF, IVAN",07:10,4,2,2,0,0,0,0,1,0,1,0,0,1,0,0,0,0,4,-8.0
2024,179,0,P013368   ,0.0,1.0,MUN,53,"YEBO, KEVIN",20:37,9,3,5,1,2,0,0,2,1,3,0,0,0,0,0,2,2,9,-40.0
2024,179,0,Team,0.0,0.0,MUN,,Team,,0,0,0,0,0,0,0,3,2,5,0,0,0,0,0,0,0,5,
2024,179,0,Total,,,MUN,,Total,200:00,69,18,36,10,23,3,5,12,13,25,18,5,22,1,2,23,14,52,
2024,180,1,P009549   ,1.0,1.0,VIR,0,"CORDINIER, ISAIA",33:14,16,5,8,2,4,0,0,2,5,7,2,1,2,0,0,3,3,19,15.0
2024,180,1,PBCN      ,0.0,0.0,VIR,3,"BELINELLI, MARCO",09:49,4,2,5,0,3,0,0,0,0,0,0,0,1,0,0,0,0,-3,-17.0
2024,180,1,P006739   ,1.0,1.0,VIR,6,"PAJOLA, ALESSANDRO",34:03,5,1,3,1,2,0,0,2,2,4,7,2,5,0,1,4,1,6,4.0
2024,180,1,P006273   ,0.0,0.0,VIR,9,"VISCONTI, RICCARDO",00:07,0,0,0,0,0,0,0,0,0,0,0,0,0,0,0,0,0,0,-1.0
2024,180,1,P001844   ,0.0,0.0,VIR,23,"HACKETT, DANIEL",11:31,3,0,1,1,1,0,0,0,4,4,1,0,1,0,0,3,0,3,-9.0
2024,180,1,P005738   ,1.0,1.0,VIR,24,"GRAZULIS, ANDREJS",24:44,13,5,6,1,5,0,0,2,0,2,2,1,2,0,0,3,1,9,12.0
2024,180,1,P012585   ,1.0,0.0,VIR,30,"MORGAN, MATTHEW",31:14,17,4,6,1,8,6,6,1,2,3,5,0,0,1,1,0,5,21,14.0
2024,180,1,P002084   ,1.0,1.0,VIR,33,"POLONARA, ACHILLE",29:21,15,2,4,3,5,2,2,0,6,6,3,1,3,0,0,3,3,18,13.0
2024,180,1,P013374   ,0.0,1.0,VIR,35,"DIOUF, MOUHAMET",15:18,3,1,4,0,0,1,3,4,0,4,0,2,0,1,1,2,5,7,-10.0
2024,180,1,P011816   ,0.0,0.0,VIR,45,"AKELE, NICOLA",10:39,0,0,0,0,0,0,0,1,0,1,0,1,1,0,0,2,0,-1,-11.0
2024,180,1,P012591   ,0.0,0.0,VIR,59,"TUCKER, RAYJON",DNP,0,0,0,0,0,0,0,0,0,0,0,0,0,0,0,0,0,0,0.0
2024,180,1,Team,0.0,0.0,VIR,,Team,,0,0,0,0,0,0,0,3,2,5,0,0,0,0,0,0,0,5,
2024,180,1,Total,,,VIR,,Total,200:00,76,20,37,9,28,9,11,15,21,36,20,8,15,2,3,20,18,84,
2024,180,0,P008850   ,1.0,0.0,BAS,2,"RAIESTE, SANDER",14:22,0,0,1,0,2,0,0,0,1,1,1,0,1,1,0,2,1,-2,-20.0
2024,180,0,P010788   ,0.0,0.0,BAS,4,"QUEREJETA, JOSEBA",DNP,0,0,0,0,0,0,0,0,0,0,0,0,0,0,0,0,0,0,0.0
2024,180,0,P010784   ,0.0,0.0,BAS,6,"SAVKOV, PAVEL",DNP,0,0,0,0,0,0,0,0,0,0,0,0,0,0,0,0,0,0,0.0
2024,180,0,P012080   ,1.0,1.0,BAS,9,"LUWAWU-CABARROT, TIMOTHE",31:22,11,2,5,1,6,4,4,2,3,5,1,1,2,0,1,3,5,9,-11.0
2024,180,0,P004058   ,0.0,1.0,BAS,10,"JARAMAZ, OGNJEN",20:45,8,1,3,2,4,0,0,0,0,0,5,4,1,0,1,3,2,10,16.0
2024,180,0,P013367   ,1.0,0.0,BAS,11,"FORREST, TRENT",30:27,10,3,6,0,1,4,6,0,1,1,4,1,3,1,0,2,3,9,-7.0
2024,180,0,P011085   ,0.0,1.0,BAS,17,"ROGKAVOPOULOS, NIKOLAOS",23:32,13,1,2,3,7,2,3,2,8,10,2,0,0,0,0,1,3,21,18.0
2024,180,0,P008072   ,0.0,0.0,BAS,18,"DIOP, KHALIFA",04:44,0,0,0,0,0,0,0,0,0,0,0,0,1,0,0,2,0,-3,8.0
2024,180,0,P011196   ,1.0,1.0,BAS,45,"HALL, DONTA",26:03,10,5,6,0,0,0,0,2,0,2,0,2,1,0,0,0,2,14,-21.0
2024,180,0,P012058   ,0.0,0.0,BAS,46,"NDIAYE, OUSMANE",07:29,0,0,1,0,0,0,0,2,2,4,1,0,0,0,0,1,0,3,9.0
2024,180,0,P012201   ,1.0,0.0,BAS,95,"MONEKE, CHIMA",20:56,6,0,2,2,4,0,0,0,0,0,2,0,3,0,0,2,1,0,-22.0
2024,180,0,P007579   ,0.0,1.0,BAS,99,"SAMANIC, LUKA",20:20,16,6,9,0,4,4,4,3,5,8,0,1,2,1,0,2,3,18,20.0
2024,180,0,Team,0.0,0.0,BAS,,Team,,0,0,0,0,0,0,0,5,1,6,0,0,1,0,0,0,0,5,
2024,180,0,Total,,,BAS,,Total,200:00,74,18,35,8,28,14,17,16,21,37,16,9,15,3,2,18,20,84,
2024,181,1,P013371   ,0.0,1.0,ASV,1,"HARRISON, SHAQUILLE",20:02,9,2,5,1,3,2,2,0,3,3,2,2,2,0,3,3,1,4,-19.0
2024,181,1,P011225   ,1.0,0.0,ASV,3,"LEE, PARIS",19:48,8,3,4,0,4,2,2,0,2,2,2,0,1,0,0,1,2,7,-6.0
2024,181,1,P007027   ,1.0,0.0,ASV,6,"MALEDON, THEO",22:09,7,0,2,0,4,7,8,1,2,3,5,1,1,0,1,1,7,13,-22.0
2024,181,1,P010316   ,1.0,1.0,ASV,8,"AJINCA, MELVIN",24:47,14,0,1,4,6,2,2,0,1,1,1,0,0,0,0,2,2,13,-11.0
2024,181,1,P000229   ,0.0,1.0,ASV,11,"JACKSON, EDWIN",14:50,2,1,1,0,2,0,0,0,0,0,1,0,1,0,0,0,2,2,-15.0
2024,181,1,P002100   ,0.0,0.0,ASV,12,"DE COLO, NANDO",15:47,7,1,3,1,2,2,2,0,1,1,2,1,3,0,0,1,2,6,-16.0
2024,181,1,P010545   ,1.0,0.0,ASV,13,"SAKO, NEAL",19:45,6,3,5,0,0,0,2,3,2,5,0,1,1,0,0,3,1,5,-6.0
2024,181,1,P013405   ,1.0,0.0,ASV,21,"ROBERSON, ANDRE",24:21,7,3,5,0,2,1,2,2,4,6,0,0,2,1,1,2,1,5,-16.0
2024,181,1,P003526   ,0.0,0.0,ASV,23,"LIGHTY, DAVID",14:12,0,0,0,0,0,0,0,0,0,0,0,0,2,0,0,1,0,-3,-20.0
2024,181,1,P008991   ,0.0,0.0,ASV,28,"BLACK, TARIK",16:52,2,0,1,0,0,2,2,2,4,6,1,0,1,0,0,3,3,7,-23.0
2024,181,1,P012263   ,0.0,1.0,ASV,30,"SISSOKO, YOHANN",04:06,0,0,0,0,1,0,0,0,1,1,0,0,0,0,0,0,0,0,1.0
2024,181,1,P013377   ,0.0,1.0,ASV,34,"PAUL, MBIYA",03:21,0,0,0,0,0,0,2,0,1,1,0,0,0,1,0,2,1,-1,-2.0
2024,181,1,Team,0.0,0.0,ASV,,Team,,0,0,0,0,0,0,0,0,0,0,0,0,0,0,0,0,0,0,
2024,181,1,Total,,,ASV,,Total,200:00,62,13,27,6,24,18,24,8,21,29,14,5,14,2,5,19,22,58,
2024,181,0,P007870   ,0.0,0.0,PAR,0,"DAVIES, BRANDON",18:45,11,1,4,3,4,0,0,1,3,4,2,0,3,0,0,2,1,9,17.0
2024,181,0,P010781   ,1.0,0.0,PAR,1,"LUNDBERG, IFFE",28:31,18,1,2,4,6,4,4,0,0,0,4,0,2,0,0,3,3,17,25.0
2024,181,0,P013369   ,1.0,0.0,PAR,2,"JONES, CARLIK",25:46,6,3,5,0,2,0,0,0,3,3,9,0,0,0,0,2,1,13,16.0
2024,181,0,P011050   ,1.0,1.0,PAR,5,"KOPRIVICA, BALSA",10:58,7,2,6,0,0,3,4,3,4,7,2,0,0,0,2,3,3,9,8.0
2024,181,0,P007632   ,0.0,1.0,PAR,7,"NAKIC, MARIO",04:06,2,1,1,0,0,0,0,1,0,1,0,0,0,0,0,0,0,3,-1.0
2024,181,0,P008232   ,0.0,1.0,PAR,11,"POKUSEVSKI, ALEKSEJ",05:55,0,0,1,0,1,0,0,0,0,0,1,0,0,0,0,2,1,-2,2.0
2024,181,0,P012720   ,1.0,0.0,PAR,12,"BROWN, STERLING",23:07,16,2,4,4,4,0,0,0,4,4,4,1,0,0,0,3,0,20,19.0
2024,181,0,P006760   ,0.0,0.0,PAR,17,"BONGA, ISAAC",21:43,4,2,3,0,3,0,1,0,4,4,0,1,0,3,0,1,1,7,22.0
2024,181,0,P007736   ,0.0,1.0,PAR,19,"LAKIC, ARIJAN",18:28,2,1,3,0,2,0,0,1,4,5,1,0,0,0,0,1,0,3,14.0
2024,181,0,P011836   ,1.0,1.0,PAR,24,"MIKE, ISIAHA",20:09,5,0,2,1,2,2,4,1,2,3,2,0,0,1,0,2,3,7,9.0
2024,181,0,P011981   ,0.0,0.0,PAR,88,"JONES, TYRIQUE",22:32,22,9,10,0,0,4,6,2,0,2,2,4,2,1,0,3,6,29,24.0
2024,181,0,Team,0.0,0.0,PAR,,Team,,0,0,0,0,0,0,0,4,3,7,0,0,1,0,0,0,0,6,
2024,181,0,Total,,,PAR,,Total,200:00,93,22,41,12,24,13,19,13,27,40,27,6,8,5,2,22,19,121,
2024,182,1,P008850   ,0.0,0.0,BAS,2,"RAIESTE, SANDER",DNP,0,0,0,0,0,0,0,0,0,0,0,0,0,0,0,0,0,0,0.0
2024,182,1,P010784   ,0.0,0.0,BAS,6,"SAVKOV, PAVEL",DNP,0,0,0,0,0,0,0,0,0,0,0,0,0,0,0,0,0,0,0.0
2024,182,1,P012080   ,1.0,1.0,BAS,9,"LUWAWU-CABARROT, TIMOTHE",37:04,25,6,10,4,6,1,1,1,3,4,3,1,3,1,1,4,2,22,2.0
2024,182,1,P004058   ,0.0,1.0,BAS,10,"JARAMAZ, OGNJEN",18:56,2,0,1,0,2,2,3,2,0,2,5,0,0,0,0,2,1,4,1.0
2024,182,1,P013367   ,1.0,0.0,BAS,11,"FORREST, TRENT",27:44,11,4,6,0,1,3,4,0,1,1,4,0,2,0,0,5,5,10,2.0
2024,182,1,P011085   ,0.0,1.0,BAS,17,"ROGKAVOPOULOS, NIKOLAOS",15:20,14,2,2,2,3,4,4,0,2,2,1,1,1,0,0,2,2,16,-2.0
2024,182,1,P008072   ,1.0,0.0,BAS,18,"DIOP, KHALIFA",12:37,2,1,1,0,0,0,0,0,2,2,0,1,0,1,0,1,1,6,2.0
2024,182,1,P012597   ,1.0,0.0,BAS,44,"BALDWIN, KAMAR",35:56,9,3,4,1,5,0,0,0,3,3,8,1,1,0,0,5,1,11,-6.0
2024,182,1,P011196   ,0.0,1.0,BAS,45,"HALL, DONTA",22:23,11,4,5,0,0,3,4,5,5,10,2,1,1,1,0,2,2,22,-2.0
2024,182,1,P012058   ,0.0,0.0,BAS,46,"NDIAYE, OUSMANE",DNP,0,0,0,0,0,0,0,0,0,0,0,0,0,0,0,0,0,0,0.0
2024,182,1,P012201   ,1.0,1.0,BAS,95,"MONEKE, CHIMA",37:11,10,2,6,2,6,0,0,4,4,8,1,0,2,1,0,1,3,12,5.0
2024,182,1,P007579   ,0.0,0.0,BAS,99,"SAMANIC, LUKA",17:49,17,3,5,3,7,2,2,2,2,4,2,1,2,0,0,2,2,16,-7.0
2024,182,1,Team,0.0,0.0,BAS,,Team,,0,0,0,0,0,0,0,0,2,2,0,0,2,0,0,0,0,0,
2024,182,1,Total,,,BAS,,Total,225:00,101,25,40,12,30,15,18,14,24,38,26,6,14,4,1,24,19,119,
2024,182,0,P007982   ,1.0,1.0,OLY,1,"WILLIAMS-GOSS, NIGEL",32:24,19,4,6,0,1,11,14,0,2,2,8,2,2,0,0,4,9,28,2.0
2024,182,0,P011965   ,0.0,0.0,OLY,3,"MITROU-LONG, NAZ",DNP,0,0,0,0,0,0,0,0,0,0,0,0,0,0,0,0,0,0,0.0
2024,182,0,P010392   ,0.0,0.0,OLY,5,"LARENTZAKIS, GIANNOULIS",02:52,1,0,0,0,0,1,2,0,0,0,0,0,0,0,0,1,1,0,-3.0
2024,182,0,P007947   ,0.0,0.0,OLY,8,"VILDOZA, LUCA",15:43,3,0,1,1,2,0,0,0,1,1,3,0,0,0,0,2,2,5,-1.0
2024,182,0,P008811   ,1.0,1.0,OLY,10,"FALL, MOUSTAPHA",30:55,12,6,7,0,0,0,2,3,6,9,2,1,0,0,0,2,3,22,-3.0
2024,182,0,P003469   ,1.0,1.0,OLY,14,"VEZENKOV, SASHA",39:12,19,5,9,2,6,3,3,2,3,5,2,2,1,1,1,2,2,19,2.0
2024,182,0,P001255   ,1.0,0.0,OLY,16,"PAPANIKOLAOU, KOSTAS",10:50,0,0,0,0,1,0,0,0,0,0,1,1,1,0,0,1,0,-1,-5.0
2024,182,0,P008829   ,0.0,0.0,OLY,25,"PETERS, ALEC",05:51,0,0,0,0,0,0,0,0,1,1,0,0,1,0,0,0,1,1,-1.0
2024,182,0,P013514   ,0.0,0.0,OLY,31,"MENSAH, NATHAN",DNP,0,0,0,0,0,0,0,0,0,0,0,0,0,0,0,0,0,0,0.0
2024,182,0,P003941   ,0.0,0.0,OLY,33,"MILUTINOV, NIKOLA",13:53,4,1,5,0,0,2,2,4,2,6,1,0,2,0,0,2,1,4,4.0
2024,182,0,P007853   ,0.0,1.0,OLY,77,"MCKISSIC, SHAQUIELLE",34:19,22,4,5,4,6,2,2,1,2,3,3,2,0,0,1,3,2,25,6.0
2024,182,0,P013380   ,1.0,1.0,OLY,94,"FOURNIER, EVAN",39:01,22,1,11,6,8,2,3,1,2,3,1,0,1,0,2,2,3,11,4.0
2024,182,0,Team,0.0,0.0,OLY,,Team,,0,0,0,0,0,0,0,2,1,3,0,0,1,0,0,0,0,2,
2024,182,0,Total,,,OLY,,Total,225:00,102,21,44,13,24,21,28,13,20,33,21,8,9,1,4,19,24,116,
2024,183,1,P011064   ,1.0,0.0,MIL,2,"MANNION, NICCOLO",16:31,3,0,0,1,2,0,2,0,0,0,5,0,1,0,0,3,1,2,8.0
2024,183,1,P006701   ,0.0,1.0,MIL,3,"BORTOLANI, GIORDANO",04:04,3,0,0,1,1,0,0,0,0,0,0,0,1,0,0,0,0,2,8.0
2024,183,1,P006509   ,0.0,0.0,MIL,7,"TONUT, STEFANO",17:52,2,1,1,0,1,0,0,0,2,2,2,1,0,0,0,0,0,6,18.0
2024,183,1,P008985   ,1.0,0.0,MIL,10,"BOLMARO, LEANDRO",25:31,11,5,7,0,1,1,2,0,3,3,8,0,1,0,0,2,2,17,21.0
2024,183,1,P013384   ,0.0,1.0,MIL,12,"BROOKS, ARMONI",16:20,12,2,2,2,4,2,2,0,2,2,1,0,2,2,0,4,1,10,14.0
2024,183,1,P008987   ,0.0,0.0,MIL,16,"LEDAY, ZACH",19:46,18,0,1,4,6,6,6,0,6,6,0,1,2,0,0,1,7,26,12.0
2024,183,1,P001518   ,0.0,1.0,MIL,17,"RICCI, GIAMPAOLO",16:25,4,2,2,0,1,0,0,0,4,4,0,0,1,1,0,1,0,6,17.0
2024,183,1,P005670   ,0.0,0.0,MIL,21,"FLACCADORI, DIEGO",11:58,0,0,0,0,2,0,0,1,1,2,1,0,1,0,0,0,0,0,1.0
2024,183,1,P006721   ,0.0,1.0,MIL,30,"CARUSO, GUGLIELMO",03:30,1,0,0,0,0,1,2,0,0,0,0,0,0,1,0,0,1,2,6.0
2024,183,1,P007831   ,1.0,0.0,MIL,31,"SHIELDS, SHAVON",23:40,16,4,6,2,5,2,2,0,2,2,2,2,1,0,0,0,2,18,18.0
2024,183,1,P000796   ,1.0,0.0,MIL,33,"MIROTIC, NIKOLA",22:00,21,3,3,4,7,3,3,2,3,5,1,2,1,1,0,2,4,28,18.0
2024,183,1,P011941   ,1.0,1.0,MIL,55,"GILLESPIE, FREDDIE",22:23,9,4,5,0,0,1,1,4,2,6,1,1,2,1,0,4,1,12,19.0
2024,183,1,Team,0.0,0.0,MIL,,Team,,0,0,0,0,0,0,0,1,3,4,0,0,0,0,0,0,0,4,
2024,183,1,Total,,,MIL,,Total,200:00,100,21,27,14,30,16,20,8,28,36,21,7,13,6,0,17,19,133,
2024,183,0,P008384   ,1.0,0.0,BER,1,"PROCIDA, GABRIELE",22:01,9,3,6,0,4,3,4,0,2,2,0,3,2,0,0,1,3,6,-13.0
2024,183,0,P008173   ,0.0,0.0,BER,3,"SPAGNOLO, MATTEO",DNP,0,0,0,0,0,0,0,0,0,0,0,0,0,0,0,0,0,0,0.0
2024,183,0,P011934   ,0.0,1.0,BER,5,"WETZELL, YANNI",21:30,13,6,10,0,0,1,2,4,3,7,1,0,2,0,1,3,1,11,-16.0
2024,183,0,P008062   ,0.0,1.0,BER,7,"MCDOWELL-WHITE, WILL",20:54,8,1,4,2,4,0,0,1,1,2,0,2,0,0,2,4,0,1,-26.0
2024,183,0,P007025   ,0.0,1.0,BER,9,"MATTISSECK, JONAS",19:35,0,0,1,0,4,0,0,0,0,0,0,0,0,0,1,1,1,-6,-15.0
2024,183,0,P006251   ,1.0,0.0,BER,10,"SCHNEIDER, TIM",23:49,6,3,4,0,4,0,0,2,0,2,1,1,1,0,0,3,1,2,-20.0
2024,183,0,P008967   ,1.0,0.0,BER,11,"THOMAS, MATT",20:18,8,1,1,2,4,0,0,0,1,1,2,0,1,0,0,0,1,9,-20.0
2024,183,0,P008780   ,1.0,0.0,BER,15,"HERMANNSSON, MARTIN",16:26,4,1,4,0,0,2,2,0,1,1,6,0,0,0,0,0,3,11,-11.0
2024,183,0,P007550   ,0.0,1.0,BER,18,"SAMAR, ZIGA",17:09,6,2,3,0,1,2,2,0,4,4,2,1,3,0,0,1,3,10,-6.0
2024,183,0,P006919   ,0.0,0.0,BER,19,"OLINDE, LOUIS",DNP,0,0,0,0,0,0,0,0,0,0,0,0,0,0,0,0,0,0,0.0
2024,183,0,P011631   ,0.0,1.0,BER,25,"RAPIEQUE, ELIAS",17:13,3,1,3,0,1,1,2,4,1,5,0,0,1,0,1,2,1,1,-17.0
2024,183,0,P013386   ,1.0,0.0,BER,33,"McCORMACK, DAVID",21:05,11,4,8,0,0,3,5,2,0,2,1,1,0,0,1,4,3,7,-16.0
2024,183,0,Team,0.0,0.0,BER,,Team,,0,0,0,0,0,0,0,2,1,3,0,0,1,0,0,0,0,2,
2024,183,0,Total,,,BER,,Total,200:00,68,22,44,4,22,12,17,15,14,29,13,8,11,0,6,19,17,54,
2024,184,1,P012608   ,1.0,1.0,PRS,0,"SHORTS, TJ",26:58,17,4,11,1,2,6,6,0,4,4,8,1,3,0,2,2,4,19,-3.0
2024,184,1,P012609   ,1.0,0.0,PRS,1,"MALCOLM, COLLIN",17:31,12,1,2,2,5,4,4,0,1,1,1,0,1,0,0,1,3,11,-8.0
2024,184,1,P012640   ,0.0,0.0,PRS,2,"HIFI, NADIR",16:56,14,2,5,3,6,1,2,0,2,2,1,0,0,0,1,0,5,14,15.0
2024,184,1,P012610   ,1.0,1.0,PRS,3,"WARD, TYSON",26:30,6,3,6,0,5,0,0,2,1,3,2,3,0,0,1,1,2,6,-2.0
2024,184,1,P013373   ,0.0,0.0,PRS,4,"CAVALIERE, LEOPOLD",16:19,7,2,2,1,1,0,0,2,2,4,3,0,0,0,0,0,0,14,5.0
2024,184,1,P005793   ,0.0,0.0,PRS,5,"SY, BANDJA",07:11,0,0,0,0,0,0,0,0,0,0,1,0,0,0,0,2,0,-1,3.0
2024,184,1,P012611   ,0.0,0.0,PRS,7,"HERRERA, SEBASTIAN",DNP,0,0,0,0,0,0,0,0,0,0,0,0,0,0,0,0,0,0,0.0
2024,184,1,P004512   ,0.0,0.0,PRS,8,"KRATZER, LEON",09:39,0,0,0,0,0,0,0,0,2,2,0,0,0,0,0,4,1,-1,5.0
2024,184,1,P007032   ,0.0,1.0,PRS,12,"LO, MAODO",19:04,9,2,3,1,4,2,2,0,1,1,3,3,0,0,1,0,1,12,5.0
2024,184,1,P010390   ,1.0,1.0,PRS,13,"HAYES, KEVARRIUS",20:37,3,1,2,0,0,1,2,0,1,1,0,1,1,1,0,3,1,1,-6.0
2024,184,1,P012613   ,1.0,0.0,PRS,20,"JANTUNEN, MIKAEL",25:59,10,2,4,2,4,0,0,0,2,2,0,0,0,0,0,3,1,6,1.0
2024,184,1,P004197   ,0.0,1.0,PRS,24,"OUATTARA, YAKUBA",13:16,10,2,3,2,4,0,0,0,1,1,0,0,0,0,1,0,0,7,5.0
2024,184,1,Team,0.0,0.0,PRS,,Team,,0,0,0,0,0,0,0,4,0,4,0,0,0,0,0,0,0,4,
2024,184,1,Total,,,PRS,,Total,200:00,88,19,38,12,31,14,16,8,17,25,19,8,5,1,6,16,18,92,
2024,184,0,P007200   ,0.0,1.0,IST,0,"LARKIN, SHANE",31:02,13,3,5,2,6,1,2,3,2,5,2,1,1,0,0,1,4,16,-9.0
2024,184,0,P006590   ,0.0,1.0,IST,1,"BEAUBOIS, RODRIGUE",16:42,3,0,1,1,3,0,0,0,0,0,1,0,0,0,0,3,0,-2,2.0
2024,184,0,P013363   ,1.0,0.0,IST,3,"NWORA, JORDAN",15:12,7,2,5,1,3,0,0,1,3,4,1,0,3,1,0,0,0,5,1.0
2024,184,0,P009846   ,1.0,1.0,IST,6,"BRYANT, ELIJAH",28:21,21,9,12,0,4,3,3,0,3,3,4,0,2,0,0,3,2,18,-5.0
2024,184,0,P007109   ,1.0,1.0,IST,11,"SMITS, ROLANDS",17:05,4,2,2,0,2,0,0,0,3,3,3,0,2,1,0,3,2,6,-8.0
2024,184,0,P011078   ,1.0,0.0,IST,13,"THOMPSON, DARIUS",24:48,12,0,1,4,4,0,0,0,3,3,1,2,3,2,0,2,0,14,-2.0
2024,184,0,P013364   ,0.0,0.0,IST,14,"JOHNSON, STANLEY",04:03,2,1,2,0,2,0,0,0,0,0,0,1,1,0,0,1,1,-1,1.0
2024,184,0,P004887   ,1.0,0.0,IST,17,"POIRIER, VINCENT",27:15,14,3,5,0,0,8,10,2,9,11,2,0,2,1,0,0,5,27,-6.0
2024,184,0,P009513   ,0.0,0.0,IST,21,"HOLLATZ, JUSTUS",DNP,0,0,0,0,0,0,0,0,0,0,0,0,0,0,0,0,0,0,0.0
2024,184,0,P012710   ,0.0,0.0,IST,24,"OSMANI, ERCAN",04:37,0,0,1,0,0,0,0,0,0,0,2,0,0,0,0,2,0,-1,4.0
2024,184,0,P012788   ,0.0,0.0,IST,25,"OTURU, DAN",12:38,4,2,4,0,0,0,0,6,0,6,1,0,0,1,1,1,0,8,2.0
2024,184,0,P009664   ,0.0,1.0,IST,35,"WILLIS, DEREK",18:17,4,2,2,0,2,0,0,2,2,4,0,0,1,0,0,2,2,5,0.0
2024,184,0,Team,0.0,0.0,IST,,Team,,0,0,0,0,0,0,0,2,4,6,0,0,1,0,0,0,0,5,
2024,184,0,Total,,,IST,,Total,200:00,84,24,40,8,26,12,15,16,29,45,17,4,16,6,1,18,16,100,
2024,185,1,P012199   ,0.0,0.0,MAD,2,"DURU, DECLAN",DNP,0,0,0,0,0,0,0,0,0,0,0,0,0,0,0,0,0,0,0.0
2024,185,1,P003733   ,1.0,1.0,MAD,6,"ABALDE, ALBERTO",25:15,5,1,4,1,3,0,0,0,0,0,3,1,1,0,0,2,1,2,9.0
2024,185,1,P005928   ,1.0,1.0,MAD,7,"CAMPAZZO, FACUNDO",28:48,31,5,7,4,7,9,10,3,2,5,8,3,2,0,0,4,8,43,11.0
2024,185,1,P013378   ,0.0,0.0,MAD,8,"RATHAN-MAYES, XAVIER",07:26,3,0,1,1,2,0,0,0,1,1,1,0,0,0,0,0,2,5,-5.0
2024,185,1,P011649   ,0.0,0.0,MAD,9,"GONZALEZ, HUGO",06:04,0,0,1,0,1,0,0,0,0,0,0,0,1,1,0,3,0,-5,-2.0
2024,185,1,P003108   ,0.0,1.0,MAD,11,"HEZONJA, MARIO",28:13,25,11,15,0,4,3,3,0,1,1,2,0,0,0,0,1,4,23,-6.0
2024,185,1,P006540   ,1.0,1.0,MAD,13,"MUSA, DZANAN",19:33,20,3,4,2,4,8,8,1,3,4,0,1,2,0,0,2,6,24,-1.0
2024,185,1,P007630   ,0.0,0.0,MAD,16,"GARUBA, USMAN",14:54,6,3,4,0,0,0,0,3,3,6,0,1,0,0,1,1,0,10,-7.0
2024,185,1,P005791   ,1.0,0.0,MAD,22,"TAVARES, WALTER",25:03,0,0,0,0,0,0,0,1,3,4,1,0,1,1,0,1,3,7,8.0
2024,185,1,PTGB      ,0.0,0.0,MAD,23,"LLULL, SERGIO",14:13,9,0,0,2,6,3,3,2,1,3,2,1,0,0,0,3,1,9,1.0
2024,185,1,P011247   ,0.0,0.0,MAD,24,"FELIZ, ANDRES",10:17,8,2,3,1,2,1,1,0,2,2,2,0,1,1,0,4,1,7,-1.0
2024,185,1,P009213   ,1.0,1.0,MAD,30,"NDIAYE, ELI",20:14,9,0,1,3,3,0,0,3,0,3,2,1,0,0,0,2,1,13,8.0
2024,185,1,Team,0.0,0.0,MAD,,Team,,0,0,0,0,0,0,0,1,0,1,0,0,0,0,0,0,0,1,
2024,185,1,Total,,,MAD,,Total,200:00,116,25,40,14,32,24,25,14,16,30,21,8,8,3,1,23,27,139,
2024,185,0,P006835   ,1.0,0.0,TEL,1,"HOARD, JAYLEN",27:24,19,3,7,2,2,7,7,0,3,3,0,1,1,0,0,5,5,18,6.0
2024,185,0,P011202   ,1.0,1.0,TEL,3,"SHAYOK, MARIAL",15:29,3,0,1,1,2,0,0,0,0,0,2,0,0,0,1,2,1,1,1.0
2024,185,0,P004233   ,0.0,0.0,TEL,8,"MENCO, RAFI",12:42,3,0,0,1,1,0,0,1,0,1,1,0,0,0,0,0,0,5,-1.0
2024,185,0,P011219   ,1.0,0.0,TEL,9,"SORKIN, ROMAN",19:57,17,4,5,2,3,3,3,2,0,2,0,0,2,0,0,5,2,12,1.0
2024,185,0,P011433   ,0.0,0.0,TEL,10,"MAYER, OMER",DNP,0,0,0,0,0,0,0,0,0,0,0,0,0,0,0,0,0,0,0.0
2024,185,0,P007990   ,0.0,1.0,TEL,12,"DIBARTOLOMEO, JOHN",13:17,6,1,2,0,1,4,4,0,1,1,0,1,0,0,0,1,1,6,-6.0
2024,185,0,P011214   ,0.0,0.0,TEL,14,"RIVERO, JASIEL",21:48,12,5,8,0,0,2,2,0,2,2,3,0,0,1,0,3,2,14,-10.0
2024,185,0,P005145   ,0.0,0.0,TEL,15,"COHEN, JAKE",DNP,0,0,0,0,0,0,0,0,0,0,0,0,0,0,0,0,0,0,0.0
2024,185,0,P013382   ,1.0,1.0,TEL,20,"RANDOLPH, LEVI",25:44,14,3,5,2,4,2,2,2,2,4,1,1,1,0,1,4,3,13,-1.0
2024,185,0,P007519   ,1.0,0.0,TEL,31,"JOKUBAITIS, ROKAS",29:31,20,5,7,2,3,4,4,1,6,7,7,1,5,0,0,5,5,27,4.0
2024,185,0,P011193   ,0.0,1.0,TEL,45,"BLATT, TAMIR",24:01,14,2,4,2,5,4,4,1,1,2,8,0,2,0,1,1,3,18,-6.0
2024,185,0,P012604   ,0.0,1.0,TEL,50,"WILLIAMS, TREVION",10:07,5,1,3,1,1,0,0,1,2,3,0,1,1,0,0,2,0,4,-3.0
2024,185,0,Team,0.0,0.0,TEL,,Team,,0,0,0,0,0,0,0,3,1,4,0,0,1,0,0,0,0,3,
2024,185,0,Total,,,TEL,,Total,200:00,113,24,42,13,22,26,26,11,18,29,22,5,13,1,3,28,22,121,
2024,186,1,P013403   ,0.0,0.0,ZAL,1,"WALKER IV, LONNIE",16:18,6,0,0,2,6,0,0,1,3,4,2,1,1,0,0,1,2,9,1.0
2024,186,1,P007975   ,1.0,1.0,ZAL,3,"FRANCISCO, SYLVAIN",28:49,20,2,2,5,8,1,5,0,3,3,4,1,3,1,0,3,5,21,11.0
2024,186,1,P003210   ,0.0,0.0,ZAL,4,"LEKAVICIUS, LUKAS",DNP,0,0,0,0,0,0,0,0,0,0,0,0,0,0,0,0,0,0,0.0
2024,186,1,P007513   ,1.0,1.0,ZAL,9,"GIEDRAITIS, DOVYDAS",30:06,10,2,4,2,5,0,0,0,1,1,2,0,0,0,0,2,1,7,10.0
2024,186,1,P005504   ,1.0,0.0,ZAL,15,"BIRUTIS, LAURYNAS",12:46,4,2,3,0,0,0,0,0,1,1,2,0,0,0,0,2,1,5,17.0
2024,186,1,P011051   ,0.0,0.0,ZAL,18,"SMAILAGIC, ALEN",12:51,9,3,5,1,2,0,0,2,2,4,0,0,2,0,0,2,0,6,-9.0
2024,186,1,P012622   ,0.0,0.0,ZAL,21,"MITCHELL, MATTHEW",06:10,0,0,0,0,1,0,0,0,1,1,1,0,0,0,0,1,1,1,-6.0
2024,186,1,P003048   ,0.0,1.0,ZAL,42,"DUNSTON, BRYANT",20:58,1,0,3,0,0,1,2,4,1,5,1,1,2,0,1,3,1,-1,4.0
2024,186,1,P012715   ,1.0,0.0,ZAL,45,"MANEK, BRADY",07:26,0,0,0,0,2,0,0,0,1,1,0,0,1,0,0,0,0,-2,1.0
2024,186,1,P002676   ,1.0,1.0,ZAL,51,"BUTKEVICIUS, ARNAS",31:13,11,0,1,3,7,2,2,0,5,5,2,3,1,1,0,3,5,18,11.0
2024,186,1,P007029   ,0.0,0.0,ZAL,91,"SIRVYDIS, DEIVIDAS",07:24,0,0,0,0,1,0,0,0,2,2,1,1,0,0,0,1,0,2,0.0
2024,186,1,P002329   ,0.0,1.0,ZAL,92,"ULANOVAS, EDGARAS",25:59,16,3,4,2,3,4,6,1,3,4,2,0,0,0,0,4,4,18,5.0
2024,186,1,Team,0.0,0.0,ZAL,,Team,,0,0,0,0,0,0,0,0,1,1,0,0,2,0,0,0,0,-1,
2024,186,1,Total,,,ZAL,,Total,200:00,77,12,22,15,35,8,15,8,24,32,17,7,12,2,1,22,20,83,
2024,186,0,P009549   ,1.0,1.0,VIR,0,"CORDINIER, ISAIA",28:58,18,6,10,0,3,6,6,1,4,5,3,3,2,1,0,3,9,27,4.0
2024,186,0,PBCN      ,0.0,1.0,VIR,3,"BELINELLI, MARCO",20:25,6,2,5,0,4,2,2,0,1,1,2,0,0,0,0,2,1,1,-14.0
2024,186,0,P006739   ,1.0,1.0,VIR,6,"PAJOLA, ALESSANDRO",31:07,6,0,3,2,8,0,0,0,1,1,5,0,1,0,1,4,0,-3,-9.0
2024,186,0,P001133   ,0.0,1.0,VIR,21,"SHENGELIA, TORNIKE",23:16,12,4,9,0,0,4,4,2,5,7,3,0,2,0,0,4,4,15,-7.0
2024,186,0,P001844   ,0.0,0.0,VIR,23,"HACKETT, DANIEL",10:46,0,0,1,0,1,0,0,0,0,0,2,0,0,0,0,1,1,0,-2.0
2024,186,0,P005738   ,1.0,1.0,VIR,24,"GRAZULIS, ANDREJS",16:15,8,4,5,0,1,0,0,1,1,2,0,0,1,0,0,0,0,7,4.0
2024,186,0,P012585   ,0.0,0.0,VIR,30,"MORGAN, MATTHEW",25:29,8,0,1,2,5,2,2,1,5,6,0,2,1,0,1,2,2,10,2.0
2024,186,0,P002084   ,1.0,0.0,VIR,33,"POLONARA, ACHILLE",11:11,0,0,0,0,1,0,0,1,1,2,1,0,1,0,0,0,0,1,-6.0
2024,186,0,P013374   ,0.0,0.0,VIR,35,"DIOUF, MOUHAMET",20:40,6,2,2,0,0,2,4,2,6,8,0,0,1,0,0,1,3,13,-8.0
2024,186,0,P004554   ,0.0,0.0,VIR,41,"ZIZIC, ANTE",DNP,0,0,0,0,0,0,0,0,0,0,0,0,0,0,0,0,0,0,0.0
2024,186,0,P011816   ,0.0,0.0,VIR,45,"AKELE, NICOLA",08:38,4,2,2,0,0,0,0,1,0,1,0,1,1,0,0,1,1,5,-1.0
2024,186,0,P012591   ,1.0,0.0,VIR,59,"TUCKER, RAYJON",03:15,0,0,0,0,0,0,0,0,0,0,0,0,1,0,0,2,1,-2,-8.0
2024,186,0,Team,0.0,0.0,VIR,,Team,,0,0,0,0,0,0,0,2,1,3,0,0,0,0,0,0,0,3,
2024,186,0,Total,,,VIR,,Total,200:00,68,20,38,4,23,16,18,11,25,36,16,6,11,1,2,20,22,77,
2024,187,1,P009048   ,1.0,0.0,RED,0,"MILLER-MCINTYRE, CODI",26:35,23,6,7,3,5,2,4,2,1,3,3,1,1,0,0,5,3,22,10.0
2024,187,1,P010588   ,0.0,0.0,RED,1,"BROWN III, JOHN",03:03,0,0,0,0,0,0,0,0,0,0,0,0,1,0,0,0,0,-1,-5.0
2024,187,1,P010612   ,0.0,1.0,RED,3,"CANAAN, ISAIAH",21:52,17,4,5,3,7,0,0,0,2,2,1,0,1,0,0,4,1,11,-4.0
2024,187,1,PJDR      ,0.0,0.0,RED,4,"TEODOSIC, MILOS",11:28,5,0,0,1,1,2,2,0,0,0,1,0,0,0,0,0,2,8,-6.0
2024,187,1,P007960   ,1.0,0.0,RED,7,"DAVIDOVAC, DEJAN",19:02,2,1,1,0,0,0,0,0,2,2,0,0,0,0,0,2,1,3,-1.0
2024,187,1,P002553   ,0.0,0.0,RED,9,"MITROVIC, LUKA",06:31,7,1,1,0,0,5,6,0,1,1,2,0,0,0,0,1,3,11,-2.0
2024,187,1,P004866   ,1.0,0.0,RED,12,"KALINIC, NIKOLA",24:00,8,2,3,1,2,1,2,0,5,5,2,0,3,0,0,2,3,10,-2.0
2024,187,1,P004007   ,1.0,1.0,RED,13,"DOBRIC, OGNJEN",17:26,10,2,2,2,2,0,0,1,2,3,0,0,1,0,0,3,1,10,7.0
2024,187,1,P009035   ,1.0,0.0,RED,21,"BOLOMBOY, JOEL",16:03,1,0,2,0,0,1,2,1,3,4,0,0,1,1,0,2,1,1,-10.0
2024,187,1,P011194   ,0.0,1.0,RED,30,"PETRUSEV, FILIP",20:23,12,3,5,1,2,3,5,1,3,4,2,0,1,1,0,2,6,17,5.0
2024,187,1,P006436   ,0.0,1.0,RED,31,"GIEDRAITIS, ROKAS",18:54,2,1,2,0,1,0,0,0,2,2,2,1,0,0,0,2,0,3,-6.0
2024,187,1,P012044   ,0.0,1.0,RED,99,"DOS SANTOS, YAGO",14:43,4,1,4,0,0,2,3,0,1,1,3,0,2,0,1,1,2,2,-11.0
2024,187,1,Team,0.0,0.0,RED,,Team,,0,0,0,0,0,0,0,1,1,2,0,0,0,0,0,0,0,2,
2024,187,1,Total,,,RED,,Total,200:00,91,21,32,11,20,16,24,6,23,29,16,2,11,2,1,24,23,99,
2024,187,0,P005216   ,0.0,1.0,ULK,0,"MCCOLLUM, ERRICK",18:40,7,1,2,1,3,2,2,0,1,1,1,0,0,1,0,4,1,4,-14.0
2024,187,0,P002849   ,0.0,0.0,ULK,4,"MELLI, NICOLO",27:50,16,0,0,5,8,1,2,3,4,7,3,0,1,0,0,2,5,24,12.0
2024,187,0,P002968   ,0.0,0.0,ULK,5,"SANLI, SERTAC",DNP,0,0,0,0,0,0,0,0,0,0,0,0,0,0,0,0,0,0,0.0
2024,187,0,P013396   ,0.0,0.0,ULK,9,"MAYS, SKYLAR",DNP,0,0,0,0,0,0,0,0,0,0,0,0,0,0,0,0,0,0,0.0
2024,187,0,P008962   ,1.0,1.0,ULK,11,"HAYES-DAVIS, NIGEL",34:15,27,6,8,4,7,3,3,0,2,2,2,2,1,0,0,2,2,27,-1.0
2024,187,0,P006961   ,0.0,1.0,ULK,13,"BIBEROVIC, TARIK",21:41,16,3,3,3,5,1,1,0,1,1,1,1,0,0,0,3,2,16,-1.0
2024,187,0,P011205   ,0.0,1.0,ULK,20,"HALL, DEVON",24:18,4,0,1,1,4,1,2,0,2,2,2,1,1,0,0,3,2,2,-16.0
2024,187,0,P010560   ,0.0,0.0,ULK,21,"PIERRE, DYSHAWN",06:09,0,0,0,0,0,0,0,0,0,0,0,0,0,0,0,0,0,0,4.0
2024,187,0,P004004   ,1.0,1.0,ULK,23,"GUDURIC, MARKO",28:34,11,1,4,1,4,6,9,1,1,2,8,1,1,0,2,2,9,17,18.0
2024,187,0,P008104   ,1.0,0.0,ULK,32,"ZAGARS, ARTURS",11:42,4,0,1,1,1,1,3,0,0,0,5,2,0,0,0,3,1,6,16.0
2024,187,0,P009783   ,1.0,0.0,ULK,50,"COLSON, BONZIE",15:04,3,0,2,1,3,0,0,0,4,4,0,0,0,0,0,1,1,3,14.0
2024,187,0,P007182   ,1.0,0.0,ULK,92,"BIRCH, KHEM",11:47,8,4,4,0,0,0,0,2,0,2,0,1,1,0,0,3,0,7,-7.0
2024,187,0,Team,0.0,0.0,ULK,,Team,,0,0,0,0,0,0,0,0,2,2,0,0,1,0,0,0,0,1,
2024,187,0,Total,,,ULK,,Total,200:00,96,15,25,17,35,15,22,6,17,23,22,8,6,1,2,23,23,107,
2024,188,1,P009862   ,1.0,0.0,BAR,0,"PUNTER, KEVIN",22:23,7,1,5,1,5,2,3,0,1,1,1,2,2,0,1,4,6,1,-4.0
2024,188,1,P012795   ,1.0,0.0,BAR,1,"ANDERSON, JUSTIN",04:06,0,0,0,0,0,0,0,0,0,0,0,0,0,0,0,0,0,0,-3.0
2024,188,1,P000925   ,0.0,0.0,BAR,6,"VESELY, JAN",16:04,4,2,6,0,0,0,0,3,1,4,1,1,1,0,0,3,1,3,-3.0
2024,188,1,P009992   ,0.0,1.0,BAR,8,"BRIZUELA, DARIO",20:01,15,2,3,3,4,2,2,0,0,0,4,0,0,0,0,1,4,20,14.0
2024,188,1,P013379   ,0.0,0.0,BAR,10,"METU, CHIMEZIE",18:01,8,4,9,0,1,0,0,2,3,5,1,0,0,1,0,1,0,8,-4.0
2024,188,1,P002939   ,1.0,1.0,BAR,13,"SATORANSKY, TOMAS",23:55,2,1,2,0,2,0,0,0,2,2,7,0,1,0,0,3,0,4,4.0
2024,188,1,P003196   ,0.0,0.0,BAR,14,"HERNANGOMEZ, WILLY",DNP,0,0,0,0,0,0,0,0,0,0,0,0,0,0,0,0,0,0,0.0
2024,188,1,P010106   ,0.0,0.0,BAR,17,"NUNEZ, JUAN",15:55,3,1,1,0,2,1,2,1,3,4,2,0,1,0,0,1,2,6,5.0
2024,188,1,P006568   ,1.0,0.0,BAR,19,"FALL, YOUSSOUPHA",11:00,6,3,3,0,0,0,0,0,2,2,0,1,0,0,0,1,3,11,10.0
2024,188,1,P003478   ,0.0,1.0,BAR,21,"ABRINES, ALEX",21:20,12,2,2,2,5,2,2,2,2,4,0,1,0,0,0,2,5,17,10.0
2024,188,1,P012745   ,1.0,1.0,BAR,22,"PARKER, JABARI",32:12,25,8,12,3,4,0,0,0,8,8,2,1,2,0,0,2,0,27,7.0
2024,188,1,P007464   ,0.0,1.0,BAR,44,"PARRA, JOEL",15:03,0,0,1,0,1,0,0,0,0,0,0,0,0,0,0,2,0,-4,9.0
2024,188,1,Team,0.0,0.0,BAR,,Team,,0,0,0,0,0,0,0,2,2,4,0,0,1,0,0,0,0,3,
2024,188,1,Total,,,BAR,,Total,200:00,82,24,44,9,24,7,9,10,24,34,18,6,8,1,1,20,21,96,
2024,188,0,P011209   ,0.0,1.0,PAN,0,"KALAITZAKIS, PANAGIOTIS",00:09,0,0,0,0,0,0,0,0,0,0,0,0,0,0,0,0,0,0,-2.0
2024,188,0,P009622   ,0.0,0.0,PAN,2,"BROWN, LORENZO",03:12,0,0,1,0,1,0,0,0,0,0,1,0,0,0,0,0,0,-1,7.0
2024,188,0,P001926   ,0.0,1.0,PAN,10,"SLOUKAS, KOSTAS",19:38,5,1,3,1,2,0,0,1,0,1,4,1,3,0,0,4,1,2,-4.0
2024,188,0,P004088   ,1.0,1.0,PAN,16,"OSMAN, CEDI",34:01,14,4,4,0,2,6,9,1,4,5,0,2,0,0,0,2,6,20,-12.0
2024,188,0,P011442   ,0.0,0.0,PAN,20,"SAMODUROV, ALEXANDROS",DNP,0,0,0,0,0,0,0,0,0,0,0,0,0,0,0,0,0,0,0.0
2024,188,0,P005161   ,0.0,0.0,PAN,21,"PAPAPETROU, IOANNIS",01:32,0,0,0,0,0,0,0,0,0,0,0,1,0,0,0,0,1,2,1.0
2024,188,0,P011204   ,1.0,1.0,PAN,22,"GRANT, JERIAN",33:04,18,4,4,3,5,1,2,0,0,0,2,0,2,0,0,2,5,18,-5.0
2024,188,0,P012774   ,1.0,0.0,PAN,25,"NUNN, KENDRICK",30:50,7,2,8,1,7,0,0,4,2,6,5,1,5,0,0,5,4,1,-12.0
2024,188,0,P013383   ,0.0,0.0,PAN,32,"GABRIEL, WENYEN",10:01,4,2,2,0,0,0,0,0,1,1,0,0,2,0,0,2,0,1,-11.0
2024,188,0,P012712   ,1.0,1.0,PAN,41,"HERNANGOMEZ, JUANCHO",32:12,12,3,4,2,5,0,0,1,9,10,1,0,1,1,0,1,0,18,-9.0
2024,188,0,P007866   ,0.0,0.0,PAN,44,"MITOGLOU, KONSTANTINOS",12:46,2,1,3,0,3,0,0,2,1,3,1,0,0,0,0,2,0,-1,-4.0
2024,188,0,P005353   ,1.0,0.0,PAN,77,"YURTSEVEN, OMER",22:35,11,5,13,0,0,1,2,2,5,7,1,0,1,0,1,3,3,8,6.0
2024,188,0,Team,0.0,0.0,PAN,,Team,,0,0,0,0,0,0,0,4,3,7,0,0,0,0,0,0,0,7,
2024,188,0,Total,,,PAN,,Total,200:00,73,22,42,7,25,8,13,15,25,40,15,5,14,1,1,21,20,75,
2024,189,1,P010391   ,1.0,1.0,MUN,0,"WEILER-BABB, NICK",27:36,18,2,3,4,7,2,2,0,0,0,6,3,2,0,0,3,2,20,8.0
2024,189,1,P011244   ,0.0,0.0,MUN,1,"DA SILVA, OSCAR",13:25,0,0,0,0,0,0,0,0,2,2,1,0,1,0,0,3,0,-1,-11.0
2024,189,1,P011987   ,1.0,1.0,MUN,3,"EDWARDS, CARSEN",32:48,25,6,8,4,6,1,1,1,0,1,1,2,3,0,0,2,3,23,-3.0
2024,189,1,P001557   ,1.0,1.0,MUN,5,"GIFFEY, NIELS",14:41,3,0,1,1,1,0,0,2,1,3,0,0,1,0,1,2,1,2,1.0
2024,189,1,P007201   ,1.0,0.0,MUN,7,"VOIGTMANN, JOHANNES",23:40,9,0,1,3,5,0,0,0,4,4,2,0,2,0,1,4,1,6,15.0
2024,189,1,P011224   ,0.0,1.0,MUN,8,"NAPIER, SHABAZZ",23:20,17,1,3,4,5,3,3,0,1,1,1,2,4,0,1,1,3,15,-5.0
2024,189,1,P012123   ,0.0,0.0,MUN,10,"KHARCHENKOV, IVAN",DNP,0,0,0,0,0,0,0,0,0,0,0,0,0,0,0,0,0,0,0.0
2024,189,1,P004508   ,0.0,0.0,MUN,13,"OBST, ANDREAS",22:12,2,1,2,0,3,0,0,0,1,1,3,0,0,0,0,3,1,0,0.0
2024,189,1,P007929   ,0.0,0.0,MUN,17,"BITIM, ONURALP",02:18,0,0,0,0,0,0,0,0,0,0,0,0,1,0,0,1,0,-2,-1.0
2024,189,1,P005460   ,0.0,0.0,MUN,20,"HARRIS, ELIAS",07:55,4,2,2,0,0,0,0,0,0,0,0,0,1,0,0,1,0,2,1.0
2024,189,1,P007639   ,0.0,0.0,MUN,22,"BRANKOVIC, DANKO",DNP,0,0,0,0,0,0,0,0,0,0,0,0,0,0,0,0,0,0,0.0
2024,189,1,P007056   ,1.0,1.0,MUN,31,"BOOKER, DEVIN",32:05,17,0,1,4,6,5,6,1,2,3,2,0,1,0,0,2,7,22,0.0
2024,189,1,Team,0.0,0.0,MUN,,Team,,0,0,0,0,0,0,0,4,2,6,0,0,0,0,0,0,0,6,
2024,189,1,Total,,,MUN,,Total,200:00,95,12,21,20,33,11,12,8,13,21,16,7,16,0,3,22,18,93,
2024,189,0,P011212   ,0.0,1.0,MCO,0,"OKOBO, ELIE",15:15,12,1,3,3,4,1,2,1,2,3,0,1,2,1,0,0,1,12,-8.0
2024,189,0,P011231   ,0.0,1.0,MCO,4,"BLOSSOMGAME, JARON",24:15,4,2,3,0,2,0,0,2,1,3,0,0,1,1,0,0,4,8,2.0
2024,189,0,P009754   ,0.0,0.0,MCO,8,"LOYD, JORDAN",27:30,16,4,8,1,2,5,6,0,2,2,1,0,0,0,0,5,5,13,14.0
2024,189,0,P005844   ,0.0,0.0,MCO,9,"PAPAGIANNIS, GEORGIOS",11:07,4,2,2,0,0,0,0,1,0,1,0,0,0,0,0,2,1,4,-4.0
2024,189,0,P011226   ,1.0,0.0,MCO,11,"DIALLO, ALPHA",14:53,4,2,4,0,1,0,0,1,2,3,1,1,0,0,0,2,1,5,-2.0
2024,189,0,P002581   ,1.0,0.0,MCO,14,"JAITEH, MAM",23:25,10,3,3,0,0,4,4,2,3,5,1,2,1,0,0,2,2,17,9.0
2024,189,0,PLCZ      ,0.0,0.0,MCO,20,"MOTIEJUNAS, DONATAS",05:20,2,1,1,0,0,0,0,0,0,0,0,0,2,0,0,1,1,0,-6.0
2024,189,0,P012515   ,0.0,1.0,MCO,22,"TARPEY, TERRY",12:07,6,0,0,2,2,0,0,1,1,2,0,3,0,0,0,1,1,11,8.0
2024,189,0,P013365   ,1.0,0.0,MCO,30,"BROWN, VITTO",06:16,0,0,0,0,1,0,0,0,0,0,0,1,0,1,0,0,0,1,-11.0
2024,189,0,P008099   ,1.0,1.0,MCO,32,"STRAZEL, MATTHEW",21:49,14,3,5,2,2,2,2,1,1,2,3,0,0,0,0,2,3,18,-5.0
2024,189,0,P001932   ,0.0,0.0,MCO,33,"CALATHES, NICK",12:18,2,1,1,0,0,0,0,0,0,0,3,1,2,0,0,1,0,3,5.0
2024,189,0,P005985   ,1.0,1.0,MCO,55,"JAMES, MIKE",25:45,20,5,7,3,8,1,1,0,1,1,6,0,3,0,0,3,3,17,-7.0
2024,189,0,Team,0.0,0.0,MCO,,Team,,0,0,0,0,0,0,0,1,1,2,0,0,0,0,0,0,0,2,
2024,189,0,Total,,,MCO,,Total,200:00,94,24,37,11,22,13,15,10,14,24,15,9,11,3,0,19,22,111,
2024,190,1,P013371   ,0.0,1.0,ASV,1,"HARRISON, SHAQUILLE",16:03,9,2,3,1,1,2,2,0,4,4,2,0,3,1,0,2,2,12,23.0
2024,190,1,P011225   ,1.0,0.0,ASV,3,"LEE, PARIS",19:33,2,1,5,0,0,0,0,2,3,5,4,0,4,1,1,0,0,3,-6.0
2024,190,1,P007027   ,1.0,1.0,ASV,6,"MALEDON, THEO",30:43,17,3,7,1,4,8,8,0,1,1,4,1,2,0,0,0,6,20,-4.0
2024,190,1,P010316   ,1.0,0.0,ASV,8,"AJINCA, MELVIN",16:24,11,1,3,3,5,0,0,0,0,0,0,0,1,0,0,2,0,4,0.0
2024,190,1,P000229   ,0.0,1.0,ASV,11,"JACKSON, EDWIN",27:13,18,1,1,4,5,4,4,0,3,3,1,1,0,0,0,4,3,21,1.0
2024,190,1,P002100   ,0.0,0.0,ASV,12,"DE COLO, NANDO",24:50,10,1,4,2,4,2,2,2,0,2,7,0,3,1,0,1,5,16,9.0
2024,190,1,P010545   ,1.0,1.0,ASV,13,"SAKO, NEAL",23:11,9,2,4,0,0,5,6,3,4,7,1,0,1,1,0,2,4,16,-8.0
2024,190,1,P013405   ,1.0,1.0,ASV,21,"ROBERSON, ANDRE",32:00,10,2,4,2,6,0,0,3,4,7,0,0,1,1,0,3,0,8,5.0
2024,190,1,P003526   ,0.0,0.0,ASV,23,"LIGHTY, DAVID",13:17,2,0,1,0,1,2,2,0,2,2,0,3,2,0,0,3,1,1,0.0
2024,190,1,P008991   ,0.0,0.0,ASV,28,"BLACK, TARIK",12:11,4,2,2,0,0,0,0,2,3,5,1,0,3,0,0,5,1,3,12.0
2024,190,1,P012263   ,0.0,0.0,ASV,30,"SISSOKO, YOHANN",DNP,0,0,0,0,0,0,0,0,0,0,0,0,0,0,0,0,0,0,0.0
2024,190,1,P013377   ,0.0,0.0,ASV,34,"PAUL, MBIYA",09:35,4,2,3,0,0,0,3,2,3,5,0,0,0,2,1,1,2,7,3.0
2024,190,1,Team,0.0,0.0,ASV,,Team,,0,0,0,0,0,0,0,0,2,2,0,0,0,0,0,0,0,2,
2024,190,1,Total,,,ASV,,Total,225:00,96,17,37,13,26,23,27,14,29,43,20,5,20,7,2,23,24,113,
2024,190,0,P008384   ,0.0,1.0,BER,1,"PROCIDA, GABRIELE",17:35,7,1,2,1,2,2,2,0,3,3,1,0,1,0,0,2,2,8,0.0
2024,190,0,P011934   ,0.0,0.0,BER,5,"WETZELL, YANNI",17:19,10,3,7,0,0,4,4,2,1,3,4,1,1,1,3,2,3,12,4.0
2024,190,0,P008211   ,1.0,0.0,BER,6,"DELOW, MALTE",22:38,11,4,5,1,2,0,1,1,1,2,0,1,0,0,0,4,3,10,-10.0
2024,190,0,P008062   ,0.0,0.0,BER,7,"MCDOWELL-WHITE, WILL",17:44,8,1,1,2,4,0,0,0,1,1,1,0,2,0,0,0,1,7,-2.0
2024,190,0,P007025   ,0.0,0.0,BER,9,"MATTISSECK, JONAS",10:04,0,0,1,0,1,0,0,1,0,1,0,1,0,0,1,2,2,-1,-9.0
2024,190,0,P006251   ,1.0,1.0,BER,10,"SCHNEIDER, TIM",33:30,7,2,3,1,5,0,0,2,6,8,0,0,1,1,0,2,0,8,3.0
2024,190,0,P008967   ,1.0,1.0,BER,11,"THOMAS, MATT",36:20,20,3,6,4,9,2,3,0,3,3,1,2,3,0,0,3,4,15,1.0
2024,190,0,P008780   ,1.0,1.0,BER,15,"HERMANNSSON, MARTIN",25:48,13,4,11,1,2,2,3,0,1,1,9,2,0,0,1,2,4,17,-1.0
2024,190,0,P007550   ,0.0,0.0,BER,18,"SAMAR, ZIGA",DNP,0,0,0,0,0,0,0,0,0,0,0,0,0,0,0,0,0,0,0.0
2024,190,0,P006919   ,0.0,0.0,BER,19,"OLINDE, LOUIS",08:08,3,0,0,1,1,0,0,1,0,1,2,0,1,0,0,2,0,3,0.0
2024,190,0,P011631   ,0.0,0.0,BER,25,"RAPIEQUE, ELIAS",08:13,0,0,1,0,0,0,0,1,1,2,0,1,1,0,0,1,1,1,-10.0
2024,190,0,P013386   ,1.0,1.0,BER,33,"McCORMACK, DAVID",27:41,10,4,9,0,0,2,4,2,4,6,1,2,2,0,2,4,3,7,-11.0
2024,190,0,Team,0.0,0.0,BER,,Team,,0,0,0,0,0,0,0,2,0,2,0,0,0,0,0,0,0,2,
2024,190,0,Total,,,BER,,Total,225:00,89,22,46,11,26,12,17,12,21,33,19,10,12,2,7,24,23,89,
2024,191,1,P011064   ,0.0,0.0,MIL,2,"MANNION, NICCOLO",23:00,2,1,3,0,4,0,0,0,0,0,3,1,0,0,0,3,0,-3,-25.0
2024,191,1,P006701   ,0.0,0.0,MIL,3,"BORTOLANI, GIORDANO",DNP,0,0,0,0,0,0,0,0,0,0,0,0,0,0,0,0,0,0,0.0
2024,191,1,P012115   ,0.0,0.0,MIL,6,"GARAVAGLIA, DIEGO",DNP,0,0,0,0,0,0,0,0,0,0,0,0,0,0,0,0,0,0,0.0
2024,191,1,P006509   ,1.0,1.0,MIL,7,"TONUT, STEFANO",22:34,2,1,2,0,1,0,0,1,4,5,1,1,2,0,0,0,1,6,-9.0
2024,191,1,P008985   ,1.0,1.0,MIL,10,"BOLMARO, LEANDRO",27:28,14,3,6,2,2,2,2,1,1,2,5,0,0,0,0,1,4,21,-7.0
2024,191,1,P013384   ,0.0,0.0,MIL,12,"BROOKS, ARMONI",11:59,5,1,2,1,3,0,0,0,2,2,0,0,0,0,1,0,0,3,-1.0
2024,191,1,P008987   ,0.0,1.0,MIL,16,"LEDAY, ZACH",25:18,10,2,4,1,2,3,3,0,2,2,2,0,3,0,0,3,5,10,-24.0
2024,191,1,P001518   ,0.0,0.0,MIL,17,"RICCI, GIAMPAOLO",08:37,3,0,0,1,3,0,0,0,0,0,0,0,0,0,0,5,0,-4,-12.0
2024,191,1,P006721   ,0.0,0.0,MIL,30,"CARUSO, GUGLIELMO",DNP,0,0,0,0,0,0,0,0,0,0,0,0,0,0,0,0,0,0,0.0
2024,191,1,P007831   ,1.0,1.0,MIL,31,"SHIELDS, SHAVON",32:08,16,1,3,4,5,2,5,0,0,0,0,1,6,0,0,1,3,7,-13.0
2024,191,1,P000796   ,1.0,1.0,MIL,33,"MIROTIC, NIKOLA",33:04,16,2,5,3,8,3,4,2,4,6,1,0,1,0,0,2,5,16,-8.0
2024,191,1,P011941   ,1.0,0.0,MIL,55,"GILLESPIE, FREDDIE",15:52,2,1,1,0,0,0,2,2,1,3,2,2,2,0,0,4,1,2,-1.0
2024,191,1,Team,0.0,0.0,MIL,,Team,,0,0,0,0,0,0,0,1,3,4,0,0,1,0,0,0,0,3,
2024,191,1,Total,,,MIL,,Total,200:00,70,12,26,12,28,10,16,7,17,24,14,5,15,0,1,19,19,61,
2024,191,0,P007870   ,0.0,0.0,PAR,0,"DAVIES, BRANDON",16:37,8,2,3,1,2,1,1,0,1,1,0,1,1,0,0,2,2,7,1.0
2024,191,0,P010781   ,1.0,1.0,PAR,1,"LUNDBERG, IFFE",32:34,6,0,3,2,7,0,0,1,4,5,3,0,0,0,0,1,1,6,22.0
2024,191,0,P013369   ,1.0,1.0,PAR,2,"JONES, CARLIK",34:31,24,9,11,0,2,6,7,0,3,3,9,3,2,0,0,1,6,37,18.0
2024,191,0,P011050   ,1.0,0.0,PAR,5,"KOPRIVICA, BALSA",04:22,2,1,1,0,0,0,0,0,0,0,0,0,1,0,0,2,0,-1,-5.0
2024,191,0,P007632   ,0.0,0.0,PAR,7,"NAKIC, MARIO",DNP,0,0,0,0,0,0,0,0,0,0,0,0,0,0,0,0,0,0,0.0
2024,191,0,P008232   ,0.0,0.0,PAR,11,"POKUSEVSKI, ALEKSEJ",10:08,2,0,0,0,1,2,2,1,0,1,2,1,1,0,0,2,1,3,1.0
2024,191,0,P012720   ,1.0,1.0,PAR,12,"BROWN, STERLING",35:30,26,5,7,4,6,4,4,2,5,7,2,2,1,0,0,3,3,32,23.0
2024,191,0,P006760   ,0.0,1.0,PAR,17,"BONGA, ISAAC",22:55,0,0,2,0,1,0,0,1,3,4,0,2,1,0,0,2,0,0,14.0
2024,191,0,P007736   ,0.0,0.0,PAR,19,"LAKIC, ARIJAN",04:30,0,0,0,0,1,0,0,0,0,0,0,0,0,0,0,1,0,-2,-3.0
2024,191,0,P011836   ,1.0,0.0,PAR,24,"MIKE, ISIAHA",09:31,0,0,0,0,2,0,0,0,1,1,0,1,2,0,0,2,1,-3,5.0
2024,191,0,P011981   ,0.0,1.0,PAR,88,"JONES, TYRIQUE",29:22,22,9,9,0,0,4,4,1,6,7,1,1,2,1,0,3,4,31,24.0
2024,191,0,Team,0.0,0.0,PAR,,Team,,0,0,0,0,0,0,0,0,3,3,0,0,1,0,0,0,0,2,
2024,191,0,Total,,,PAR,,Total,200:00,90,26,36,7,22,17,18,6,26,32,17,11,12,1,0,19,18,112,
2024,192,1,P012608   ,1.0,0.0,PRS,0,"SHORTS, TJ",23:01,11,4,5,0,0,3,4,1,4,5,14,1,3,0,0,3,4,27,29.0
2024,192,1,P012609   ,1.0,0.0,PRS,1,"MALCOLM, COLLIN",18:57,11,2,3,2,4,1,2,0,0,0,0,0,0,0,0,1,1,7,22.0
2024,192,1,P012640   ,0.0,1.0,PRS,2,"HIFI, NADIR",21:03,15,2,5,3,8,2,3,1,0,1,4,1,1,0,1,2,2,10,-12.0
2024,192,1,P012610   ,1.0,0.0,PRS,3,"WARD, TYSON",23:01,18,5,8,2,5,2,2,2,6,8,2,1,0,1,0,3,3,24,27.0
2024,192,1,P013373   ,0.0,1.0,PRS,4,"CAVALIERE, LEOPOLD",16:59,3,1,3,0,1,1,2,1,2,3,0,0,0,0,0,3,2,1,-14.0
2024,192,1,P012611   ,0.0,1.0,PRS,7,"HERRERA, SEBASTIAN",03:25,3,0,0,1,1,0,0,0,0,0,0,0,1,0,0,1,0,1,-6.0
2024,192,1,P004512   ,0.0,0.0,PRS,8,"KRATZER, LEON",11:59,0,0,2,0,0,0,0,3,1,4,0,0,1,1,0,1,0,1,-3.0
2024,192,1,P007032   ,0.0,0.0,PRS,12,"LO, MAODO",13:34,11,3,6,1,3,2,2,0,4,4,1,0,3,0,0,0,3,11,-10.0
2024,192,1,P010390   ,1.0,0.0,PRS,13,"HAYES, KEVARRIUS",18:57,4,2,5,0,0,0,0,1,5,6,1,1,1,0,0,1,0,7,25.0
2024,192,1,P012612   ,0.0,1.0,PRS,18,"SHAHRVIN, ENZO",09:04,0,0,1,0,0,0,0,1,0,1,0,1,0,0,0,2,0,-1,-9.0
2024,192,1,P012613   ,1.0,0.0,PRS,20,"JANTUNEN, MIKAEL",23:01,13,2,3,3,4,0,0,3,3,6,0,0,0,0,0,1,1,17,27.0
2024,192,1,P004197   ,0.0,1.0,PRS,24,"OUATTARA, YAKUBA",16:59,7,1,2,0,2,5,5,0,0,0,0,1,1,0,0,3,2,3,-11.0
2024,192,1,Team,0.0,0.0,PRS,,Team,,0,0,0,0,0,0,0,1,0,1,0,0,1,0,0,0,0,0,
2024,192,1,Total,,,PRS,,Total,200:00,96,22,43,12,28,16,20,14,25,39,22,6,12,2,1,21,18,108,
2024,192,0,P006835   ,1.0,0.0,TEL,1,"HOARD, JAYLEN",30:15,16,5,7,0,4,6,7,1,7,8,2,2,1,1,0,0,4,25,1.0
2024,192,0,P011202   ,1.0,1.0,TEL,3,"SHAYOK, MARIAL",18:59,7,2,4,1,2,0,0,0,1,1,2,0,1,0,0,3,0,3,-12.0
2024,192,0,P011219   ,1.0,0.0,TEL,9,"SORKIN, ROMAN",14:16,10,1,1,2,2,2,2,0,1,1,0,0,1,0,0,0,1,11,-7.0
2024,192,0,P011433   ,0.0,1.0,TEL,10,"MAYER, OMER",02:10,0,0,2,0,0,0,0,0,0,0,0,0,0,0,0,0,0,-2,7.0
2024,192,0,P013381   ,0.0,1.0,TEL,11,"RAYMAN, WILLIAM",10:20,2,0,2,0,0,2,2,1,2,3,0,0,0,0,0,3,2,2,3.0
2024,192,0,P007990   ,0.0,1.0,TEL,12,"DIBARTOLOMEO, JOHN",24:16,8,0,0,2,3,2,2,2,0,2,0,0,0,0,1,2,4,10,-7.0
2024,192,0,P011214   ,0.0,0.0,TEL,14,"RIVERO, JASIEL",15:51,2,0,4,0,1,2,2,1,2,3,0,1,1,0,0,2,2,0,-11.0
2024,192,0,P005145   ,0.0,0.0,TEL,15,"COHEN, JAKE",DNP,0,0,0,0,0,0,0,0,0,0,0,0,0,0,0,0,0,0,0.0
2024,192,0,P013382   ,1.0,0.0,TEL,20,"RANDOLPH, LEVI",26:10,10,4,11,0,1,2,2,1,4,5,2,2,1,0,1,2,2,9,-13.0
2024,192,0,P007519   ,1.0,0.0,TEL,31,"JOKUBAITIS, ROKAS",27:38,16,6,7,0,2,4,5,2,1,3,5,3,2,0,0,3,4,22,-17.0
2024,192,0,P011193   ,0.0,0.0,TEL,45,"BLATT, TAMIR",17:38,8,1,2,1,3,3,3,0,1,1,5,0,3,0,0,3,2,7,-6.0
2024,192,0,P012604   ,0.0,1.0,TEL,50,"WILLIAMS, TREVION",12:27,4,2,4,0,1,0,0,1,2,3,1,0,2,0,0,0,0,3,-3.0
2024,192,0,Team,0.0,0.0,TEL,,Team,,0,0,0,0,0,0,0,2,2,4,0,0,0,0,0,0,0,4,
2024,192,0,Total,,,TEL,,Total,200:00,83,21,44,6,19,23,25,11,23,34,17,8,12,1,2,18,21,94,
2024,193,1,P003733   ,1.0,0.0,MAD,6,"ABALDE, ALBERTO",09:45,2,1,3,0,0,0,0,1,1,2,3,1,0,0,0,1,0,5,-8.0
2024,193,1,P005928   ,1.0,0.0,MAD,7,"CAMPAZZO, FACUNDO",23:05,7,3,3,0,2,1,2,1,3,4,4,0,3,0,0,2,4,11,-16.0
2024,193,1,P013378   ,0.0,1.0,MAD,8,"RATHAN-MAYES, XAVIER",12:38,8,1,2,2,3,0,0,1,0,1,1,0,1,0,0,2,0,5,10.0
2024,193,1,P011649   ,0.0,1.0,MAD,9,"GONZALEZ, HUGO",13:54,10,0,1,2,3,4,5,0,0,0,0,0,1,0,0,1,3,8,-6.0
2024,193,1,P003108   ,0.0,0.0,MAD,11,"HEZONJA, MARIO",30:11,17,7,12,1,4,0,0,0,7,7,1,2,3,1,0,3,1,15,-5.0
2024,193,1,P006540   ,1.0,1.0,MAD,13,"MUSA, DZANAN",24:00,14,4,6,1,5,3,4,1,0,1,3,0,1,0,0,1,3,12,-16.0
2024,193,1,P007630   ,0.0,0.0,MAD,16,"GARUBA, USMAN",13:02,6,3,4,0,0,0,0,0,4,4,1,1,0,0,0,5,0,6,-4.0
2024,193,1,P005791   ,1.0,0.0,MAD,22,"TAVARES, WALTER",25:15,10,4,4,0,0,2,3,2,6,8,2,1,1,0,0,4,4,19,-4.0
2024,193,1,PTGB      ,0.0,0.0,MAD,23,"LLULL, SERGIO",18:10,8,1,1,2,7,0,0,0,0,0,0,0,0,0,0,0,1,4,3.0
2024,193,1,P011247   ,0.0,1.0,MAD,24,"FELIZ, ANDRES",15:29,2,1,2,0,2,0,0,0,4,4,3,1,1,0,0,2,2,6,9.0
2024,193,1,P009213   ,1.0,1.0,MAD,30,"NDIAYE, ELI",14:31,2,1,2,0,3,0,0,2,1,3,0,1,0,0,0,2,0,0,-13.0
2024,193,1,Team,0.0,0.0,MAD,,Team,,0,0,0,0,0,0,0,0,0,0,0,0,0,0,0,0,0,0,
2024,193,1,Total,,,MAD,,Total,200:00,86,26,40,8,29,10,14,8,26,34,18,7,11,1,0,23,18,91,
2024,193,0,P007982   ,1.0,0.0,OLY,1,"WILLIAMS-GOSS, NIGEL",14:05,8,1,3,2,3,0,0,0,0,0,1,0,4,0,0,4,0,-2,-7.0
2024,193,0,P011965   ,0.0,0.0,OLY,3,"MITROU-LONG, NAZ",DNP,0,0,0,0,0,0,0,0,0,0,0,0,0,0,0,0,0,0,0.0
2024,193,0,P010392   ,0.0,0.0,OLY,5,"LARENTZAKIS, GIANNOULIS",05:53,0,0,2,0,1,0,0,0,0,0,1,1,1,0,0,1,1,-2,-1.0
2024,193,0,P007947   ,0.0,1.0,OLY,8,"VILDOZA, LUCA",26:46,11,0,2,3,6,2,2,0,1,1,5,0,1,0,0,3,2,10,10.0
2024,193,0,P008811   ,1.0,0.0,OLY,10,"FALL, MOUSTAPHA",14:39,1,0,2,0,0,1,2,2,2,4,2,0,1,0,0,1,1,3,7.0
2024,193,0,P003469   ,1.0,1.0,OLY,14,"VEZENKOV, SASHA",33:12,13,2,4,2,3,3,4,1,8,9,2,2,3,0,0,0,2,21,19.0
2024,193,0,P001255   ,1.0,1.0,OLY,16,"PAPANIKOLAOU, KOSTAS",23:10,8,1,4,2,4,0,0,1,5,6,3,2,1,0,1,1,1,12,16.0
2024,193,0,P008829   ,0.0,0.0,OLY,25,"PETERS, ALEC",06:48,1,0,0,0,0,1,1,1,2,3,0,0,0,0,0,3,1,2,-9.0
2024,193,0,P013514   ,0.0,0.0,OLY,31,"MENSAH, NATHAN",DNP,0,0,0,0,0,0,0,0,0,0,0,0,0,0,0,0,0,0,0.0
2024,193,0,P003941   ,0.0,0.0,OLY,33,"MILUTINOV, NIKOLA",24:33,13,6,9,0,0,1,1,3,5,8,1,0,0,0,0,0,3,22,3.0
2024,193,0,P007853   ,0.0,1.0,OLY,77,"MCKISSIC, SHAQUIELLE",17:38,13,2,2,2,5,3,6,0,1,1,0,0,1,0,0,2,3,8,-6.0
2024,193,0,P013380   ,1.0,1.0,OLY,94,"FOURNIER, EVAN",33:16,28,4,9,5,8,5,8,1,2,3,3,0,3,0,0,3,8,25,18.0
2024,193,0,Team,0.0,0.0,OLY,,Team,,0,0,0,0,0,0,0,3,1,4,0,0,0,0,0,0,0,4,
2024,193,0,Total,,,OLY,,Total,200:00,96,16,37,16,30,16,24,12,27,39,18,5,15,0,1,18,22,103,
2024,194,1,P005216   ,0.0,1.0,ULK,0,"MCCOLLUM, ERRICK",06:36,6,1,1,0,0,4,4,0,0,0,0,0,1,0,0,0,2,7,2.0
2024,194,1,P002849   ,0.0,1.0,ULK,4,"MELLI, NICOLO",20:22,4,2,3,0,3,0,2,2,1,3,0,0,1,1,0,3,2,0,1.0
2024,194,1,P002968   ,0.0,0.0,ULK,5,"SANLI, SERTAC",12:40,4,2,3,0,2,0,0,2,1,3,2,0,0,1,0,1,0,6,8.0
2024,194,1,P013396   ,0.0,0.0,ULK,9,"MAYS, SKYLAR",DNP,0,0,0,0,0,0,0,0,0,0,0,0,0,0,0,0,0,0,0.0
2024,194,1,P008962   ,1.0,0.0,ULK,11,"HAYES-DAVIS, NIGEL",33:21,21,2,7,2,4,11,11,4,2,6,2,2,4,0,0,3,7,24,10.0
2024,194,1,P006961   ,0.0,0.0,ULK,13,"BIBEROVIC, TARIK",26:02,15,2,2,3,4,2,2,1,4,5,3,1,1,1,0,3,1,21,23.0
2024,194,1,P011205   ,0.0,1.0,ULK,20,"HALL, DEVON",29:34,8,1,4,2,4,0,0,1,3,4,4,0,0,0,0,1,2,12,10.0
2024,194,1,P010560   ,0.0,0.0,ULK,21,"PIERRE, DYSHAWN",03:55,0,0,2,0,0,0,0,1,1,2,0,0,0,0,0,0,0,0,-1.0
2024,194,1,P004004   ,1.0,1.0,ULK,23,"GUDURIC, MARKO",23:14,20,1,1,3,3,9,9,0,2,2,3,1,3,0,0,4,5,24,15.0
2024,194,1,P008104   ,1.0,0.0,ULK,32,"ZAGARS, ARTURS",20:50,11,2,2,1,3,4,4,0,0,0,2,0,2,0,0,1,4,12,-2.0
2024,194,1,P009783   ,1.0,1.0,ULK,50,"COLSON, BONZIE",17:37,7,2,2,1,3,0,0,1,3,4,0,1,1,1,0,1,1,10,3.0
2024,194,1,P007182   ,1.0,0.0,ULK,92,"BIRCH, KHEM",05:49,2,1,3,0,0,0,0,1,1,2,0,0,0,0,0,2,0,0,-9.0
2024,194,1,Team,0.0,0.0,ULK,,Team,,0,0,0,0,0,0,0,1,3,4,0,0,0,0,0,0,0,4,
2024,194,1,Total,,,ULK,,Total,200:00,98,16,30,12,26,30,32,14,21,35,16,5,13,4,0,19,24,120,
2024,194,0,P013403   ,0.0,1.0,ZAL,1,"WALKER IV, LONNIE",25:51,9,3,6,1,4,0,0,0,1,1,6,0,1,0,0,3,2,8,-3.0
2024,194,0,P007975   ,1.0,1.0,ZAL,3,"FRANCISCO, SYLVAIN",32:40,16,3,3,3,10,1,2,0,0,0,3,1,4,0,0,3,2,7,-6.0
2024,194,0,P003210   ,0.0,0.0,ZAL,4,"LEKAVICIUS, LUKAS",00:12,0,0,0,0,0,0,0,0,0,0,0,0,0,0,0,0,0,0,0.0
2024,194,0,P011983   ,1.0,0.0,ZAL,8,"BRAZDEIKIS, IGNAS",15:32,12,3,4,2,2,0,0,0,1,1,1,0,0,0,0,2,1,12,-3.0
2024,194,0,P007513   ,1.0,1.0,ZAL,9,"GIEDRAITIS, DOVYDAS",27:52,7,2,6,1,3,0,0,0,1,1,0,1,1,0,1,3,0,-2,-21.0
2024,194,0,P005504   ,1.0,0.0,ZAL,15,"BIRUTIS, LAURYNAS",04:26,0,0,0,0,0,0,0,0,2,2,1,0,1,0,0,1,0,1,4.0
2024,194,0,P011051   ,0.0,0.0,ZAL,18,"SMAILAGIC, ALEN",19:05,24,5,6,3,4,5,5,1,5,6,0,0,0,0,1,5,3,25,7.0
2024,194,0,P012622   ,0.0,0.0,ZAL,21,"MITCHELL, MATTHEW",15:34,6,0,0,2,2,0,0,0,3,3,1,0,3,0,0,2,1,6,-4.0
2024,194,0,P003048   ,0.0,1.0,ZAL,42,"DUNSTON, BRYANT",14:15,2,1,1,0,0,0,0,1,0,1,2,1,1,0,0,2,2,5,-13.0
2024,194,0,P002676   ,1.0,0.0,ZAL,51,"BUTKEVICIUS, ARNAS",19:38,4,0,2,1,1,1,3,2,1,3,3,0,0,0,2,1,3,6,-1.0
2024,194,0,P007029   ,0.0,0.0,ZAL,91,"SIRVYDIS, DEIVIDAS",00:12,0,0,0,0,0,0,0,0,0,0,0,0,0,0,0,0,0,0,0.0
2024,194,0,P002329   ,0.0,1.0,ZAL,92,"ULANOVAS, EDGARAS",24:43,6,1,2,0,2,4,4,0,1,1,2,0,0,0,0,2,5,9,-20.0
2024,194,0,Team,0.0,0.0,ZAL,,Team,,0,0,0,0,0,0,0,1,0,1,0,0,0,0,0,0,0,1,
2024,194,0,Total,,,ZAL,,Total,200:00,86,18,30,13,28,11,14,5,15,20,19,3,11,0,4,24,19,78,
2024,195,1,P009048   ,1.0,1.0,RED,0,"MILLER-MCINTYRE, CODI",32:36,5,2,5,0,3,1,1,0,2,2,4,1,5,0,0,3,2,0,17.0
2024,195,1,P010588   ,0.0,0.0,RED,1,"BROWN III, JOHN",02:02,0,0,1,0,0,0,0,0,0,0,0,0,0,0,0,0,0,-1,-8.0
2024,195,1,P010612   ,0.0,1.0,RED,3,"CANAAN, ISAIAH",32:46,20,3,3,3,7,5,5,1,3,4,4,2,3,0,0,4,3,22,17.0
2024,195,1,PJDR      ,0.0,0.0,RED,4,"TEODOSIC, MILOS",DNP,0,0,0,0,0,0,0,0,0,0,0,0,0,0,0,0,0,0,0.0
2024,195,1,P007960   ,1.0,0.0,RED,7,"DAVIDOVAC, DEJAN",14:08,0,0,0,0,0,0,0,0,2,2,1,2,1,0,0,3,0,1,-4.0
2024,195,1,P002553   ,0.0,0.0,RED,9,"MITROVIC, LUKA",DNP,0,0,0,0,0,0,0,0,0,0,0,0,0,0,0,0,0,0,0.0
2024,195,1,P004866   ,1.0,1.0,RED,12,"KALINIC, NIKOLA",35:04,5,2,5,0,1,1,2,2,3,5,6,3,3,1,0,4,2,10,12.0
2024,195,1,P004007   ,1.0,0.0,RED,13,"DOBRIC, OGNJEN",22:27,7,2,3,0,3,3,3,1,1,2,1,0,2,0,0,2,2,4,-8.0
2024,195,1,P009035   ,1.0,0.0,RED,21,"BOLOMBOY, JOEL",22:35,15,7,7,0,1,1,5,3,2,5,0,1,2,0,0,2,5,17,-13.0
2024,195,1,P011194   ,0.0,1.0,RED,30,"PETRUSEV, FILIP",22:25,29,8,9,2,2,7,9,2,4,6,0,1,3,0,0,3,5,32,19.0
2024,195,1,P006436   ,0.0,0.0,RED,31,"GIEDRAITIS, ROKAS",11:14,2,0,1,0,1,2,2,0,0,0,1,1,0,0,0,1,2,3,-7.0
2024,195,1,P012044   ,0.0,1.0,RED,99,"DOS SANTOS, YAGO",29:43,5,1,4,0,2,3,3,0,2,2,5,0,0,0,0,3,4,8,5.0
2024,195,1,Team,0.0,0.0,RED,,Team,,0,0,0,0,0,0,0,1,2,3,0,0,1,0,0,0,0,2,
2024,195,1,Total,,,RED,,Total,225:00,88,25,38,5,20,23,30,10,21,31,22,11,20,1,0,25,25,98,
2024,195,0,P011212   ,0.0,1.0,MCO,0,"OKOBO, ELIE",20:12,6,1,6,0,2,4,4,0,0,0,2,0,1,0,0,2,3,1,-4.0
2024,195,0,P011231   ,1.0,0.0,MCO,4,"BLOSSOMGAME, JARON",36:54,16,6,8,1,2,1,2,3,6,9,1,0,2,0,0,1,5,24,7.0
2024,195,0,P009754   ,1.0,0.0,MCO,8,"LOYD, JORDAN",18:01,3,0,2,1,3,0,0,1,0,1,1,0,0,0,0,2,2,1,1.0
2024,195,0,P005844   ,0.0,0.0,MCO,9,"PAPAGIANNIS, GEORGIOS",06:23,2,1,2,0,0,0,0,1,0,1,0,0,1,0,0,2,0,-1,-12.0
2024,195,0,P011226   ,0.0,1.0,MCO,11,"DIALLO, ALPHA",25:48,11,3,5,1,2,2,4,4,5,9,0,0,1,0,0,3,2,13,-9.0
2024,195,0,P002581   ,0.0,0.0,MCO,14,"JAITEH, MAM",DNP,0,0,0,0,0,0,0,0,0,0,0,0,0,0,0,0,0,0,0.0
2024,195,0,PLCZ      ,1.0,1.0,MCO,20,"MOTIEJUNAS, DONATAS",23:37,16,5,6,1,1,3,4,1,2,3,3,0,5,0,0,4,5,16,6.0
2024,195,0,P012515   ,1.0,0.0,MCO,22,"TARPEY, TERRY",23:31,4,0,0,1,1,1,3,4,3,7,0,1,1,0,0,3,1,7,-17.0
2024,195,0,P013365   ,0.0,0.0,MCO,30,"BROWN, VITTO",02:48,0,0,1,0,1,0,0,0,0,0,0,0,1,0,0,3,1,-5,4.0
2024,195,0,P008099   ,0.0,1.0,MCO,32,"STRAZEL, MATTHEW",29:06,10,1,3,2,6,2,2,0,0,0,5,2,1,0,1,4,2,7,-2.0
2024,195,0,P001932   ,0.0,0.0,MCO,33,"CALATHES, NICK",DNP,0,0,0,0,0,0,0,0,0,0,0,0,0,0,0,0,0,0,0.0
2024,195,0,P005985   ,1.0,1.0,MCO,55,"JAMES, MIKE",38:40,14,6,8,0,7,2,4,0,3,3,7,2,3,0,0,1,4,15,-4.0
2024,195,0,Team,0.0,0.0,MCO,,Team,,0,0,0,0,0,0,0,1,2,3,0,0,1,0,0,0,0,2,
2024,195,0,Total,,,MCO,,Total,225:00,82,23,41,7,25,15,23,15,21,36,19,5,17,0,1,25,25,80,
2024,196,1,P011948   ,0.0,0.0,BAS,0,"HOWARD, MARKUS",15:53,1,0,2,0,1,1,1,0,1,1,1,1,3,0,0,2,0,-4,3.0
2024,196,1,P008850   ,0.0,0.0,BAS,2,"RAIESTE, SANDER",DNP,0,0,0,0,0,0,0,0,0,0,0,0,0,0,0,0,0,0,0.0
2024,196,1,P012080   ,1.0,1.0,BAS,9,"LUWAWU-CABARROT, TIMOTHE",31:05,20,4,6,3,7,3,4,4,3,7,3,1,0,0,0,2,3,25,23.0
2024,196,1,P004058   ,0.0,0.0,BAS,10,"JARAMAZ, OGNJEN",07:20,0,0,0,0,1,0,0,1,0,1,1,0,0,0,0,1,0,0,-2.0
2024,196,1,P013367   ,1.0,1.0,BAS,11,"FORREST, TRENT",22:39,12,4,8,1,1,1,3,0,3,3,5,1,2,0,0,3,4,14,7.0
2024,196,1,P011085   ,0.0,0.0,BAS,17,"ROGKAVOPOULOS, NIKOLAOS",12:36,7,2,3,1,3,0,0,0,1,1,0,0,1,0,1,3,0,0,-7.0
2024,196,1,P008072   ,1.0,0.0,BAS,18,"DIOP, KHALIFA",09:55,2,1,2,0,0,0,0,0,3,3,0,0,0,0,0,2,0,2,2.0
2024,196,1,P012597   ,1.0,1.0,BAS,44,"BALDWIN, KAMAR",30:27,15,3,6,2,4,3,4,0,2,2,7,3,2,1,0,2,1,19,18.0
2024,196,1,P011196   ,0.0,1.0,BAS,45,"HALL, DONTA",28:10,11,5,5,0,1,1,1,1,4,5,1,2,2,0,0,1,3,18,17.0
2024,196,1,P012058   ,0.0,0.0,BAS,46,"NDIAYE, OUSMANE",DNP,0,0,0,0,0,0,0,0,0,0,0,0,0,0,0,0,0,0,0.0
2024,196,1,P012201   ,1.0,1.0,BAS,95,"MONEKE, CHIMA",32:12,18,6,7,2,4,0,1,0,4,4,4,1,1,0,0,0,7,29,23.0
2024,196,1,P007579   ,0.0,0.0,BAS,99,"SAMANIC, LUKA",09:43,5,1,3,1,2,0,0,1,1,2,1,0,3,0,0,2,0,0,-14.0
2024,196,1,Team,0.0,0.0,BAS,,Team,,0,0,0,0,0,0,0,2,1,3,0,0,0,0,0,0,0,3,
2024,196,1,Total,,,BAS,,Total,200:00,91,26,42,10,24,9,14,9,23,32,23,9,14,1,1,18,18,106,
2024,196,0,P011209   ,0.0,0.0,PAN,0,"KALAITZAKIS, PANAGIOTIS",19:58,9,3,4,1,1,0,0,1,1,2,1,0,0,0,0,1,0,10,-1.0
2024,196,0,P009622   ,0.0,1.0,PAN,2,"BROWN, LORENZO",25:02,12,3,6,1,5,3,4,0,3,3,6,4,3,0,0,1,2,15,-6.0
2024,196,0,P006544   ,0.0,0.0,PAN,6,"MORAITIS, DIMITRIS",DNP,0,0,0,0,0,0,0,0,0,0,0,0,0,0,0,0,0,0,0.0
2024,196,0,P001926   ,0.0,0.0,PAN,10,"SLOUKAS, KOSTAS",14:50,1,0,0,0,3,1,1,0,1,1,11,1,1,0,0,1,2,11,8.0
2024,196,0,P004088   ,1.0,1.0,PAN,16,"OSMAN, CEDI",19:49,16,2,2,3,4,3,3,0,2,2,1,0,3,0,0,1,3,17,-13.0
2024,196,0,P011442   ,0.0,0.0,PAN,20,"SAMODUROV, ALEXANDROS",DNP,0,0,0,0,0,0,0,0,0,0,0,0,0,0,0,0,0,0,0.0
2024,196,0,P005161   ,0.0,0.0,PAN,21,"PAPAPETROU, IOANNIS",15:44,4,2,3,0,1,0,0,1,2,3,0,0,0,0,0,1,1,5,5.0
2024,196,0,P011204   ,1.0,1.0,PAN,22,"GRANT, JERIAN",16:07,3,0,1,1,3,0,0,0,0,0,0,0,1,0,0,4,1,-4,-13.0
2024,196,0,P012774   ,1.0,0.0,PAN,25,"NUNN, KENDRICK",24:14,7,1,3,1,4,2,2,0,2,2,2,2,6,0,1,5,1,-3,-17.0
2024,196,0,P013383   ,0.0,0.0,PAN,32,"GABRIEL, WENYEN",08:12,5,2,4,0,0,1,2,1,4,5,0,0,0,0,0,2,1,6,8.0
2024,196,0,P012712   ,1.0,1.0,PAN,41,"HERNANGOMEZ, JUANCHO",29:30,6,3,5,0,3,0,0,0,7,7,2,1,0,0,0,2,3,12,-25.0
2024,196,0,P005353   ,1.0,1.0,PAN,77,"YURTSEVEN, OMER",26:34,14,5,8,0,1,4,5,3,4,7,0,2,1,1,0,1,3,20,-16.0
2024,196,0,Team,0.0,0.0,PAN,,Team,,0,0,0,0,0,0,0,3,0,3,0,0,1,0,0,0,0,2,
2024,196,0,Total,,,PAN,,Total,200:00,77,21,36,7,25,14,17,9,26,35,23,10,16,1,1,19,17,91,
2024,197,1,P010391   ,1.0,1.0,MUN,0,"WEILER-BABB, NICK",22:58,2,1,2,0,4,0,0,0,2,2,9,0,1,0,0,4,1,4,-14.0
2024,197,1,P011244   ,0.0,0.0,MUN,1,"DA SILVA, OSCAR",07:53,0,0,0,0,1,0,0,0,0,0,0,1,1,0,0,2,1,-2,1.0
2024,197,1,P011987   ,1.0,0.0,MUN,3,"EDWARDS, CARSEN",30:05,9,2,6,1,8,2,2,1,1,2,1,0,3,0,2,5,4,-5,6.0
2024,197,1,P001557   ,1.0,0.0,MUN,5,"GIFFEY, NIELS",21:17,11,1,1,3,4,0,0,0,1,1,1,1,0,0,0,5,5,13,14.0
2024,197,1,P007201   ,1.0,1.0,MUN,7,"VOIGTMANN, JOHANNES",28:55,6,3,3,0,5,0,0,0,5,5,2,2,2,1,0,1,2,10,-22.0
2024,197,1,P011224   ,0.0,0.0,MUN,8,"NAPIER, SHABAZZ",21:13,14,2,2,2,5,4,4,3,2,5,3,3,3,0,0,3,2,18,-2.0
2024,197,1,P012123   ,0.0,1.0,MUN,10,"KHARCHENKOV, IVAN",00:01,0,0,0,0,1,0,0,0,0,0,0,0,0,0,0,0,0,-1,-2.0
2024,197,1,P004508   ,0.0,1.0,MUN,13,"OBST, ANDREAS",26:17,9,0,2,3,9,0,0,2,5,7,0,0,0,0,2,2,0,4,-14.0
2024,197,1,P007929   ,0.0,0.0,MUN,17,"BITIM, ONURALP",03:14,0,0,0,0,0,0,0,0,0,0,0,0,0,0,0,0,0,0,-10.0
2024,197,1,P005460   ,0.0,0.0,MUN,20,"HARRIS, ELIAS",09:33,0,0,1,0,0,0,0,0,1,1,0,0,0,0,0,2,0,-2,-2.0
2024,197,1,P007639   ,0.0,0.0,MUN,22,"BRANKOVIC, DANKO",DNP,0,0,0,0,0,0,0,0,0,0,0,0,0,0,0,0,0,0,0.0
2024,197,1,P007056   ,1.0,1.0,MUN,31,"BOOKER, DEVIN",28:34,21,6,14,2,4,3,5,6,2,8,2,0,0,0,2,1,6,22,-5.0
2024,197,1,Team,0.0,0.0,MUN,,Team,,0,0,0,0,0,0,0,4,2,6,0,0,0,0,0,0,0,6,
2024,197,1,Total,,,MUN,,Total,200:00,72,15,31,11,41,9,11,16,21,37,18,7,10,1,6,25,21,67,
2024,197,0,P009549   ,1.0,1.0,VIR,0,"CORDINIER, ISAIA",32:09,11,3,6,1,4,2,2,2,6,8,6,1,3,1,0,1,1,18,7.0
2024,197,0,PBCN      ,0.0,0.0,VIR,3,"BELINELLI, MARCO",04:53,8,0,2,2,2,2,2,0,0,0,0,0,1,0,0,0,1,6,1.0
2024,197,0,P006739   ,1.0,1.0,VIR,6,"PAJOLA, ALESSANDRO",28:03,3,0,1,1,2,0,0,1,5,6,2,0,1,0,0,3,2,7,9.0
2024,197,0,P006273   ,0.0,0.0,VIR,9,"VISCONTI, RICCARDO",DNP,0,0,0,0,0,0,0,0,0,0,0,0,0,0,0,0,0,0,0.0
2024,197,0,P001133   ,1.0,1.0,VIR,21,"SHENGELIA, TORNIKE",28:08,20,7,11,0,0,6,7,2,4,6,6,0,2,2,1,2,6,30,9.0
2024,197,0,P001844   ,0.0,0.0,VIR,23,"HACKETT, DANIEL",17:46,3,0,0,1,1,0,0,0,2,2,4,1,1,0,0,5,2,6,3.0
2024,197,0,P005738   ,1.0,0.0,VIR,24,"GRAZULIS, ANDREJS",17:08,10,1,1,2,3,2,2,0,2,2,2,2,2,1,0,2,1,13,-7.0
2024,197,0,P012585   ,0.0,1.0,VIR,30,"MORGAN, MATTHEW",28:08,13,2,4,2,4,3,3,0,3,3,3,1,0,0,0,2,4,18,12.0
2024,197,0,P002084   ,0.0,1.0,VIR,33,"POLONARA, ACHILLE",21:01,6,1,3,0,6,4,4,1,3,4,0,0,1,1,0,3,3,2,12.0
2024,197,0,P013374   ,0.0,0.0,VIR,35,"DIOUF, MOUHAMET",13:48,6,1,2,0,0,4,6,0,2,2,0,0,2,1,0,2,4,6,6.0
2024,197,0,P012591   ,1.0,0.0,VIR,59,"TUCKER, RAYJON",08:56,2,1,1,0,2,0,0,0,1,1,0,0,0,0,0,1,1,1,-2.0
2024,197,0,Team,0.0,0.0,VIR,,Team,,0,0,0,0,0,0,0,2,2,4,0,0,1,0,0,0,0,3,
2024,197,0,Total,,,VIR,,Total,200:00,82,16,31,9,24,23,26,8,30,38,23,5,14,6,1,21,25,110,
2024,198,1,P009862   ,1.0,1.0,BAR,0,"PUNTER, KEVIN",23:55,15,3,6,2,3,3,3,0,2,2,5,1,2,0,0,2,1,16,-3.0
2024,198,1,P012795   ,0.0,0.0,BAR,1,"ANDERSON, JUSTIN",07:28,3,0,2,1,1,0,0,1,0,1,0,0,0,0,1,0,0,1,3.0
2024,198,1,P000925   ,0.0,1.0,BAR,6,"VESELY, JAN",17:09,11,5,6,0,1,1,2,1,3,4,3,1,1,0,0,4,2,13,15.0
2024,198,1,P009992   ,0.0,1.0,BAR,8,"BRIZUELA, DARIO",22:39,10,2,2,2,5,0,0,0,0,0,2,0,1,0,0,0,0,8,13.0
2024,198,1,P013379   ,0.0,0.0,BAR,10,"METU, CHIMEZIE",16:40,10,5,6,0,0,0,0,0,6,6,1,1,2,2,0,1,0,16,2.0
2024,198,1,P002939   ,1.0,0.0,BAR,13,"SATORANSKY, TOMAS",20:15,6,1,1,1,1,1,2,2,1,3,7,1,3,0,0,0,3,16,1.0
2024,198,1,P003196   ,0.0,0.0,BAR,14,"HERNANGOMEZ, WILLY",DNP,0,0,0,0,0,0,0,0,0,0,0,0,0,0,0,0,0,0,0.0
2024,198,1,P010106   ,0.0,0.0,BAR,17,"NUNEZ, JUAN",21:43,11,5,6,0,3,1,1,1,2,3,6,1,0,0,0,2,2,17,13.0
2024,198,1,P006568   ,1.0,0.0,BAR,19,"FALL, YOUSSOUPHA",15:07,13,6,6,0,0,1,2,0,1,1,0,0,2,2,0,2,1,12,0.0
2024,198,1,P003478   ,1.0,0.0,BAR,21,"ABRINES, ALEX",22:37,5,1,1,1,4,0,0,1,1,2,0,0,0,0,0,2,0,2,6.0
2024,198,1,P012745   ,1.0,1.0,BAR,22,"PARKER, JABARI",25:52,4,0,2,1,3,1,1,1,1,2,2,1,1,1,0,2,0,3,-1.0
2024,198,1,P007464   ,0.0,1.0,BAR,44,"PARRA, JOEL",06:35,2,1,2,0,1,0,0,2,0,2,1,0,0,0,0,3,0,0,1.0
2024,198,1,Team,0.0,0.0,BAR,,Team,,0,0,0,0,0,0,0,0,4,4,0,0,1,0,0,0,0,3,
2024,198,1,Total,,,BAR,,Total,200:00,90,29,40,8,22,8,11,9,21,30,27,6,13,5,1,18,9,107,
2024,198,0,P007200   ,1.0,1.0,IST,0,"LARKIN, SHANE",26:39,13,0,5,3,6,4,4,0,1,1,2,0,0,0,0,0,4,12,-6.0
2024,198,0,P006590   ,0.0,1.0,IST,1,"BEAUBOIS, RODRIGUE",18:30,3,0,0,1,3,0,0,0,2,2,3,1,0,0,0,1,0,6,-2.0
2024,198,0,P013363   ,0.0,0.0,IST,3,"NWORA, JORDAN",07:05,0,0,1,0,0,0,0,0,0,0,0,0,1,0,0,0,0,-2,-1.0
2024,198,0,P009846   ,1.0,1.0,IST,6,"BRYANT, ELIJAH",26:20,16,6,7,1,4,1,1,1,2,3,1,1,2,1,0,0,2,18,-5.0
2024,198,0,P007109   ,1.0,1.0,IST,11,"SMITS, ROLANDS",14:07,1,0,1,0,0,1,2,0,0,0,2,0,3,0,1,1,2,-2,4.0
2024,198,0,P011078   ,1.0,0.0,IST,13,"THOMPSON, DARIUS",28:03,10,0,1,3,5,1,2,1,2,3,6,1,1,0,1,1,2,15,-8.0
2024,198,0,P013364   ,0.0,0.0,IST,14,"JOHNSON, STANLEY",06:44,2,0,1,0,1,2,2,0,0,0,0,0,0,0,0,0,1,1,-10.0
2024,198,0,P012742   ,0.0,0.0,IST,15,"DOZIER JR, PERRY",13:24,6,1,1,1,2,1,1,0,0,0,1,0,1,0,0,0,3,8,-8.0
2024,198,0,P004887   ,1.0,0.0,IST,17,"POIRIER, VINCENT",21:08,13,6,8,0,0,1,2,2,3,5,1,2,5,0,1,4,2,10,-3.0
2024,198,0,P012710   ,0.0,1.0,IST,24,"OSMANI, ERCAN",13:25,5,1,2,1,1,0,0,0,1,1,0,0,0,0,1,2,0,2,1.0
2024,198,0,P012788   ,0.0,0.0,IST,25,"OTURU, DAN",11:56,8,3,4,0,0,2,2,1,0,1,1,1,0,0,1,1,2,10,-4.0
2024,198,0,P009664   ,0.0,0.0,IST,35,"WILLIS, DEREK",12:39,3,0,0,1,2,0,0,1,2,3,1,0,1,0,0,0,0,5,-8.0
2024,198,0,Team,0.0,0.0,IST,,Team,,0,0,0,0,0,0,0,2,0,2,0,0,0,0,0,0,0,2,
2024,198,0,Total,,,IST,,Total,200:00,80,17,31,11,24,13,16,8,13,21,18,6,14,1,5,10,18,85,
2024,199,1,P007200   ,1.0,0.0,IST,0,"LARKIN, SHANE",15:55,11,0,1,3,5,2,2,0,1,1,3,0,0,0,0,1,1,12,19.0
2024,199,1,P006590   ,0.0,0.0,IST,1,"BEAUBOIS, RODRIGUE",21:04,18,2,4,4,5,2,2,0,1,1,3,1,0,1,0,1,2,22,20.0
2024,199,1,P013363   ,0.0,1.0,IST,3,"NWORA, JORDAN",18:49,15,4,5,1,3,4,4,3,1,4,0,0,1,0,0,0,2,17,15.0
2024,199,1,P009846   ,1.0,1.0,IST,6,"BRYANT, ELIJAH",24:37,12,2,6,2,5,2,2,2,7,9,2,0,0,0,0,3,4,17,34.0
2024,199,1,P007109   ,0.0,0.0,IST,11,"SMITS, ROLANDS",16:58,13,2,2,2,3,3,4,1,3,4,0,0,1,0,0,1,4,17,11.0
2024,199,1,P011078   ,1.0,1.0,IST,13,"THOMPSON, DARIUS",23:24,5,1,1,1,2,0,0,0,0,0,3,0,0,0,0,3,0,4,26.0
2024,199,1,P013364   ,0.0,0.0,IST,14,"JOHNSON, STANLEY",DNP,0,0,0,0,0,0,0,0,0,0,0,0,0,0,0,0,0,0,0.0
2024,199,1,P012742   ,0.0,0.0,IST,15,"DOZIER JR, PERRY",16:59,8,1,2,2,2,0,0,0,2,2,9,0,0,1,0,2,0,17,17.0
2024,199,1,P004887   ,1.0,1.0,IST,17,"POIRIER, VINCENT",22:20,6,3,5,0,0,0,0,1,4,5,2,1,1,1,1,1,0,10,25.0
2024,199,1,P012710   ,1.0,1.0,IST,24,"OSMANI, ERCAN",22:14,12,2,4,2,2,2,2,1,3,4,3,0,1,2,1,2,2,17,34.0
2024,199,1,P012788   ,0.0,0.0,IST,25,"OTURU, DAN",17:40,10,3,6,0,0,4,8,2,4,6,1,1,0,1,0,1,4,15,19.0
2024,199,1,P009664   ,0.0,0.0,IST,35,"WILLIS, DEREK",DNP,0,0,0,0,0,0,0,0,0,0,0,0,0,0,0,0,0,0,0.0
2024,199,1,Team,0.0,0.0,IST,,Team,,0,0,0,0,0,0,0,0,0,0,0,0,0,0,0,0,0,0,
2024,199,1,Total,,,IST,,Total,200:00,110,20,36,17,27,19,24,10,26,36,26,3,4,6,2,15,19,148,
2024,199,0,P006085   ,0.0,0.0,MIL,1,"DIMITRIJEVIC, NENO",16:26,4,1,4,0,2,2,2,0,1,1,3,0,2,0,1,2,1,-1,-25.0
2024,199,0,P011064   ,1.0,0.0,MIL,2,"MANNION, NICCOLO",16:11,7,1,3,1,5,2,2,0,0,0,1,0,1,0,0,2,1,0,-12.0
2024,199,0,P006701   ,0.0,0.0,MIL,3,"BORTOLANI, GIORDANO",DNP,0,0,0,0,0,0,0,0,0,0,0,0,0,0,0,0,0,0,0.0
2024,199,0,P006509   ,0.0,1.0,MIL,7,"TONUT, STEFANO",12:32,2,1,1,0,0,0,0,0,3,3,0,0,0,0,0,1,2,6,-5.0
2024,199,0,P008985   ,1.0,0.0,MIL,10,"BOLMARO, LEANDRO",23:24,7,2,6,1,2,0,0,0,2,2,0,1,1,0,1,2,1,2,-31.0
2024,199,0,P013384   ,0.0,1.0,MIL,12,"BROOKS, ARMONI",23:32,13,1,3,3,5,2,2,1,2,3,2,0,0,0,0,4,1,11,-27.0
2024,199,0,P008987   ,1.0,0.0,MIL,16,"LEDAY, ZACH",21:36,10,4,8,0,3,2,2,0,3,3,1,0,1,0,3,1,6,8,-38.0
2024,199,0,P001518   ,0.0,0.0,MIL,17,"RICCI, GIAMPAOLO",18:53,8,1,1,2,5,0,0,0,0,0,0,0,0,0,0,3,0,2,-18.0
2024,199,0,P005670   ,0.0,1.0,MIL,21,"FLACCADORI, DIEGO",04:58,0,0,1,0,0,0,0,0,1,1,1,0,2,0,0,1,0,-2,-3.0
2024,199,0,P006721   ,0.0,1.0,MIL,30,"CARUSO, GUGLIELMO",11:13,4,1,1,0,0,2,2,0,0,0,0,0,1,1,0,2,1,3,-1.0
2024,199,0,P007831   ,1.0,0.0,MIL,31,"SHIELDS, SHAVON",22:57,9,0,0,3,6,0,0,2,2,4,3,0,3,0,0,0,2,12,-29.0
2024,199,0,P011941   ,1.0,1.0,MIL,55,"GILLESPIE, FREDDIE",28:18,2,1,4,0,0,0,0,6,4,10,1,0,1,1,1,2,0,7,-31.0
2024,199,0,Team,0.0,0.0,MIL,,Team,,0,0,0,0,0,0,0,2,1,3,0,0,1,0,0,0,0,2,
2024,199,0,Total,,,MIL,,Total,200:00,66,13,32,10,28,10,10,11,19,30,12,1,13,2,6,20,15,50,
2024,200,1,P011209   ,0.0,1.0,PAN,0,"KALAITZAKIS, PANAGIOTIS",15:37,0,0,3,0,1,0,0,1,0,1,0,2,1,0,1,2,0,-5,3.0
2024,200,1,P009622   ,0.0,0.0,PAN,2,"BROWN, LORENZO",03:04,0,0,1,0,1,0,0,0,0,0,1,1,0,0,1,0,0,-1,-1.0
2024,200,1,P001926   ,0.0,0.0,PAN,10,"SLOUKAS, KOSTAS",20:10,16,1,2,2,4,8,9,1,1,2,4,2,0,0,1,3,4,20,33.0
2024,200,1,P004088   ,1.0,1.0,PAN,16,"OSMAN, CEDI",22:26,6,1,4,1,4,1,2,0,1,1,2,0,2,0,0,2,1,-1,7.0
2024,200,1,P011442   ,0.0,1.0,PAN,20,"SAMODUROV, ALEXANDROS",00:55,0,0,0,0,1,0,0,0,0,0,0,0,0,0,0,0,0,-1,-2.0
2024,200,1,P005161   ,0.0,0.0,PAN,21,"PAPAPETROU, IOANNIS",04:43,5,2,2,0,0,1,3,0,0,0,0,0,1,0,0,1,2,3,-3.0
2024,200,1,P011204   ,1.0,1.0,PAN,22,"GRANT, JERIAN",30:49,6,3,3,0,5,0,0,1,2,3,5,0,1,0,1,4,1,4,-11.0
2024,200,1,P012774   ,1.0,0.0,PAN,25,"NUNN, KENDRICK",30:23,26,7,16,3,8,3,4,1,2,3,5,2,1,0,1,4,5,20,8.0
2024,200,1,P013383   ,1.0,0.0,PAN,32,"GABRIEL, WENYEN",33:43,15,7,8,0,0,1,4,3,5,8,1,1,0,3,0,2,6,28,22.0
2024,200,1,P011221   ,0.0,0.0,PAN,37,"ANTETOKOUNMPO, KOSTAS",DNP,0,0,0,0,0,0,0,0,0,0,0,0,0,0,0,0,0,0,0.0
2024,200,1,P012712   ,1.0,1.0,PAN,41,"HERNANGOMEZ, JUANCHO",32:13,14,3,3,2,3,2,2,1,8,9,0,0,0,0,0,1,4,25,18.0
2024,200,1,P007866   ,0.0,0.0,PAN,44,"MITOGLOU, KONSTANTINOS",05:57,1,0,0,0,2,1,2,1,1,2,0,0,0,0,0,1,1,0,-9.0
2024,200,1,Team,0.0,0.0,PAN,,Team,,0,0,0,0,0,0,0,9,1,10,0,0,0,0,0,0,0,10,
2024,200,1,Total,,,PAN,,Total,200:00,89,24,42,8,29,17,26,18,21,39,18,8,6,3,5,20,24,102,
2024,200,0,P013403   ,1.0,1.0,ZAL,1,"WALKER IV, LONNIE",29:43,19,4,5,2,8,5,5,0,4,4,1,0,5,0,0,2,3,13,-17.0
2024,200,0,P007975   ,1.0,0.0,ZAL,3,"FRANCISCO, SYLVAIN",20:54,5,0,3,1,6,2,2,0,1,1,7,1,1,2,1,3,3,6,-21.0
2024,200,0,P003210   ,0.0,0.0,ZAL,4,"LEKAVICIUS, LUKAS",DNP,0,0,0,0,0,0,0,0,0,0,0,0,0,0,0,0,0,0,0.0
2024,200,0,P011983   ,0.0,0.0,ZAL,8,"BRAZDEIKIS, IGNAS",01:52,0,0,0,0,0,0,0,0,0,0,0,0,0,0,0,0,0,0,-1.0
2024,200,0,P007513   ,0.0,1.0,ZAL,9,"GIEDRAITIS, DOVYDAS",25:10,4,2,4,0,1,0,0,1,1,2,3,1,1,0,1,2,1,4,3.0
2024,200,0,P005504   ,1.0,1.0,ZAL,15,"BIRUTIS, LAURYNAS",25:13,8,3,5,0,0,2,2,1,3,4,0,0,1,1,0,4,3,9,-22.0
2024,200,0,P012622   ,0.0,0.0,ZAL,21,"MITCHELL, MATTHEW",22:45,5,2,3,0,1,1,1,0,4,4,1,0,2,0,0,5,3,4,-6.0
2024,200,0,P003048   ,0.0,0.0,ZAL,42,"DUNSTON, BRYANT",12:58,7,2,2,0,0,3,4,1,1,2,1,1,0,2,0,2,2,12,16.0
2024,200,0,P012715   ,1.0,0.0,ZAL,45,"MANEK, BRADY",05:02,2,1,1,0,0,0,0,0,0,0,0,0,0,0,0,1,0,1,3.0
2024,200,0,P002676   ,1.0,1.0,ZAL,51,"BUTKEVICIUS, ARNAS",20:01,6,0,1,2,4,0,0,0,4,4,0,0,0,0,1,2,1,5,-2.0
2024,200,0,P007029   ,0.0,1.0,ZAL,91,"SIRVYDIS, DEIVIDAS",19:24,15,5,5,1,5,2,2,1,1,2,0,0,2,0,0,2,2,11,-8.0
2024,200,0,P002329   ,0.0,0.0,ZAL,92,"ULANOVAS, EDGARAS",16:58,5,0,0,0,0,5,5,1,0,1,4,0,0,0,0,3,2,9,-10.0
2024,200,0,Team,0.0,0.0,ZAL,,Team,,0,0,0,0,0,0,0,2,7,9,0,0,1,0,0,0,0,8,
2024,200,0,Total,,,ZAL,,Total,200:00,76,19,29,6,25,20,21,7,26,33,17,3,13,5,3,26,20,82,
2024,201,1,P009549   ,1.0,1.0,VIR,0,"CORDINIER, ISAIA",22:27,8,0,4,2,6,2,2,1,1,2,3,1,2,2,1,3,2,4,-11.0
2024,201,1,PBCN      ,1.0,1.0,VIR,3,"BELINELLI, MARCO",15:44,11,0,0,3,9,2,3,0,0,0,1,0,1,0,0,3,3,4,-15.0
2024,201,1,P006739   ,1.0,1.0,VIR,6,"PAJOLA, ALESSANDRO",33:22,14,1,2,4,7,0,0,0,2,2,4,3,3,0,0,2,2,16,-7.0
2024,201,1,P006273   ,0.0,0.0,VIR,9,"VISCONTI, RICCARDO",DNP,0,0,0,0,0,0,0,0,0,0,0,0,0,0,0,0,0,0,0.0
2024,201,1,P001133   ,1.0,1.0,VIR,21,"SHENGELIA, TORNIKE",24:23,15,5,8,0,2,5,8,2,3,5,3,0,4,0,3,3,7,12,-7.0
2024,201,1,P001844   ,0.0,1.0,VIR,23,"HACKETT, DANIEL",17:38,2,0,0,0,1,2,2,1,1,2,2,0,2,0,0,3,1,1,12.0
2024,201,1,P005738   ,1.0,0.0,VIR,24,"GRAZULIS, ANDREJS",15:42,5,1,2,1,1,0,0,0,3,3,0,0,0,0,0,5,0,2,-10.0
2024,201,1,P012585   ,0.0,0.0,VIR,30,"MORGAN, MATTHEW",21:52,7,1,1,0,2,5,5,0,1,1,3,0,0,0,0,4,4,9,1.0
2024,201,1,P002084   ,0.0,0.0,VIR,33,"POLONARA, ACHILLE",14:00,0,0,0,0,1,0,0,2,0,2,0,0,0,0,0,1,1,1,-9.0
2024,201,1,P013374   ,0.0,0.0,VIR,35,"DIOUF, MOUHAMET",16:50,8,1,4,0,0,6,8,2,4,6,1,0,1,0,0,3,4,10,9.0
2024,201,1,P011816   ,0.0,0.0,VIR,45,"AKELE, NICOLA",DNP,0,0,0,0,0,0,0,0,0,0,0,0,0,0,0,0,0,0,0.0
2024,201,1,P012591   ,0.0,0.0,VIR,59,"TUCKER, RAYJON",18:02,10,0,2,3,5,1,2,1,1,2,1,3,1,0,1,0,3,12,7.0
2024,201,1,Team,0.0,0.0,VIR,,Team,,0,0,0,0,0,0,0,6,3,9,0,0,1,0,0,0,0,8,
2024,201,1,Total,,,VIR,,Total,200:00,80,9,23,13,34,23,30,15,19,34,18,7,15,2,5,27,27,79,
2024,201,0,P011231   ,1.0,1.0,MCO,4,"BLOSSOMGAME, JARON",21:51,10,4,4,0,1,2,2,2,3,5,1,0,0,1,0,2,1,15,10.0
2024,201,0,P005844   ,0.0,0.0,MCO,9,"PAPAGIANNIS, GEORGIOS",24:54,11,5,6,0,0,1,1,0,5,5,3,0,0,3,0,4,1,18,18.0
2024,201,0,P011226   ,0.0,1.0,MCO,11,"DIALLO, ALPHA",19:06,10,5,7,0,1,0,0,3,1,4,0,0,1,1,0,4,2,9,-12.0
2024,201,0,P004790   ,0.0,0.0,MCO,12,"CORNELIE, PETR",10:17,5,1,1,1,1,0,0,0,0,0,0,0,0,0,0,1,0,4,9.0
2024,201,0,P002581   ,0.0,0.0,MCO,14,"JAITEH, MAM",DNP,0,0,0,0,0,0,0,0,0,0,0,0,0,0,0,0,0,0,0.0
2024,201,0,PLCZ      ,1.0,0.0,MCO,20,"MOTIEJUNAS, DONATAS",14:13,11,3,3,1,1,2,5,1,1,2,1,0,1,0,0,3,5,12,-12.0
2024,201,0,P012515   ,1.0,0.0,MCO,22,"TARPEY, TERRY",04:46,0,0,0,0,0,0,0,0,0,0,0,0,0,0,0,2,0,-2,-3.0
2024,201,0,P008161   ,0.0,0.0,MCO,23,"BEGARIN, JUHANN",14:33,1,0,0,0,1,1,2,1,1,2,1,1,2,0,0,3,2,0,13.0
2024,201,0,P013365   ,0.0,0.0,MCO,30,"BROWN, VITTO",DNP,0,0,0,0,0,0,0,0,0,0,0,0,0,0,0,0,0,0,0.0
2024,201,0,P008099   ,0.0,1.0,MCO,32,"STRAZEL, MATTHEW",32:23,14,5,7,0,2,4,4,0,1,1,3,2,2,0,1,3,4,14,10.0
2024,201,0,P001932   ,1.0,1.0,MCO,33,"CALATHES, NICK",22:29,0,0,1,0,3,0,0,0,2,2,3,1,1,0,0,3,0,-2,-13.0
2024,201,0,P005985   ,1.0,1.0,MCO,55,"JAMES, MIKE",35:28,24,3,10,3,8,9,11,1,6,7,4,2,3,0,1,3,12,28,10.0
2024,201,0,Team,0.0,0.0,MCO,,Team,,0,0,0,0,0,0,0,1,2,3,0,0,1,0,0,0,0,2,
2024,201,0,Total,,,MCO,,Total,200:00,86,26,39,5,18,19,25,9,22,31,16,6,11,5,2,28,27,98,
2024,202,1,P003733   ,0.0,1.0,MAD,6,"ABALDE, ALBERTO",21:31,2,0,1,0,1,2,2,0,2,2,1,0,0,0,0,2,2,3,10.0
2024,202,1,P005928   ,1.0,1.0,MAD,7,"CAMPAZZO, FACUNDO",31:48,22,6,9,1,4,7,7,0,4,4,6,1,1,0,0,3,6,29,0.0
2024,202,1,P013378   ,1.0,0.0,MAD,8,"RATHAN-MAYES, XAVIER",12:43,2,0,0,0,3,2,2,0,0,0,2,0,1,0,0,3,1,-2,-1.0
2024,202,1,P011649   ,0.0,0.0,MAD,9,"GONZALEZ, HUGO",05:46,2,1,1,0,0,0,0,0,3,3,0,0,0,0,0,1,0,4,-8.0
2024,202,1,P003108   ,0.0,1.0,MAD,11,"HEZONJA, MARIO",24:29,22,5,9,4,7,0,0,1,4,5,0,0,3,1,0,2,0,16,-2.0
2024,202,1,P006540   ,1.0,1.0,MAD,13,"MUSA, DZANAN",29:15,16,3,6,1,2,7,10,1,2,3,1,0,3,0,1,0,5,14,5.0
2024,202,1,P007630   ,0.0,0.0,MAD,16,"GARUBA, USMAN",17:48,6,3,3,0,1,0,0,1,2,3,0,0,0,0,0,3,1,6,4.0
2024,202,1,P003583   ,0.0,0.0,MAD,18,"IBAKA, SERGE",04:01,3,0,0,1,1,0,0,0,0,0,0,0,1,0,0,0,0,2,-7.0
2024,202,1,P005791   ,1.0,1.0,MAD,22,"TAVARES, WALTER",23:31,10,3,4,0,0,4,5,4,5,9,1,0,1,3,1,4,4,19,8.0
2024,202,1,PTGB      ,0.0,0.0,MAD,23,"LLULL, SERGIO",09:34,0,0,4,0,1,0,0,0,0,0,1,0,0,0,0,0,0,-4,-3.0
2024,202,1,P011247   ,0.0,0.0,MAD,24,"FELIZ, ANDRES",09:23,2,1,1,0,1,0,0,0,1,1,3,0,0,0,0,0,1,6,0.0
2024,202,1,P009213   ,1.0,0.0,MAD,30,"NDIAYE, ELI",10:11,3,0,0,1,1,0,0,0,1,1,1,0,0,0,0,1,0,4,-1.0
2024,202,1,Team,0.0,0.0,MAD,,Team,,0,0,0,0,0,0,0,3,1,4,0,0,0,0,0,0,0,4,
2024,202,1,Total,,,MAD,,Total,200:00,90,22,38,8,22,22,26,10,25,35,16,1,10,4,2,19,20,101,
2024,202,0,P011948   ,0.0,0.0,BAS,0,"HOWARD, MARKUS",11:04,6,0,1,2,5,0,0,0,0,0,1,0,2,0,1,4,1,-3,5.0
2024,202,0,P008850   ,1.0,0.0,BAS,2,"RAIESTE, SANDER",13:33,5,1,1,1,2,0,0,0,0,0,0,1,0,0,0,4,0,1,-5.0
2024,202,0,P010784   ,0.0,0.0,BAS,6,"SAVKOV, PAVEL",DNP,0,0,0,0,0,0,0,0,0,0,0,0,0,0,0,0,0,0,0.0
2024,202,0,P004058   ,0.0,0.0,BAS,10,"JARAMAZ, OGNJEN",09:18,2,1,2,0,1,0,0,0,0,0,0,0,0,0,0,0,0,0,-8.0
2024,202,0,P013367   ,1.0,0.0,BAS,11,"FORREST, TRENT",33:14,19,8,11,1,3,0,0,0,3,3,4,1,1,0,1,3,1,18,8.0
2024,202,0,P011085   ,0.0,0.0,BAS,17,"ROGKAVOPOULOS, NIKOLAOS",26:26,22,5,11,3,9,3,3,6,5,11,0,1,0,0,0,1,1,22,4.0
2024,202,0,P008072   ,1.0,1.0,BAS,18,"DIOP, KHALIFA",12:54,2,1,2,0,0,0,0,1,1,2,1,1,1,1,1,3,0,1,-5.0
2024,202,0,P012597   ,1.0,1.0,BAS,44,"BALDWIN, KAMAR",26:23,4,2,7,0,2,0,2,0,1,1,4,1,0,0,0,2,3,2,-7.0
2024,202,0,P011196   ,0.0,1.0,BAS,45,"HALL, DONTA",18:31,5,1,3,0,0,3,5,3,2,5,0,0,0,1,1,0,5,11,2.0
2024,202,0,P012058   ,0.0,0.0,BAS,46,"NDIAYE, OUSMANE",DNP,0,0,0,0,0,0,0,0,0,0,0,0,0,0,0,0,0,0,0.0
2024,202,0,P012201   ,1.0,1.0,BAS,95,"MONEKE, CHIMA",32:42,14,4,4,1,6,3,3,6,4,10,5,1,0,0,0,2,5,28,2.0
2024,202,0,P007579   ,0.0,1.0,BAS,99,"SAMANIC, LUKA",15:55,10,3,6,0,3,4,5,2,2,4,0,0,1,0,0,1,3,8,-1.0
2024,202,0,Team,0.0,0.0,BAS,,Team,,0,0,0,0,0,0,0,3,2,5,0,0,1,0,0,0,0,4,
2024,202,0,Total,,,BAS,,Total,200:00,89,26,48,8,31,13,18,21,20,41,15,6,6,2,4,20,19,92,
2024,203,1,P006835   ,1.0,1.0,TEL,1,"HOARD, JAYLEN",31:54,13,5,6,0,0,3,3,0,1,1,2,4,2,2,0,2,3,20,6.0
2024,203,1,P011202   ,0.0,0.0,TEL,3,"SHAYOK, MARIAL",05:25,3,0,0,1,1,0,0,1,1,2,0,0,0,0,0,1,0,4,-4.0
2024,203,1,P011219   ,1.0,0.0,TEL,9,"SORKIN, ROMAN",18:16,12,5,6,0,2,2,2,0,1,1,1,0,4,1,0,3,1,6,-7.0
2024,203,1,P013381   ,0.0,0.0,TEL,11,"RAYMAN, WILLIAM",06:03,0,0,1,0,0,0,0,0,1,1,0,0,0,0,0,2,0,-2,5.0
2024,203,1,P007990   ,0.0,1.0,TEL,12,"DIBARTOLOMEO, JOHN",21:58,15,0,1,5,7,0,0,1,4,5,2,1,1,0,0,3,2,18,4.0
2024,203,1,P011214   ,0.0,0.0,TEL,14,"RIVERO, JASIEL",20:28,4,2,6,0,0,0,2,0,3,3,3,2,2,0,1,3,3,3,21.0
2024,203,1,P005145   ,0.0,0.0,TEL,15,"COHEN, JAKE",01:44,0,0,0,0,0,0,0,0,1,1,0,0,0,0,0,0,0,1,2.0
2024,203,1,P013382   ,1.0,1.0,TEL,20,"RANDOLPH, LEVI",23:30,5,1,3,0,3,3,3,0,5,5,2,0,1,0,0,4,2,4,6.0
2024,203,1,P007519   ,1.0,1.0,TEL,31,"JOKUBAITIS, ROKAS",32:43,11,2,2,2,4,1,2,1,1,2,8,1,2,0,0,1,3,19,9.0
2024,203,1,P011193   ,1.0,1.0,TEL,45,"BLATT, TAMIR",30:16,14,0,0,4,5,2,2,0,6,6,4,1,5,0,0,2,6,23,10.0
2024,203,1,P012604   ,0.0,0.0,TEL,50,"WILLIAMS, TREVION",07:43,8,4,4,0,1,0,0,0,1,1,1,0,2,0,0,1,0,6,8.0
2024,203,1,P013250   ,0.0,0.0,TEL,55,"DeJULIUS, DAVID",DNP,0,0,0,0,0,0,0,0,0,0,0,0,0,0,0,0,0,0,0.0
2024,203,1,Team,0.0,0.0,TEL,,Team,,0,0,0,0,0,0,0,2,2,4,0,0,1,0,0,0,0,3,
2024,203,1,Total,,,TEL,,Total,200:00,85,19,29,12,23,11,14,5,27,32,23,9,20,3,1,22,20,105,
2024,203,0,P009048   ,1.0,0.0,RED,0,"MILLER-MCINTYRE, CODI",21:26,7,2,6,1,3,0,0,0,2,2,3,0,3,0,2,1,1,1,-12.0
2024,203,0,P010588   ,1.0,1.0,RED,1,"BROWN III, JOHN",23:08,9,3,6,0,0,3,4,2,1,3,4,1,0,0,0,2,4,15,-4.0
2024,203,0,P010612   ,0.0,1.0,RED,3,"CANAAN, ISAIAH",21:25,2,0,2,0,4,2,2,0,0,0,0,0,3,0,0,1,1,-7,-9.0
2024,203,0,PJDR      ,0.0,0.0,RED,4,"TEODOSIC, MILOS",19:21,15,0,1,4,6,3,3,0,1,1,5,2,1,0,0,1,2,20,1.0
2024,203,0,P007960   ,0.0,0.0,RED,7,"DAVIDOVAC, DEJAN",07:17,0,0,0,0,0,0,0,0,0,0,0,0,0,0,0,2,1,-1,-8.0
2024,203,0,P002553   ,0.0,0.0,RED,9,"MITROVIC, LUKA",04:32,2,1,2,0,0,0,0,0,0,0,0,0,0,0,0,1,0,0,0.0
2024,203,0,P004866   ,1.0,1.0,RED,12,"KALINIC, NIKOLA",25:34,6,1,4,1,5,1,2,3,4,7,2,2,1,0,1,4,3,6,-8.0
2024,203,0,P004007   ,1.0,0.0,RED,13,"DOBRIC, OGNJEN",09:40,2,1,2,0,1,0,0,0,0,0,0,0,1,0,0,3,1,-3,-5.0
2024,203,0,P009035   ,1.0,1.0,RED,21,"BOLOMBOY, JOEL",20:27,9,4,7,0,0,1,2,3,3,6,1,3,1,0,0,3,1,12,-3.0
2024,203,0,P011194   ,0.0,0.0,RED,30,"PETRUSEV, FILIP",22:16,14,5,8,0,1,4,7,2,2,4,2,2,1,1,0,2,6,19,-5.0
2024,203,0,P006436   ,0.0,0.0,RED,31,"GIEDRAITIS, ROKAS",08:02,2,1,1,0,0,0,0,0,1,1,0,0,1,0,0,0,0,2,-5.0
2024,203,0,P012044   ,0.0,1.0,RED,99,"DOS SANTOS, YAGO",16:52,5,1,2,1,3,0,0,1,0,1,3,0,1,0,0,1,2,6,-2.0
2024,203,0,Team,0.0,0.0,RED,,Team,,0,0,0,0,0,0,0,2,2,4,0,0,0,0,0,0,0,4,
2024,203,0,Total,,,RED,,Total,200:00,73,19,41,7,23,14,20,13,16,29,20,10,13,1,3,21,22,74,
2024,204,1,P008384   ,0.0,0.0,BER,1,"PROCIDA, GABRIELE",18:12,11,4,6,1,4,0,0,0,1,1,1,0,0,0,0,2,0,6,2.0
2024,204,1,P008173   ,0.0,0.0,BER,3,"SPAGNOLO, MATTEO",16:19,10,2,5,0,1,6,6,1,0,1,6,0,2,0,0,0,5,16,-7.0
2024,204,1,P011934   ,0.0,0.0,BER,5,"WETZELL, YANNI",16:35,14,2,5,3,4,1,1,1,0,1,0,1,1,1,0,2,2,12,-2.0
2024,204,1,P008211   ,1.0,1.0,BER,6,"DELOW, MALTE",21:48,3,0,3,1,7,0,0,2,2,4,4,1,0,0,1,3,2,1,-17.0
2024,204,1,P008062   ,1.0,1.0,BER,7,"MCDOWELL-WHITE, WILL",23:41,18,3,4,4,5,0,0,0,2,2,2,2,3,0,0,2,3,20,-8.0
2024,204,1,P007025   ,0.0,1.0,BER,9,"MATTISSECK, JONAS",09:48,0,0,0,0,0,0,0,1,0,1,0,0,0,0,0,2,1,0,2.0
2024,204,1,P006251   ,1.0,1.0,BER,10,"SCHNEIDER, TIM",24:55,4,2,3,0,1,0,2,2,3,5,0,1,1,0,0,4,1,2,-13.0
2024,204,1,P008967   ,1.0,0.0,BER,11,"THOMAS, MATT",30:12,10,4,4,0,4,2,3,2,0,2,2,1,1,0,0,1,3,11,-17.0
2024,204,1,P007550   ,0.0,0.0,BER,18,"SAMAR, ZIGA",DNP,0,0,0,0,0,0,0,0,0,0,0,0,0,0,0,0,0,0,0.0
2024,204,1,P006919   ,0.0,0.0,BER,19,"OLINDE, LOUIS",15:05,4,1,1,0,1,2,2,0,3,3,1,2,2,1,0,2,1,7,-2.0
2024,204,1,P011631   ,0.0,0.0,BER,25,"RAPIEQUE, ELIAS",DNP,0,0,0,0,0,0,0,0,0,0,0,0,0,0,0,0,0,0,0.0
2024,204,1,P013386   ,1.0,1.0,BER,33,"McCORMACK, DAVID",23:25,10,5,7,0,1,0,1,3,5,8,0,1,2,0,0,2,3,14,-13.0
2024,204,1,Team,0.0,0.0,BER,,Team,,0,0,0,0,0,0,0,1,2,3,0,0,2,0,0,0,0,1,
2024,204,1,Total,,,BER,,Total,200:00,84,23,38,9,28,11,15,13,18,31,16,9,14,2,1,20,21,90,
2024,204,0,P010391   ,1.0,0.0,MUN,0,"WEILER-BABB, NICK",26:16,8,0,1,2,5,2,2,1,5,6,4,2,4,1,0,3,1,11,16.0
2024,204,0,P011244   ,1.0,0.0,MUN,1,"DA SILVA, OSCAR",17:17,9,3,3,0,0,3,5,2,3,5,0,0,2,0,0,4,4,10,2.0
2024,204,0,P011987   ,1.0,1.0,MUN,3,"EDWARDS, CARSEN",34:23,34,6,9,5,13,7,8,1,5,6,6,1,3,0,0,1,3,34,20.0
2024,204,0,P001557   ,1.0,0.0,MUN,5,"GIFFEY, NIELS",20:29,10,2,3,2,2,0,0,1,1,2,1,1,0,0,1,5,1,8,24.0
2024,204,0,P007201   ,0.0,0.0,MUN,7,"VOIGTMANN, JOHANNES",16:28,3,0,2,1,2,0,0,1,1,2,2,1,2,0,0,2,0,1,-8.0
2024,204,0,P012123   ,0.0,1.0,MUN,10,"KHARCHENKOV, IVAN",05:14,4,0,0,1,2,1,2,0,0,0,2,0,0,0,0,0,1,5,-2.0
2024,204,0,P001288   ,0.0,1.0,MUN,11,"LUCIC, VLADIMIR",22:47,4,2,2,0,1,0,0,1,3,4,3,3,1,0,0,1,2,13,-2.0
2024,204,0,P004508   ,0.0,1.0,MUN,13,"OBST, ANDREAS",23:14,21,1,1,6,7,1,2,1,2,3,2,0,1,0,0,1,1,23,0.0
2024,204,0,P007929   ,0.0,0.0,MUN,17,"BITIM, ONURALP",DNP,0,0,0,0,0,0,0,0,0,0,0,0,0,0,0,0,0,0,0.0
2024,204,0,P007639   ,0.0,0.0,MUN,22,"BRANKOVIC, DANKO",DNP,0,0,0,0,0,0,0,0,0,0,0,0,0,0,0,0,0,0,0.0
2024,204,0,P007056   ,1.0,0.0,MUN,31,"BOOKER, DEVIN",29:35,5,1,5,1,4,0,0,3,1,4,2,2,2,0,0,3,4,5,26.0
2024,204,0,P013368   ,0.0,1.0,MUN,53,"YEBO, KEVIN",04:17,1,0,1,0,0,1,2,2,1,3,0,0,2,0,1,1,1,-1,-1.0
2024,204,0,Team,0.0,0.0,MUN,,Team,,0,0,0,0,0,0,0,1,1,2,0,0,1,0,0,0,0,1,
2024,204,0,Total,,,MUN,,Total,200:00,99,15,27,18,36,15,21,14,23,37,22,10,18,1,2,21,18,110,
2024,205,1,P013371   ,0.0,0.0,ASV,1,"HARRISON, SHAQUILLE",09:48,0,0,0,0,1,0,0,0,0,0,0,2,0,0,0,3,0,-2,-4.0
2024,205,1,P011225   ,1.0,1.0,ASV,3,"LEE, PARIS",25:17,14,1,2,4,8,0,0,0,0,0,2,0,0,0,0,2,2,11,12.0
2024,205,1,P007027   ,1.0,1.0,ASV,6,"MALEDON, THEO",27:59,18,2,6,2,7,8,8,1,3,4,9,2,0,0,0,1,6,29,12.0
2024,205,1,P004194   ,0.0,0.0,ASV,7,"LAUVERGNE, JOFFREY",10:17,6,3,6,0,0,0,0,1,3,4,2,1,1,0,0,0,1,10,-6.0
2024,205,1,P010316   ,1.0,0.0,ASV,8,"AJINCA, MELVIN",08:08,0,0,0,0,2,0,0,0,0,0,0,0,1,0,0,0,0,-3,-1.0
2024,205,1,P000229   ,0.0,0.0,ASV,11,"JACKSON, EDWIN",09:23,0,0,1,0,2,0,0,0,0,0,0,0,2,0,1,1,0,-7,-8.0
2024,205,1,P002100   ,0.0,1.0,ASV,12,"DE COLO, NANDO",18:32,12,2,3,2,2,2,2,0,1,1,6,1,3,0,0,2,4,18,-3.0
2024,205,1,P010545   ,1.0,1.0,ASV,13,"SAKO, NEAL",21:27,14,7,8,0,0,0,0,4,2,6,2,1,1,0,0,3,3,21,20.0
2024,205,1,P013405   ,1.0,1.0,ASV,21,"ROBERSON, ANDRE",24:25,17,5,6,2,4,1,1,1,5,6,2,1,1,2,0,4,1,21,4.0
2024,205,1,P003526   ,0.0,0.0,ASV,23,"LIGHTY, DAVID",21:01,6,0,1,2,2,0,0,0,1,1,1,0,0,1,0,2,1,7,10.0
2024,205,1,P008991   ,0.0,0.0,ASV,28,"BLACK, TARIK",12:24,13,6,6,0,0,1,2,3,0,3,1,0,1,0,0,3,3,15,-1.0
2024,205,1,P009818   ,0.0,0.0,ASV,50,"BENTIL, BENJAMIN",11:19,0,0,0,0,1,0,0,0,1,1,0,0,2,0,0,3,0,-5,-5.0
2024,205,1,Team,0.0,0.0,ASV,,Team,,0,0,0,0,0,0,0,2,2,4,0,0,0,0,0,0,0,4,
2024,205,1,Total,,,ASV,,Total,200:00,100,26,39,12,29,12,13,12,18,30,25,8,12,3,1,24,21,119,
2024,205,0,P009862   ,1.0,1.0,BAR,0,"PUNTER, KEVIN",29:38,19,7,7,1,6,2,2,0,2,2,6,1,1,0,0,1,4,25,-6.0
2024,205,0,P012795   ,0.0,0.0,BAR,1,"ANDERSON, JUSTIN",11:41,6,2,2,0,0,2,2,0,0,0,2,2,1,0,0,2,1,8,-4.0
2024,205,0,P011666   ,0.0,0.0,BAR,2,"SARR, DAME",DNP,0,0,0,0,0,0,0,0,0,0,0,0,0,0,0,0,0,0,0.0
2024,205,0,P000925   ,0.0,0.0,BAR,6,"VESELY, JAN",16:30,5,2,2,0,0,1,2,1,0,1,2,0,0,0,0,4,3,6,-5.0
2024,205,0,P009992   ,0.0,0.0,BAR,8,"BRIZUELA, DARIO",25:21,12,1,1,1,4,7,9,0,4,4,2,1,2,0,0,3,6,15,17.0
2024,205,0,P013379   ,0.0,1.0,BAR,10,"METU, CHIMEZIE",18:39,16,6,9,0,1,4,5,1,3,4,0,0,1,1,0,2,4,17,-2.0
2024,205,0,P002939   ,1.0,1.0,BAR,13,"SATORANSKY, TOMAS",26:23,5,2,2,0,1,1,1,0,3,3,6,1,3,0,0,2,2,11,-15.0
2024,205,0,P003196   ,0.0,0.0,BAR,14,"HERNANGOMEZ, WILLY",04:57,3,1,1,0,0,1,2,0,0,0,0,0,0,0,0,1,1,2,-1.0
2024,205,0,P006568   ,1.0,0.0,BAR,19,"FALL, YOUSSOUPHA",05:50,3,1,2,0,0,1,2,1,1,2,0,0,1,0,1,1,1,1,-1.0
2024,205,0,P003478   ,1.0,1.0,BAR,21,"ABRINES, ALEX",21:31,2,1,1,0,2,0,0,1,1,2,0,0,2,0,0,3,1,-2,-6.0
2024,205,0,P012745   ,1.0,1.0,BAR,22,"PARKER, JABARI",26:02,18,1,5,5,7,1,2,2,1,3,2,0,1,0,1,0,1,15,-8.0
2024,205,0,P007464   ,0.0,0.0,BAR,44,"PARRA, JOEL",13:28,5,1,3,1,2,0,0,2,2,4,2,1,0,0,1,2,0,6,1.0
2024,205,0,Team,0.0,0.0,BAR,,Team,,0,0,0,0,0,0,0,0,1,1,0,0,0,0,0,0,0,1,
2024,205,0,Total,,,BAR,,Total,200:00,94,25,35,8,23,20,27,8,18,26,22,6,12,1,3,21,24,105,
2024,206,1,P007982   ,1.0,1.0,OLY,1,"WILLIAMS-GOSS, NIGEL",35:36,9,2,7,0,0,5,5,0,4,4,6,0,1,0,2,3,3,11,-3.0
2024,206,1,P011965   ,0.0,0.0,OLY,3,"MITROU-LONG, NAZ",DNP,0,0,0,0,0,0,0,0,0,0,0,0,0,0,0,0,0,0,0.0
2024,206,1,P010392   ,0.0,1.0,OLY,5,"LARENTZAKIS, GIANNOULIS",03:21,0,0,0,0,1,0,0,0,3,3,0,0,0,0,0,1,0,1,2.0
2024,206,1,P007947   ,0.0,1.0,OLY,8,"VILDOZA, LUCA",17:30,3,0,2,1,2,0,0,0,1,1,1,1,1,0,0,3,0,-1,-9.0
2024,206,1,P008811   ,1.0,0.0,OLY,10,"FALL, MOUSTAPHA",18:57,7,3,3,0,0,1,5,2,1,3,2,0,0,1,0,1,3,11,-1.0
2024,206,1,P003469   ,1.0,1.0,OLY,14,"VEZENKOV, SASHA",28:23,19,4,6,1,2,8,8,0,2,2,1,1,1,0,0,1,6,24,3.0
2024,206,1,P001255   ,1.0,0.0,OLY,16,"PAPANIKOLAOU, KOSTAS",19:04,5,0,1,1,1,2,2,0,2,2,2,2,0,0,0,3,1,8,-3.0
2024,206,1,P009849   ,0.0,0.0,OLY,22,"DORSEY, TYLER",06:33,0,0,1,0,0,0,0,0,1,1,0,0,1,0,0,1,0,-2,-6.0
2024,206,1,P008829   ,0.0,1.0,OLY,25,"PETERS, ALEC",20:12,6,1,3,0,0,4,4,0,2,2,1,0,1,0,0,2,2,6,-12.0
2024,206,1,P013514   ,0.0,0.0,OLY,31,"MENSAH, NATHAN",DNP,0,0,0,0,0,0,0,0,0,0,0,0,0,0,0,0,0,0,0.0
2024,206,1,P003941   ,0.0,0.0,OLY,33,"MILUTINOV, NIKOLA",16:58,7,2,4,0,0,3,4,1,2,3,0,2,1,2,0,1,2,11,-8.0
2024,206,1,P013380   ,1.0,0.0,OLY,94,"FOURNIER, EVAN",33:26,21,4,11,2,8,7,9,1,2,3,1,1,1,0,0,2,7,15,-13.0
2024,206,1,Team,0.0,0.0,OLY,,Team,,0,0,0,0,0,0,0,2,1,3,0,0,1,0,0,0,0,2,
2024,206,1,Total,,,OLY,,Total,200:00,77,16,38,5,14,30,37,6,21,27,14,7,8,3,2,18,24,86,
2024,206,0,P005216   ,0.0,0.0,ULK,0,"MCCOLLUM, ERRICK",18:55,12,2,4,1,3,5,5,1,2,3,2,0,2,0,2,2,4,11,-2.0
2024,206,0,P002849   ,0.0,1.0,ULK,4,"MELLI, NICOLO",11:30,4,2,2,0,2,0,0,2,3,5,1,0,2,1,0,2,0,5,9.0
2024,206,0,P002968   ,1.0,0.0,ULK,5,"SANLI, SERTAC",24:56,11,2,2,2,6,1,1,2,3,5,1,0,0,1,0,2,3,15,-4.0
2024,206,0,P013396   ,0.0,0.0,ULK,9,"MAYS, SKYLAR",DNP,0,0,0,0,0,0,0,0,0,0,0,0,0,0,0,0,0,0,0.0
2024,206,0,P008962   ,1.0,1.0,ULK,11,"HAYES-DAVIS, NIGEL",36:01,14,4,7,2,7,0,0,0,2,2,1,2,1,0,1,2,0,7,5.0
2024,206,0,P006961   ,0.0,1.0,ULK,13,"BIBEROVIC, TARIK",30:43,11,2,7,2,4,1,1,2,3,5,6,1,1,0,0,3,2,14,9.0
2024,206,0,P011205   ,0.0,1.0,ULK,20,"HALL, DEVON",18:15,6,3,3,0,1,0,0,1,0,1,2,0,1,0,0,3,1,5,8.0
2024,206,0,P010560   ,0.0,0.0,ULK,21,"PIERRE, DYSHAWN",DNP,0,0,0,0,0,0,0,0,0,0,0,0,0,0,0,0,0,0,0.0
2024,206,0,P004004   ,1.0,1.0,ULK,23,"GUDURIC, MARKO",26:26,21,5,5,2,4,5,6,1,2,3,4,0,4,0,0,3,7,25,9.0
2024,206,0,P008104   ,1.0,0.0,ULK,32,"ZAGARS, ARTURS",14:02,6,0,1,2,3,0,0,0,4,4,3,0,1,0,0,3,1,8,6.0
2024,206,0,P009783   ,1.0,0.0,ULK,50,"COLSON, BONZIE",15:38,0,0,0,0,2,0,0,0,4,4,1,0,0,0,0,2,0,1,5.0
2024,206,0,P007182   ,0.0,0.0,ULK,92,"BIRCH, KHEM",03:34,2,1,1,0,0,0,0,0,1,1,0,0,0,0,0,2,0,1,5.0
2024,206,0,Team,0.0,0.0,ULK,,Team,,0,0,0,0,0,0,0,0,3,3,0,0,1,0,0,0,0,2,
2024,206,0,Total,,,ULK,,Total,200:00,87,21,32,11,32,12,13,9,27,36,21,3,13,2,3,24,18,94,
2024,207,1,P007870   ,0.0,0.0,PAR,0,"DAVIES, BRANDON",15:34,13,5,6,0,0,3,4,1,2,3,3,0,2,0,0,4,2,13,5.0
2024,207,1,P010781   ,1.0,1.0,PAR,1,"LUNDBERG, IFFE",36:40,11,1,3,3,5,0,0,0,2,2,7,1,1,0,1,2,0,13,-2.0
2024,207,1,P013369   ,1.0,1.0,PAR,2,"JONES, CARLIK",32:57,17,3,7,2,5,5,5,1,0,1,5,1,3,0,0,3,6,17,11.0
2024,207,1,P011050   ,1.0,0.0,PAR,5,"KOPRIVICA, BALSA",02:23,1,0,0,0,0,1,2,0,0,0,0,0,0,0,0,1,1,0,-6.0
2024,207,1,P007632   ,0.0,0.0,PAR,7,"NAKIC, MARIO",DNP,0,0,0,0,0,0,0,0,0,0,0,0,0,0,0,0,0,0,0.0
2024,207,1,P012167   ,0.0,0.0,PAR,8,"BOSNJAKOVIC, MITAR",DNP,0,0,0,0,0,0,0,0,0,0,0,0,0,0,0,0,0,0,0.0
2024,207,1,P008232   ,0.0,1.0,PAR,11,"POKUSEVSKI, ALEKSEJ",08:46,6,0,1,2,2,0,0,0,2,2,0,0,0,1,0,1,0,7,-2.0
2024,207,1,P012720   ,1.0,1.0,PAR,12,"BROWN, STERLING",29:37,15,3,5,3,8,0,0,1,5,6,2,0,2,1,0,2,0,13,1.0
2024,207,1,P006760   ,1.0,0.0,PAR,17,"BONGA, ISAAC",27:46,16,3,3,2,3,4,5,2,5,7,4,2,0,0,0,2,3,28,12.0
2024,207,1,P007736   ,0.0,0.0,PAR,19,"LAKIC, ARIJAN",18:49,6,0,0,2,4,0,0,3,0,3,0,0,0,0,0,3,0,4,10.0
2024,207,1,P011836   ,0.0,0.0,PAR,24,"MIKE, ISIAHA",DNP,0,0,0,0,0,0,0,0,0,0,0,0,0,0,0,0,0,0,0.0
2024,207,1,P011981   ,0.0,1.0,PAR,88,"JONES, TYRIQUE",27:28,7,3,7,0,0,1,5,1,4,5,2,2,2,0,0,2,6,10,1.0
2024,207,1,Team,0.0,0.0,PAR,,Team,,0,0,0,0,0,0,0,1,2,3,0,0,0,0,0,0,0,3,
2024,207,1,Total,,,PAR,,Total,200:00,92,18,32,14,27,14,21,10,22,32,23,6,10,2,1,20,18,108,
2024,207,0,P012608   ,1.0,1.0,PRS,0,"SHORTS, TJ",27:12,19,6,9,2,3,1,2,0,2,2,3,0,3,0,1,0,4,19,3.0
2024,207,0,P012609   ,1.0,1.0,PRS,1,"MALCOLM, COLLIN",16:27,10,2,3,2,3,0,0,0,0,0,2,0,0,0,0,0,0,10,6.0
2024,207,0,P012640   ,0.0,1.0,PRS,2,"HIFI, NADIR",22:19,13,4,5,1,8,2,3,0,1,1,2,1,2,0,0,1,4,9,-5.0
2024,207,0,P012610   ,1.0,1.0,PRS,3,"WARD, TYSON",27:12,14,0,0,3,7,5,7,1,3,4,3,3,1,0,0,2,4,19,3.0
2024,207,0,P013373   ,0.0,0.0,PRS,4,"CAVALIERE, LEOPOLD",12:07,0,0,0,0,0,0,0,0,2,2,0,0,0,0,0,3,0,-1,-7.0
2024,207,0,P005793   ,0.0,0.0,PRS,5,"SY, BANDJA",06:02,0,0,0,0,1,0,0,0,0,0,0,1,0,0,0,2,0,-2,-10.0
2024,207,0,P004512   ,0.0,0.0,PRS,8,"KRATZER, LEON",10:08,2,1,1,0,0,0,0,1,1,2,0,1,0,0,0,2,0,3,-2.0
2024,207,0,P007032   ,0.0,0.0,PRS,12,"LO, MAODO",16:19,9,3,6,0,0,3,4,1,1,2,4,0,2,0,0,1,4,12,-13.0
2024,207,0,P010390   ,1.0,0.0,PRS,13,"HAYES, KEVARRIUS",16:02,8,2,3,0,0,4,4,2,1,3,1,2,0,0,1,4,2,10,1.0
2024,207,0,P012612   ,0.0,0.0,PRS,18,"SHAHRVIN, ENZO",02:40,2,1,1,0,0,0,0,1,0,1,0,0,0,0,0,0,0,3,-1.0
2024,207,0,P012613   ,1.0,1.0,PRS,20,"JANTUNEN, MIKAEL",27:12,4,2,3,0,2,0,0,1,3,4,0,0,0,1,0,3,1,4,3.0
2024,207,0,P004197   ,0.0,0.0,PRS,24,"OUATTARA, YAKUBA",16:20,5,1,1,1,3,0,0,0,3,3,2,1,0,0,0,1,0,8,-8.0
2024,207,0,Team,0.0,0.0,PRS,,Team,,0,0,0,0,0,0,0,0,2,2,0,0,1,0,0,0,0,1,
2024,207,0,Total,,,PRS,,Total,200:00,86,22,32,9,27,15,20,7,19,26,17,9,9,1,2,19,19,95,
2024,208,1,P013403   ,1.0,0.0,ZAL,1,"WALKER IV, LONNIE",16:11,6,1,3,1,4,1,1,0,1,1,2,4,1,0,0,1,1,7,-7.0
2024,208,1,P007975   ,1.0,1.0,ZAL,3,"FRANCISCO, SYLVAIN",31:57,33,5,8,5,8,8,8,0,1,1,5,0,2,0,0,2,7,36,-10.0
2024,208,1,P003210   ,0.0,0.0,ZAL,4,"LEKAVICIUS, LUKAS",07:34,0,0,0,0,1,0,0,0,0,0,0,0,0,0,0,1,1,-1,-5.0
2024,208,1,P011983   ,0.0,0.0,ZAL,8,"BRAZDEIKIS, IGNAS",14:21,6,3,5,0,1,0,0,0,2,2,3,0,1,0,0,2,0,5,-6.0
2024,208,1,P005504   ,0.0,0.0,ZAL,15,"BIRUTIS, LAURYNAS",07:51,3,1,1,0,0,1,1,1,0,1,0,0,0,1,0,4,1,2,6.0
2024,208,1,P011051   ,0.0,1.0,ZAL,18,"SMAILAGIC, ALEN",20:56,6,2,3,0,2,2,2,0,5,5,0,1,1,0,0,3,1,6,-18.0
2024,208,1,P012622   ,0.0,0.0,ZAL,21,"MITCHELL, MATTHEW",10:01,0,0,1,0,0,0,0,0,2,2,1,0,0,0,1,0,0,1,-12.0
2024,208,1,P003048   ,1.0,1.0,ZAL,42,"DUNSTON, BRYANT",15:36,7,3,6,0,0,1,2,5,2,7,0,2,0,1,0,4,2,11,-1.0
2024,208,1,P012715   ,1.0,0.0,ZAL,45,"MANEK, BRADY",06:53,0,0,1,0,1,0,0,0,1,1,1,0,0,0,0,1,1,0,0.0
2024,208,1,P002676   ,0.0,1.0,ZAL,51,"BUTKEVICIUS, ARNAS",23:31,7,1,2,1,3,2,2,0,1,1,3,0,1,2,0,2,2,9,-4.0
2024,208,1,P007029   ,0.0,1.0,ZAL,91,"SIRVYDIS, DEIVIDAS",20:49,2,1,1,0,5,0,0,0,4,4,2,1,1,1,0,0,1,5,-13.0
2024,208,1,P002329   ,1.0,0.0,ZAL,92,"ULANOVAS, EDGARAS",24:20,12,1,2,3,5,1,1,0,1,1,1,0,2,0,0,2,2,9,-5.0
2024,208,1,Team,0.0,0.0,ZAL,,Team,,0,0,0,0,0,0,0,0,0,0,0,0,0,0,0,0,0,0,
2024,208,1,Total,,,ZAL,,Total,200:00,82,18,33,10,30,16,17,6,20,26,18,8,9,5,1,22,19,90,
2024,208,0,P010391   ,1.0,1.0,MUN,0,"WEILER-BABB, NICK",31:58,14,1,2,4,4,0,0,4,3,7,13,2,0,0,0,4,3,34,10.0
2024,208,0,P011244   ,1.0,0.0,MUN,1,"DA SILVA, OSCAR",28:23,6,2,6,0,0,2,4,2,1,3,3,0,1,0,3,2,5,5,10.0
2024,208,0,P011987   ,1.0,0.0,MUN,3,"EDWARDS, CARSEN",27:22,24,3,8,4,8,6,6,0,4,4,1,1,2,1,1,1,5,23,8.0
2024,208,0,P001557   ,0.0,1.0,MUN,5,"GIFFEY, NIELS",24:47,5,2,4,0,2,1,1,2,4,6,2,0,1,0,0,2,3,9,21.0
2024,208,0,P007201   ,0.0,0.0,MUN,7,"VOIGTMANN, JOHANNES",17:19,0,0,0,0,1,0,0,1,6,7,1,0,4,0,0,2,0,1,10.0
2024,208,0,P012123   ,0.0,0.0,MUN,10,"KHARCHENKOV, IVAN",DNP,0,0,0,0,0,0,0,0,0,0,0,0,0,0,0,0,0,0,0.0
2024,208,0,P001288   ,1.0,1.0,MUN,11,"LUCIC, VLADIMIR",24:30,9,3,3,0,2,3,3,2,5,7,1,0,2,0,0,3,2,12,5.0
2024,208,0,P004508   ,0.0,1.0,MUN,13,"OBST, ANDREAS",22:59,26,1,2,8,12,0,0,0,0,0,0,0,2,0,1,2,0,16,7.0
2024,208,0,P007929   ,0.0,0.0,MUN,17,"BITIM, ONURALP",DNP,0,0,0,0,0,0,0,0,0,0,0,0,0,0,0,0,0,0,0.0
2024,208,0,P007639   ,0.0,0.0,MUN,22,"BRANKOVIC, DANKO",DNP,0,0,0,0,0,0,0,0,0,0,0,0,0,0,0,0,0,0,0.0
2024,208,0,P007056   ,1.0,1.0,MUN,31,"BOOKER, DEVIN",22:42,13,4,6,1,3,2,2,0,4,4,0,0,5,0,0,3,4,9,4.0
2024,208,0,P013368   ,0.0,0.0,MUN,53,"YEBO, KEVIN",DNP,0,0,0,0,0,0,0,0,0,0,0,0,0,0,0,0,0,0,0.0
2024,208,0,Team,0.0,0.0,MUN,,Team,,0,0,0,0,0,0,0,0,2,2,0,0,0,0,0,0,0,2,
2024,208,0,Total,,,MUN,,Total,200:00,97,16,31,17,32,14,16,11,29,40,21,3,17,1,5,19,22,111,
2024,209,1,P011948   ,0.0,0.0,BAS,0,"HOWARD, MARKUS",20:08,4,0,2,1,6,1,1,0,1,1,1,0,2,0,1,1,1,-4,-1.0
2024,209,1,P008850   ,0.0,0.0,BAS,2,"RAIESTE, SANDER",DNP,0,0,0,0,0,0,0,0,0,0,0,0,0,0,0,0,0,0,0.0
2024,209,1,P007230   ,0.0,0.0,BAS,8,"SEDEKERSKIS, TADAS",DNP,0,0,0,0,0,0,0,0,0,0,0,0,0,0,0,0,0,0,0.0
2024,209,1,P012080   ,1.0,1.0,BAS,9,"LUWAWU-CABARROT, TIMOTHE",28:11,11,4,5,1,4,0,0,0,2,2,2,0,3,1,0,2,2,9,10.0
2024,209,1,P004058   ,0.0,0.0,BAS,10,"JARAMAZ, OGNJEN",03:23,0,0,0,0,0,0,0,0,0,0,1,0,1,0,0,2,0,-2,-2.0
2024,209,1,P013367   ,1.0,1.0,BAS,11,"FORREST, TRENT",30:29,15,6,9,1,4,0,0,1,3,4,6,2,5,1,0,2,2,17,4.0
2024,209,1,P011085   ,0.0,1.0,BAS,17,"ROGKAVOPOULOS, NIKOLAOS",19:24,6,0,1,2,3,0,0,0,3,3,2,0,1,0,0,1,0,7,-2.0
2024,209,1,P008072   ,1.0,0.0,BAS,18,"DIOP, KHALIFA",14:46,2,1,2,0,0,0,0,1,0,1,0,0,0,0,0,3,1,0,4.0
2024,209,1,P012597   ,1.0,0.0,BAS,44,"BALDWIN, KAMAR",18:39,11,4,5,1,2,0,0,0,1,1,4,1,0,0,0,0,1,16,-3.0
2024,209,1,P011196   ,0.0,1.0,BAS,45,"HALL, DONTA",25:00,11,5,6,0,0,1,2,2,4,6,2,1,0,4,0,2,3,23,-2.0
2024,209,1,P012201   ,1.0,1.0,BAS,95,"MONEKE, CHIMA",29:47,22,3,3,2,5,10,12,3,6,9,3,0,1,0,0,2,8,34,6.0
2024,209,1,P007579   ,0.0,0.0,BAS,99,"SAMANIC, LUKA",10:13,6,3,4,0,0,0,0,1,1,2,0,0,2,0,0,2,1,4,-4.0
2024,209,1,Team,0.0,0.0,BAS,,Team,,0,0,0,0,0,0,0,1,3,4,0,0,1,0,0,0,0,3,
2024,209,1,Total,,,BAS,,Total,200:00,88,26,37,8,24,12,15,9,24,33,21,4,16,6,1,17,19,107,
2024,209,0,P009862   ,1.0,1.0,BAR,0,"PUNTER, KEVIN",26:02,13,4,7,1,6,2,2,0,0,0,4,2,0,0,2,1,1,9,-3.0
2024,209,0,P011666   ,0.0,0.0,BAR,2,"SARR, DAME",01:59,0,0,0,0,0,0,0,0,0,0,0,0,0,0,0,1,0,-1,-7.0
2024,209,0,P009992   ,0.0,1.0,BAR,8,"BRIZUELA, DARIO",22:59,11,1,3,2,4,3,3,1,0,1,4,0,1,0,0,1,3,13,2.0
2024,209,0,P013379   ,0.0,1.0,BAR,10,"METU, CHIMEZIE",25:15,14,4,8,1,2,3,3,2,2,4,2,1,0,1,0,2,3,18,6.0
2024,209,0,P002939   ,1.0,0.0,BAR,13,"SATORANSKY, TOMAS",26:15,11,4,5,1,2,0,0,1,3,4,5,1,1,0,0,1,1,18,-3.0
2024,209,0,P003196   ,0.0,0.0,BAR,14,"HERNANGOMEZ, WILLY",19:45,11,5,8,0,0,1,1,1,4,5,0,0,1,0,1,2,3,12,-6.0
2024,209,0,P010106   ,0.0,1.0,BAR,17,"NUNEZ, JUAN",17:11,10,3,4,1,1,1,2,1,3,4,3,1,1,0,0,3,4,16,-3.0
2024,209,0,P006568   ,1.0,0.0,BAR,19,"FALL, YOUSSOUPHA",09:53,0,0,1,0,0,0,0,0,2,2,0,0,0,0,0,0,0,1,-3.0
2024,209,0,P003478   ,0.0,0.0,BAR,21,"ABRINES, ALEX",18:50,6,0,1,2,2,0,0,0,1,1,0,0,0,0,0,4,0,2,4.0
2024,209,0,P012745   ,1.0,1.0,BAR,22,"PARKER, JABARI",19:55,10,4,8,0,3,2,2,0,1,1,0,1,3,0,2,4,2,-2,4.0
2024,209,0,P007464   ,1.0,0.0,BAR,44,"PARRA, JOEL",11:56,0,0,2,0,0,0,0,0,2,2,0,1,3,0,1,1,0,-4,-1.0
2024,209,0,P012317   ,0.0,0.0,BAR,45,"VILLAR, RAUL",DNP,0,0,0,0,0,0,0,0,0,0,0,0,0,0,0,0,0,0,0.0
2024,209,0,Team,0.0,0.0,BAR,,Team,,0,0,0,0,0,0,0,1,1,2,0,0,1,0,0,0,0,1,
2024,209,0,Total,,,BAR,,Total,200:00,86,25,47,8,20,12,13,7,19,26,18,7,11,1,6,20,17,83,
2024,210,1,P006085   ,0.0,0.0,MIL,1,"DIMITRIJEVIC, NENO",11:14,4,0,0,0,3,4,4,1,0,1,2,1,1,0,0,0,2,6,-3.0
2024,210,1,P011064   ,1.0,1.0,MIL,2,"MANNION, NICCOLO",23:54,14,1,4,2,4,6,7,0,2,2,3,1,2,0,1,1,4,14,13.0
2024,210,1,P006701   ,0.0,0.0,MIL,3,"BORTOLANI, GIORDANO",DNP,0,0,0,0,0,0,0,0,0,0,0,0,0,0,0,0,0,0,0.0
2024,210,1,P012115   ,0.0,0.0,MIL,6,"GARAVAGLIA, DIEGO",DNP,0,0,0,0,0,0,0,0,0,0,0,0,0,0,0,0,0,0,0.0
2024,210,1,P006509   ,0.0,0.0,MIL,7,"TONUT, STEFANO",18:52,2,1,1,0,1,0,0,0,4,4,1,0,0,0,0,1,0,5,0.0
2024,210,1,P008985   ,1.0,0.0,MIL,10,"BOLMARO, LEANDRO",26:07,6,3,6,0,2,0,0,0,2,2,2,2,2,1,0,1,2,7,11.0
2024,210,1,P013384   ,0.0,1.0,MIL,12,"BROOKS, ARMONI",14:48,3,0,0,1,3,0,0,0,4,4,1,0,0,1,0,2,0,5,7.0
2024,210,1,P008987   ,1.0,1.0,MIL,16,"LEDAY, ZACH",32:43,33,7,10,5,7,4,4,1,7,8,1,0,2,0,0,2,6,39,18.0
2024,210,1,P012116   ,0.0,0.0,MIL,19,"SUIGO, LUIGI",DNP,0,0,0,0,0,0,0,0,0,0,0,0,0,0,0,0,0,0,0.0
2024,210,1,P006721   ,0.0,0.0,MIL,30,"CARUSO, GUGLIELMO",16:36,4,1,2,0,0,2,2,1,5,6,0,0,1,2,1,2,1,8,-1.0
2024,210,1,P007831   ,1.0,1.0,MIL,31,"SHIELDS, SHAVON",29:58,10,2,6,2,4,0,2,1,3,4,3,1,1,0,0,2,2,9,6.0
2024,210,1,P011941   ,1.0,1.0,MIL,55,"GILLESPIE, FREDDIE",25:48,11,4,6,0,0,3,3,3,1,4,1,2,2,2,0,4,2,14,9.0
2024,210,1,Team,0.0,0.0,MIL,,Team,,0,0,0,0,0,0,0,1,1,2,0,0,0,0,0,0,0,2,
2024,210,1,Total,,,MIL,,Total,200:00,87,19,35,10,24,19,22,8,29,37,14,7,11,6,2,15,19,109,
2024,210,0,P011209   ,0.0,0.0,PAN,0,"KALAITZAKIS, PANAGIOTIS",05:01,0,0,0,0,0,0,0,0,0,0,0,0,0,0,0,0,0,0,-7.0
2024,210,0,P009622   ,0.0,0.0,PAN,2,"BROWN, LORENZO",09:17,0,0,2,0,1,0,2,0,2,2,0,0,1,0,1,1,1,-5,-7.0
2024,210,0,P001926   ,0.0,1.0,PAN,10,"SLOUKAS, KOSTAS",31:08,22,2,3,5,9,3,5,0,2,2,6,2,2,0,1,2,4,24,-15.0
2024,210,0,P004088   ,1.0,1.0,PAN,16,"OSMAN, CEDI",25:21,12,4,6,1,4,1,1,0,3,3,3,0,1,0,1,3,2,10,-5.0
2024,210,0,P011442   ,0.0,0.0,PAN,20,"SAMODUROV, ALEXANDROS",DNP,0,0,0,0,0,0,0,0,0,0,0,0,0,0,0,0,0,0,0.0
2024,210,0,P005161   ,0.0,0.0,PAN,21,"PAPAPETROU, IOANNIS",03:37,0,0,0,0,0,0,0,0,0,0,0,0,0,0,0,0,0,0,-4.0
2024,210,0,P011204   ,1.0,0.0,PAN,22,"GRANT, JERIAN",20:08,5,1,1,1,1,0,0,0,1,1,0,1,1,0,0,0,0,6,-6.0
2024,210,0,P012774   ,1.0,1.0,PAN,25,"NUNN, KENDRICK",31:00,18,4,11,3,7,1,1,1,2,3,5,1,3,0,2,3,1,9,-5.0
2024,210,0,P013383   ,1.0,0.0,PAN,32,"GABRIEL, WENYEN",10:42,4,2,3,0,0,0,0,0,1,1,1,1,2,1,0,4,1,2,1.0
2024,210,0,P011221   ,0.0,0.0,PAN,37,"ANTETOKOUNMPO, KOSTAS",04:23,0,0,0,0,0,0,0,0,1,1,0,0,0,0,0,1,0,0,-12.0
2024,210,0,P012712   ,1.0,1.0,PAN,41,"HERNANGOMEZ, JUANCHO",33:35,5,2,4,0,3,1,2,4,9,13,4,0,1,1,0,3,2,15,-1.0
2024,210,0,P007866   ,0.0,1.0,PAN,44,"MITOGLOU, KONSTANTINOS",25:48,9,3,8,1,3,0,0,2,1,3,0,1,1,0,1,2,3,5,1.0
2024,210,0,Team,0.0,0.0,PAN,,Team,,0,0,0,0,0,0,0,3,1,4,0,0,0,0,0,0,0,4,
2024,210,0,Total,,,PAN,,Total,200:00,75,18,38,11,28,6,11,10,23,33,19,6,12,2,6,19,14,70,
2024,211,1,P012608   ,1.0,1.0,PRS,0,"SHORTS, TJ",24:30,13,6,9,0,1,1,2,1,2,3,6,0,0,0,0,2,3,18,7.0
2024,211,1,P012609   ,1.0,0.0,PRS,1,"MALCOLM, COLLIN",16:40,4,2,2,0,1,0,0,0,4,4,3,2,1,0,0,2,0,9,13.0
2024,211,1,P012640   ,0.0,0.0,PRS,2,"HIFI, NADIR",21:09,14,0,4,3,7,5,6,0,3,3,3,1,1,0,1,0,5,15,-1.0
2024,211,1,P012610   ,1.0,1.0,PRS,3,"WARD, TYSON",24:30,16,2,2,3,8,3,4,1,6,7,0,2,2,0,0,2,2,17,9.0
2024,211,1,P013373   ,0.0,0.0,PRS,4,"CAVALIERE, LEOPOLD",13:25,4,2,4,0,1,0,0,2,2,4,1,0,0,0,0,5,3,4,1.0
2024,211,1,P005793   ,0.0,0.0,PRS,5,"SY, BANDJA",11:16,3,0,0,1,1,0,0,1,0,1,1,1,0,1,0,0,0,7,1.0
2024,211,1,P012611   ,0.0,0.0,PRS,7,"HERRERA, SEBASTIAN",DNP,0,0,0,0,0,0,0,0,0,0,0,0,0,0,0,0,0,0,0.0
2024,211,1,P004512   ,0.0,0.0,PRS,8,"KRATZER, LEON",08:34,0,0,0,0,0,0,0,1,1,2,1,0,1,0,0,4,0,-2,-6.0
2024,211,1,P007032   ,0.0,1.0,PRS,12,"LO, MAODO",19:20,18,6,9,1,4,3,4,1,2,3,2,0,0,0,0,0,4,20,-3.0
2024,211,1,P010390   ,1.0,1.0,PRS,13,"HAYES, KEVARRIUS",20:36,6,2,5,0,0,2,2,1,4,5,0,1,2,0,0,2,3,8,15.0
2024,211,1,P012613   ,1.0,1.0,PRS,20,"JANTUNEN, MIKAEL",24:30,6,0,0,2,3,0,0,0,2,2,1,0,1,0,0,2,2,7,9.0
2024,211,1,P004197   ,0.0,0.0,PRS,24,"OUATTARA, YAKUBA",15:30,7,2,3,1,4,0,0,1,2,3,1,0,0,0,2,2,0,3,0.0
2024,211,1,Team,0.0,0.0,PRS,,Team,,0,0,0,0,0,0,0,2,1,3,0,0,1,0,0,0,0,2,
2024,211,1,Total,,,PRS,,Total,200:00,91,22,38,11,30,14,18,11,29,40,19,7,9,1,3,21,22,108,
2024,211,0,P013371   ,0.0,0.0,ASV,1,"HARRISON, SHAQUILLE",15:43,5,2,3,0,0,1,2,0,1,1,2,0,0,0,0,3,1,4,-11.0
2024,211,0,P011225   ,1.0,1.0,ASV,3,"LEE, PARIS",24:17,7,2,2,1,2,0,0,0,1,1,3,0,2,0,0,0,2,10,2.0
2024,211,0,P007027   ,1.0,1.0,ASV,6,"MALEDON, THEO",28:11,18,3,6,1,4,9,10,0,4,4,6,0,4,1,0,2,8,24,-2.0
2024,211,0,P004194   ,1.0,0.0,ASV,7,"LAUVERGNE, JOFFREY",17:46,12,4,7,0,0,4,5,1,3,4,0,0,0,0,0,2,4,14,-2.0
2024,211,0,P010316   ,0.0,0.0,ASV,8,"AJINCA, MELVIN",10:41,2,0,1,0,1,2,2,1,0,1,0,0,0,0,1,1,1,0,-6.0
2024,211,0,P000229   ,0.0,0.0,ASV,11,"JACKSON, EDWIN",16:13,0,0,1,0,3,0,0,0,2,2,0,0,0,0,0,1,1,-2,3.0
2024,211,0,P002100   ,0.0,1.0,ASV,12,"DE COLO, NANDO",20:54,10,1,1,2,9,2,2,0,2,2,7,0,0,0,0,2,2,12,-9.0
2024,211,0,P010545   ,1.0,0.0,ASV,13,"SAKO, NEAL",14:43,0,0,3,0,0,0,0,3,1,4,0,1,3,0,0,3,0,-4,-11.0
2024,211,0,P013405   ,0.0,1.0,ASV,21,"ROBERSON, ANDRE",27:14,20,1,2,6,8,0,0,0,5,5,1,1,0,2,0,3,1,24,-4.0
2024,211,0,P003526   ,1.0,0.0,ASV,23,"LIGHTY, DAVID",09:24,2,1,2,0,2,0,0,1,1,2,0,0,0,0,0,1,0,0,-3.0
2024,211,0,P008991   ,0.0,0.0,ASV,28,"BLACK, TARIK",01:39,0,0,0,0,0,0,0,0,0,0,0,0,0,0,0,0,0,0,-3.0
2024,211,0,P009818   ,0.0,1.0,ASV,50,"BENTIL, BENJAMIN",13:15,6,2,2,0,2,2,2,1,4,5,1,0,1,0,0,4,1,6,1.0
2024,211,0,Team,0.0,0.0,ASV,,Team,,0,0,0,0,0,0,0,1,2,3,0,0,2,0,0,0,0,1,
2024,211,0,Total,,,ASV,,Total,200:00,82,16,30,10,31,20,23,8,26,34,20,2,12,3,1,22,21,89,
2024,212,1,P011202   ,0.0,1.0,TEL,3,"SHAYOK, MARIAL",11:42,11,0,0,3,6,2,2,0,0,0,0,0,0,0,2,1,2,7,5.0
2024,212,1,P004233   ,0.0,0.0,TEL,8,"MENCO, RAFI",07:03,3,0,0,1,3,0,0,0,0,0,1,0,1,0,0,2,0,-1,-8.0
2024,212,1,P011219   ,1.0,0.0,TEL,9,"SORKIN, ROMAN",25:47,14,6,8,0,3,2,2,2,3,5,1,1,3,1,0,2,3,15,-3.0
2024,212,1,P013381   ,0.0,0.0,TEL,11,"RAYMAN, WILLIAM",11:12,7,2,2,1,1,0,0,2,0,2,0,0,0,0,0,1,2,10,4.0
2024,212,1,P007990   ,0.0,1.0,TEL,12,"DIBARTOLOMEO, JOHN",21:05,5,0,0,1,2,2,2,0,3,3,2,1,0,0,0,3,2,9,-9.0
2024,212,1,P011214   ,1.0,1.0,TEL,14,"RIVERO, JASIEL",21:46,12,5,8,0,0,2,7,1,2,3,2,0,2,0,0,3,6,10,-2.0
2024,212,1,P005145   ,0.0,0.0,TEL,15,"COHEN, JAKE",08:52,4,2,2,0,0,0,0,1,2,3,1,0,0,0,0,0,0,8,-7.0
2024,212,1,P013382   ,1.0,1.0,TEL,20,"RANDOLPH, LEVI",29:56,7,2,8,0,0,3,4,0,4,4,2,1,1,0,0,3,4,7,1.0
2024,212,1,P007519   ,1.0,0.0,TEL,31,"JOKUBAITIS, ROKAS",14:07,8,3,5,0,0,2,2,2,3,5,1,1,3,0,0,0,3,13,-1.0
2024,212,1,P011193   ,1.0,1.0,TEL,45,"BLATT, TAMIR",27:42,16,1,1,3,9,5,5,0,2,2,9,0,1,0,0,0,3,23,9.0
2024,212,1,P012604   ,0.0,0.0,TEL,50,"WILLIAMS, TREVION",10:27,0,0,1,0,1,0,0,2,4,6,2,0,3,0,0,2,0,1,-6.0
2024,212,1,P013250   ,0.0,0.0,TEL,55,"DeJULIUS, DAVID",10:21,0,0,1,0,1,0,0,0,1,1,0,0,0,0,0,2,0,-3,-13.0
2024,212,1,Team,0.0,0.0,TEL,,Team,,0,0,0,0,0,0,0,1,1,2,0,0,1,0,0,0,0,1,
2024,212,1,Total,,,TEL,,Total,200:00,87,21,36,9,26,18,24,11,25,36,21,4,15,1,2,19,25,100,
2024,212,0,P008173   ,1.0,1.0,BER,3,"SPAGNOLO, MATTEO",25:24,11,3,10,1,2,2,4,0,1,1,2,2,0,0,0,2,3,7,2.0
2024,212,0,P011934   ,0.0,1.0,BER,5,"WETZELL, YANNI",27:30,22,11,13,0,1,0,1,1,4,5,3,1,4,0,1,4,2,20,13.0
2024,212,0,P008211   ,1.0,1.0,BER,6,"DELOW, MALTE",26:42,14,5,6,1,2,1,1,1,1,2,3,0,1,0,0,4,2,14,0.0
2024,212,0,P008062   ,1.0,1.0,BER,7,"MCDOWELL-WHITE, WILL",19:47,3,0,1,1,4,0,0,2,3,5,9,1,1,0,0,1,0,12,2.0
2024,212,0,P012100   ,0.0,0.0,BER,8,"NUFER, ANTON",DNP,0,0,0,0,0,0,0,0,0,0,0,0,0,0,0,0,0,0,0.0
2024,212,0,P007025   ,0.0,0.0,BER,9,"MATTISSECK, JONAS",12:03,0,0,0,0,1,0,0,0,2,2,0,0,0,0,0,1,1,1,8.0
2024,212,0,P006251   ,1.0,1.0,BER,10,"SCHNEIDER, TIM",17:18,8,1,2,2,3,0,0,2,5,7,0,0,1,2,0,2,1,13,-4.0
2024,212,0,P008780   ,0.0,0.0,BER,15,"HERMANNSSON, MARTIN",20:13,11,2,4,1,2,4,4,1,1,2,11,2,0,0,0,1,3,25,4.0
2024,212,0,P006919   ,0.0,0.0,BER,19,"OLINDE, LOUIS",18:20,11,3,4,1,3,2,2,1,0,1,0,0,0,0,0,4,2,7,1.0
2024,212,0,P011626   ,0.0,0.0,BER,22,"DOERRIES, AMON",00:35,0,0,0,0,0,0,0,0,0,0,0,0,0,0,0,0,0,0,2.0
2024,212,0,P011631   ,0.0,0.0,BER,25,"RAPIEQUE, ELIAS",17:10,7,3,6,0,2,1,1,0,0,0,2,1,0,0,0,2,2,5,4.0
2024,212,0,P013386   ,1.0,0.0,BER,33,"McCORMACK, DAVID",14:58,6,3,5,0,0,0,1,1,3,4,1,0,1,0,0,4,3,6,-2.0
2024,212,0,Team,0.0,0.0,BER,,Team,,0,0,0,0,0,0,0,0,2,2,0,0,0,0,0,0,0,2,
2024,212,0,Total,,,BER,,Total,200:00,93,31,51,7,20,10,14,9,22,31,31,7,8,2,1,25,19,112,
2024,213,1,P005216   ,0.0,1.0,ULK,0,"MCCOLLUM, ERRICK",23:31,15,6,8,1,2,0,0,1,1,2,3,1,1,0,0,1,3,19,13.0
2024,213,1,P002849   ,0.0,1.0,ULK,4,"MELLI, NICOLO",17:16,8,0,1,2,3,2,2,0,3,3,2,1,1,1,0,4,1,9,-2.0
2024,213,1,P002968   ,0.0,0.0,ULK,5,"SANLI, SERTAC",20:14,11,1,1,3,3,0,0,1,2,3,2,0,1,1,0,2,1,15,8.0
2024,213,1,P002969   ,0.0,1.0,ULK,10,"MAHMUTOGLU, MELIH",02:08,3,0,0,1,1,0,0,0,0,0,0,0,0,0,0,1,0,2,-3.0
2024,213,1,P008962   ,1.0,0.0,ULK,11,"HAYES-DAVIS, NIGEL",24:56,8,0,2,2,5,2,4,0,3,3,1,1,3,0,0,4,4,3,14.0
2024,213,1,P006961   ,0.0,0.0,ULK,13,"BIBEROVIC, TARIK",19:52,9,1,1,2,4,1,1,0,3,3,2,1,1,0,0,2,2,12,14.0
2024,213,1,P011205   ,0.0,0.0,ULK,20,"HALL, DEVON",21:19,6,2,3,0,0,2,2,0,1,1,3,1,0,0,0,2,4,12,10.0
2024,213,1,P010560   ,0.0,1.0,ULK,21,"PIERRE, DYSHAWN",02:08,0,0,0,0,0,0,0,0,0,0,1,0,0,0,0,0,0,1,-3.0
2024,213,1,P004004   ,1.0,0.0,ULK,23,"GUDURIC, MARKO",22:58,17,4,5,3,4,0,0,0,3,3,2,0,2,0,0,1,3,20,4.0
2024,213,1,P008104   ,1.0,1.0,ULK,32,"ZAGARS, ARTURS",16:30,6,0,1,2,4,0,2,1,1,2,2,1,3,0,0,1,2,4,-6.0
2024,213,1,P009783   ,1.0,0.0,ULK,50,"COLSON, BONZIE",18:50,12,4,5,1,3,1,1,2,3,5,1,1,1,0,0,3,1,13,16.0
2024,213,1,P007182   ,1.0,0.0,ULK,92,"BIRCH, KHEM",10:18,0,0,0,0,0,0,0,0,1,1,1,0,2,0,0,3,1,-2,5.0
2024,213,1,Team,0.0,0.0,ULK,,Team,,0,0,0,0,0,0,0,0,1,1,0,0,0,0,0,0,0,1,
2024,213,1,Total,,,ULK,,Total,200:00,95,18,27,17,29,8,12,5,22,27,20,7,15,2,0,24,22,109,
2024,213,0,P009549   ,1.0,0.0,VIR,0,"CORDINIER, ISAIA",23:21,12,5,11,0,1,2,2,0,0,0,5,1,0,0,0,3,6,14,-6.0
2024,213,0,PBCN      ,0.0,0.0,VIR,3,"BELINELLI, MARCO",07:37,3,0,1,1,3,0,0,0,0,0,1,0,1,0,0,2,0,-2,-4.0
2024,213,0,P006739   ,1.0,0.0,VIR,6,"PAJOLA, ALESSANDRO",25:56,0,0,2,0,0,0,0,0,2,2,3,1,2,0,1,1,0,0,-7.0
2024,213,0,P006273   ,0.0,1.0,VIR,9,"VISCONTI, RICCARDO",02:08,3,0,0,1,1,0,0,0,0,0,0,0,0,0,0,1,0,2,3.0
2024,213,0,P001133   ,1.0,0.0,VIR,21,"SHENGELIA, TORNIKE",29:16,35,10,14,2,3,9,10,4,1,5,3,0,2,0,1,1,6,39,-5.0
2024,213,0,P001844   ,0.0,1.0,VIR,23,"HACKETT, DANIEL",21:45,4,1,3,0,1,2,2,1,2,3,4,1,1,0,0,3,1,6,-13.0
2024,213,0,P005738   ,0.0,1.0,VIR,24,"GRAZULIS, ANDREJS",20:48,7,3,3,0,0,1,2,1,1,2,2,0,2,0,0,3,1,6,-12.0
2024,213,0,P012585   ,0.0,1.0,VIR,30,"MORGAN, MATTHEW",22:42,11,2,3,0,1,7,8,0,2,2,2,3,0,0,0,4,6,17,0.0
2024,213,0,P002084   ,0.0,0.0,VIR,33,"POLONARA, ACHILLE",14:01,2,1,1,0,0,0,0,0,0,0,0,0,3,0,0,2,1,-2,-5.0
2024,213,0,P013374   ,1.0,0.0,VIR,35,"DIOUF, MOUHAMET",08:37,2,1,2,0,0,0,1,1,3,4,0,0,0,0,0,1,1,4,-4.0
2024,213,0,P011816   ,0.0,1.0,VIR,45,"AKELE, NICOLA",09:47,2,1,2,0,0,0,0,0,3,3,1,0,0,0,0,0,0,5,-5.0
2024,213,0,P012591   ,1.0,0.0,VIR,59,"TUCKER, RAYJON",14:02,0,0,3,0,1,0,0,1,0,1,1,1,1,0,0,1,2,-1,-12.0
2024,213,0,Team,0.0,0.0,VIR,,Team,,0,0,0,0,0,0,0,2,1,3,0,0,1,0,0,0,0,2,
2024,213,0,Total,,,VIR,,Total,200:00,81,24,45,4,11,21,25,10,15,25,22,7,13,0,2,22,24,90,
2024,214,1,P011231   ,0.0,1.0,MCO,4,"BLOSSOMGAME, JARON",16:35,4,1,3,0,2,2,4,5,1,6,0,0,2,0,0,3,2,1,3.0
2024,214,1,P005844   ,1.0,0.0,MCO,9,"PAPAGIANNIS, GEORGIOS",13:52,4,2,4,0,3,0,0,2,1,3,0,2,1,0,0,4,0,-1,3.0
2024,214,1,P011226   ,1.0,1.0,MCO,11,"DIALLO, ALPHA",26:24,10,4,10,0,1,2,4,3,3,6,1,2,1,1,3,3,5,9,-3.0
2024,214,1,P004790   ,1.0,0.0,MCO,12,"CORNELIE, PETR",18:15,7,1,2,1,1,2,2,2,3,5,3,1,0,0,0,1,2,16,5.0
2024,214,1,P002581   ,0.0,0.0,MCO,14,"JAITEH, MAM",14:43,6,3,5,0,0,0,0,1,3,4,0,0,0,0,0,2,1,7,-4.0
2024,214,1,PLCZ      ,0.0,0.0,MCO,20,"MOTIEJUNAS, DONATAS",09:22,7,3,7,0,0,1,1,1,1,2,0,0,1,0,1,2,2,3,4.0
2024,214,1,P012515   ,0.0,0.0,MCO,22,"TARPEY, TERRY",12:48,5,1,1,1,1,0,0,1,3,4,0,1,0,0,0,2,0,8,6.0
2024,214,1,P008161   ,0.0,0.0,MCO,23,"BEGARIN, JUHANN",DNP,0,0,0,0,0,0,0,0,0,0,0,0,0,0,0,0,0,0,0.0
2024,214,1,P013365   ,0.0,0.0,MCO,30,"BROWN, VITTO",DNP,0,0,0,0,0,0,0,0,0,0,0,0,0,0,0,0,0,0,0.0
2024,214,1,P008099   ,0.0,1.0,MCO,32,"STRAZEL, MATTHEW",23:24,13,1,3,2,5,5,8,0,1,1,1,0,2,0,0,2,5,8,-6.0
2024,214,1,P001932   ,1.0,1.0,MCO,33,"CALATHES, NICK",33:30,12,3,4,2,6,0,2,0,3,3,10,2,0,0,0,4,1,17,18.0
2024,214,1,P005985   ,1.0,1.0,MCO,55,"JAMES, MIKE",31:07,9,3,11,0,4,3,4,0,3,3,1,2,1,0,0,1,5,5,-6.0
2024,214,1,Team,0.0,0.0,MCO,,Team,,0,0,0,0,0,0,0,2,3,5,0,0,1,0,0,0,0,4,
2024,214,1,Total,,,MCO,,Total,200:00,77,22,50,6,23,15,25,17,25,42,16,10,9,1,4,24,23,77,
2024,214,0,P003733   ,1.0,1.0,MAD,6,"ABALDE, ALBERTO",24:11,5,1,1,1,3,0,0,2,3,5,1,2,0,0,0,2,0,9,-5.0
2024,214,0,P005928   ,1.0,0.0,MAD,7,"CAMPAZZO, FACUNDO",23:31,8,1,6,1,4,3,3,2,0,2,5,0,3,0,0,5,3,2,-4.0
2024,214,0,P013378   ,0.0,0.0,MAD,8,"RATHAN-MAYES, XAVIER",DNP,0,0,0,0,0,0,0,0,0,0,0,0,0,0,0,0,0,0,0.0
2024,214,0,P011649   ,0.0,0.0,MAD,9,"GONZALEZ, HUGO",16:05,6,0,1,1,1,3,4,0,5,5,0,0,2,1,0,2,4,10,5.0
2024,214,0,P003108   ,0.0,0.0,MAD,11,"HEZONJA, MARIO",26:13,15,2,4,3,5,2,2,0,8,8,1,1,4,0,0,4,3,16,-4.0
2024,214,0,P006540   ,1.0,1.0,MAD,13,"MUSA, DZANAN",20:09,2,1,6,0,2,0,0,0,3,3,0,0,1,0,0,0,1,-2,-10.0
2024,214,0,P007630   ,0.0,0.0,MAD,16,"GARUBA, USMAN",DNP,0,0,0,0,0,0,0,0,0,0,0,0,0,0,0,0,0,0,0.0
2024,214,0,P013667   ,0.0,1.0,MAD,20,"FERNANDO, BRUNO",14:38,4,1,2,0,1,2,2,2,2,4,1,0,1,0,0,4,2,4,-12.0
2024,214,0,P005791   ,1.0,0.0,MAD,22,"TAVARES, WALTER",25:22,10,4,7,0,0,2,2,2,1,3,0,1,2,3,1,2,3,12,8.0
2024,214,0,PTGB      ,0.0,1.0,MAD,23,"LLULL, SERGIO",21:12,12,3,4,1,3,3,5,0,0,0,4,0,5,0,0,2,5,9,4.0
2024,214,0,P011247   ,0.0,1.0,MAD,24,"FELIZ, ANDRES",20:12,11,3,6,1,3,2,2,1,4,5,0,0,1,0,0,3,3,10,3.0
2024,214,0,P009213   ,1.0,0.0,MAD,30,"NDIAYE, ELI",08:27,0,0,1,0,2,0,0,0,1,1,0,0,0,0,0,2,0,-4,-5.0
2024,214,0,Team,0.0,0.0,MAD,,Team,,0,0,0,0,0,0,0,4,5,9,0,0,0,0,0,0,0,9,
2024,214,0,Total,,,MAD,,Total,200:00,73,16,38,8,24,17,20,13,32,45,12,4,19,4,1,26,24,75,
2024,215,1,P007982   ,1.0,1.0,OLY,1,"WILLIAMS-GOSS, NIGEL",27:36,9,1,5,1,2,4,5,1,2,3,5,1,1,0,0,2,3,12,6.0
2024,215,1,P010392   ,0.0,0.0,OLY,5,"LARENTZAKIS, GIANNOULIS",00:56,0,0,0,0,0,0,0,0,0,0,0,0,0,0,0,0,0,0,-1.0
2024,215,1,P007947   ,0.0,0.0,OLY,8,"VILDOZA, LUCA",12:58,0,0,0,0,2,0,0,0,0,0,2,0,0,0,0,1,0,-1,3.0
2024,215,1,P008811   ,1.0,0.0,OLY,10,"FALL, MOUSTAPHA",15:33,5,2,3,0,0,1,4,0,2,2,0,1,1,0,0,2,3,4,6.0
2024,215,1,P003469   ,1.0,1.0,OLY,14,"VEZENKOV, SASHA",31:34,26,8,11,2,3,4,6,2,7,9,1,0,1,1,0,3,7,34,14.0
2024,215,1,P001255   ,1.0,1.0,OLY,16,"PAPANIKOLAOU, KOSTAS",26:20,9,0,0,1,3,6,6,0,2,2,5,1,1,0,0,4,4,14,4.0
2024,215,1,P009849   ,0.0,0.0,OLY,22,"DORSEY, TYLER",03:49,0,0,0,0,1,0,0,0,1,1,1,0,1,0,0,1,0,-1,-4.0
2024,215,1,P008829   ,0.0,0.0,OLY,25,"PETERS, ALEC",08:29,5,1,1,1,3,0,0,0,1,1,1,0,0,0,0,1,0,4,-11.0
2024,215,1,P013514   ,0.0,0.0,OLY,31,"MENSAH, NATHAN",DNP,0,0,0,0,0,0,0,0,0,0,0,0,0,0,0,0,0,0,0.0
2024,215,1,P003941   ,0.0,1.0,OLY,33,"MILUTINOV, NIKOLA",24:24,11,5,6,0,0,1,2,2,5,7,1,1,2,0,0,0,2,18,-3.0
2024,215,1,P007853   ,0.0,0.0,OLY,77,"MCKISSIC, SHAQUIELLE",21:33,7,1,3,0,2,5,7,0,2,2,1,1,1,0,1,0,4,7,2.0
2024,215,1,P013380   ,1.0,1.0,OLY,94,"FOURNIER, EVAN",26:48,20,4,5,2,3,6,7,1,2,3,2,2,2,0,0,2,4,24,-1.0
2024,215,1,Team,0.0,0.0,OLY,,Team,,0,0,0,0,0,0,0,0,0,0,0,0,0,0,0,0,0,0,
2024,215,1,Total,,,OLY,,Total,200:00,92,22,34,7,19,27,37,6,24,30,19,7,10,1,1,16,27,115,
2024,215,0,P007200   ,0.0,0.0,IST,0,"LARKIN, SHANE",21:24,3,0,1,1,7,0,0,0,0,0,4,0,0,0,0,1,3,2,-10.0
2024,215,0,P006590   ,1.0,1.0,IST,1,"BEAUBOIS, RODRIGUE",13:30,5,1,3,1,3,0,0,0,2,2,3,0,0,0,0,4,1,3,4.0
2024,215,0,P013363   ,0.0,0.0,IST,3,"NWORA, JORDAN",20:12,12,3,9,2,4,0,0,2,4,6,1,2,1,0,0,3,0,9,-9.0
2024,215,0,P009846   ,1.0,1.0,IST,6,"BRYANT, ELIJAH",25:46,21,4,7,3,4,4,4,0,0,0,1,1,3,0,1,4,5,16,10.0
2024,215,0,P007109   ,0.0,0.0,IST,11,"SMITS, ROLANDS",13:34,7,0,1,1,2,4,4,1,2,3,0,0,1,0,0,2,3,8,-13.0
2024,215,0,P011078   ,1.0,0.0,IST,13,"THOMPSON, DARIUS",17:04,8,2,3,1,2,1,2,0,0,0,2,0,2,0,0,1,1,5,-9.0
2024,215,0,P012742   ,0.0,1.0,IST,15,"DOZIER JR, PERRY",22:06,12,4,6,1,2,1,1,2,2,4,3,0,1,0,0,3,1,13,5.0
2024,215,0,P004887   ,1.0,1.0,IST,17,"POIRIER, VINCENT",17:28,6,2,3,0,0,2,2,1,3,4,3,1,0,0,0,4,2,11,6.0
2024,215,0,P012710   ,1.0,1.0,IST,24,"OSMANI, ERCAN",20:49,5,1,4,1,2,0,0,0,4,4,0,1,0,0,0,2,0,4,5.0
2024,215,0,P012788   ,0.0,0.0,IST,25,"OTURU, DAN",22:14,10,5,6,0,0,0,0,4,4,8,0,0,2,1,0,2,0,14,-7.0
2024,215,0,P006372   ,0.0,0.0,IST,33,"YILMAZ, ERKAN",00:03,0,0,0,0,0,0,0,0,0,0,0,0,0,0,0,0,0,0,0.0
2024,215,0,P009664   ,0.0,0.0,IST,35,"WILLIS, DEREK",05:50,0,0,0,0,0,0,0,0,1,1,1,1,1,0,0,1,0,1,3.0
2024,215,0,Team,0.0,0.0,IST,,Team,,0,0,0,0,0,0,0,3,0,3,0,0,0,0,0,0,0,3,
2024,215,0,Total,,,IST,,Total,200:00,89,22,43,11,26,12,13,13,22,35,18,6,11,1,1,27,16,89,
2024,216,1,P007870   ,1.0,1.0,PAR,0,"DAVIES, BRANDON",29:14,7,2,7,1,2,0,1,3,5,8,1,6,1,1,1,2,4,16,-6.0
2024,216,1,P010781   ,0.0,0.0,PAR,1,"LUNDBERG, IFFE",25:38,0,0,3,0,3,0,0,0,1,1,3,1,2,0,1,3,0,-7,1.0
2024,216,1,P013369   ,1.0,1.0,PAR,2,"JONES, CARLIK",27:11,20,4,10,2,4,6,9,0,2,2,3,2,0,0,2,1,6,19,-8.0
2024,216,1,P013370   ,0.0,1.0,PAR,4,"WASHINGTON, DUANE",17:10,8,2,5,0,1,4,4,0,2,2,1,1,0,0,0,3,2,7,3.0
2024,216,1,P011050   ,0.0,0.0,PAR,5,"KOPRIVICA, BALSA",DNP,0,0,0,0,0,0,0,0,0,0,0,0,0,0,0,0,0,0,0.0
2024,216,1,P007632   ,0.0,0.0,PAR,7,"NAKIC, MARIO",DNP,0,0,0,0,0,0,0,0,0,0,0,0,0,0,0,0,0,0,0.0
2024,216,1,P012720   ,1.0,0.0,PAR,12,"BROWN, STERLING",23:10,8,1,4,2,3,0,0,0,0,0,1,0,2,0,0,5,2,0,-2.0
2024,216,1,P006760   ,1.0,1.0,PAR,17,"BONGA, ISAAC",30:39,7,1,1,1,2,2,2,0,5,5,0,0,1,2,0,3,1,10,-2.0
2024,216,1,P007736   ,0.0,1.0,PAR,19,"LAKIC, ARIJAN",14:57,7,2,2,1,1,0,0,0,1,1,0,0,0,0,0,1,1,8,3.0
2024,216,1,P011836   ,1.0,0.0,PAR,24,"MIKE, ISIAHA",18:12,6,3,4,0,1,0,0,1,1,2,1,0,2,0,0,1,1,5,-6.0
2024,216,1,P011981   ,0.0,0.0,PAR,88,"JONES, TYRIQUE",13:49,8,4,6,0,0,0,1,4,2,6,1,0,3,1,0,5,1,6,7.0
2024,216,1,Team,0.0,0.0,PAR,,Team,,0,0,0,0,0,0,0,1,0,1,0,0,0,0,0,0,0,1,
2024,216,1,Total,,,PAR,,Total,200:00,71,19,42,7,17,12,17,9,19,28,11,10,11,4,4,24,18,65,
2024,216,0,P009048   ,1.0,0.0,RED,0,"MILLER-MCINTYRE, CODI",30:26,11,3,7,1,4,2,2,0,1,1,6,0,3,0,1,2,2,7,1.0
2024,216,0,P010588   ,1.0,0.0,RED,1,"BROWN III, JOHN",18:50,7,1,3,0,0,5,6,3,2,5,2,2,0,0,1,2,4,14,1.0
2024,216,0,P010612   ,0.0,0.0,RED,3,"CANAAN, ISAIAH",16:57,4,1,3,0,2,2,2,0,4,4,2,1,1,0,1,0,2,7,3.0
2024,216,0,PJDR      ,0.0,0.0,RED,4,"TEODOSIC, MILOS",DNP,0,0,0,0,0,0,0,0,0,0,0,0,0,0,0,0,0,0,0.0
2024,216,0,P007960   ,1.0,1.0,RED,7,"DAVIDOVAC, DEJAN",13:13,4,2,3,0,0,0,0,0,4,4,1,0,1,0,1,2,0,4,4.0
2024,216,0,P002553   ,0.0,0.0,RED,9,"MITROVIC, LUKA",DNP,0,0,0,0,0,0,0,0,0,0,0,0,0,0,0,0,0,0,0.0
2024,216,0,P004866   ,1.0,1.0,RED,12,"KALINIC, NIKOLA",30:54,7,1,1,1,2,2,2,2,3,5,0,2,6,0,0,4,3,6,9.0
2024,216,0,P009035   ,1.0,1.0,RED,21,"BOLOMBOY, JOEL",27:23,14,5,5,0,1,4,5,5,3,8,0,0,3,2,0,3,5,21,2.0
2024,216,0,P011194   ,0.0,1.0,RED,30,"PETRUSEV, FILIP",28:04,17,7,10,0,1,3,3,3,5,8,1,1,1,2,0,3,4,25,-4.0
2024,216,0,P006436   ,0.0,0.0,RED,31,"GIEDRAITIS, ROKAS",13:48,2,1,1,0,2,0,0,0,3,3,1,0,0,0,0,1,0,3,-2.0
2024,216,0,P000848   ,0.0,1.0,RED,36,"NEDOVIC, NEMANJA",11:05,5,0,2,1,4,2,3,0,0,0,1,0,2,0,0,1,2,-1,-3.0
2024,216,0,P012044   ,0.0,0.0,RED,99,"DOS SANTOS, YAGO",09:20,2,1,2,0,3,0,1,0,1,1,1,0,0,0,0,1,1,-1,-1.0
2024,216,0,Team,0.0,0.0,RED,,Team,,0,0,0,0,0,0,0,2,0,2,0,0,1,0,0,0,0,1,
2024,216,0,Total,,,RED,,Total,200:00,73,22,37,3,19,20,24,15,26,41,15,6,18,4,4,19,23,86,
2024,217,1,P006590   ,0.0,0.0,IST,1,"BEAUBOIS, RODRIGUE",12:10,5,1,1,1,3,0,0,0,1,1,1,0,2,0,0,3,0,0,-2.0
2024,217,1,P013363   ,1.0,0.0,IST,3,"NWORA, JORDAN",17:59,6,1,4,1,3,1,2,0,4,4,0,1,0,0,0,0,1,6,2.0
2024,217,1,P009846   ,1.0,1.0,IST,6,"BRYANT, ELIJAH",31:46,21,6,12,0,3,9,11,1,5,6,3,2,1,0,1,3,8,24,13.0
2024,217,1,P007109   ,0.0,1.0,IST,11,"SMITS, ROLANDS",23:32,3,0,1,1,2,0,0,0,3,3,0,0,0,0,0,0,1,5,-9.0
2024,217,1,P011078   ,1.0,1.0,IST,13,"THOMPSON, DARIUS",33:47,12,2,2,2,6,2,2,0,3,3,5,0,0,0,0,3,1,14,11.0
2024,217,1,P012742   ,0.0,1.0,IST,15,"DOZIER JR, PERRY",19:43,8,2,4,0,3,4,5,1,2,3,1,3,2,0,1,3,5,8,0.0
2024,217,1,P004887   ,1.0,1.0,IST,17,"POIRIER, VINCENT",25:00,15,7,8,0,1,1,2,3,5,8,0,0,2,2,1,1,1,19,-1.0
2024,217,1,P006640   ,0.0,0.0,IST,18,"OZDEMIROGLU, DOGUS",00:17,0,0,0,0,0,0,0,0,0,0,0,0,0,0,0,0,0,0,-3.0
2024,217,1,P012710   ,1.0,0.0,IST,24,"OSMANI, ERCAN",16:28,5,1,3,1,6,0,0,1,1,2,1,0,2,1,0,2,1,-1,15.0
2024,217,1,P012788   ,0.0,0.0,IST,25,"OTURU, DAN",15:00,4,2,4,0,0,0,0,5,1,6,0,0,0,1,1,2,0,6,7.0
2024,217,1,P006372   ,0.0,0.0,IST,33,"YILMAZ, ERKAN",04:18,0,0,0,0,0,0,0,0,1,1,1,0,0,0,0,1,1,2,-3.0
2024,217,1,P009664   ,0.0,0.0,IST,35,"WILLIS, DEREK",DNP,0,0,0,0,0,0,0,0,0,0,0,0,0,0,0,0,0,0,0.0
2024,217,1,Team,0.0,0.0,IST,,Team,,0,0,0,0,0,0,0,1,1,2,0,0,1,0,0,0,0,1,
2024,217,1,Total,,,IST,,Total,200:00,79,22,39,6,27,17,22,12,27,39,12,6,10,4,4,18,19,84,
2024,217,0,P013666   ,0.0,0.0,MAD,4,"SMITH JR, DENNIS",05:55,2,1,1,0,2,0,0,0,2,2,0,0,2,0,0,0,0,0,0.0
2024,217,0,P003733   ,1.0,0.0,MAD,6,"ABALDE, ALBERTO",25:32,10,1,1,2,3,2,2,0,2,2,3,0,0,0,0,2,1,13,-9.0
2024,217,0,P005928   ,1.0,1.0,MAD,7,"CAMPAZZO, FACUNDO",25:01,5,2,4,0,4,1,1,0,3,3,10,0,5,0,2,2,5,8,1.0
2024,217,0,P011649   ,0.0,0.0,MAD,9,"GONZALEZ, HUGO",20:16,11,2,2,2,4,1,3,1,2,3,0,0,1,1,0,3,2,9,5.0
2024,217,0,P003108   ,1.0,1.0,MAD,11,"HEZONJA, MARIO",26:16,18,3,4,3,9,3,6,1,4,5,0,0,1,0,0,2,3,13,-9.0
2024,217,0,P006540   ,1.0,0.0,MAD,13,"MUSA, DZANAN",09:06,0,0,2,0,2,0,0,0,1,1,3,0,0,0,0,0,0,0,-6.0
2024,217,0,P007630   ,0.0,0.0,MAD,16,"GARUBA, USMAN",16:36,0,0,0,0,2,0,2,0,4,4,0,1,0,0,0,2,1,0,2.0
2024,217,0,P013667   ,1.0,0.0,MAD,20,"FERNANDO, BRUNO",17:38,11,5,7,0,0,1,2,1,4,5,0,0,1,0,0,1,3,14,-7.0
2024,217,0,P005791   ,0.0,1.0,MAD,22,"TAVARES, WALTER",22:22,6,3,3,0,0,0,0,4,1,5,3,0,3,3,0,3,0,11,1.0
2024,217,0,PTGB      ,0.0,1.0,MAD,23,"LLULL, SERGIO",14:22,5,1,3,0,2,3,3,2,1,3,2,0,3,0,1,1,3,4,-4.0
2024,217,0,P011247   ,0.0,1.0,MAD,24,"FELIZ, ANDRES",16:56,5,1,3,1,2,0,0,0,2,2,3,1,0,0,1,3,0,4,-4.0
2024,217,0,P009213   ,0.0,0.0,MAD,30,"NDIAYE, ELI",DNP,0,0,0,0,0,0,0,0,0,0,0,0,0,0,0,0,0,0,0.0
2024,217,0,Team,0.0,0.0,MAD,,Team,,0,0,0,0,0,0,0,0,1,1,0,0,0,0,0,0,0,1,
2024,217,0,Total,,,MAD,,Total,200:00,73,19,30,8,30,11,19,9,27,36,24,2,16,4,4,19,18,77,
2024,218,1,P013403   ,0.0,0.0,ZAL,1,"WALKER IV, LONNIE",17:38,7,1,5,0,2,5,6,0,2,2,1,2,0,0,1,1,3,6,9.0
2024,218,1,P007975   ,1.0,0.0,ZAL,3,"FRANCISCO, SYLVAIN",25:44,5,0,3,1,4,2,2,0,2,2,4,0,4,2,0,1,4,6,19.0
2024,218,1,P003210   ,0.0,1.0,ZAL,4,"LEKAVICIUS, LUKAS",14:16,4,1,2,0,1,2,3,0,0,0,2,1,1,0,0,2,3,4,1.0
2024,218,1,P011983   ,1.0,1.0,ZAL,8,"BRAZDEIKIS, IGNAS",23:15,21,4,7,2,4,7,7,1,1,2,2,0,0,0,0,2,4,22,13.0
2024,218,1,P005504   ,1.0,1.0,ZAL,15,"BIRUTIS, LAURYNAS",16:19,8,2,4,0,0,4,8,2,2,4,0,0,1,1,0,4,4,6,13.0
2024,218,1,P011051   ,0.0,0.0,ZAL,18,"SMAILAGIC, ALEN",04:54,0,0,2,0,0,0,0,0,0,0,0,0,0,1,0,0,1,0,-3.0
2024,218,1,P012622   ,0.0,1.0,ZAL,21,"MITCHELL, MATTHEW",13:56,5,0,1,0,0,5,6,2,3,5,1,1,3,0,0,2,3,8,1.0
2024,218,1,P011330   ,0.0,1.0,ZAL,24,"BUIKA, DOVYDAS",02:30,0,0,0,0,1,0,0,0,0,0,1,1,0,0,0,0,0,1,1.0
2024,218,1,P003048   ,0.0,0.0,ZAL,42,"DUNSTON, BRYANT",18:47,9,4,5,0,0,1,1,3,4,7,0,1,0,3,0,1,1,19,10.0
2024,218,1,P002676   ,1.0,0.0,ZAL,51,"BUTKEVICIUS, ARNAS",22:46,3,0,0,1,2,0,0,0,4,4,0,1,2,0,0,3,1,3,10.0
2024,218,1,P007029   ,0.0,0.0,ZAL,91,"SIRVYDIS, DEIVIDAS",13:51,1,0,1,0,5,1,2,0,2,2,1,2,0,0,0,0,1,0,7.0
2024,218,1,P002329   ,1.0,0.0,ZAL,92,"ULANOVAS, EDGARAS",26:04,10,1,1,2,2,2,2,2,1,3,3,0,2,2,0,3,4,17,19.0
2024,218,1,Team,0.0,0.0,ZAL,,Team,,0,0,0,0,0,0,0,1,5,6,0,0,1,0,0,0,0,5,
2024,218,1,Total,,,ZAL,,Total,200:00,73,13,31,6,21,29,37,11,26,37,15,9,14,9,1,19,29,97,
2024,218,0,P008384   ,0.0,0.0,BER,1,"PROCIDA, GABRIELE",DNP,0,0,0,0,0,0,0,0,0,0,0,0,0,0,0,0,0,0,0.0
2024,218,0,P008173   ,0.0,0.0,BER,3,"SPAGNOLO, MATTEO",22:01,10,3,7,0,4,4,4,1,1,2,3,0,5,0,1,2,3,2,-15.0
2024,218,0,P011934   ,0.0,0.0,BER,5,"WETZELL, YANNI",22:38,10,4,11,0,2,2,4,4,6,10,1,0,1,0,3,4,5,7,-17.0
2024,218,0,P008211   ,1.0,0.0,BER,6,"DELOW, MALTE",21:07,4,1,3,0,1,2,3,1,3,4,2,1,0,0,1,3,2,5,-5.0
2024,218,0,P008062   ,1.0,1.0,BER,7,"MCDOWELL-WHITE, WILL",20:32,3,1,2,0,4,1,1,0,1,1,6,0,3,1,1,0,2,4,-6.0
2024,218,0,P007025   ,0.0,1.0,BER,9,"MATTISSECK, JONAS",15:46,0,0,0,0,4,0,0,1,1,2,2,1,1,0,0,2,1,-1,-13.0
2024,218,0,P006251   ,1.0,0.0,BER,10,"SCHNEIDER, TIM",14:18,4,2,3,0,0,0,0,0,1,1,0,2,1,0,0,4,1,2,0.0
2024,218,0,P008967   ,1.0,0.0,BER,11,"THOMAS, MATT",20:03,10,1,4,2,5,2,2,0,3,3,2,0,5,0,1,1,1,3,-6.0
2024,218,0,P006919   ,0.0,0.0,BER,19,"OLINDE, LOUIS",19:55,0,0,1,0,2,0,0,0,0,0,0,0,1,0,0,5,1,-8,-16.0
2024,218,0,P011626   ,0.0,1.0,BER,22,"DOERRIES, AMON",09:16,2,1,1,0,0,0,0,1,0,1,0,1,1,0,0,1,0,2,-4.0
2024,218,0,P011631   ,0.0,1.0,BER,25,"RAPIEQUE, ELIAS",17:02,2,1,2,0,2,0,0,2,1,3,0,0,1,0,1,4,0,-4,-15.0
2024,218,0,P013386   ,1.0,1.0,BER,33,"McCORMACK, DAVID",17:22,8,4,7,0,0,0,0,3,6,9,3,1,1,0,1,3,3,16,-3.0
2024,218,0,Team,0.0,0.0,BER,,Team,,0,0,0,0,0,0,0,5,1,6,0,0,1,0,0,0,0,5,
2024,218,0,Total,,,BER,,Total,200:00,53,18,41,2,24,11,14,18,24,42,19,6,21,1,9,29,19,33,
2024,219,1,P009048   ,1.0,1.0,RED,0,"MILLER-MCINTYRE, CODI",27:17,10,4,8,0,2,2,2,1,3,4,5,0,1,0,0,2,1,11,6.0
2024,219,1,P010588   ,1.0,1.0,RED,1,"BROWN III, JOHN",20:10,5,0,1,0,0,5,8,2,2,4,1,1,0,0,0,2,5,10,-1.0
2024,219,1,P010612   ,0.0,0.0,RED,3,"CANAAN, ISAIAH",18:10,11,1,3,3,6,0,0,0,1,1,2,1,1,0,0,1,0,8,6.0
2024,219,1,P007960   ,0.0,0.0,RED,7,"DAVIDOVAC, DEJAN",11:52,3,0,0,1,1,0,0,0,3,3,2,0,0,0,0,2,0,6,12.0
2024,219,1,P002553   ,0.0,0.0,RED,9,"MITROVIC, LUKA",08:51,4,2,4,0,0,0,0,1,4,5,0,1,1,0,0,3,0,4,0.0
2024,219,1,P004866   ,1.0,1.0,RED,12,"KALINIC, NIKOLA",24:13,10,1,4,1,2,5,6,1,1,2,0,0,2,0,0,3,6,8,-2.0
2024,219,1,P004007   ,1.0,0.0,RED,13,"DOBRIC, OGNJEN",08:50,5,1,2,1,1,0,0,1,0,1,0,0,1,0,0,2,0,2,-8.0
2024,219,1,P009035   ,1.0,1.0,RED,21,"BOLOMBOY, JOEL",24:00,7,3,7,0,1,1,1,3,7,10,1,2,2,1,0,0,4,18,8.0
2024,219,1,P011194   ,0.0,0.0,RED,30,"PETRUSEV, FILIP",07:09,3,0,4,0,0,3,6,2,2,4,0,0,1,0,0,2,3,0,-1.0
2024,219,1,P006436   ,0.0,1.0,RED,31,"GIEDRAITIS, ROKAS",15:06,5,1,1,1,3,0,0,0,3,3,0,1,0,0,0,2,1,6,12.0
2024,219,1,P000848   ,0.0,0.0,RED,36,"NEDOVIC, NEMANJA",13:31,5,1,5,1,3,0,0,1,1,2,2,0,0,0,1,0,1,3,0.0
2024,219,1,P012044   ,0.0,0.0,RED,99,"DOS SANTOS, YAGO",20:51,5,0,0,1,3,2,2,0,0,0,5,2,3,0,0,2,3,8,3.0
2024,219,1,Team,0.0,0.0,RED,,Team,,0,0,0,0,0,0,0,1,3,4,0,0,0,0,0,0,0,4,
2024,219,1,Total,,,RED,,Total,200:00,73,14,39,9,22,18,25,13,30,43,18,8,12,1,1,21,24,88,
2024,219,0,P013371   ,0.0,0.0,ASV,1,"HARRISON, SHAQUILLE",11:43,4,2,4,0,2,0,0,1,0,1,1,1,1,0,0,1,2,3,-15.0
2024,219,0,P011225   ,1.0,1.0,ASV,3,"LEE, PARIS",23:32,6,0,4,2,7,0,0,0,1,1,0,1,0,0,0,3,1,-3,-2.0
2024,219,0,P007027   ,1.0,1.0,ASV,6,"MALEDON, THEO",31:15,13,4,6,0,8,5,5,1,5,6,5,1,2,1,0,3,5,16,6.0
2024,219,0,P004194   ,1.0,0.0,ASV,7,"LAUVERGNE, JOFFREY",23:45,8,4,9,0,1,0,0,4,5,9,2,1,0,0,0,1,2,15,-8.0
2024,219,0,P010316   ,0.0,0.0,ASV,8,"AJINCA, MELVIN",06:13,0,0,0,0,1,0,0,0,0,0,0,0,0,0,0,1,1,-1,-13.0
2024,219,0,P000229   ,0.0,0.0,ASV,11,"JACKSON, EDWIN",09:35,2,1,1,0,1,0,0,0,0,0,0,0,0,0,0,1,0,0,0.0
2024,219,0,P002100   ,0.0,1.0,ASV,12,"DE COLO, NANDO",19:53,9,2,3,1,5,2,2,1,3,4,3,0,2,0,0,2,3,10,3.0
2024,219,0,P010545   ,0.0,0.0,ASV,13,"SAKO, NEAL",13:24,8,3,5,0,0,2,5,3,2,5,1,2,1,0,0,5,4,9,0.0
2024,219,0,P013405   ,1.0,1.0,ASV,21,"ROBERSON, ANDRE",31:25,4,2,7,0,1,0,0,3,5,8,3,2,2,0,1,1,1,8,4.0
2024,219,0,P003526   ,1.0,0.0,ASV,23,"LIGHTY, DAVID",12:33,0,0,1,0,0,0,0,1,1,2,1,0,2,0,0,3,0,-3,-2.0
2024,219,0,P008991   ,0.0,0.0,ASV,28,"BLACK, TARIK",DNP,0,0,0,0,0,0,0,0,0,0,0,0,0,0,0,0,0,0,0.0
2024,219,0,P009818   ,0.0,1.0,ASV,50,"BENTIL, BENJAMIN",16:42,12,3,7,1,2,3,4,3,1,4,1,0,0,0,0,3,2,10,-8.0
2024,219,0,Team,0.0,0.0,ASV,,Team,,0,0,0,0,0,0,0,4,2,6,0,0,1,0,0,0,0,5,
2024,219,0,Total,,,ASV,,Total,200:00,66,21,47,4,28,12,16,21,25,46,17,8,11,1,1,24,21,69,
2024,220,1,P011209   ,0.0,0.0,PAN,0,"KALAITZAKIS, PANAGIOTIS",01:01,0,0,0,0,0,0,0,0,0,0,0,0,0,0,0,0,0,0,-5.0
2024,220,1,P009622   ,0.0,0.0,PAN,2,"BROWN, LORENZO",08:01,0,0,1,0,1,0,0,0,1,1,2,1,0,0,0,1,1,2,0.0
2024,220,1,P006544   ,0.0,0.0,PAN,6,"MORAITIS, DIMITRIS",DNP,0,0,0,0,0,0,0,0,0,0,0,0,0,0,0,0,0,0,0.0
2024,220,1,P001926   ,0.0,0.0,PAN,10,"SLOUKAS, KOSTAS",26:35,23,3,4,4,6,5,5,2,3,5,3,1,2,0,1,2,4,28,5.0
2024,220,1,P004088   ,1.0,1.0,PAN,16,"OSMAN, CEDI",29:21,9,1,4,1,3,4,4,2,5,7,0,0,1,0,0,1,2,11,0.0
2024,220,1,P011442   ,0.0,0.0,PAN,20,"SAMODUROV, ALEXANDROS",DNP,0,0,0,0,0,0,0,0,0,0,0,0,0,0,0,0,0,0,0.0
2024,220,1,P005161   ,1.0,0.0,PAN,21,"PAPAPETROU, IOANNIS",11:29,2,1,1,0,2,0,0,0,1,1,0,0,0,0,0,0,2,3,8.0
2024,220,1,P011204   ,1.0,1.0,PAN,22,"GRANT, JERIAN",23:53,10,4,7,0,1,2,5,0,1,1,3,0,1,0,1,0,3,8,4.0
2024,220,1,P012774   ,1.0,1.0,PAN,25,"NUNN, KENDRICK",27:50,17,5,9,2,5,1,4,2,1,3,7,0,2,0,1,4,5,15,-3.0
2024,220,1,P013383   ,1.0,1.0,PAN,32,"GABRIEL, WENYEN",24:03,8,3,8,0,0,2,2,2,4,6,0,0,1,1,1,4,2,6,-1.0
2024,220,1,P012712   ,0.0,1.0,PAN,41,"HERNANGOMEZ, JUANCHO",32:38,15,3,6,3,3,0,0,1,7,8,1,1,1,0,1,1,1,20,-3.0
2024,220,1,P007866   ,0.0,0.0,PAN,44,"MITOGLOU, KONSTANTINOS",15:09,7,2,4,0,1,3,4,1,1,2,2,0,0,0,1,2,2,6,0.0
2024,220,1,Team,0.0,0.0,PAN,,Team,,0,0,0,0,0,0,0,1,2,3,0,0,1,0,0,0,0,2,
2024,220,1,Total,,,PAN,,Total,200:00,91,22,44,10,22,17,24,11,26,37,18,3,9,1,6,15,22,101,
2024,220,0,P005216   ,0.0,1.0,ULK,0,"MCCOLLUM, ERRICK",22:53,18,2,4,3,5,5,5,2,0,2,3,1,1,0,0,2,3,20,6.0
2024,220,0,P002849   ,0.0,0.0,ULK,4,"MELLI, NICOLO",08:27,2,1,2,0,1,0,0,1,1,2,0,0,0,1,0,2,0,1,-12.0
2024,220,0,P002968   ,1.0,1.0,ULK,5,"SANLI, SERTAC",22:54,12,2,4,1,4,5,5,0,1,1,0,0,0,1,0,3,2,8,10.0
2024,220,0,P002969   ,0.0,0.0,ULK,10,"MAHMUTOGLU, MELIH",DNP,0,0,0,0,0,0,0,0,0,0,0,0,0,0,0,0,0,0,0.0
2024,220,0,P008962   ,1.0,1.0,ULK,11,"HAYES-DAVIS, NIGEL",33:48,21,4,7,3,6,4,4,1,8,9,2,0,1,1,0,3,3,26,-1.0
2024,220,0,P006961   ,0.0,0.0,ULK,13,"BIBEROVIC, TARIK",15:40,3,0,1,1,2,0,0,1,2,3,1,0,2,0,0,3,0,0,2.0
2024,220,0,P011205   ,0.0,1.0,ULK,20,"HALL, DEVON",28:09,14,3,3,2,6,2,2,0,7,7,8,1,1,0,0,3,2,24,11.0
2024,220,0,P010560   ,0.0,0.0,ULK,21,"PIERRE, DYSHAWN",DNP,0,0,0,0,0,0,0,0,0,0,0,0,0,0,0,0,0,0,0.0
2024,220,0,P004004   ,1.0,1.0,ULK,23,"GUDURIC, MARKO",23:29,7,1,5,1,2,2,2,1,4,5,5,1,2,0,0,1,1,11,-7.0
2024,220,0,P008104   ,1.0,0.0,ULK,32,"ZAGARS, ARTURS",09:08,3,0,2,1,4,0,0,0,0,0,2,0,1,0,1,1,2,-1,-6.0
2024,220,0,P009783   ,1.0,0.0,ULK,50,"COLSON, BONZIE",23:38,6,3,6,0,2,0,0,2,1,3,1,3,2,0,0,1,1,6,-4.0
2024,220,0,P007182   ,0.0,0.0,ULK,92,"BIRCH, KHEM",11:54,4,2,2,0,0,0,0,1,0,1,0,0,1,3,0,3,1,5,-4.0
2024,220,0,Team,0.0,0.0,ULK,,Team,,0,0,0,0,0,0,0,2,2,4,0,0,1,0,0,0,0,3,
2024,220,0,Total,,,ULK,,Total,200:00,90,18,36,12,32,18,18,11,26,37,22,6,12,6,1,22,15,103,
2024,221,1,P010391   ,1.0,0.0,MUN,0,"WEILER-BABB, NICK",29:40,6,0,1,2,4,0,0,3,1,4,7,1,3,0,0,3,1,10,21.0
2024,221,1,P011244   ,1.0,0.0,MUN,1,"DA SILVA, OSCAR",22:06,6,2,3,0,2,2,2,3,3,6,1,2,2,0,1,4,3,8,12.0
2024,221,1,P011987   ,1.0,0.0,MUN,3,"EDWARDS, CARSEN",23:59,12,3,10,1,5,3,3,2,3,5,5,2,1,0,0,2,3,13,10.0
2024,221,1,P001557   ,0.0,1.0,MUN,5,"GIFFEY, NIELS",24:32,16,2,2,3,5,3,4,0,1,1,1,1,1,0,0,3,2,14,9.0
2024,221,1,P007201   ,1.0,0.0,MUN,7,"VOIGTMANN, JOHANNES",26:39,13,2,4,2,4,3,3,1,3,4,3,1,2,0,1,1,3,16,20.0
2024,221,1,P012123   ,0.0,1.0,MUN,10,"KHARCHENKOV, IVAN",01:31,0,0,0,0,1,0,0,0,0,0,0,0,0,0,0,0,0,-1,-1.0
2024,221,1,P001288   ,1.0,0.0,MUN,11,"LUCIC, VLADIMIR",24:30,16,3,3,2,4,4,4,1,2,3,2,1,0,0,0,2,3,21,21.0
2024,221,1,P004508   ,0.0,1.0,MUN,13,"OBST, ANDREAS",27:58,9,1,3,2,5,1,1,0,1,1,2,1,1,0,1,2,1,5,5.0
2024,221,1,P007929   ,0.0,0.0,MUN,17,"BITIM, ONURALP",DNP,0,0,0,0,0,0,0,0,0,0,0,0,0,0,0,0,0,0,0.0
2024,221,1,P005460   ,0.0,1.0,MUN,20,"HARRIS, ELIAS",05:44,2,0,0,0,0,2,2,2,0,2,0,0,1,0,0,1,1,3,-9.0
2024,221,1,P007639   ,0.0,0.0,MUN,22,"BRANKOVIC, DANKO",11:22,7,2,3,0,0,3,4,4,2,6,0,0,1,1,0,2,3,12,0.0
2024,221,1,P013368   ,0.0,1.0,MUN,53,"YEBO, KEVIN",01:59,0,0,0,0,0,0,0,0,1,1,0,0,1,0,0,0,0,0,-3.0
2024,221,1,Team,0.0,0.0,MUN,,Team,,0,0,0,0,0,0,0,0,0,0,0,0,0,0,0,0,0,0,
2024,221,1,Total,,,MUN,,Total,200:00,87,15,29,12,30,21,23,16,17,33,21,9,13,1,3,20,20,101,
2024,221,0,P006085   ,0.0,0.0,MIL,1,"DIMITRIJEVIC, NENO",11:43,8,3,5,0,1,2,2,0,0,0,2,0,1,0,0,2,3,7,-7.0
2024,221,0,P011064   ,1.0,0.0,MIL,2,"MANNION, NICCOLO",17:57,6,2,4,0,1,2,3,0,2,2,1,0,3,0,0,4,1,-1,-9.0
2024,221,0,P006509   ,0.0,1.0,MIL,7,"TONUT, STEFANO",21:34,5,1,2,1,2,0,0,0,2,2,0,1,0,0,0,0,1,7,-8.0
2024,221,0,P008985   ,1.0,0.0,MIL,10,"BOLMARO, LEANDRO",22:34,4,2,4,0,1,0,0,0,2,2,2,0,1,1,0,0,1,6,-8.0
2024,221,0,P013384   ,0.0,1.0,MIL,12,"BROOKS, ARMONI",15:29,13,3,5,2,5,1,1,0,3,3,0,0,2,0,1,0,1,9,4.0
2024,221,0,P008987   ,1.0,0.0,MIL,16,"LEDAY, ZACH",27:40,17,7,9,0,1,3,3,0,2,2,0,1,3,0,0,4,8,18,-20.0
2024,221,0,P001518   ,0.0,0.0,MIL,17,"RICCI, GIAMPAOLO",16:47,3,0,0,1,1,0,0,0,3,3,1,1,1,0,0,4,0,3,-4.0
2024,221,0,P005670   ,0.0,1.0,MIL,21,"FLACCADORI, DIEGO",06:12,2,1,2,0,0,0,0,0,0,0,1,1,0,0,0,1,0,2,-2.0
2024,221,0,P013385   ,0.0,1.0,MIL,25,"DIOP, OUSMANE",06:12,0,0,0,0,0,0,0,1,0,1,0,0,1,0,0,0,0,0,-2.0
2024,221,0,P006721   ,0.0,1.0,MIL,30,"CARUSO, GUGLIELMO",16:09,0,0,0,0,0,0,0,2,0,2,1,0,0,1,0,3,3,4,-3.0
2024,221,0,P007831   ,1.0,0.0,MIL,31,"SHIELDS, SHAVON",24:31,12,2,5,2,3,2,2,0,2,2,0,2,3,0,0,0,2,11,-21.0
2024,221,0,P011941   ,1.0,0.0,MIL,55,"GILLESPIE, FREDDIE",13:12,0,0,0,0,0,0,0,1,0,1,0,0,2,1,0,3,0,-3,-5.0
2024,221,0,Team,0.0,0.0,MIL,,Team,,0,0,0,0,0,0,0,2,1,3,0,0,1,0,0,0,0,2,
2024,221,0,Total,,,MIL,,Total,200:00,70,21,36,6,15,10,11,6,17,23,8,6,18,3,1,21,20,65,
2024,222,1,P011231   ,0.0,0.0,MCO,4,"BLOSSOMGAME, JARON",20:35,4,1,1,0,0,2,2,0,2,2,1,1,0,0,0,4,2,6,22.0
2024,222,1,P013406   ,0.0,0.0,MCO,7,"FONDEUR-MASSAMBA, CLARENCE",DNP,0,0,0,0,0,0,0,0,0,0,0,0,0,0,0,0,0,0,0.0
2024,222,1,P005844   ,1.0,1.0,MCO,9,"PAPAGIANNIS, GEORGIOS",19:37,12,6,7,0,1,0,0,0,2,2,0,2,0,4,0,3,0,15,1.0
2024,222,1,P011226   ,1.0,1.0,MCO,11,"DIALLO, ALPHA",29:58,15,3,4,3,4,0,0,0,3,3,2,1,2,1,1,4,0,13,-7.0
2024,222,1,P004790   ,1.0,0.0,MCO,12,"CORNELIE, PETR",11:08,5,1,1,0,1,3,4,1,1,2,1,2,1,0,0,0,2,9,-9.0
2024,222,1,P002581   ,0.0,0.0,MCO,14,"JAITEH, MAM",12:30,10,4,5,0,0,2,2,0,5,5,1,0,0,1,0,2,1,15,9.0
2024,222,1,PLCZ      ,0.0,0.0,MCO,20,"MOTIEJUNAS, DONATAS",07:32,4,0,1,1,1,1,2,1,2,3,1,0,0,0,0,0,1,7,-3.0
2024,222,1,P012515   ,0.0,0.0,MCO,22,"TARPEY, TERRY",13:42,3,0,0,1,2,0,0,1,0,1,0,0,0,2,0,1,0,4,11.0
2024,222,1,P008161   ,0.0,0.0,MCO,23,"BEGARIN, JUHANN",00:21,0,0,0,0,0,0,0,0,0,0,0,0,0,0,0,0,0,0,0.0
2024,222,1,P008099   ,0.0,1.0,MCO,32,"STRAZEL, MATTHEW",21:30,12,2,3,2,5,2,2,0,2,2,6,2,2,0,0,1,4,19,7.0
2024,222,1,P001932   ,1.0,1.0,MCO,33,"CALATHES, NICK",31:06,8,4,6,0,3,0,0,1,6,7,7,1,2,0,0,2,2,16,5.0
2024,222,1,P005985   ,1.0,1.0,MCO,55,"JAMES, MIKE",32:01,19,3,6,2,7,7,10,0,3,3,6,0,4,0,0,1,5,17,-1.0
2024,222,1,Team,0.0,0.0,MCO,,Team,,0,0,0,0,0,0,0,1,0,1,0,0,0,0,0,0,0,1,
2024,222,1,Total,,,MCO,,Total,200:00,92,24,34,9,24,17,22,5,26,31,25,9,11,8,1,18,17,122,
2024,222,0,P011948   ,0.0,0.0,BAS,0,"HOWARD, MARKUS",08:35,3,0,1,1,4,0,0,1,0,1,0,0,0,0,2,1,1,-2,-16.0
2024,222,0,P008850   ,0.0,0.0,BAS,2,"RAIESTE, SANDER",DNP,0,0,0,0,0,0,0,0,0,0,0,0,0,0,0,0,0,0,0.0
2024,222,0,P007230   ,0.0,0.0,BAS,8,"SEDEKERSKIS, TADAS",09:39,4,2,3,0,0,0,0,0,0,0,0,0,0,0,0,0,0,3,-11.0
2024,222,0,P012080   ,1.0,1.0,BAS,9,"LUWAWU-CABARROT, TIMOTHE",24:31,10,1,4,2,5,2,2,2,0,2,3,1,4,0,1,4,1,2,7.0
2024,222,0,P004058   ,0.0,0.0,BAS,10,"JARAMAZ, OGNJEN",03:18,0,0,0,0,0,0,0,0,0,0,0,0,1,0,0,2,0,-3,-9.0
2024,222,0,P013367   ,1.0,1.0,BAS,11,"FORREST, TRENT",35:07,15,5,11,0,0,5,5,1,4,5,5,1,1,0,0,2,5,22,5.0
2024,222,0,P011085   ,0.0,1.0,BAS,17,"ROGKAVOPOULOS, NIKOLAOS",20:01,10,2,4,2,4,0,0,2,3,5,0,0,0,0,1,1,0,9,-11.0
2024,222,0,P008072   ,0.0,0.0,BAS,18,"DIOP, KHALIFA",DNP,0,0,0,0,0,0,0,0,0,0,0,0,0,0,0,0,0,0,0.0
2024,222,0,P012597   ,1.0,0.0,BAS,44,"BALDWIN, KAMAR",21:07,6,3,5,0,2,0,0,0,0,0,3,2,0,0,0,3,0,4,8.0
2024,222,0,P011196   ,0.0,0.0,BAS,45,"HALL, DONTA",24:00,13,5,7,0,0,3,3,4,3,7,0,0,0,1,0,2,2,19,-7.0
2024,222,0,P012201   ,1.0,1.0,BAS,95,"MONEKE, CHIMA",36:28,12,2,5,1,5,5,7,2,7,9,3,3,3,0,1,1,8,21,0.0
2024,222,0,P007579   ,1.0,1.0,BAS,99,"SAMANIC, LUKA",17:14,12,4,10,1,1,1,1,1,2,3,1,0,2,0,3,1,1,5,-1.0
2024,222,0,Team,0.0,0.0,BAS,,Team,,0,0,0,0,0,0,0,2,0,2,0,0,1,0,0,0,0,1,
2024,222,0,Total,,,BAS,,Total,200:00,85,24,50,7,21,16,18,15,19,34,15,7,12,1,8,17,18,81,
2024,223,1,P009862   ,1.0,0.0,BAR,0,"PUNTER, KEVIN",24:12,28,4,5,6,11,2,2,0,0,0,1,1,0,0,0,2,1,23,15.0
2024,223,1,P012795   ,0.0,1.0,BAR,1,"ANDERSON, JUSTIN",18:42,3,0,0,0,4,3,4,1,3,4,1,0,1,0,0,2,3,3,13.0
2024,223,1,P011666   ,0.0,1.0,BAR,2,"SARR, DAME",03:47,0,0,0,0,0,0,0,0,0,0,0,0,2,0,0,0,0,-2,0.0
2024,223,1,P009992   ,0.0,1.0,BAR,8,"BRIZUELA, DARIO",15:48,11,2,5,2,3,1,2,0,2,2,2,0,0,0,0,0,4,14,12.0
2024,223,1,P013379   ,0.0,0.0,BAR,10,"METU, CHIMEZIE",15:04,11,1,2,3,4,0,0,2,3,5,0,0,2,1,0,2,1,12,12.0
2024,223,1,P002939   ,1.0,0.0,BAR,13,"SATORANSKY, TOMAS",18:24,4,2,4,0,1,0,0,1,3,4,6,0,3,0,0,1,0,7,9.0
2024,223,1,P003196   ,0.0,0.0,BAR,14,"HERNANGOMEZ, WILLY",20:41,14,7,10,0,0,0,0,3,4,7,0,1,0,0,0,0,4,23,19.0
2024,223,1,P010106   ,0.0,0.0,BAR,17,"NUNEZ, JUAN",18:57,3,0,1,1,4,0,0,0,0,0,8,3,1,0,0,0,0,9,20.0
2024,223,1,P006568   ,1.0,1.0,BAR,19,"FALL, YOUSSOUPHA",16:56,5,2,2,0,0,1,1,2,4,6,0,0,0,0,0,1,2,12,11.0
2024,223,1,P003478   ,1.0,0.0,BAR,21,"ABRINES, ALEX",16:10,5,1,1,1,2,0,0,0,1,1,0,2,0,0,0,3,1,5,12.0
2024,223,1,P012745   ,1.0,0.0,BAR,22,"PARKER, JABARI",25:33,14,2,2,3,6,1,2,0,3,3,0,0,1,1,0,0,1,14,14.0
2024,223,1,P007464   ,0.0,1.0,BAR,44,"PARRA, JOEL",05:46,2,1,3,0,0,0,0,1,2,3,0,2,0,0,0,0,0,5,8.0
2024,223,1,Team,0.0,0.0,BAR,,Team,,0,0,0,0,0,0,0,2,1,3,0,0,2,0,0,0,0,1,
2024,223,1,Total,,,BAR,,Total,200:00,100,22,35,16,35,8,11,12,26,38,18,9,12,2,0,11,17,126,
2024,223,0,P011202   ,0.0,1.0,TEL,3,"SHAYOK, MARIAL",13:49,0,0,1,0,1,0,0,1,2,3,0,0,1,0,1,1,1,-1,-12.0
2024,223,0,P004233   ,0.0,1.0,TEL,8,"MENCO, RAFI",06:09,3,0,0,1,1,0,0,0,0,0,0,0,0,0,0,0,0,3,-8.0
2024,223,0,P011219   ,1.0,1.0,TEL,9,"SORKIN, ROMAN",27:41,12,6,9,0,2,0,0,2,4,6,0,2,0,0,0,3,0,12,-14.0
2024,223,0,P011433   ,0.0,1.0,TEL,10,"MAYER, OMER",08:27,0,0,1,0,2,0,0,0,1,1,1,0,3,0,0,0,0,-4,-7.0
2024,223,0,P013381   ,0.0,0.0,TEL,11,"RAYMAN, WILLIAM",08:13,0,0,0,0,0,0,0,0,1,1,0,0,0,0,0,1,1,1,-15.0
2024,223,0,P007990   ,0.0,0.0,TEL,12,"DIBARTOLOMEO, JOHN",18:24,9,0,0,3,4,0,0,1,1,2,0,1,1,0,0,3,0,7,-14.0
2024,223,0,P011214   ,1.0,0.0,TEL,14,"RIVERO, JASIEL",25:24,16,7,11,0,1,2,3,3,4,7,1,3,3,0,1,0,4,21,-20.0
2024,223,0,P005145   ,0.0,0.0,TEL,15,"COHEN, JAKE",06:27,0,0,1,0,0,0,0,0,0,0,1,0,0,0,0,2,1,-1,-7.0
2024,223,0,P013382   ,1.0,0.0,TEL,20,"RANDOLPH, LEVI",20:39,4,2,4,0,1,0,0,0,3,3,1,0,1,0,0,1,2,5,-10.0
2024,223,0,P007519   ,1.0,0.0,TEL,31,"JOKUBAITIS, ROKAS",23:31,14,6,9,0,3,2,2,1,2,3,3,0,5,0,0,2,2,9,-5.0
2024,223,0,P011193   ,1.0,0.0,TEL,45,"BLATT, TAMIR",24:34,6,0,2,2,9,0,0,0,0,0,7,0,2,0,0,2,0,0,-25.0
2024,223,0,P012604   ,0.0,1.0,TEL,50,"WILLIAMS, TREVION",16:42,7,2,3,1,4,0,0,0,3,3,3,0,2,0,0,2,0,5,-8.0
2024,223,0,Team,0.0,0.0,TEL,,Team,,0,0,0,0,0,0,0,4,0,4,0,0,0,0,0,0,0,4,
2024,223,0,Total,,,TEL,,Total,200:00,71,23,41,7,28,4,5,12,21,33,17,6,18,0,2,17,11,61,
2024,224,1,P012608   ,1.0,0.0,PRS,0,"SHORTS, TJ",26:57,15,7,12,0,0,1,2,1,3,4,9,2,0,0,1,3,6,26,2.0
2024,224,1,P012609   ,1.0,0.0,PRS,1,"MALCOLM, COLLIN",25:03,4,2,3,0,6,0,1,3,3,6,0,0,1,0,0,2,1,0,-5.0
2024,224,1,P012640   ,0.0,1.0,PRS,2,"HIFI, NADIR",22:02,19,4,6,3,8,2,2,1,2,3,1,0,3,0,2,2,4,13,-23.0
2024,224,1,P012610   ,1.0,0.0,PRS,3,"WARD, TYSON",26:57,10,2,2,2,6,0,0,0,1,1,2,1,0,0,0,1,1,10,2.0
2024,224,1,P013373   ,0.0,1.0,PRS,4,"CAVALIERE, LEOPOLD",07:52,0,0,0,0,1,0,0,1,1,2,0,0,0,0,0,1,0,0,-19.0
2024,224,1,P005793   ,0.0,1.0,PRS,5,"SY, BANDJA",13:59,0,0,0,0,2,0,0,0,1,1,0,0,0,1,0,0,0,0,-7.0
2024,224,1,P012611   ,0.0,1.0,PRS,7,"HERRERA, SEBASTIAN",01:48,0,0,0,0,1,0,0,0,0,0,0,0,1,0,0,0,0,-2,-1.0
2024,224,1,P004512   ,0.0,1.0,PRS,8,"KRATZER, LEON",09:24,0,0,0,0,0,0,0,1,3,4,0,1,1,0,0,1,1,4,-4.0
2024,224,1,P007032   ,0.0,0.0,PRS,12,"LO, MAODO",14:10,3,0,4,1,3,0,0,1,0,1,1,1,1,0,0,2,2,-1,-21.0
2024,224,1,P010390   ,1.0,0.0,PRS,13,"HAYES, KEVARRIUS",20:27,11,5,6,0,0,1,2,3,0,3,0,0,1,0,1,2,1,9,7.0
2024,224,1,P012613   ,1.0,0.0,PRS,20,"JANTUNEN, MIKAEL",20:06,5,1,1,1,7,0,0,2,2,4,0,0,0,0,1,4,1,-1,2.0
2024,224,1,P004197   ,0.0,0.0,PRS,24,"OUATTARA, YAKUBA",11:15,6,0,0,2,3,0,0,0,1,1,0,0,0,0,0,0,0,6,-18.0
2024,224,1,Team,0.0,0.0,PRS,,Team,,0,0,0,0,0,0,0,3,1,4,0,0,0,0,0,0,0,4,
2024,224,1,Total,,,PRS,,Total,200:00,73,21,34,9,37,4,7,16,18,34,13,5,8,1,5,18,17,68,
2024,224,0,P007982   ,1.0,1.0,OLY,1,"WILLIAMS-GOSS, NIGEL",35:53,14,3,7,2,2,2,2,0,6,6,3,1,0,0,0,3,1,18,24.0
2024,224,0,P011965   ,0.0,0.0,OLY,3,"MITROU-LONG, NAZ",00:03,0,0,0,0,0,0,0,0,0,0,0,0,0,0,0,0,0,0,0.0
2024,224,0,P010392   ,0.0,0.0,OLY,5,"LARENTZAKIS, GIANNOULIS",07:17,10,0,0,3,4,1,2,1,1,2,0,0,0,1,1,1,1,10,4.0
2024,224,0,P008811   ,1.0,0.0,OLY,10,"FALL, MOUSTAPHA",19:50,7,2,2,0,0,3,5,1,2,3,2,0,0,1,0,2,4,13,19.0
2024,224,0,P003469   ,1.0,1.0,OLY,14,"VEZENKOV, SASHA",30:00,23,4,5,3,5,6,6,0,6,6,2,0,1,0,0,0,3,30,15.0
2024,224,0,P001255   ,1.0,1.0,OLY,16,"PAPANIKOLAOU, KOSTAS",26:30,2,1,1,0,3,0,2,1,4,5,7,2,1,1,0,3,1,9,16.0
2024,224,0,P009849   ,0.0,0.0,OLY,22,"DORSEY, TYLER",DNP,0,0,0,0,0,0,0,0,0,0,0,0,0,0,0,0,0,0,0.0
2024,224,0,P008829   ,0.0,0.0,OLY,25,"PETERS, ALEC",09:57,5,2,3,0,0,1,1,0,0,0,0,0,0,0,0,2,3,5,2.0
2024,224,0,P013514   ,0.0,0.0,OLY,31,"MENSAH, NATHAN",DNP,0,0,0,0,0,0,0,0,0,0,0,0,0,0,0,0,0,0,0.0
2024,224,0,P003941   ,0.0,1.0,OLY,33,"MILUTINOV, NIKOLA",20:10,10,4,6,0,0,2,2,2,5,7,0,0,0,1,0,0,1,17,-2.0
2024,224,0,P007853   ,0.0,0.0,OLY,77,"MCKISSIC, SHAQUIELLE",20:04,1,0,1,0,3,1,2,1,0,1,3,0,2,0,0,4,1,-5,-7.0
2024,224,0,P013380   ,1.0,1.0,OLY,94,"FOURNIER, EVAN",30:16,18,4,5,3,10,1,2,0,2,2,2,0,3,1,0,2,3,12,14.0
2024,224,0,Team,0.0,0.0,OLY,,Team,,0,0,0,0,0,0,0,4,1,5,0,0,1,0,0,0,0,4,
2024,224,0,Total,,,OLY,,Total,200:00,90,20,30,11,27,17,24,10,27,37,19,3,8,5,1,17,18,113,
2024,225,1,P009549   ,1.0,1.0,VIR,0,"CORDINIER, ISAIA",30:29,13,4,8,1,1,2,2,0,5,5,4,0,3,0,0,3,2,14,-8.0
2024,225,1,P013695   ,0.0,1.0,VIR,1,"HOLIDAY, JUSTIN",10:05,0,0,0,0,1,0,0,0,0,0,0,0,0,0,0,0,0,-1,-5.0
2024,225,1,PBCN      ,0.0,0.0,VIR,3,"BELINELLI, MARCO",03:43,0,0,2,0,0,0,0,0,0,0,0,0,0,0,1,1,0,-4,-5.0
2024,225,1,P006739   ,1.0,0.0,VIR,6,"PAJOLA, ALESSANDRO",22:35,5,1,2,1,2,0,0,0,2,2,5,1,1,0,0,2,1,9,-7.0
2024,225,1,P001133   ,1.0,1.0,VIR,21,"SHENGELIA, TORNIKE",30:26,16,4,7,2,3,2,2,2,3,5,8,2,2,0,1,3,5,26,-6.0
2024,225,1,P001844   ,0.0,0.0,VIR,23,"HACKETT, DANIEL",17:31,7,0,1,2,3,1,2,0,2,2,1,0,2,0,0,1,4,8,-1.0
2024,225,1,P005738   ,0.0,0.0,VIR,24,"GRAZULIS, ANDREJS",16:01,8,4,5,0,2,0,0,0,0,0,0,1,0,0,0,2,0,4,6.0
2024,225,1,P012585   ,0.0,1.0,VIR,30,"MORGAN, MATTHEW",25:22,9,0,2,3,8,0,0,1,0,1,0,0,1,0,0,2,2,2,-3.0
2024,225,1,P002084   ,0.0,1.0,VIR,33,"POLONARA, ACHILLE",15:47,8,3,4,0,1,2,2,3,0,3,0,0,0,0,0,2,2,9,-8.0
2024,225,1,P013374   ,1.0,0.0,VIR,35,"DIOUF, MOUHAMET",16:18,2,1,1,0,0,0,0,1,2,3,0,2,1,1,0,2,0,5,-8.0
2024,225,1,P011816   ,0.0,0.0,VIR,45,"AKELE, NICOLA",DNP,0,0,0,0,0,0,0,0,0,0,0,0,0,0,0,0,0,0,0.0
2024,225,1,P012591   ,1.0,0.0,VIR,59,"TUCKER, RAYJON",11:43,3,0,1,0,3,3,4,1,1,2,0,1,0,0,0,1,2,2,-5.0
2024,225,1,Team,0.0,0.0,VIR,,Team,,0,0,0,0,0,0,0,2,2,4,0,0,0,0,0,0,0,4,
2024,225,1,Total,,,VIR,,Total,200:00,71,17,33,9,24,10,12,10,17,27,18,7,10,1,2,19,18,78,
2024,225,0,P007870   ,0.0,0.0,PAR,0,"DAVIES, BRANDON",20:34,11,2,5,1,2,4,6,1,1,2,1,1,2,1,0,2,6,12,1.0
2024,225,0,P010781   ,1.0,1.0,PAR,1,"LUNDBERG, IFFE",38:14,9,1,6,2,3,1,2,0,0,0,6,0,1,0,0,2,2,7,13.0
2024,225,0,P013369   ,1.0,0.0,PAR,2,"JONES, CARLIK",26:52,19,5,7,2,3,3,3,1,2,3,2,0,3,0,0,4,5,19,5.0
2024,225,0,P013370   ,0.0,0.0,PAR,4,"WASHINGTON, DUANE",DNP,0,0,0,0,0,0,0,0,0,0,0,0,0,0,0,0,0,0,0.0
2024,225,0,P011050   ,0.0,0.0,PAR,5,"KOPRIVICA, BALSA",DNP,0,0,0,0,0,0,0,0,0,0,0,0,0,0,0,0,0,0,0.0
2024,225,0,P007632   ,0.0,0.0,PAR,7,"NAKIC, MARIO",DNP,0,0,0,0,0,0,0,0,0,0,0,0,0,0,0,0,0,0,0.0
2024,225,0,P008232   ,0.0,0.0,PAR,11,"POKUSEVSKI, ALEKSEJ",02:17,0,0,0,0,0,0,0,0,0,0,0,0,1,0,0,1,0,-2,1.0
2024,225,0,P012720   ,1.0,1.0,PAR,12,"BROWN, STERLING",30:52,20,4,8,4,5,0,0,1,3,4,5,0,2,0,0,4,1,19,11.0
2024,225,0,P006760   ,1.0,1.0,PAR,17,"BONGA, ISAAC",32:45,8,1,3,2,3,0,0,0,5,5,1,0,0,0,0,2,1,10,5.0
2024,225,0,P007736   ,0.0,1.0,PAR,19,"LAKIC, ARIJAN",19:45,2,1,3,0,2,0,0,4,2,6,2,2,0,0,0,2,1,7,1.0
2024,225,0,P011836   ,0.0,0.0,PAR,24,"MIKE, ISIAHA",DNP,0,0,0,0,0,0,0,0,0,0,0,0,0,0,0,0,0,0,0.0
2024,225,0,P011981   ,1.0,1.0,PAR,88,"JONES, TYRIQUE",28:41,12,5,9,0,0,2,3,4,8,12,1,1,3,1,1,1,3,20,13.0
2024,225,0,Team,0.0,0.0,PAR,,Team,,0,0,0,0,0,0,0,2,0,2,0,0,0,0,0,0,0,2,
2024,225,0,Total,,,PAR,,Total,200:00,81,19,41,11,18,10,14,13,21,34,18,4,12,2,1,18,19,94,
2024,226,1,P005216   ,0.0,0.0,ULK,0,"MCCOLLUM, ERRICK",16:09,19,4,5,3,5,2,2,1,1,2,3,0,1,0,0,1,3,22,-1.0
2024,226,1,P002849   ,0.0,1.0,ULK,4,"MELLI, NICOLO",19:58,3,0,0,1,2,0,0,1,5,6,2,1,0,0,0,3,2,10,8.0
2024,226,1,P002968   ,1.0,0.0,ULK,5,"SANLI, SERTAC",14:02,0,0,1,0,1,0,0,1,0,1,1,2,1,2,0,4,0,-1,1.0
2024,226,1,P008962   ,1.0,0.0,ULK,11,"HAYES-DAVIS, NIGEL",31:32,20,5,9,3,7,1,1,3,4,7,2,1,0,1,1,0,1,23,17.0
2024,226,1,P006961   ,0.0,1.0,ULK,13,"BIBEROVIC, TARIK",25:25,7,2,2,1,4,0,0,0,2,2,4,0,2,0,0,3,1,6,9.0
2024,226,1,P011205   ,0.0,0.0,ULK,20,"HALL, DEVON",19:26,6,0,1,2,4,0,0,0,0,0,6,0,2,0,0,0,1,8,12.0
2024,226,1,P010560   ,0.0,1.0,ULK,21,"PIERRE, DYSHAWN",09:36,4,2,2,0,0,0,0,0,0,0,0,0,1,0,0,0,1,4,-3.0
2024,226,1,P004004   ,1.0,0.0,ULK,23,"GUDURIC, MARKO",18:58,10,2,3,2,5,0,0,0,4,4,4,1,1,0,0,2,3,15,12.0
2024,226,1,P008104   ,1.0,1.0,ULK,32,"ZAGARS, ARTURS",08:45,5,1,1,1,3,0,0,0,0,0,0,0,2,0,0,1,2,2,-7.0
2024,226,1,P013696   ,0.0,1.0,ULK,44,"BANGO, JILSON",02:48,0,0,0,0,0,0,0,0,0,0,0,0,0,0,0,0,0,0,-9.0
2024,226,1,P009783   ,1.0,0.0,ULK,50,"COLSON, BONZIE",23:11,4,2,4,0,3,0,2,2,3,5,0,0,1,0,0,0,3,4,16.0
2024,226,1,P007182   ,0.0,0.0,ULK,92,"BIRCH, KHEM",10:10,0,0,0,0,0,0,0,0,0,0,1,0,0,1,0,3,0,-1,0.0
2024,226,1,Team,0.0,0.0,ULK,,Team,,0,0,0,0,0,0,0,2,0,2,0,0,1,0,0,0,0,1,
2024,226,1,Total,,,ULK,,Total,200:00,78,18,28,13,34,3,5,10,19,29,23,5,12,4,1,17,17,93,
2024,226,0,P013666   ,1.0,0.0,MAD,4,"SMITH JR, DENNIS",14:44,6,2,5,0,2,2,2,0,1,1,1,0,2,0,0,1,1,1,-1.0
2024,226,0,P003733   ,1.0,0.0,MAD,6,"ABALDE, ALBERTO",24:11,6,3,3,0,3,0,0,0,6,6,1,1,2,0,0,1,1,9,-8.0
2024,226,0,P005928   ,1.0,0.0,MAD,7,"CAMPAZZO, FACUNDO",23:41,11,3,6,1,4,2,2,2,0,2,3,2,1,0,1,2,4,12,-9.0
2024,226,0,P013378   ,0.0,1.0,MAD,8,"RATHAN-MAYES, XAVIER",11:45,3,0,1,1,4,0,0,0,0,0,0,0,1,0,1,1,0,-4,0.0
2024,226,0,P011649   ,0.0,1.0,MAD,9,"GONZALEZ, HUGO",16:24,2,1,4,0,1,0,0,1,0,1,1,0,1,0,1,0,0,-2,-6.0
2024,226,0,P007630   ,0.0,1.0,MAD,16,"GARUBA, USMAN",19:21,5,1,5,1,2,0,0,2,2,4,1,2,2,0,1,2,1,3,-12.0
2024,226,0,P003583   ,0.0,1.0,MAD,18,"IBAKA, SERGE",15:56,6,3,4,0,1,0,0,3,2,5,0,0,1,0,0,1,0,7,-6.0
2024,226,0,P013667   ,1.0,0.0,MAD,20,"FERNANDO, BRUNO",22:45,5,2,4,0,0,1,2,2,0,2,1,1,2,0,0,5,3,2,-4.0
2024,226,0,P005791   ,1.0,0.0,MAD,22,"TAVARES, WALTER",21:58,7,3,4,0,0,1,1,1,4,5,0,0,1,1,0,2,3,12,0.0
2024,226,0,PTGB      ,0.0,0.0,MAD,23,"LLULL, SERGIO",09:20,7,0,1,2,2,1,2,0,1,1,0,0,2,0,0,1,1,4,1.0
2024,226,0,P011247   ,0.0,1.0,MAD,24,"FELIZ, ANDRES",18:44,9,3,5,1,3,0,0,0,2,2,2,1,0,0,0,1,3,12,-2.0
2024,226,0,P009213   ,0.0,0.0,MAD,30,"NDIAYE, ELI",01:11,0,0,0,0,0,0,0,0,0,0,0,0,0,0,0,0,0,0,-8.0
2024,226,0,Team,0.0,0.0,MAD,,Team,,0,0,0,0,0,0,0,6,4,10,0,0,1,0,0,0,0,9,
2024,226,0,Total,,,MAD,,Total,200:00,67,21,42,6,22,7,9,17,22,39,10,7,16,1,4,17,17,65,
2024,227,1,P012099   ,0.0,0.0,BER,2,"GROSBER, DORIAN",DNP,0,0,0,0,0,0,0,0,0,0,0,0,0,0,0,0,0,0,0.0
2024,227,1,P008173   ,0.0,0.0,BER,3,"SPAGNOLO, MATTEO",21:26,15,6,6,1,3,0,0,0,2,2,4,0,4,0,0,1,2,16,-11.0
2024,227,1,P008211   ,1.0,0.0,BER,6,"DELOW, MALTE",23:40,9,3,6,1,2,0,0,2,1,3,3,1,4,0,0,5,3,6,4.0
2024,227,1,P008062   ,1.0,1.0,BER,7,"MCDOWELL-WHITE, WILL",22:24,3,0,1,1,3,0,0,0,2,2,5,0,1,1,0,2,1,6,-1.0
2024,227,1,P012100   ,0.0,0.0,BER,8,"NUFER, ANTON",DNP,0,0,0,0,0,0,0,0,0,0,0,0,0,0,0,0,0,0,0.0
2024,227,1,P007025   ,0.0,0.0,BER,9,"MATTISSECK, JONAS",12:17,0,0,1,0,1,0,0,0,0,0,2,1,0,0,0,2,2,1,-1.0
2024,227,1,P006251   ,1.0,1.0,BER,10,"SCHNEIDER, TIM",28:14,2,1,3,0,6,0,0,1,4,5,0,0,2,0,0,2,1,-4,2.0
2024,227,1,P008967   ,1.0,1.0,BER,11,"THOMAS, MATT",30:17,15,0,1,4,8,3,3,0,0,0,1,0,3,0,1,1,3,9,-4.0
2024,227,1,P006919   ,0.0,1.0,BER,19,"OLINDE, LOUIS",15:53,3,0,1,1,1,0,0,1,1,2,1,0,0,1,0,2,1,5,-12.0
2024,227,1,P011631   ,0.0,1.0,BER,25,"RAPIEQUE, ELIAS",26:40,6,2,6,0,1,2,3,3,3,6,5,0,2,0,1,3,2,7,0.0
2024,227,1,P013386   ,1.0,0.0,BER,33,"McCORMACK, DAVID",19:09,18,8,9,0,0,2,2,2,9,11,0,1,4,0,0,5,2,22,-7.0
2024,227,1,Team,0.0,0.0,BER,,Team,,0,0,0,0,0,0,0,1,4,5,0,0,1,0,0,0,0,4,
2024,227,1,Total,,,BER,,Total,200:00,71,20,34,8,25,7,8,10,26,36,21,3,21,2,2,23,17,72,
2024,227,0,P009048   ,1.0,1.0,RED,0,"MILLER-MCINTYRE, CODI",21:35,4,0,4,1,3,1,2,0,2,2,3,0,3,0,1,2,1,-3,1.0
2024,227,0,P010588   ,1.0,1.0,RED,1,"BROWN III, JOHN",17:45,2,1,2,0,0,0,0,2,1,3,0,2,0,0,0,1,1,6,7.0
2024,227,0,P010612   ,0.0,0.0,RED,3,"CANAAN, ISAIAH",16:50,11,1,3,3,5,0,0,1,0,1,0,0,1,0,0,1,1,7,-1.0
2024,227,0,P007960   ,0.0,0.0,RED,7,"DAVIDOVAC, DEJAN",06:47,0,0,0,0,0,0,0,0,1,1,1,1,0,0,0,1,0,2,4.0
2024,227,0,P002553   ,0.0,0.0,RED,9,"MITROVIC, LUKA",05:13,2,1,1,0,0,0,0,0,1,1,0,0,0,0,0,1,0,2,5.0
2024,227,0,P004866   ,1.0,1.0,RED,12,"KALINIC, NIKOLA",21:12,8,3,5,0,3,2,4,1,1,2,4,1,0,0,0,1,2,9,0.0
2024,227,0,P004007   ,1.0,0.0,RED,13,"DOBRIC, OGNJEN",18:52,9,1,1,2,4,1,2,0,1,1,0,3,2,1,0,3,1,7,-2.0
2024,227,0,P009035   ,0.0,1.0,RED,21,"BOLOMBOY, JOEL",18:49,5,0,2,0,0,5,6,5,2,7,0,2,0,1,0,1,5,16,-1.0
2024,227,0,P011194   ,1.0,0.0,RED,30,"PETRUSEV, FILIP",25:50,17,5,10,0,1,7,10,1,3,4,2,2,3,0,1,3,7,16,-2.0
2024,227,0,P006436   ,0.0,1.0,RED,31,"GIEDRAITIS, ROKAS",10:26,6,2,2,0,2,2,2,1,2,3,1,1,0,0,0,0,1,10,6.0
2024,227,0,P000848   ,0.0,0.0,RED,36,"NEDOVIC, NEMANJA",17:48,5,0,0,1,3,2,2,1,1,2,4,0,1,0,0,3,2,7,8.0
2024,227,0,P012044   ,0.0,0.0,RED,99,"DOS SANTOS, YAGO",18:53,8,2,6,1,2,1,1,0,1,1,5,1,0,0,0,1,2,11,5.0
2024,227,0,Team,0.0,0.0,RED,,Team,,0,0,0,0,0,0,0,0,4,4,0,0,1,0,0,0,0,3,
2024,227,0,Total,,,RED,,Total,200:00,77,16,36,8,23,21,29,12,20,32,20,13,11,2,2,18,23,93,
2024,228,1,P012181   ,0.0,0.0,ZAL,0,"JUZENAS, MANTAS",DNP,0,0,0,0,0,0,0,0,0,0,0,0,0,0,0,0,0,0,0.0
2024,228,1,P013403   ,0.0,0.0,ZAL,1,"WALKER IV, LONNIE",27:10,22,4,6,3,11,5,5,2,5,7,2,3,0,0,0,3,4,25,-1.0
2024,228,1,P007975   ,1.0,0.0,ZAL,3,"FRANCISCO, SYLVAIN",30:27,29,5,8,5,11,4,4,0,2,2,4,0,3,0,0,2,6,27,-2.0
2024,228,1,P003210   ,0.0,0.0,ZAL,4,"LEKAVICIUS, LUKAS",03:21,0,0,0,0,1,0,0,0,0,0,0,0,1,0,0,1,0,-3,-7.0
2024,228,1,P011983   ,1.0,0.0,ZAL,8,"BRAZDEIKIS, IGNAS",21:26,2,0,3,0,0,2,2,0,3,3,1,0,1,0,1,5,2,-2,3.0
2024,228,1,P005504   ,1.0,1.0,ZAL,15,"BIRUTIS, LAURYNAS",09:59,2,1,4,0,0,0,0,0,1,1,0,0,1,0,1,2,0,-4,-1.0
2024,228,1,P011051   ,0.0,1.0,ZAL,18,"SMAILAGIC, ALEN",22:02,6,1,3,0,3,4,4,3,0,3,0,0,1,1,1,3,3,3,-4.0
2024,228,1,P012622   ,0.0,0.0,ZAL,21,"MITCHELL, MATTHEW",02:49,0,0,0,0,0,0,0,0,0,0,0,0,0,0,0,1,0,-1,-7.0
2024,228,1,P003048   ,0.0,1.0,ZAL,42,"DUNSTON, BRYANT",07:39,2,1,1,0,0,0,0,1,0,1,0,0,0,0,0,4,1,0,1.0
2024,228,1,P002676   ,1.0,1.0,ZAL,51,"BUTKEVICIUS, ARNAS",30:49,3,0,1,1,3,0,0,0,2,2,2,2,0,0,1,2,2,5,7.0
2024,228,1,P007029   ,0.0,0.0,ZAL,91,"SIRVYDIS, DEIVIDAS",24:26,17,2,4,3,5,4,5,1,0,1,1,0,0,0,0,3,2,13,2.0
2024,228,1,P002329   ,1.0,1.0,ZAL,92,"ULANOVAS, EDGARAS",19:52,4,1,1,0,0,2,2,0,4,4,2,0,2,0,0,3,2,7,-1.0
2024,228,1,Team,0.0,0.0,ZAL,,Team,,0,0,0,0,0,0,0,3,3,6,0,0,0,0,0,0,0,6,
2024,228,1,Total,,,ZAL,,Total,200:00,87,15,31,12,34,21,22,10,20,30,12,5,9,1,4,29,22,76,
2024,228,0,P006085   ,0.0,0.0,MIL,1,"DIMITRIJEVIC, NENO",14:50,4,2,4,0,3,0,0,0,3,3,5,1,0,0,0,0,2,10,0.0
2024,228,0,P011064   ,1.0,1.0,MIL,2,"MANNION, NICCOLO",25:10,21,6,7,2,5,3,3,1,6,7,6,0,5,1,0,2,3,27,2.0
2024,228,0,P006509   ,0.0,1.0,MIL,7,"TONUT, STEFANO",24:01,6,1,1,1,1,1,2,0,0,0,1,0,1,0,0,4,1,2,-4.0
2024,228,0,P008985   ,1.0,1.0,MIL,10,"BOLMARO, LEANDRO",19:30,5,1,1,0,0,3,6,1,2,3,1,1,0,0,0,4,5,8,16.0
2024,228,0,P013384   ,0.0,0.0,MIL,12,"BROOKS, ARMONI",07:56,5,0,1,1,1,2,2,0,1,1,0,1,1,0,0,2,3,6,-3.0
2024,228,0,P008987   ,1.0,1.0,MIL,16,"LEDAY, ZACH",32:50,26,5,9,1,2,13,13,0,5,5,0,1,1,0,0,1,11,36,4.0
2024,228,0,P001518   ,0.0,0.0,MIL,17,"RICCI, GIAMPAOLO",09:57,0,0,0,0,1,0,0,0,1,1,0,0,0,0,0,1,0,-1,1.0
2024,228,0,P005670   ,0.0,0.0,MIL,21,"FLACCADORI, DIEGO",DNP,0,0,0,0,0,0,0,0,0,0,0,0,0,0,0,0,0,0,0.0
2024,228,0,P013385   ,0.0,0.0,MIL,25,"DIOP, OUSMANE",05:28,2,1,1,0,0,0,0,0,0,0,0,1,0,0,0,2,0,1,-2.0
2024,228,0,P006721   ,0.0,0.0,MIL,30,"CARUSO, GUGLIELMO",01:12,0,0,0,0,0,0,0,0,0,0,0,0,1,0,0,1,0,-2,1.0
2024,228,0,P007831   ,1.0,1.0,MIL,31,"SHIELDS, SHAVON",30:47,17,6,9,1,4,2,4,0,4,4,4,0,3,0,1,3,2,12,-7.0
2024,228,0,P011941   ,1.0,0.0,MIL,55,"GILLESPIE, FREDDIE",28:19,3,1,1,0,0,1,2,2,5,7,1,1,0,3,0,2,2,14,2.0
2024,228,0,Team,0.0,0.0,MIL,,Team,,0,0,0,0,0,0,0,1,1,2,0,0,0,0,0,0,0,2,
2024,228,0,Total,,,MIL,,Total,200:00,89,23,34,6,17,25,32,5,28,33,18,6,12,4,1,22,29,115,
2024,229,1,P011209   ,1.0,0.0,PAN,0,"KALAITZAKIS, PANAGIOTIS",01:27,0,0,0,0,0,0,0,1,0,1,0,0,1,0,0,0,0,0,0.0
2024,229,1,P009622   ,0.0,0.0,PAN,2,"BROWN, LORENZO",04:07,0,0,1,0,1,0,0,0,0,0,0,0,1,0,0,0,0,-3,0.0
2024,229,1,P006544   ,0.0,0.0,PAN,6,"MORAITIS, DIMITRIS",DNP,0,0,0,0,0,0,0,0,0,0,0,0,0,0,0,0,0,0,0.0
2024,229,1,P001926   ,0.0,0.0,PAN,10,"SLOUKAS, KOSTAS",26:20,13,2,2,2,4,3,3,0,2,2,9,1,0,0,0,2,4,25,15.0
2024,229,1,P004088   ,0.0,1.0,PAN,16,"OSMAN, CEDI",25:09,20,4,5,4,8,0,1,2,3,5,2,0,0,0,1,2,3,21,12.0
2024,229,1,P011442   ,0.0,0.0,PAN,20,"SAMODUROV, ALEXANDROS",DNP,0,0,0,0,0,0,0,0,0,0,0,0,0,0,0,0,0,0,0.0
2024,229,1,P005161   ,0.0,0.0,PAN,21,"PAPAPETROU, IOANNIS",04:23,2,1,1,0,0,0,2,0,1,1,1,1,0,0,0,1,1,3,2.0
2024,229,1,P011204   ,1.0,1.0,PAN,22,"GRANT, JERIAN",29:42,9,3,3,1,3,0,0,0,0,0,4,2,1,0,0,2,0,10,1.0
2024,229,1,P012774   ,1.0,1.0,PAN,25,"NUNN, KENDRICK",33:15,36,7,10,5,11,7,7,2,2,4,2,2,2,0,0,0,4,37,17.0
2024,229,1,P013383   ,1.0,0.0,PAN,32,"GABRIEL, WENYEN",22:56,6,3,3,0,0,0,0,3,1,4,1,0,2,0,0,4,3,8,14.0
2024,229,1,P012712   ,1.0,1.0,PAN,41,"HERNANGOMEZ, JUANCHO",33:09,14,2,6,3,5,1,2,0,8,8,1,2,1,0,1,2,4,18,10.0
2024,229,1,P007866   ,0.0,1.0,PAN,44,"MITOGLOU, KONSTANTINOS",19:32,4,2,4,0,1,0,0,2,1,3,0,1,1,0,0,4,0,0,4.0
2024,229,1,Team,0.0,0.0,PAN,,Team,,0,0,0,0,0,0,0,0,1,1,0,0,1,0,0,0,0,0,
2024,229,1,Total,,,PAN,,Total,200:00,104,24,35,15,33,11,15,10,19,29,20,9,10,0,2,17,19,119,
2024,229,0,P006590   ,0.0,1.0,IST,1,"BEAUBOIS, RODRIGUE",19:39,13,2,4,2,3,3,3,0,1,1,1,1,3,0,0,2,1,9,-14.0
2024,229,0,P013363   ,0.0,1.0,IST,3,"NWORA, JORDAN",30:50,13,2,4,3,6,0,0,0,6,6,3,1,0,1,0,2,2,19,-5.0
2024,229,0,P009846   ,1.0,1.0,IST,6,"BRYANT, ELIJAH",29:58,9,3,8,1,2,0,0,0,1,1,4,1,4,0,0,4,2,3,-18.0
2024,229,0,P007109   ,1.0,1.0,IST,11,"SMITS, ROLANDS",15:53,9,3,4,0,0,3,3,1,2,3,1,0,0,0,0,0,3,15,-14.0
2024,229,0,P011078   ,1.0,1.0,IST,13,"THOMPSON, DARIUS",27:19,14,1,1,3,5,3,4,0,0,0,4,0,1,0,0,3,2,13,-14.0
2024,229,0,P012742   ,0.0,0.0,IST,15,"DOZIER JR, PERRY",11:48,3,0,0,1,1,0,0,0,3,3,2,0,4,0,0,1,2,5,2.0
2024,229,0,P004887   ,1.0,0.0,IST,17,"POIRIER, VINCENT",13:00,8,3,4,0,0,2,2,0,2,2,1,0,2,0,0,3,1,6,-5.0
2024,229,0,P006640   ,0.0,0.0,IST,18,"OZDEMIROGLU, DOGUS",DNP,0,0,0,0,0,0,0,0,0,0,0,0,0,0,0,0,0,0,0.0
2024,229,0,P012710   ,0.0,0.0,IST,24,"OSMANI, ERCAN",20:34,7,2,2,1,4,0,0,0,2,2,3,0,1,0,0,2,0,6,-10.0
2024,229,0,P012788   ,0.0,0.0,IST,25,"OTURU, DAN",23:34,11,5,6,0,0,1,2,1,2,3,2,1,1,1,0,1,3,17,1.0
2024,229,0,P006372   ,0.0,0.0,IST,33,"YILMAZ, ERKAN",DNP,0,0,0,0,0,0,0,0,0,0,0,0,0,0,0,0,0,0,0.0
2024,229,0,P009664   ,1.0,0.0,IST,35,"WILLIS, DEREK",07:25,2,1,2,0,0,0,0,0,0,0,0,1,0,0,0,2,0,0,2.0
2024,229,0,Team,0.0,0.0,IST,,Team,,0,0,0,0,0,0,0,2,1,3,0,0,1,0,0,0,0,2,
2024,229,0,Total,,,IST,,Total,200:00,89,22,35,11,21,12,14,4,20,24,21,5,17,2,0,20,16,95,
2024,230,1,P010391   ,1.0,1.0,MUN,0,"WEILER-BABB, NICK",26:35,7,2,2,1,3,0,0,3,4,7,3,3,2,0,0,3,2,15,22.0
2024,230,1,P011244   ,1.0,0.0,MUN,1,"DA SILVA, OSCAR",14:48,6,3,4,0,1,0,0,2,2,4,0,0,2,0,0,3,0,3,-3.0
2024,230,1,P011987   ,1.0,1.0,MUN,3,"EDWARDS, CARSEN",27:48,14,2,8,1,5,7,8,0,1,1,6,1,4,0,2,2,7,10,2.0
2024,230,1,P001557   ,0.0,1.0,MUN,5,"GIFFEY, NIELS",17:24,6,3,5,0,1,0,0,1,1,2,1,0,0,2,0,2,1,7,12.0
2024,230,1,P007201   ,1.0,1.0,MUN,7,"VOIGTMANN, JOHANNES",31:00,6,1,2,1,2,1,2,0,3,3,2,3,1,0,0,2,2,10,9.0
2024,230,1,P011224   ,0.0,0.0,MUN,8,"NAPIER, SHABAZZ",11:12,0,0,2,0,0,0,0,0,2,2,1,0,0,0,0,2,1,0,-8.0
2024,230,1,P012123   ,0.0,0.0,MUN,10,"KHARCHENKOV, IVAN",DNP,0,0,0,0,0,0,0,0,0,0,0,0,0,0,0,0,0,0,0.0
2024,230,1,P001288   ,1.0,0.0,MUN,11,"LUCIC, VLADIMIR",25:15,10,1,1,2,4,2,2,2,6,8,2,1,1,0,0,5,2,15,11.0
2024,230,1,P004508   ,0.0,1.0,MUN,13,"OBST, ANDREAS",24:04,15,0,2,5,13,0,0,0,3,3,1,0,2,0,0,0,1,8,-8.0
2024,230,1,P007929   ,0.0,0.0,MUN,17,"BITIM, ONURALP",DNP,0,0,0,0,0,0,0,0,0,0,0,0,0,0,0,0,0,0,0.0
2024,230,1,P005460   ,0.0,0.0,MUN,20,"HARRIS, ELIAS",08:52,4,2,2,0,0,0,0,1,1,2,1,0,0,0,0,0,0,7,7.0
2024,230,1,P007639   ,0.0,0.0,MUN,22,"BRANKOVIC, DANKO",13:02,8,4,4,0,1,0,0,1,5,6,0,0,1,3,0,2,1,14,1.0
2024,230,1,Team,0.0,0.0,MUN,,Team,,0,0,0,0,0,0,0,1,2,3,0,0,0,0,0,0,0,3,
2024,230,1,Total,,,MUN,,Total,200:00,76,18,32,10,30,10,12,11,30,41,17,8,13,5,2,21,17,92,
2024,230,0,P013371   ,1.0,0.0,ASV,1,"HARRISON, SHAQUILLE",12:04,2,1,3,0,0,0,1,1,2,3,1,0,1,0,1,3,2,0,1.0
2024,230,0,P011225   ,0.0,1.0,ASV,3,"LEE, PARIS",26:45,14,1,3,4,10,0,0,0,1,1,3,0,1,0,1,1,4,11,-6.0
2024,230,0,P007027   ,1.0,1.0,ASV,6,"MALEDON, THEO",20:20,7,1,2,1,4,2,2,1,0,1,2,1,5,0,0,1,2,3,-11.0
2024,230,0,P004194   ,1.0,1.0,ASV,7,"LAUVERGNE, JOFFREY",19:11,12,3,5,1,1,3,4,1,5,6,0,1,0,0,0,2,2,16,-1.0
2024,230,0,P010316   ,0.0,0.0,ASV,8,"AJINCA, MELVIN",00:07,0,0,0,0,0,0,0,0,0,0,0,0,0,0,0,0,0,0,3.0
2024,230,0,P000229   ,0.0,0.0,ASV,11,"JACKSON, EDWIN",17:49,0,0,2,0,1,0,0,1,1,2,2,0,0,0,1,3,2,-1,-9.0
2024,230,0,P002100   ,0.0,0.0,ASV,12,"DE COLO, NANDO",16:56,9,1,1,2,7,1,2,0,2,2,2,0,2,0,1,1,3,6,-11.0
2024,230,0,P010545   ,0.0,0.0,ASV,13,"SAKO, NEAL",21:28,10,2,2,0,0,6,8,3,3,6,1,0,1,1,0,3,4,16,9.0
2024,230,0,P013405   ,1.0,1.0,ASV,21,"ROBERSON, ANDRE",26:52,8,2,3,1,3,1,2,2,5,7,1,0,2,1,1,1,1,10,-5.0
2024,230,0,P003526   ,1.0,1.0,ASV,23,"LIGHTY, DAVID",24:53,5,1,3,1,5,0,1,0,1,1,2,0,0,0,0,2,1,0,4.0
2024,230,0,P008991   ,0.0,0.0,ASV,28,"BLACK, TARIK",03:27,0,0,0,0,0,0,0,0,0,0,0,1,0,0,0,0,0,1,-4.0
2024,230,0,P009818   ,0.0,0.0,ASV,50,"BENTIL, BENJAMIN",10:08,0,0,1,0,2,0,0,1,2,3,0,0,0,0,0,0,0,0,-15.0
2024,230,0,Team,0.0,0.0,ASV,,Team,,0,0,0,0,0,0,0,0,0,0,0,0,0,0,0,0,0,0,
2024,230,0,Total,,,ASV,,Total,200:00,67,12,25,10,33,13,20,10,22,32,14,3,12,2,5,17,21,62,
2024,231,1,P011231   ,1.0,1.0,MCO,4,"BLOSSOMGAME, JARON",17:16,2,1,1,0,2,0,0,0,3,3,0,1,0,0,0,1,1,4,-9.0
2024,231,1,P005844   ,0.0,0.0,MCO,9,"PAPAGIANNIS, GEORGIOS",15:13,8,3,4,0,1,2,2,2,2,4,1,1,2,2,0,3,1,10,-8.0
2024,231,1,P011226   ,1.0,1.0,MCO,11,"DIALLO, ALPHA",32:12,12,4,8,1,4,1,2,2,4,6,0,0,0,1,1,2,2,10,-14.0
2024,231,1,P004790   ,0.0,0.0,MCO,12,"CORNELIE, PETR",11:36,4,1,1,0,1,2,2,1,0,1,1,0,0,0,0,2,1,4,-4.0
2024,231,1,P002581   ,0.0,0.0,MCO,14,"JAITEH, MAM",12:58,6,3,4,0,0,0,0,0,2,2,0,0,0,0,0,2,1,6,-3.0
2024,231,1,PLCZ      ,1.0,0.0,MCO,20,"MOTIEJUNAS, DONATAS",07:39,2,0,0,0,1,2,2,0,0,0,2,0,0,0,0,0,1,4,-2.0
2024,231,1,P012515   ,0.0,1.0,MCO,22,"TARPEY, TERRY",07:25,0,0,0,0,1,0,0,1,0,1,0,1,0,0,0,0,1,2,-9.0
2024,231,1,P008161   ,0.0,0.0,MCO,23,"BEGARIN, JUHANN",04:19,0,0,0,0,1,0,0,0,3,3,0,0,0,0,0,1,0,1,-1.0
2024,231,1,P008099   ,0.0,1.0,MCO,32,"STRAZEL, MATTHEW",29:00,8,0,2,2,5,2,3,0,1,1,3,0,2,0,1,2,3,4,-15.0
2024,231,1,P001932   ,1.0,0.0,MCO,33,"CALATHES, NICK",29:19,14,4,4,2,6,0,0,1,5,6,6,1,6,0,0,5,1,13,-8.0
2024,231,1,P005985   ,1.0,1.0,MCO,55,"JAMES, MIKE",33:03,13,0,7,3,6,4,4,0,1,1,6,1,0,0,0,2,4,13,-12.0
2024,231,1,Team,0.0,0.0,MCO,,Team,,0,0,0,0,0,0,0,4,0,4,0,0,3,0,0,0,0,1,
2024,231,1,Total,,,MCO,,Total,200:00,69,16,31,8,28,13,15,11,21,32,19,5,13,3,2,20,16,72,
2024,231,0,P007870   ,1.0,0.0,PAR,0,"DAVIES, BRANDON",16:16,15,6,9,1,1,0,1,2,3,5,0,0,1,1,0,3,2,15,3.0
2024,231,0,P010781   ,0.0,1.0,PAR,1,"LUNDBERG, IFFE",27:31,11,1,3,2,3,3,5,1,5,6,3,1,0,0,0,3,3,16,16.0
2024,231,0,P013369   ,1.0,0.0,PAR,2,"JONES, CARLIK",28:43,4,2,7,0,1,0,1,0,1,1,6,1,2,0,0,2,3,4,5.0
2024,231,0,P013370   ,1.0,1.0,PAR,4,"WASHINGTON, DUANE",20:56,11,3,8,1,3,2,2,1,4,5,0,1,2,0,2,4,2,4,7.0
2024,231,0,P011050   ,0.0,0.0,PAR,5,"KOPRIVICA, BALSA",DNP,0,0,0,0,0,0,0,0,0,0,0,0,0,0,0,0,0,0,0.0
2024,231,0,P007632   ,0.0,0.0,PAR,7,"NAKIC, MARIO",DNP,0,0,0,0,0,0,0,0,0,0,0,0,0,0,0,0,0,0,0.0
2024,231,0,P008232   ,1.0,0.0,PAR,11,"POKUSEVSKI, ALEKSEJ",13:33,0,0,0,0,2,0,0,1,2,3,3,0,0,0,0,1,0,3,3.0
2024,231,0,P012720   ,1.0,0.0,PAR,12,"BROWN, STERLING",29:28,18,5,7,2,3,2,2,0,2,2,2,3,2,0,1,0,1,20,10.0
2024,231,0,P006760   ,0.0,1.0,PAR,17,"BONGA, ISAAC",26:27,10,0,1,2,3,4,4,1,3,4,1,0,0,0,0,2,3,14,14.0
2024,231,0,P007736   ,0.0,1.0,PAR,19,"LAKIC, ARIJAN",13:22,0,0,0,0,0,0,0,0,1,1,0,0,0,0,0,0,0,1,13.0
2024,231,0,P011836   ,0.0,0.0,PAR,24,"MIKE, ISIAHA",DNP,0,0,0,0,0,0,0,0,0,0,0,0,0,0,0,0,0,0,0.0
2024,231,0,P011981   ,0.0,1.0,PAR,88,"JONES, TYRIQUE",23:44,17,6,9,0,0,5,5,3,4,7,2,1,3,1,0,1,5,26,14.0
2024,231,0,Team,0.0,0.0,PAR,,Team,,0,0,0,0,0,0,0,1,0,1,0,0,0,0,0,0,0,1,
2024,231,0,Total,,,PAR,,Total,200:00,86,23,44,8,16,16,20,10,25,35,17,7,10,2,3,16,19,104,
2024,232,1,P011948   ,0.0,1.0,BAS,0,"HOWARD, MARKUS",26:36,17,1,2,5,9,0,0,0,3,3,0,0,2,0,0,3,2,12,9.0
2024,232,1,P008850   ,0.0,0.0,BAS,2,"RAIESTE, SANDER",00:02,0,0,0,0,0,0,0,0,0,0,0,0,0,0,0,0,0,0,2.0
2024,232,1,P010784   ,0.0,0.0,BAS,6,"SAVKOV, PAVEL",DNP,0,0,0,0,0,0,0,0,0,0,0,0,0,0,0,0,0,0,0.0
2024,232,1,P007230   ,0.0,0.0,BAS,8,"SEDEKERSKIS, TADAS",10:50,2,1,2,0,1,0,0,1,2,3,0,0,1,0,1,1,1,1,5.0
2024,232,1,P012080   ,1.0,1.0,BAS,9,"LUWAWU-CABARROT, TIMOTHE",29:19,20,3,6,4,8,2,3,1,1,2,4,1,0,0,0,2,3,20,-2.0
2024,232,1,P004058   ,0.0,0.0,BAS,10,"JARAMAZ, OGNJEN",DNP,0,0,0,0,0,0,0,0,0,0,0,0,0,0,0,0,0,0,0.0
2024,232,1,P013367   ,1.0,1.0,BAS,11,"FORREST, TRENT",32:40,7,1,2,1,3,2,2,0,6,6,9,2,3,0,0,3,3,18,10.0
2024,232,1,P011085   ,0.0,0.0,BAS,17,"ROGKAVOPOULOS, NIKOLAOS",16:29,8,1,2,2,3,0,0,0,1,1,0,1,0,0,0,1,0,7,7.0
2024,232,1,P012597   ,1.0,0.0,BAS,44,"BALDWIN, KAMAR",14:54,5,1,1,1,3,0,0,1,2,3,2,1,2,0,0,3,0,4,-5.0
2024,232,1,P011196   ,0.0,1.0,BAS,45,"HALL, DONTA",25:11,5,2,3,0,0,1,1,3,6,9,3,0,1,1,0,1,2,17,9.0
2024,232,1,P012201   ,1.0,1.0,BAS,95,"MONEKE, CHIMA",29:10,18,4,5,2,5,4,4,4,4,8,4,1,2,0,0,1,4,28,2.0
2024,232,1,P007579   ,1.0,0.0,BAS,99,"SAMANIC, LUKA",14:49,7,3,8,0,1,1,4,0,0,0,0,0,1,1,2,0,2,-2,-2.0
2024,232,1,Team,0.0,0.0,BAS,,Team,,0,0,0,0,0,0,0,0,2,2,0,0,1,0,0,0,0,1,
2024,232,1,Total,,,BAS,,Total,200:00,89,17,31,15,33,10,14,10,27,37,22,6,13,2,3,15,17,106,
2024,232,0,P011202   ,1.0,1.0,TEL,3,"SHAYOK, MARIAL",20:09,10,2,5,2,5,0,0,1,2,3,0,2,0,0,0,3,1,7,7.0
2024,232,0,P004233   ,0.0,1.0,TEL,8,"MENCO, RAFI",18:06,3,0,0,1,2,0,0,0,2,2,1,0,1,0,0,0,1,5,0.0
2024,232,0,P011219   ,1.0,0.0,TEL,9,"SORKIN, ROMAN",24:33,16,5,8,1,4,3,3,3,3,6,1,1,1,0,0,4,2,15,-9.0
2024,232,0,P013381   ,0.0,1.0,TEL,11,"RAYMAN, WILLIAM",08:07,0,0,0,0,0,0,0,0,1,1,0,0,0,0,0,2,0,-1,-6.0
2024,232,0,P007990   ,0.0,0.0,TEL,12,"DIBARTOLOMEO, JOHN",15:33,0,0,0,0,5,0,0,0,2,2,1,1,1,0,0,0,1,-1,-4.0
2024,232,0,P011214   ,0.0,0.0,TEL,14,"RIVERO, JASIEL",14:57,4,2,6,0,0,0,0,2,1,3,0,0,1,1,1,3,1,0,-1.0
2024,232,0,P005145   ,0.0,1.0,TEL,15,"COHEN, JAKE",14:08,3,0,0,1,1,0,0,0,3,3,0,0,0,0,0,1,1,6,1.0
2024,232,0,P013382   ,1.0,0.0,TEL,20,"RANDOLPH, LEVI",22:32,13,5,8,1,2,0,0,0,0,0,5,1,0,0,1,2,4,16,-6.0
2024,232,0,P007519   ,0.0,0.0,TEL,31,"JOKUBAITIS, ROKAS",DNP,0,0,0,0,0,0,0,0,0,0,0,0,0,0,0,0,0,0,0.0
2024,232,0,P011193   ,1.0,0.0,TEL,45,"BLATT, TAMIR",22:46,11,0,0,3,6,2,2,0,3,3,3,1,3,0,0,0,2,14,-9.0
2024,232,0,P012604   ,1.0,0.0,TEL,50,"WILLIAMS, TREVION",21:55,12,6,8,0,0,0,0,1,4,5,4,0,2,2,0,1,0,18,-10.0
2024,232,0,P013250   ,0.0,1.0,TEL,55,"DeJULIUS, DAVID",17:14,10,2,4,2,6,0,0,0,2,2,6,1,0,0,0,1,2,14,2.0
2024,232,0,Team,0.0,0.0,TEL,,Team,,0,0,0,0,0,0,0,2,1,3,0,0,0,0,0,0,0,3,
2024,232,0,Total,,,TEL,,Total,200:00,82,22,39,11,31,5,5,9,24,33,21,7,9,3,2,17,15,96,
2024,233,1,P009862   ,1.0,1.0,BAR,0,"PUNTER, KEVIN",28:14,20,4,7,1,3,9,9,2,3,5,7,1,1,0,2,1,7,31,6.0
2024,233,1,P012795   ,0.0,0.0,BAR,1,"ANDERSON, JUSTIN",20:21,8,0,0,2,4,2,3,0,2,2,1,1,0,0,0,1,1,9,-4.0
2024,233,1,P011666   ,0.0,0.0,BAR,2,"SARR, DAME",DNP,0,0,0,0,0,0,0,0,0,0,0,0,0,0,0,0,0,0,0.0
2024,233,1,P009992   ,0.0,1.0,BAR,8,"BRIZUELA, DARIO",20:00,14,1,2,4,6,0,0,1,3,4,1,0,0,0,0,4,1,13,-3.0
2024,233,1,P013379   ,0.0,1.0,BAR,10,"METU, CHIMEZIE",23:54,16,7,9,0,4,2,2,0,2,2,3,1,2,1,0,3,2,14,4.0
2024,233,1,P002939   ,1.0,1.0,BAR,13,"SATORANSKY, TOMAS",28:15,5,2,3,0,2,1,2,1,5,6,6,0,0,0,0,2,3,14,7.0
2024,233,1,P003196   ,0.0,0.0,BAR,14,"HERNANGOMEZ, WILLY",09:02,0,0,1,0,0,0,0,0,0,0,0,1,0,0,1,1,0,-2,2.0
2024,233,1,P010106   ,0.0,0.0,BAR,17,"NUNEZ, JUAN",11:45,0,0,1,0,1,0,0,1,2,3,1,0,2,0,0,0,0,0,-9.0
2024,233,1,P006568   ,1.0,0.0,BAR,19,"FALL, YOUSSOUPHA",17:55,8,3,6,0,0,2,2,0,0,0,0,0,1,0,0,3,2,3,-6.0
2024,233,1,P003478   ,0.0,0.0,BAR,21,"ABRINES, ALEX",DNP,0,0,0,0,0,0,0,0,0,0,0,0,0,0,0,0,0,0,0.0
2024,233,1,P012745   ,1.0,1.0,BAR,22,"PARKER, JABARI",29:03,14,4,6,2,3,0,0,0,1,1,0,0,0,0,0,1,1,12,-4.0
2024,233,1,P007464   ,1.0,0.0,BAR,44,"PARRA, JOEL",11:31,3,0,0,1,2,0,0,0,1,1,0,0,0,0,0,3,0,0,-3.0
2024,233,1,Team,0.0,0.0,BAR,,Team,,0,0,0,0,0,0,0,1,0,1,0,0,0,0,0,0,0,1,
2024,233,1,Total,,,BAR,,Total,200:00,88,21,35,10,25,16,18,6,19,25,19,4,6,1,3,19,17,95,
2024,233,0,P007982   ,1.0,1.0,OLY,1,"WILLIAMS-GOSS, NIGEL",31:32,20,7,9,2,4,0,0,0,4,4,5,0,3,0,0,3,2,21,6.0
2024,233,0,P011965   ,0.0,0.0,OLY,3,"MITROU-LONG, NAZ",08:28,0,0,0,0,0,0,0,0,1,1,4,0,0,0,0,1,0,4,-4.0
2024,233,0,P010392   ,0.0,0.0,OLY,5,"LARENTZAKIS, GIANNOULIS",08:20,4,1,2,0,2,2,2,0,3,3,0,0,1,0,0,1,2,4,1.0
2024,233,0,P008811   ,1.0,0.0,OLY,10,"FALL, MOUSTAPHA",24:19,4,2,4,0,0,0,0,1,2,3,4,1,2,3,1,3,1,8,-2.0
2024,233,0,P003469   ,1.0,1.0,OLY,14,"VEZENKOV, SASHA",32:20,24,6,8,3,6,3,3,1,4,5,3,1,0,0,0,2,4,30,9.0
2024,233,0,P001255   ,1.0,0.0,OLY,16,"PAPANIKOLAOU, KOSTAS",23:12,2,0,0,0,1,2,3,0,5,5,0,0,0,0,0,1,1,5,12.0
2024,233,0,P009849   ,0.0,0.0,OLY,22,"DORSEY, TYLER",DNP,0,0,0,0,0,0,0,0,0,0,0,0,0,0,0,0,0,0,0.0
2024,233,0,P008829   ,0.0,0.0,OLY,25,"PETERS, ALEC",10:00,3,1,1,0,1,1,1,3,0,3,1,0,0,0,0,0,1,7,-6.0
2024,233,0,P013514   ,0.0,0.0,OLY,31,"MENSAH, NATHAN",DNP,0,0,0,0,0,0,0,0,0,0,0,0,0,0,0,0,0,0,0.0
2024,233,0,P003941   ,0.0,1.0,OLY,33,"MILUTINOV, NIKOLA",15:41,4,0,0,0,0,4,4,1,1,2,0,0,1,0,0,0,3,8,4.0
2024,233,0,P007853   ,0.0,1.0,OLY,77,"MCKISSIC, SHAQUIELLE",19:34,11,2,2,1,4,4,5,2,0,2,1,0,0,0,0,2,4,12,-8.0
2024,233,0,P013380   ,1.0,1.0,OLY,94,"FOURNIER, EVAN",26:34,18,4,9,3,8,1,2,1,1,2,2,2,1,0,0,4,1,9,-2.0
2024,233,0,Team,0.0,0.0,OLY,,Team,,0,0,0,0,0,0,0,1,0,1,0,0,1,0,0,0,0,0,
2024,233,0,Total,,,OLY,,Total,200:00,90,23,35,9,26,17,20,10,21,31,20,4,9,3,1,17,19,108,
2024,234,1,P009549   ,1.0,1.0,VIR,0,"CORDINIER, ISAIA",27:41,15,7,8,0,3,1,3,1,5,6,3,1,2,0,0,3,2,16,-9.0
2024,234,1,P013695   ,1.0,1.0,VIR,1,"HOLIDAY, JUSTIN",14:03,3,0,1,1,4,0,0,0,3,3,0,2,1,0,0,1,2,4,2.0
2024,234,1,PBCN      ,0.0,0.0,VIR,3,"BELINELLI, MARCO",10:06,8,1,3,2,3,0,0,0,0,0,1,0,1,0,0,2,0,3,8.0
2024,234,1,P006739   ,0.0,1.0,VIR,6,"PAJOLA, ALESSANDRO",25:34,2,1,3,0,3,0,0,0,5,5,2,2,0,0,1,2,2,5,-1.0
2024,234,1,P001133   ,1.0,0.0,VIR,21,"SHENGELIA, TORNIKE",29:16,17,7,11,0,0,3,4,5,0,5,2,1,4,0,1,2,5,18,2.0
2024,234,1,P001844   ,1.0,1.0,VIR,23,"HACKETT, DANIEL",17:18,0,0,0,0,0,0,0,0,2,2,3,1,0,0,0,4,2,4,-12.0
2024,234,1,P005738   ,1.0,0.0,VIR,24,"GRAZULIS, ANDREJS",22:54,7,2,3,1,2,0,0,0,3,3,0,0,1,0,0,3,0,4,-6.0
2024,234,1,P012585   ,0.0,1.0,VIR,30,"MORGAN, MATTHEW",12:52,4,2,3,0,2,0,0,1,1,2,2,0,1,0,0,2,1,3,-5.0
2024,234,1,P002084   ,0.0,0.0,VIR,33,"POLONARA, ACHILLE",20:31,3,0,2,1,4,0,0,0,2,2,2,0,2,0,0,0,2,2,0.0
2024,234,1,P013374   ,0.0,0.0,VIR,35,"DIOUF, MOUHAMET",05:41,4,2,3,0,0,0,0,0,0,0,1,0,1,0,0,2,1,2,-3.0
2024,234,1,P011816   ,0.0,0.0,VIR,45,"AKELE, NICOLA",DNP,0,0,0,0,0,0,0,0,0,0,0,0,0,0,0,0,0,0,0.0
2024,234,1,P012591   ,0.0,0.0,VIR,59,"TUCKER, RAYJON",14:04,14,1,2,3,3,3,3,0,2,2,1,0,1,0,0,2,3,16,-6.0
2024,234,1,Team,0.0,0.0,VIR,,Team,,0,0,0,0,0,0,0,1,3,4,0,0,0,0,0,0,0,4,
2024,234,1,Total,,,VIR,,Total,200:00,77,23,39,8,24,7,10,8,26,34,17,7,14,0,2,23,20,81,
2024,234,0,P012608   ,1.0,1.0,PRS,0,"SHORTS, TJ",26:42,16,6,7,0,1,4,4,1,3,4,6,3,1,0,0,2,9,33,3.0
2024,234,0,P012609   ,1.0,0.0,PRS,1,"MALCOLM, COLLIN",18:26,7,2,4,1,7,0,0,0,3,3,0,0,1,0,0,1,1,1,-10.0
2024,234,0,P012640   ,0.0,1.0,PRS,2,"HIFI, NADIR",21:58,23,3,4,3,6,8,9,0,3,3,0,1,2,0,0,3,7,24,17.0
2024,234,0,P012610   ,1.0,0.0,PRS,3,"WARD, TYSON",20:26,7,1,1,1,4,2,2,0,4,4,2,1,1,0,0,3,1,8,-6.0
2024,234,0,P013373   ,0.0,0.0,PRS,4,"CAVALIERE, LEOPOLD",04:45,0,0,0,0,0,0,0,0,1,1,0,0,1,0,0,1,0,-1,-14.0
2024,234,0,P005793   ,0.0,1.0,PRS,5,"SY, BANDJA",12:47,7,2,2,1,2,0,0,1,1,2,0,0,0,1,0,0,1,10,23.0
2024,234,0,P004512   ,0.0,0.0,PRS,8,"KRATZER, LEON",05:29,0,0,0,0,0,0,0,0,0,0,0,0,0,0,0,0,0,0,8.0
2024,234,0,P007032   ,0.0,1.0,PRS,12,"LO, MAODO",16:49,5,1,2,1,5,0,0,0,3,3,3,1,2,0,0,3,1,3,13.0
2024,234,0,P010390   ,1.0,0.0,PRS,13,"HAYES, KEVARRIUS",24:11,2,1,2,0,0,0,0,0,3,3,1,1,1,1,0,1,2,7,1.0
2024,234,0,P012613   ,1.0,1.0,PRS,20,"JANTUNEN, MIKAEL",27:39,13,2,2,3,6,0,0,1,2,3,0,3,2,0,0,4,1,11,7.0
2024,234,0,P004197   ,0.0,0.0,PRS,24,"OUATTARA, YAKUBA",16:03,3,0,1,1,5,0,0,1,0,1,0,0,0,0,0,1,0,-2,2.0
2024,234,0,P011949   ,0.0,0.0,PRS,34,"HOMMES, DAULTON",04:45,0,0,0,0,1,0,0,1,0,1,1,0,1,0,0,1,0,-1,-14.0
2024,234,0,Team,0.0,0.0,PRS,,Team,,0,0,0,0,0,0,0,3,3,6,0,0,0,0,0,0,0,6,
2024,234,0,Total,,,PRS,,Total,200:00,83,18,25,11,37,14,15,8,26,34,13,10,12,2,0,20,23,99,
2024,235,1,P009048   ,1.0,1.0,RED,0,"MILLER-MCINTYRE, CODI",21:50,11,3,5,1,4,2,2,1,1,2,4,1,2,0,1,3,1,8,-2.0
2024,235,1,P010588   ,1.0,0.0,RED,1,"BROWN III, JOHN",13:11,0,0,2,0,0,0,0,0,0,0,0,1,1,0,0,0,1,-1,-4.0
2024,235,1,P010612   ,0.0,0.0,RED,3,"CANAAN, ISAIAH",13:43,5,1,2,1,2,0,0,0,0,0,0,0,1,0,0,1,0,1,-2.0
2024,235,1,P007960   ,0.0,1.0,RED,7,"DAVIDOVAC, DEJAN",10:44,0,0,0,0,4,0,0,0,1,1,0,0,0,0,0,2,0,-5,2.0
2024,235,1,PLUO      ,0.0,0.0,RED,10,"LAZIC, BRANKO",DNP,0,0,0,0,0,0,0,0,0,0,0,0,0,0,0,0,0,0,0.0
2024,235,1,P004866   ,1.0,1.0,RED,12,"KALINIC, NIKOLA",30:58,9,1,3,1,3,4,4,3,2,5,3,4,1,1,0,4,4,17,-1.0
2024,235,1,P004007   ,0.0,0.0,RED,13,"DOBRIC, OGNJEN",03:08,0,0,0,0,0,0,0,0,1,1,0,0,0,0,0,0,0,1,-2.0
2024,235,1,P009035   ,0.0,0.0,RED,21,"BOLOMBOY, JOEL",26:06,12,4,5,0,0,4,4,3,2,5,1,0,0,0,0,2,4,19,-3.0
2024,235,1,P011194   ,1.0,1.0,RED,30,"PETRUSEV, FILIP",29:14,16,5,6,1,4,3,5,3,1,4,0,0,4,2,0,3,5,14,-8.0
2024,235,1,P006436   ,0.0,0.0,RED,31,"GIEDRAITIS, ROKAS",06:34,3,0,0,1,1,0,0,0,0,0,0,0,0,0,0,0,0,3,-6.0
2024,235,1,P000848   ,1.0,1.0,RED,36,"NEDOVIC, NEMANJA",27:07,14,1,3,3,8,3,3,2,1,3,4,0,1,0,1,4,4,12,-3.0
2024,235,1,P012044   ,0.0,0.0,RED,99,"DOS SANTOS, YAGO",17:25,10,1,4,2,4,2,2,1,0,1,3,0,1,0,2,1,4,9,-1.0
2024,235,1,Team,0.0,0.0,RED,,Team,,0,0,0,0,0,0,0,1,2,3,0,0,1,0,0,0,0,2,
2024,235,1,Total,,,RED,,Total,200:00,80,16,30,10,30,18,20,14,11,25,15,6,12,3,4,20,23,80,
2024,235,0,P012181   ,0.0,0.0,ZAL,0,"JUZENAS, MANTAS",00:38,0,0,0,0,0,0,0,0,0,0,0,0,0,0,0,1,0,-1,0.0
2024,235,0,P007975   ,1.0,1.0,ZAL,3,"FRANCISCO, SYLVAIN",32:41,25,1,2,6,9,5,5,1,5,6,4,1,3,1,0,3,4,31,10.0
2024,235,0,P011983   ,1.0,1.0,ZAL,8,"BRAZDEIKIS, IGNAS",27:28,7,1,4,1,4,2,2,2,2,4,4,0,2,2,2,2,4,9,8.0
2024,235,0,P007513   ,0.0,1.0,ZAL,9,"GIEDRAITIS, DOVYDAS",16:54,0,0,1,0,0,0,0,1,0,1,1,1,3,0,0,0,0,-1,1.0
2024,235,0,P005504   ,0.0,0.0,ZAL,15,"BIRUTIS, LAURYNAS",10:18,6,3,3,0,0,0,0,0,0,0,1,1,1,0,0,1,0,6,4.0
2024,235,0,P011051   ,1.0,0.0,ZAL,18,"SMAILAGIC, ALEN",18:04,15,3,3,3,3,0,0,1,2,3,0,2,2,0,0,5,5,18,-2.0
2024,235,0,P011330   ,0.0,0.0,ZAL,24,"BUIKA, DOVYDAS",00:07,0,0,0,0,0,0,0,0,0,0,0,0,0,0,0,1,0,-1,0.0
2024,235,0,P003048   ,1.0,1.0,ZAL,42,"DUNSTON, BRYANT",19:50,7,2,2,0,1,3,6,1,4,5,2,1,0,0,0,2,3,12,4.0
2024,235,0,P012715   ,0.0,0.0,ZAL,45,"MANEK, BRADY",02:50,2,1,1,0,0,0,0,0,2,2,0,0,0,0,0,0,0,4,4.0
2024,235,0,P002676   ,1.0,1.0,ZAL,51,"BUTKEVICIUS, ARNAS",30:17,8,1,2,1,1,3,4,0,2,2,3,3,3,0,0,3,3,11,3.0
2024,235,0,P007029   ,0.0,0.0,ZAL,91,"SIRVYDIS, DEIVIDAS",23:32,12,3,3,2,5,0,0,0,4,4,1,0,1,1,0,2,0,12,-3.0
2024,235,0,P002329   ,0.0,0.0,ZAL,92,"ULANOVAS, EDGARAS",17:21,4,1,5,0,0,2,2,0,0,0,2,1,1,0,1,3,1,-1,1.0
2024,235,0,Team,0.0,0.0,ZAL,,Team,,0,0,0,0,0,0,0,2,0,2,0,0,2,0,0,0,0,0,
2024,235,0,Total,,,ZAL,,Total,200:00,86,16,26,13,23,15,19,8,21,29,18,10,18,4,3,23,20,99,
2024,236,1,P006085   ,0.0,0.0,MIL,1,"DIMITRIJEVIC, NENO",11:58,4,2,3,0,1,0,0,0,2,2,4,0,0,0,0,0,0,8,5.0
2024,236,1,P011064   ,1.0,0.0,MIL,2,"MANNION, NICCOLO",24:38,7,1,2,1,4,2,2,0,3,3,3,1,1,0,0,3,2,8,-3.0
2024,236,1,P001392   ,0.0,1.0,MIL,5,"CAUSEUR, FABIEN",15:58,7,2,2,1,2,0,2,0,2,2,0,0,2,0,0,2,1,3,6.0
2024,236,1,P006509   ,1.0,1.0,MIL,7,"TONUT, STEFANO",21:27,5,1,2,1,1,0,0,2,2,4,2,0,0,0,0,2,1,9,8.0
2024,236,1,P013384   ,0.0,0.0,MIL,12,"BROOKS, ARMONI",11:55,5,1,3,1,3,0,0,0,2,2,0,0,2,0,1,1,0,-1,-3.0
2024,236,1,P008987   ,1.0,1.0,MIL,16,"LEDAY, ZACH",29:50,10,1,3,1,3,5,8,0,7,7,1,1,3,0,0,1,5,13,5.0
2024,236,1,P001518   ,0.0,1.0,MIL,17,"RICCI, GIAMPAOLO",13:47,3,0,0,1,1,0,0,1,0,1,0,1,0,1,0,1,1,6,-6.0
2024,236,1,P005670   ,0.0,1.0,MIL,21,"FLACCADORI, DIEGO",02:36,0,0,0,0,0,0,0,0,0,0,0,0,0,0,0,0,0,0,-2.0
2024,236,1,P006721   ,0.0,0.0,MIL,30,"CARUSO, GUGLIELMO",00:04,0,0,0,0,0,0,0,0,0,0,0,0,0,0,0,0,0,0,0.0
2024,236,1,P007831   ,1.0,0.0,MIL,31,"SHIELDS, SHAVON",31:03,19,4,7,3,4,2,5,1,8,9,5,0,1,1,0,1,4,29,7.0
2024,236,1,P000796   ,1.0,0.0,MIL,33,"MIROTIC, NIKOLA",28:22,22,4,6,3,7,5,5,0,4,4,2,0,4,0,0,3,6,21,14.0
2024,236,1,P011941   ,0.0,0.0,MIL,55,"GILLESPIE, FREDDIE",08:22,4,2,2,0,0,0,0,1,0,1,0,0,0,1,0,2,2,6,-1.0
2024,236,1,Team,0.0,0.0,MIL,,Team,,0,0,0,0,0,0,0,2,0,2,0,0,1,0,0,0,0,1,
2024,236,1,Total,,,MIL,,Total,200:00,86,18,30,12,26,14,22,7,30,37,17,3,14,3,1,16,22,103,
2024,236,0,P011212   ,0.0,1.0,MCO,0,"OKOBO, ELIE",23:31,16,3,7,1,5,7,7,0,2,2,6,3,2,0,1,2,4,18,-2.0
2024,236,0,P011231   ,1.0,0.0,MCO,4,"BLOSSOMGAME, JARON",17:37,4,2,3,0,1,0,0,0,7,7,0,1,1,0,0,1,0,8,4.0
2024,236,0,P009754   ,1.0,0.0,MCO,8,"LOYD, JORDAN",22:51,9,0,3,3,5,0,0,1,2,3,0,0,0,0,0,1,1,7,-5.0
2024,236,0,P005844   ,0.0,1.0,MCO,9,"PAPAGIANNIS, GEORGIOS",17:10,7,2,4,1,1,0,0,0,2,2,0,0,0,1,0,2,1,7,1.0
2024,236,0,P004132   ,1.0,0.0,MCO,10,"THEIS, DANIEL",23:44,6,2,5,0,0,2,2,3,1,4,0,1,1,0,0,5,1,3,-3.0
2024,236,0,P011226   ,1.0,1.0,MCO,11,"DIALLO, ALPHA",27:15,6,3,4,0,3,0,0,3,2,5,2,1,2,0,1,4,1,4,-5.0
2024,236,0,P004790   ,0.0,0.0,MCO,12,"CORNELIE, PETR",12:08,7,3,4,0,0,1,1,2,1,3,0,0,0,0,0,4,1,6,-1.0
2024,236,0,P002581   ,0.0,0.0,MCO,14,"JAITEH, MAM",05:30,2,1,1,0,0,0,0,0,1,1,0,0,0,0,0,0,0,3,-8.0
2024,236,0,PLCZ      ,0.0,0.0,MCO,20,"MOTIEJUNAS, DONATAS",DNP,0,0,0,0,0,0,0,0,0,0,0,0,0,0,0,0,0,0,0.0
2024,236,0,P012515   ,0.0,0.0,MCO,22,"TARPEY, TERRY",DNP,0,0,0,0,0,0,0,0,0,0,0,0,0,0,0,0,0,0,0.0
2024,236,0,P008099   ,0.0,1.0,MCO,32,"STRAZEL, MATTHEW",22:10,8,1,2,2,6,0,0,0,1,1,3,2,0,0,0,2,2,9,-7.0
2024,236,0,P005985   ,1.0,1.0,MCO,55,"JAMES, MIKE",28:04,15,4,11,1,6,4,5,1,3,4,4,1,2,0,1,1,5,12,-4.0
2024,236,0,Team,0.0,0.0,MCO,,Team,,0,0,0,0,0,0,0,0,1,1,0,0,0,0,0,0,0,1,
2024,236,0,Total,,,MCO,,Total,200:00,80,21,44,8,27,14,15,10,23,33,15,9,8,1,3,22,16,78,
2024,237,1,P012608   ,1.0,1.0,PRS,0,"SHORTS, TJ",27:25,27,6,15,3,3,6,8,0,3,3,3,0,1,0,0,1,6,26,-4.0
2024,237,1,P012640   ,0.0,0.0,PRS,2,"HIFI, NADIR",18:41,8,1,1,1,8,3,4,0,3,3,0,1,0,0,0,1,4,7,4.0
2024,237,1,P012610   ,1.0,1.0,PRS,3,"WARD, TYSON",25:44,9,2,3,1,7,2,2,3,3,6,2,1,2,0,0,4,2,7,-3.0
2024,237,1,P013373   ,0.0,0.0,PRS,4,"CAVALIERE, LEOPOLD",17:00,6,2,2,0,0,2,5,2,5,7,1,0,1,0,0,3,3,10,3.0
2024,237,1,P005793   ,1.0,0.0,PRS,5,"SY, BANDJA",14:22,2,0,0,0,0,2,2,1,1,2,1,1,0,0,0,2,1,5,6.0
2024,237,1,P012611   ,0.0,0.0,PRS,7,"HERRERA, SEBASTIAN",DNP,0,0,0,0,0,0,0,0,0,0,0,0,0,0,0,0,0,0,0.0
2024,237,1,P007032   ,0.0,1.0,PRS,12,"LO, MAODO",23:02,14,5,10,1,4,1,1,1,0,1,3,0,1,1,1,1,2,10,1.0
2024,237,1,P010390   ,1.0,1.0,PRS,13,"HAYES, KEVARRIUS",23:27,4,2,4,0,0,0,0,2,3,5,0,0,1,1,0,3,1,5,0.0
2024,237,1,P012613   ,1.0,0.0,PRS,20,"JANTUNEN, MIKAEL",22:08,9,0,0,3,5,0,0,1,2,3,0,0,1,0,0,4,1,6,3.0
2024,237,1,P007483   ,0.0,0.0,PRS,21,"DOSSOU-YOVO, MATHIS",DNP,0,0,0,0,0,0,0,0,0,0,0,0,0,0,0,0,0,0,0.0
2024,237,1,P004197   ,0.0,1.0,PRS,24,"OUATTARA, YAKUBA",14:44,2,1,1,0,2,0,0,1,2,3,2,1,0,0,0,4,0,2,8.0
2024,237,1,P011949   ,0.0,0.0,PRS,34,"HOMMES, DAULTON",13:27,12,1,2,2,2,4,5,1,1,2,1,0,0,0,0,3,3,13,7.0
2024,237,1,Team,0.0,0.0,PRS,,Team,,0,0,0,0,0,0,0,2,2,4,0,0,1,0,0,0,0,3,
2024,237,1,Total,,,PRS,,Total,200:00,93,20,38,11,31,20,27,14,25,39,13,4,8,2,1,26,23,94,
2024,237,0,P010391   ,1.0,0.0,MUN,0,"WEILER-BABB, NICK",26:32,4,2,4,0,2,0,0,1,4,5,4,1,2,0,0,2,1,7,-7.0
2024,237,0,P011244   ,1.0,0.0,MUN,1,"DA SILVA, OSCAR",02:19,0,0,0,0,1,0,0,0,1,1,0,0,0,0,0,0,0,0,-1.0
2024,237,0,P011987   ,1.0,1.0,MUN,3,"EDWARDS, CARSEN",28:14,29,10,13,2,7,3,6,1,4,5,2,0,2,0,0,2,8,29,-10.0
2024,237,0,P001557   ,0.0,1.0,MUN,5,"GIFFEY, NIELS",16:41,2,1,2,0,3,0,0,0,2,2,1,0,0,0,0,3,1,-1,1.0
2024,237,0,P007201   ,1.0,0.0,MUN,7,"VOIGTMANN, JOHANNES",27:50,11,3,4,1,3,2,2,2,3,5,3,0,2,0,1,3,2,12,10.0
2024,237,0,P011224   ,0.0,1.0,MUN,8,"NAPIER, SHABAZZ",24:44,14,1,2,2,3,6,6,0,0,0,5,0,1,0,1,4,4,15,0.0
2024,237,0,P012123   ,0.0,1.0,MUN,10,"KHARCHENKOV, IVAN",00:16,0,0,0,0,0,0,0,0,0,0,0,0,0,0,0,0,0,0,0.0
2024,237,0,P001288   ,1.0,1.0,MUN,11,"LUCIC, VLADIMIR",29:43,4,2,3,0,3,0,0,1,7,8,1,0,0,0,0,0,5,14,-10.0
2024,237,0,P004508   ,0.0,0.0,MUN,13,"OBST, ANDREAS",26:47,20,1,1,5,9,3,4,0,1,1,0,0,1,0,0,5,3,13,5.0
2024,237,0,P007929   ,0.0,0.0,MUN,17,"BITIM, ONURALP",DNP,0,0,0,0,0,0,0,0,0,0,0,0,0,0,0,0,0,0,0.0
2024,237,0,P005460   ,0.0,0.0,MUN,20,"HARRIS, ELIAS",09:16,4,1,1,0,0,2,2,1,0,1,0,0,1,0,0,3,1,2,-9.0
2024,237,0,P007639   ,0.0,0.0,MUN,22,"BRANKOVIC, DANKO",07:38,0,0,0,0,0,0,0,0,0,0,0,0,0,1,0,2,0,-1,-4.0
2024,237,0,Team,0.0,0.0,MUN,,Team,,0,0,0,0,0,0,0,0,4,4,0,0,1,0,0,0,0,3,
2024,237,0,Total,,,MUN,,Total,200:00,88,21,30,10,31,16,20,6,26,32,16,1,10,1,2,24,25,93,
2024,238,1,P003733   ,0.0,1.0,MAD,6,"ABALDE, ALBERTO",24:17,16,3,3,2,4,4,5,0,1,1,5,2,0,0,0,1,3,23,11.0
2024,238,1,P005928   ,1.0,1.0,MAD,7,"CAMPAZZO, FACUNDO",28:11,18,4,5,2,5,4,5,1,1,2,1,2,2,0,0,1,1,16,0.0
2024,238,1,P013378   ,1.0,0.0,MAD,8,"RATHAN-MAYES, XAVIER",07:13,0,0,0,0,2,0,0,0,2,2,1,0,3,0,0,1,0,-3,-7.0
2024,238,1,P011649   ,0.0,0.0,MAD,9,"GONZALEZ, HUGO",04:56,0,0,0,0,1,0,0,0,1,1,0,0,0,0,0,1,0,-1,-1.0
2024,238,1,P003108   ,0.0,1.0,MAD,11,"HEZONJA, MARIO",25:32,19,1,3,3,7,8,10,1,7,8,1,0,1,0,0,3,7,23,2.0
2024,238,1,P006540   ,1.0,1.0,MAD,13,"MUSA, DZANAN",26:23,16,3,4,2,4,4,6,0,5,5,1,1,0,1,0,0,5,24,2.0
2024,238,1,P007630   ,1.0,0.0,MAD,16,"GARUBA, USMAN",14:53,4,2,3,0,2,0,0,0,2,2,0,0,0,2,0,1,0,4,0.0
2024,238,1,P003583   ,0.0,0.0,MAD,18,"IBAKA, SERGE",04:45,5,2,2,0,2,1,2,0,0,0,0,0,0,0,0,0,1,3,0.0
2024,238,1,P013667   ,0.0,0.0,MAD,20,"FERNANDO, BRUNO",12:29,6,2,3,0,0,2,2,1,2,3,1,1,0,0,0,4,1,7,-1.0
2024,238,1,P005791   ,1.0,0.0,MAD,22,"TAVARES, WALTER",22:18,5,2,4,0,0,1,2,0,1,1,1,2,2,2,0,3,4,7,7.0
2024,238,1,PTGB      ,0.0,1.0,MAD,23,"LLULL, SERGIO",15:53,7,1,4,0,1,5,5,0,0,0,2,0,1,0,1,2,3,4,7.0
2024,238,1,P011247   ,0.0,0.0,MAD,24,"FELIZ, ANDRES",13:10,0,0,2,0,0,0,0,0,2,2,1,1,0,0,0,4,1,-1,5.0
2024,238,1,Team,0.0,0.0,MAD,,Team,,0,0,0,0,0,0,0,4,2,6,0,0,0,0,0,0,0,6,
2024,238,1,Total,,,MAD,,Total,200:00,96,20,33,9,28,29,37,7,26,33,14,9,9,5,1,21,26,112,
2024,238,0,P012795   ,1.0,1.0,BAR,1,"ANDERSON, JUSTIN",29:32,15,2,2,2,3,5,6,2,5,7,3,0,0,0,0,2,5,26,7.0
2024,238,0,P011666   ,0.0,0.0,BAR,2,"SARR, DAME",00:14,0,0,0,0,0,0,0,0,0,0,0,0,0,0,0,0,0,0,0.0
2024,238,0,P009992   ,0.0,1.0,BAR,8,"BRIZUELA, DARIO",24:16,10,5,8,0,3,0,0,1,2,3,2,0,4,1,0,2,0,4,-5.0
2024,238,0,P013379   ,0.0,1.0,BAR,10,"METU, CHIMEZIE",25:11,17,4,6,2,8,3,3,0,4,4,1,1,2,0,0,3,5,15,-15.0
2024,238,0,P002939   ,1.0,1.0,BAR,13,"SATORANSKY, TOMAS",27:23,7,2,6,1,2,0,2,0,3,3,4,2,2,0,0,3,1,5,-2.0
2024,238,0,P003196   ,0.0,0.0,BAR,14,"HERNANGOMEZ, WILLY",05:21,2,1,2,0,0,0,0,1,0,1,0,0,0,0,0,0,1,3,-3.0
2024,238,0,P006568   ,1.0,0.0,BAR,19,"FALL, YOUSSOUPHA",17:59,0,0,2,0,0,0,0,1,1,2,0,0,0,0,2,5,0,-7,12.0
2024,238,0,P003478   ,1.0,0.0,BAR,21,"ABRINES, ALEX",11:02,2,1,4,0,0,0,0,3,1,4,1,0,0,0,2,3,1,0,-9.0
2024,238,0,P012745   ,1.0,0.0,BAR,22,"PARKER, JABARI",30:34,18,3,7,4,6,0,0,0,3,3,1,1,5,0,1,5,3,9,-6.0
2024,238,0,P012885   ,0.0,0.0,BAR,41,"KEITA, SAYON",DNP,0,0,0,0,0,0,0,0,0,0,0,0,0,0,0,0,0,0,0.0
2024,238,0,P007464   ,0.0,1.0,BAR,44,"PARRA, JOEL",24:39,20,5,8,2,4,4,4,2,5,7,0,1,0,0,0,2,2,23,1.0
2024,238,0,P012317   ,0.0,0.0,BAR,45,"VILLAR, RAUL",03:49,0,0,0,0,0,0,2,0,0,0,0,0,1,0,0,2,3,-2,-5.0
2024,238,0,Team,0.0,0.0,BAR,,Team,,0,0,0,0,0,0,0,1,3,4,0,0,0,0,0,0,0,4,
2024,238,0,Total,,,BAR,,Total,200:00,91,23,45,11,26,12,17,11,27,38,12,5,14,1,5,27,21,80,
2024,239,1,P006835   ,0.0,0.0,TEL,1,"HOARD, JAYLEN",DNP,0,0,0,0,0,0,0,0,0,0,0,0,0,0,0,0,0,0,0.0
2024,239,1,P013699   ,1.0,0.0,TEL,2,"CLARK III, JIMMY",23:44,7,2,5,1,1,0,0,0,6,6,10,0,6,1,0,4,2,13,1.0
2024,239,1,P011202   ,0.0,1.0,TEL,3,"SHAYOK, MARIAL",18:25,3,1,1,0,2,1,2,2,3,5,2,3,0,0,1,3,1,7,15.0
2024,239,1,P011219   ,1.0,1.0,TEL,9,"SORKIN, ROMAN",28:17,21,4,8,2,5,7,8,3,2,5,2,0,2,1,0,1,5,23,8.0
2024,239,1,P011433   ,0.0,1.0,TEL,10,"MAYER, OMER",15:10,7,0,3,1,3,4,4,1,1,2,6,0,1,0,1,1,3,10,14.0
2024,239,1,P013381   ,1.0,1.0,TEL,11,"RAYMAN, WILLIAM",17:31,6,0,1,0,0,6,6,1,6,7,0,0,0,0,0,2,6,16,14.0
2024,239,1,P007990   ,0.0,1.0,TEL,12,"DIBARTOLOMEO, JOHN",23:38,13,0,1,3,4,4,5,3,5,8,1,0,0,0,1,2,6,22,6.0
2024,239,1,P011214   ,1.0,0.0,TEL,14,"RIVERO, JASIEL",28:41,18,9,12,0,1,0,0,0,1,1,1,0,0,0,0,3,0,13,14.0
2024,239,1,P005145   ,0.0,0.0,TEL,15,"COHEN, JAKE",DNP,0,0,0,0,0,0,0,0,0,0,0,0,0,0,0,0,0,0,0.0
2024,239,1,P013382   ,1.0,0.0,TEL,20,"RANDOLPH, LEVI",26:16,16,4,7,2,5,2,2,0,1,1,1,2,3,0,1,0,3,13,8.0
2024,239,1,P007519   ,0.0,0.0,TEL,31,"JOKUBAITIS, ROKAS",DNP,0,0,0,0,0,0,0,0,0,0,0,0,0,0,0,0,0,0,0.0
2024,239,1,P012604   ,0.0,0.0,TEL,50,"WILLIAMS, TREVION",18:18,3,1,1,0,0,1,2,0,3,3,3,1,4,0,0,4,1,2,10.0
2024,239,1,Team,0.0,0.0,TEL,,Team,,0,0,0,0,0,0,0,4,3,7,0,0,0,0,0,0,0,7,
2024,239,1,Total,,,TEL,,Total,200:00,94,21,39,9,21,25,29,14,31,45,26,6,16,2,4,20,27,126,
2024,239,0,P005216   ,1.0,1.0,ULK,0,"MCCOLLUM, ERRICK",12:45,5,1,1,1,4,0,0,0,0,0,2,1,1,1,0,3,1,3,-7.0
2024,239,0,P009863   ,0.0,1.0,ULK,2,"BALDWIN IV, WADE",24:38,12,2,5,2,4,2,3,2,0,2,2,1,1,0,0,1,3,12,-9.0
2024,239,0,P002849   ,0.0,0.0,ULK,4,"MELLI, NICOLO",10:58,3,0,0,1,2,0,0,2,2,4,1,0,1,0,0,3,0,3,-9.0
2024,239,0,P002968   ,1.0,0.0,ULK,5,"SANLI, SERTAC",14:05,2,1,3,0,2,0,0,2,1,3,0,0,0,0,1,4,1,-3,-5.0
2024,239,0,P008962   ,1.0,0.0,ULK,11,"HAYES-DAVIS, NIGEL",32:41,12,1,7,2,11,4,4,3,3,6,2,2,3,1,1,5,6,5,-10.0
2024,239,0,P006961   ,0.0,0.0,ULK,13,"BIBEROVIC, TARIK",22:19,9,1,3,2,8,1,1,3,3,6,1,0,3,0,0,5,1,1,-18.0
2024,239,0,P011205   ,1.0,1.0,ULK,20,"HALL, DEVON",25:23,7,2,3,0,4,3,3,2,0,2,5,2,2,0,0,3,2,8,-17.0
2024,239,0,P010560   ,0.0,0.0,ULK,21,"PIERRE, DYSHAWN",DNP,0,0,0,0,0,0,0,0,0,0,0,0,0,0,0,0,0,0,0.0
2024,239,0,P008104   ,0.0,1.0,ULK,32,"ZAGARS, ARTURS",13:33,8,0,0,2,6,2,2,1,0,1,2,0,0,0,0,1,2,8,-8.0
2024,239,0,P013696   ,0.0,0.0,ULK,44,"BANGO, JILSON",03:58,2,1,1,0,0,0,0,0,0,0,0,0,0,0,0,1,0,1,-1.0
2024,239,0,P009783   ,1.0,1.0,ULK,50,"COLSON, BONZIE",25:22,11,1,3,2,4,3,4,3,4,7,2,3,3,1,0,1,3,18,-1.0
2024,239,0,P007182   ,0.0,0.0,ULK,92,"BIRCH, KHEM",14:18,5,2,3,0,0,1,1,3,3,6,0,1,0,1,0,0,1,13,-5.0
2024,239,0,Team,0.0,0.0,ULK,,Team,,0,0,0,0,0,0,0,0,1,1,0,0,1,0,0,0,0,0,
2024,239,0,Total,,,ULK,,Total,200:00,76,12,29,12,45,16,18,21,17,38,17,10,15,4,2,27,20,69,
2024,240,1,P007200   ,0.0,0.0,IST,0,"LARKIN, SHANE",23:10,8,2,3,1,3,1,1,0,1,1,8,2,1,0,0,2,4,17,19.0
2024,240,1,P006590   ,1.0,0.0,IST,1,"BEAUBOIS, RODRIGUE",09:29,2,1,2,0,3,0,0,1,1,2,0,1,1,0,0,0,0,0,0.0
2024,240,1,P013363   ,0.0,1.0,IST,3,"NWORA, JORDAN",23:45,18,2,3,4,5,2,3,2,5,7,1,1,2,1,0,3,3,23,26.0
2024,240,1,P009846   ,1.0,0.0,IST,6,"BRYANT, ELIJAH",19:55,12,5,8,0,1,2,2,0,3,3,3,1,3,0,1,2,7,16,-3.0
2024,240,1,P007109   ,0.0,1.0,IST,11,"SMITS, ROLANDS",24:52,17,5,5,1,2,4,4,0,0,0,1,0,1,0,0,4,2,14,10.0
2024,240,1,P011078   ,1.0,1.0,IST,13,"THOMPSON, DARIUS",24:38,2,1,2,0,1,0,0,0,3,3,7,0,2,2,0,1,0,9,13.0
2024,240,1,P012742   ,0.0,0.0,IST,15,"DOZIER JR, PERRY",16:18,9,1,3,1,2,4,4,1,1,2,2,0,3,0,1,0,3,9,14.0
2024,240,1,P004887   ,1.0,0.0,IST,17,"POIRIER, VINCENT",21:09,14,5,9,0,0,4,6,3,3,6,2,0,0,0,0,3,4,17,8.0
2024,240,1,P012710   ,1.0,0.0,IST,24,"OSMANI, ERCAN",10:18,0,0,2,0,2,0,0,1,1,2,0,0,2,0,0,2,0,-6,-1.0
2024,240,1,P012788   ,0.0,0.0,IST,25,"OTURU, DAN",06:42,2,1,1,0,0,0,0,1,1,2,0,0,0,0,0,2,0,2,7.0
2024,240,1,P006372   ,0.0,1.0,IST,33,"YILMAZ, ERKAN",02:32,2,1,1,0,0,0,2,0,0,0,1,1,0,1,0,0,1,4,4.0
2024,240,1,P009664   ,0.0,1.0,IST,35,"WILLIS, DEREK",17:12,12,3,3,2,4,0,1,1,3,4,0,1,1,0,0,1,2,14,28.0
2024,240,1,Team,0.0,0.0,IST,,Team,,0,0,0,0,0,0,0,3,5,8,0,0,1,0,0,0,0,7,
2024,240,1,Total,,,IST,,Total,200:00,98,27,42,9,23,17,23,13,27,40,25,7,17,4,2,20,26,126,
2024,240,0,P008384   ,1.0,0.0,BER,1,"PROCIDA, GABRIELE",17:32,6,1,3,1,3,1,1,0,1,1,1,0,2,0,0,2,2,2,-11.0
2024,240,0,P012099   ,0.0,0.0,BER,2,"GROSBER, DORIAN",DNP,0,0,0,0,0,0,0,0,0,0,0,0,0,0,0,0,0,0,0.0
2024,240,0,P011934   ,0.0,1.0,BER,5,"WETZELL, YANNI",21:01,20,6,11,2,2,2,2,1,4,5,1,1,2,1,1,4,4,20,-6.0
2024,240,0,P008062   ,1.0,1.0,BER,7,"MCDOWELL-WHITE, WILL",21:15,0,0,2,0,3,0,0,0,2,2,7,1,1,0,1,1,0,2,-11.0
2024,240,0,P007025   ,0.0,0.0,BER,9,"MATTISSECK, JONAS",08:47,2,1,1,0,2,0,0,0,0,0,0,0,0,0,0,0,0,0,-5.0
2024,240,0,P006251   ,1.0,0.0,BER,10,"SCHNEIDER, TIM",20:22,4,1,2,0,2,2,2,1,3,4,1,2,2,0,0,4,1,3,-20.0
2024,240,0,P008967   ,1.0,1.0,BER,11,"THOMAS, MATT",27:30,10,1,3,2,6,2,2,1,0,1,2,4,2,0,0,0,2,11,-18.0
2024,240,0,P008780   ,0.0,0.0,BER,15,"HERMANNSSON, MARTIN",18:45,7,2,4,0,4,3,3,0,0,0,2,0,2,0,1,4,2,-2,-14.0
2024,240,0,P006919   ,0.0,1.0,BER,19,"OLINDE, LOUIS",20:30,6,2,3,0,1,2,2,0,1,1,1,0,0,1,0,4,4,7,-24.0
2024,240,0,P011631   ,0.0,1.0,BER,25,"RAPIEQUE, ELIAS",17:16,2,1,1,0,1,0,0,0,0,0,2,1,0,0,0,1,0,3,-6.0
2024,240,0,P013386   ,1.0,0.0,BER,33,"McCORMACK, DAVID",14:49,13,4,5,0,0,5,5,1,4,5,1,2,5,0,0,5,4,14,-5.0
2024,240,0,P012721   ,0.0,0.0,BER,34,"BEAN, JUSTIN",12:13,3,1,2,0,0,1,1,1,0,1,0,0,1,0,1,1,1,1,-5.0
2024,240,0,Team,0.0,0.0,BER,,Team,,0,0,0,0,0,0,0,2,3,5,0,0,2,0,0,0,0,3,
2024,240,0,Total,,,BER,,Total,200:00,73,20,37,5,24,18,18,7,18,25,18,11,19,2,4,26,20,64,
2024,241,1,P009549   ,0.0,1.0,VIR,0,"CORDINIER, ISAIA",26:30,15,4,9,1,3,4,5,3,3,6,3,0,1,1,0,0,4,20,-1.0
2024,241,1,P013695   ,1.0,0.0,VIR,1,"HOLIDAY, JUSTIN",17:03,4,2,5,0,7,0,0,1,1,2,0,1,0,1,1,0,0,-3,-17.0
2024,241,1,PBCN      ,0.0,0.0,VIR,3,"BELINELLI, MARCO",10:08,2,0,0,0,1,2,2,0,0,0,0,0,0,0,0,1,2,2,-14.0
2024,241,1,P006739   ,0.0,0.0,VIR,6,"PAJOLA, ALESSANDRO",05:45,2,1,2,0,0,0,0,0,1,1,0,1,0,0,0,3,0,0,-2.0
2024,241,1,P006273   ,0.0,0.0,VIR,9,"VISCONTI, RICCARDO",DNP,0,0,0,0,0,0,0,0,0,0,0,0,0,0,0,0,0,0,0.0
2024,241,1,P001844   ,0.0,1.0,VIR,23,"HACKETT, DANIEL",24:47,10,2,3,2,4,0,0,0,2,2,4,1,3,0,0,4,4,11,-3.0
2024,241,1,P005738   ,0.0,0.0,VIR,24,"GRAZULIS, ANDREJS",06:49,2,1,1,0,1,0,2,1,0,1,0,0,0,0,0,2,1,-1,-6.0
2024,241,1,P012585   ,1.0,1.0,VIR,30,"MORGAN, MATTHEW",21:56,7,0,4,0,3,7,7,0,2,2,4,1,3,0,1,2,5,6,-25.0
2024,241,1,P013374   ,0.0,1.0,VIR,35,"DIOUF, MOUHAMET",25:04,9,4,7,0,0,1,2,3,5,8,1,1,1,1,0,1,2,16,0.0
2024,241,1,P004554   ,1.0,0.0,VIR,41,"ZIZIC, ANTE",14:56,6,3,5,0,0,0,0,0,0,0,1,1,0,1,1,1,1,6,-22.0
2024,241,1,P011816   ,1.0,0.0,VIR,45,"AKELE, NICOLA",21:58,7,2,2,1,1,0,0,1,3,4,0,2,1,0,0,2,0,10,-8.0
2024,241,1,P012591   ,1.0,1.0,VIR,59,"TUCKER, RAYJON",25:04,6,2,3,0,2,2,4,0,3,3,0,1,2,0,1,3,5,4,-12.0
2024,241,1,Team,0.0,0.0,VIR,,Team,,0,0,0,0,0,0,0,0,1,1,0,0,1,0,0,0,0,0,
2024,241,1,Total,,,VIR,,Total,200:00,70,21,41,4,22,16,22,9,21,30,13,9,12,4,4,19,24,71,
2024,241,0,P007982   ,1.0,0.0,OLY,1,"WILLIAMS-GOSS, NIGEL",14:20,2,1,1,0,0,0,0,0,3,3,4,1,1,0,0,2,0,7,11.0
2024,241,0,P010392   ,0.0,0.0,OLY,5,"LARENTZAKIS, GIANNOULIS",13:46,5,1,1,1,2,0,0,0,2,2,5,0,0,0,0,2,3,12,13.0
2024,241,0,P007947   ,0.0,1.0,OLY,8,"VILDOZA, LUCA",19:25,5,1,2,1,1,0,0,1,2,3,1,2,1,0,0,4,0,5,2.0
2024,241,0,P008811   ,1.0,1.0,OLY,10,"FALL, MOUSTAPHA",20:01,12,6,8,0,0,0,0,1,4,5,1,0,2,2,0,4,4,16,8.0
2024,241,0,P003469   ,1.0,0.0,OLY,14,"VEZENKOV, SASHA",26:20,12,2,6,2,5,2,2,2,6,8,1,0,1,1,2,1,3,14,18.0
2024,241,0,P001255   ,1.0,1.0,OLY,16,"PAPANIKOLAOU, KOSTAS",19:06,11,4,5,1,5,0,0,2,3,5,3,1,1,1,0,2,0,13,20.0
2024,241,0,P009849   ,0.0,1.0,OLY,22,"DORSEY, TYLER",10:47,5,1,2,1,2,0,2,0,0,0,2,0,1,0,0,1,1,2,2.0
2024,241,0,P008829   ,0.0,1.0,OLY,25,"PETERS, ALEC",22:26,12,3,5,2,3,0,0,1,5,6,2,1,0,0,0,1,1,18,13.0
2024,241,0,P013514   ,0.0,0.0,OLY,31,"MENSAH, NATHAN",DNP,0,0,0,0,0,0,0,0,0,0,0,0,0,0,0,0,0,0,0.0
2024,241,0,P003941   ,0.0,0.0,OLY,33,"MILUTINOV, NIKOLA",19:59,12,3,6,0,0,6,6,3,4,7,0,0,1,0,1,1,3,16,14.0
2024,241,0,P007853   ,0.0,0.0,OLY,77,"MCKISSIC, SHAQUIELLE",16:16,4,2,3,0,4,0,0,0,1,1,1,1,3,0,1,4,0,-6,0.0
2024,241,0,P013380   ,1.0,0.0,OLY,94,"FOURNIER, EVAN",17:34,12,2,2,1,4,5,5,0,1,1,6,1,3,0,0,2,3,15,9.0
2024,241,0,Team,0.0,0.0,OLY,,Team,,0,0,0,0,0,0,0,2,0,2,0,0,0,0,0,0,0,2,
2024,241,0,Total,,,OLY,,Total,200:00,92,26,41,9,26,13,15,12,31,43,26,7,14,4,4,24,18,114,
2024,242,1,P007870   ,1.0,0.0,PAR,0,"DAVIES, BRANDON",19:29,8,2,6,1,3,1,6,2,3,5,3,0,1,2,0,3,3,6,2.0
2024,242,1,P010781   ,1.0,1.0,PAR,1,"LUNDBERG, IFFE",31:26,8,1,2,1,5,3,3,0,0,0,4,4,2,0,0,2,2,9,4.0
2024,242,1,P013369   ,1.0,1.0,PAR,2,"JONES, CARLIK",29:50,21,7,12,0,2,7,7,2,4,6,6,2,1,0,1,2,7,31,14.0
2024,242,1,P013370   ,0.0,0.0,PAR,4,"WASHINGTON, DUANE",06:58,2,1,2,0,0,0,0,0,0,0,0,0,0,0,0,1,0,0,-9.0
2024,242,1,P011050   ,0.0,0.0,PAR,5,"KOPRIVICA, BALSA",DNP,0,0,0,0,0,0,0,0,0,0,0,0,0,0,0,0,0,0,0.0
2024,242,1,P007632   ,0.0,0.0,PAR,7,"NAKIC, MARIO",DNP,0,0,0,0,0,0,0,0,0,0,0,0,0,0,0,0,0,0,0.0
2024,242,1,P004761   ,0.0,0.0,PAR,9,"MARINKOVIC, VANJA",13:10,8,1,1,2,2,0,0,0,2,2,0,1,0,0,0,2,0,9,9.0
2024,242,1,P008232   ,1.0,0.0,PAR,11,"POKUSEVSKI, ALEKSEJ",15:19,4,2,2,0,2,0,0,0,3,3,2,1,1,3,0,4,1,7,-3.0
2024,242,1,P012720   ,1.0,1.0,PAR,12,"BROWN, STERLING",33:50,19,8,9,1,3,0,0,0,4,4,3,1,1,0,0,0,1,24,16.0
2024,242,1,P007736   ,0.0,0.0,PAR,19,"LAKIC, ARIJAN",04:46,0,0,0,0,1,0,0,0,1,1,0,0,0,0,0,1,0,-1,5.0
2024,242,1,P011836   ,0.0,1.0,PAR,24,"MIKE, ISIAHA",24:41,9,1,2,2,4,1,2,1,2,3,2,0,1,1,1,3,2,8,16.0
2024,242,1,P011981   ,0.0,1.0,PAR,88,"JONES, TYRIQUE",20:31,7,3,5,0,0,1,2,3,6,9,1,2,2,1,0,4,1,12,11.0
2024,242,1,Team,0.0,0.0,PAR,,Team,,0,0,0,0,0,0,0,1,3,4,0,0,1,0,0,0,0,3,
2024,242,1,Total,,,PAR,,Total,200:00,86,26,41,7,22,13,20,9,28,37,21,11,10,7,2,22,17,108,
2024,242,0,P011948   ,0.0,0.0,BAS,0,"HOWARD, MARKUS",07:38,7,0,1,2,2,1,1,0,1,1,0,0,1,0,0,2,2,6,4.0
2024,242,0,P008850   ,0.0,0.0,BAS,2,"RAIESTE, SANDER",DNP,0,0,0,0,0,0,0,0,0,0,0,0,0,0,0,0,0,0,0.0
2024,242,0,P010784   ,0.0,0.0,BAS,6,"SAVKOV, PAVEL",DNP,0,0,0,0,0,0,0,0,0,0,0,0,0,0,0,0,0,0,0.0
2024,242,0,P007230   ,0.0,0.0,BAS,8,"SEDEKERSKIS, TADAS",17:00,1,0,0,0,0,1,2,0,2,2,1,0,1,0,0,0,1,3,-3.0
2024,242,0,P012080   ,1.0,1.0,BAS,9,"LUWAWU-CABARROT, TIMOTHE",33:43,11,3,6,1,6,2,2,3,1,4,3,1,4,0,1,2,2,6,-10.0
2024,242,0,P004058   ,0.0,0.0,BAS,10,"JARAMAZ, OGNJEN",08:45,3,1,1,0,0,1,2,0,0,0,0,0,0,0,0,4,2,0,-2.0
2024,242,0,P013367   ,1.0,1.0,BAS,11,"FORREST, TRENT",31:15,10,4,11,0,2,2,3,3,4,7,6,1,2,1,2,0,3,14,-11.0
2024,242,0,P011085   ,1.0,1.0,BAS,17,"ROGKAVOPOULOS, NIKOLAOS",31:10,11,1,5,3,9,0,0,0,7,7,0,1,1,0,1,3,1,5,-6.0
2024,242,0,P008072   ,1.0,0.0,BAS,18,"DIOP, KHALIFA",13:03,2,1,2,0,0,0,0,3,4,7,0,0,1,0,1,3,0,3,1.0
2024,242,0,P011196   ,0.0,0.0,BAS,45,"HALL, DONTA",17:38,9,3,3,0,0,3,4,2,1,3,0,1,2,0,0,1,3,12,-8.0
2024,242,0,P012201   ,1.0,1.0,BAS,95,"MONEKE, CHIMA",25:16,9,2,6,1,5,2,5,1,2,3,2,0,2,0,2,1,7,5,-16.0
2024,242,0,P007579   ,0.0,1.0,BAS,99,"SAMANIC, LUKA",14:32,10,3,5,1,1,1,1,1,1,2,1,0,1,1,0,1,1,11,-14.0
2024,242,0,Team,0.0,0.0,BAS,,Team,,0,0,0,0,0,0,0,1,1,2,0,0,0,0,0,0,0,2,
2024,242,0,Total,,,BAS,,Total,200:00,73,18,40,8,25,13,20,14,24,38,13,4,15,2,7,17,22,67,
2024,243,1,P013371   ,0.0,1.0,ASV,1,"HARRISON, SHAQUILLE",15:08,12,2,3,2,2,2,3,0,0,0,0,2,1,1,0,1,3,14,-2.0
2024,243,1,P011225   ,1.0,0.0,ASV,3,"LEE, PARIS",15:40,6,0,2,2,4,0,0,0,0,0,3,2,2,0,0,2,0,3,-4.0
2024,243,1,PKIR      ,0.0,0.0,ASV,5,"KAHUDI, CHARLES",02:32,0,0,0,0,0,0,0,0,1,1,0,0,1,0,0,0,0,0,-8.0
2024,243,1,P007027   ,1.0,1.0,ASV,6,"MALEDON, THEO",30:42,10,2,3,1,7,3,4,0,2,2,11,0,4,0,0,2,5,14,-3.0
2024,243,1,P010316   ,1.0,1.0,ASV,8,"AJINCA, MELVIN",34:22,18,0,0,6,7,0,0,1,4,5,3,0,2,0,0,1,2,24,6.0
2024,243,1,P000229   ,0.0,0.0,ASV,11,"JACKSON, EDWIN",DNP,0,0,0,0,0,0,0,0,0,0,0,0,0,0,0,0,0,0,0.0
2024,243,1,P002100   ,0.0,1.0,ASV,12,"DE COLO, NANDO",26:03,16,3,7,1,4,7,7,0,1,1,5,1,1,0,0,4,4,15,1.0
2024,243,1,P010545   ,1.0,1.0,ASV,13,"SAKO, NEAL",21:55,17,7,9,0,0,3,5,3,1,4,0,0,0,0,0,4,3,16,1.0
2024,243,1,P013405   ,1.0,0.0,ASV,21,"ROBERSON, ANDRE",28:52,8,2,5,0,0,4,6,1,6,7,1,2,0,2,0,3,3,15,14.0
2024,243,1,P008991   ,0.0,0.0,ASV,28,"BLACK, TARIK",15:01,6,3,4,0,0,0,2,0,0,0,0,0,1,0,0,4,1,-1,3.0
2024,243,1,P013377   ,0.0,0.0,ASV,34,"PAUL, MBIYA",03:04,0,0,1,0,0,0,0,0,0,0,0,0,0,0,0,0,0,-1,-7.0
2024,243,1,P009818   ,0.0,0.0,ASV,50,"BENTIL, BENJAMIN",06:41,0,0,1,0,0,0,0,0,1,1,0,0,0,0,0,1,0,-1,-16.0
2024,243,1,Team,0.0,0.0,ASV,,Team,,0,0,0,0,0,0,0,2,4,6,0,0,0,0,0,0,0,6,
2024,243,1,Total,,,ASV,,Total,200:00,93,19,35,12,24,19,27,7,20,27,23,7,12,3,0,22,21,104,
2024,243,0,P011209   ,0.0,0.0,PAN,0,"KALAITZAKIS, PANAGIOTIS",DNP,0,0,0,0,0,0,0,0,0,0,0,0,0,0,0,0,0,0,0.0
2024,243,0,P009622   ,1.0,0.0,PAN,2,"BROWN, LORENZO",22:54,8,4,4,0,1,0,0,0,6,6,5,2,1,0,0,0,0,19,1.0
2024,243,0,P001926   ,0.0,1.0,PAN,10,"SLOUKAS, KOSTAS",20:51,12,1,2,2,4,4,5,2,3,5,6,0,2,0,0,2,3,18,-2.0
2024,243,0,P004088   ,1.0,0.0,PAN,16,"OSMAN, CEDI",12:21,6,2,3,0,0,2,2,0,2,2,1,0,1,0,0,3,1,5,-4.0
2024,243,0,P011442   ,0.0,0.0,PAN,20,"SAMODUROV, ALEXANDROS",DNP,0,0,0,0,0,0,0,0,0,0,0,0,0,0,0,0,0,0,0.0
2024,243,0,P005161   ,0.0,0.0,PAN,21,"PAPAPETROU, IOANNIS",16:17,1,0,1,0,1,1,2,1,0,1,1,0,0,0,0,0,1,1,6.0
2024,243,0,P011204   ,0.0,1.0,PAN,22,"GRANT, JERIAN",18:59,6,0,1,2,3,0,0,0,0,0,1,1,0,0,0,4,1,3,-4.0
2024,243,0,PLHK      ,0.0,0.0,PAN,24,"PLEISS, TIBOR",13:39,4,2,4,0,3,0,0,0,1,1,2,1,1,0,0,3,2,1,9.0
2024,243,0,P012774   ,1.0,1.0,PAN,25,"NUNN, KENDRICK",31:57,24,5,6,3,4,5,7,0,3,3,6,0,4,0,0,3,5,27,5.0
2024,243,0,P013383   ,1.0,1.0,PAN,32,"GABRIEL, WENYEN",18:08,6,3,5,0,0,0,2,3,0,3,0,0,1,0,1,4,3,2,2.0
2024,243,0,P012712   ,1.0,1.0,PAN,41,"HERNANGOMEZ, JUANCHO",31:54,15,3,6,1,5,6,6,1,8,9,2,3,1,0,2,2,3,20,0.0
2024,243,0,P007866   ,0.0,0.0,PAN,44,"MITOGLOU, KONSTANTINOS",13:00,14,5,5,1,1,1,2,0,0,0,0,0,1,0,0,0,2,14,2.0
2024,243,0,Team,0.0,0.0,PAN,,Team,,0,0,0,0,0,0,0,1,1,2,0,0,2,0,0,0,0,0,
2024,243,0,Total,,,PAN,,Total,200:00,96,25,37,9,22,19,26,8,24,32,24,7,14,0,3,21,21,110,
2024,244,1,P012608   ,1.0,0.0,PRS,0,"SHORTS, TJ",22:32,19,6,11,0,1,7,8,0,1,1,5,1,5,0,0,3,9,20,-11.0
2024,244,1,P012640   ,0.0,1.0,PRS,2,"HIFI, NADIR",26:34,17,6,10,0,6,5,5,1,2,3,2,1,3,0,1,2,3,10,-9.0
2024,244,1,P012610   ,1.0,0.0,PRS,3,"WARD, TYSON",19:53,5,1,1,1,4,0,0,0,3,3,1,0,2,0,0,3,1,2,-9.0
2024,244,1,P013373   ,0.0,1.0,PRS,4,"CAVALIERE, LEOPOLD",08:49,4,2,2,0,0,0,0,1,2,3,0,0,0,0,0,1,0,6,6.0
2024,244,1,P005793   ,1.0,0.0,PRS,5,"SY, BANDJA",11:13,5,1,1,1,1,0,0,1,1,2,1,1,0,2,0,0,0,11,0.0
2024,244,1,P012611   ,0.0,1.0,PRS,7,"HERRERA, SEBASTIAN",03:46,3,0,0,1,2,0,0,0,1,1,1,0,0,0,0,0,0,4,11.0
2024,244,1,P004512   ,0.0,1.0,PRS,8,"KRATZER, LEON",13:02,0,0,0,0,0,0,0,2,4,6,1,0,1,0,0,1,0,5,-11.0
2024,244,1,P007032   ,0.0,0.0,PRS,12,"LO, MAODO",19:37,10,5,6,0,3,0,2,1,0,1,2,0,1,0,1,1,2,6,-20.0
2024,244,1,P010390   ,1.0,0.0,PRS,13,"HAYES, KEVARRIUS",19:08,6,3,6,0,0,0,1,1,4,5,0,2,2,2,0,5,2,6,2.0
2024,244,1,P012613   ,1.0,0.0,PRS,20,"JANTUNEN, MIKAEL",19:42,0,0,0,0,2,0,0,0,0,0,0,0,0,0,0,3,2,-3,0.0
2024,244,1,P004197   ,0.0,1.0,PRS,24,"OUATTARA, YAKUBA",18:05,7,2,2,1,3,0,0,1,0,1,0,0,0,0,0,1,0,5,2.0
2024,244,1,P011949   ,0.0,0.0,PRS,34,"HOMMES, DAULTON",17:39,3,0,0,1,6,0,2,3,2,5,0,3,0,0,0,1,2,5,-21.0
2024,244,1,Team,0.0,0.0,PRS,,Team,,0,0,0,0,0,0,0,2,2,4,0,0,0,0,0,0,0,4,
2024,244,1,Total,,,PRS,,Total,200:00,79,26,39,5,28,12,18,13,22,35,13,8,14,4,2,21,21,81,
2024,244,0,P011212   ,1.0,1.0,MCO,0,"OKOBO, ELIE",30:47,12,2,4,2,6,2,2,0,6,6,5,1,4,1,0,0,2,17,12.0
2024,244,0,P011231   ,0.0,0.0,MCO,4,"BLOSSOMGAME, JARON",17:26,4,2,2,0,1,0,1,0,2,2,1,0,0,0,0,2,3,6,-3.0
2024,244,0,P009754   ,0.0,1.0,MCO,8,"LOYD, JORDAN",23:29,21,4,5,4,4,1,1,1,2,3,2,1,0,0,0,3,2,25,9.0
2024,244,0,P005844   ,0.0,0.0,MCO,9,"PAPAGIANNIS, GEORGIOS",DNP,0,0,0,0,0,0,0,0,0,0,0,0,0,0,0,0,0,0,0.0
2024,244,0,P004132   ,1.0,1.0,MCO,10,"THEIS, DANIEL",28:27,21,6,10,2,2,3,6,2,5,7,1,1,2,1,1,3,6,24,19.0
2024,244,0,P011226   ,1.0,1.0,MCO,11,"DIALLO, ALPHA",31:11,15,4,10,2,2,1,1,0,4,4,3,1,1,0,2,3,2,13,3.0
2024,244,0,P004790   ,1.0,0.0,MCO,12,"CORNELIE, PETR",11:15,1,0,0,0,0,1,2,0,1,1,2,0,0,0,0,2,2,3,11.0
2024,244,0,P002581   ,0.0,0.0,MCO,14,"JAITEH, MAM",11:33,2,1,3,0,0,0,0,0,3,3,2,0,2,0,0,2,0,1,-7.0
2024,244,0,P012515   ,0.0,0.0,MCO,22,"TARPEY, TERRY",DNP,0,0,0,0,0,0,0,0,0,0,0,0,0,0,0,0,0,0,0.0
2024,244,0,P008161   ,0.0,0.0,MCO,23,"BEGARIN, JUHANN",DNP,0,0,0,0,0,0,0,0,0,0,0,0,0,0,0,0,0,0,0.0
2024,244,0,P008099   ,0.0,1.0,MCO,32,"STRAZEL, MATTHEW",16:45,6,2,4,0,0,2,2,1,0,1,5,2,1,0,0,3,2,10,-3.0
2024,244,0,P005985   ,1.0,0.0,MCO,55,"JAMES, MIKE",29:07,9,3,7,1,4,0,0,0,1,1,4,3,2,0,1,3,2,6,19.0
2024,244,0,Team,0.0,0.0,MCO,,Team,,0,0,0,0,0,0,0,4,3,7,0,0,0,0,0,0,0,7,
2024,244,0,Total,,,MCO,,Total,200:00,91,24,45,11,19,10,15,8,27,35,25,9,12,2,4,21,21,112,
2024,245,1,P011209   ,1.0,1.0,PAN,0,"KALAITZAKIS, PANAGIOTIS",02:49,0,0,1,0,0,0,0,0,0,0,0,0,1,0,0,0,1,-1,-2.0
2024,245,1,P009622   ,0.0,0.0,PAN,2,"BROWN, LORENZO",07:08,3,0,0,1,2,0,0,0,2,2,0,0,0,0,0,0,1,5,-3.0
2024,245,1,P001926   ,0.0,1.0,PAN,10,"SLOUKAS, KOSTAS",22:59,10,4,5,0,2,2,2,0,1,1,7,1,1,0,0,3,1,13,6.0
2024,245,1,P004088   ,0.0,0.0,PAN,16,"OSMAN, CEDI",21:53,9,0,2,1,3,6,6,1,0,1,0,0,0,0,1,2,3,6,15.0
2024,245,1,P011442   ,0.0,1.0,PAN,20,"SAMODUROV, ALEXANDROS",00:32,0,0,0,0,0,0,0,0,0,0,0,0,0,0,0,0,0,0,-2.0
2024,245,1,P005161   ,0.0,0.0,PAN,21,"PAPAPETROU, IOANNIS",05:45,0,0,0,0,1,0,0,0,0,0,0,0,0,0,0,0,1,0,-5.0
2024,245,1,P011204   ,1.0,1.0,PAN,22,"GRANT, JERIAN",33:03,11,2,3,2,4,1,1,0,3,3,9,2,1,0,0,3,3,21,16.0
2024,245,1,PLHK      ,1.0,0.0,PAN,24,"PLEISS, TIBOR",04:38,0,0,2,0,0,0,0,0,0,0,0,0,0,0,0,0,0,-2,-6.0
2024,245,1,P012774   ,1.0,0.0,PAN,25,"NUNN, KENDRICK",35:53,18,6,11,2,7,0,1,1,4,5,5,2,3,0,0,0,3,19,20.0
2024,245,1,P013383   ,0.0,0.0,PAN,32,"GABRIEL, WENYEN",15:00,7,3,5,0,0,1,1,1,4,5,0,2,2,0,0,2,1,9,1.0
2024,245,1,P012712   ,1.0,0.0,PAN,41,"HERNANGOMEZ, JUANCHO",29:58,12,2,4,2,4,2,3,1,5,6,2,0,0,2,0,0,3,20,15.0
2024,245,1,P007866   ,0.0,1.0,PAN,44,"MITOGLOU, KONSTANTINOS",20:22,15,4,6,2,4,1,2,4,5,9,2,1,1,0,0,3,1,19,20.0
2024,245,1,Team,0.0,0.0,PAN,,Team,,0,0,0,0,0,0,0,1,2,3,0,0,1,0,0,0,0,2,
2024,245,1,Total,,,PAN,,Total,200:00,85,21,39,10,27,13,16,9,26,35,25,8,10,2,1,13,18,111,
2024,245,0,P003733   ,1.0,0.0,MAD,6,"ABALDE, ALBERTO",18:23,2,1,2,0,3,0,0,1,3,4,0,0,0,0,0,0,0,2,-12.0
2024,245,0,P005928   ,1.0,1.0,MAD,7,"CAMPAZZO, FACUNDO",25:15,4,2,2,0,3,0,0,1,0,1,6,0,2,0,0,4,2,4,-14.0
2024,245,0,P011649   ,0.0,1.0,MAD,9,"GONZALEZ, HUGO",06:44,2,1,1,0,1,0,0,1,2,3,1,0,0,0,0,1,0,4,0.0
2024,245,0,P003108   ,1.0,1.0,MAD,11,"HEZONJA, MARIO",34:34,18,7,10,1,6,1,2,1,7,8,3,0,3,0,1,1,1,16,-21.0
2024,245,0,P006540   ,0.0,1.0,MAD,13,"MUSA, DZANAN",28:35,12,5,8,0,3,2,3,1,2,3,4,1,4,0,1,1,4,11,-3.0
2024,245,0,P007630   ,1.0,1.0,MAD,16,"GARUBA, USMAN",15:06,0,0,0,0,1,0,0,3,3,6,0,0,2,1,0,2,0,2,-4.0
2024,245,0,P003583   ,1.0,0.0,MAD,18,"IBAKA, SERGE",06:23,0,0,3,0,1,0,0,1,1,2,0,0,0,0,0,0,0,-2,-5.0
2024,245,0,P013667   ,0.0,0.0,MAD,20,"FERNANDO, BRUNO",13:21,6,3,5,0,0,0,0,1,1,2,0,1,0,0,0,2,2,7,5.0
2024,245,0,P005791   ,0.0,0.0,MAD,22,"TAVARES, WALTER",23:10,16,7,7,0,0,2,3,2,5,7,1,0,1,0,0,5,3,20,-10.0
2024,245,0,PTGB      ,0.0,0.0,MAD,23,"LLULL, SERGIO",22:04,10,2,2,2,8,0,1,0,2,2,5,1,2,0,0,1,1,9,-3.0
2024,245,0,P011247   ,0.0,0.0,MAD,24,"FELIZ, ANDRES",03:56,0,0,2,0,0,0,0,0,0,0,0,0,0,0,0,3,0,-5,-2.0
2024,245,0,P009213   ,0.0,0.0,MAD,30,"NDIAYE, ELI",02:29,0,0,1,0,0,0,0,0,0,0,0,0,0,0,0,0,0,-1,-6.0
2024,245,0,Team,0.0,0.0,MAD,,Team,,0,0,0,0,0,0,0,3,1,4,0,0,0,0,0,0,0,4,
2024,245,0,Total,,,MAD,,Total,200:00,70,28,43,3,26,5,9,15,27,42,20,3,14,1,2,20,13,71,
2024,246,1,P011948   ,0.0,0.0,BAS,0,"HOWARD, MARKUS",25:52,13,0,3,3,7,4,5,0,1,1,0,1,1,0,2,2,3,5,3.0
2024,246,1,P008850   ,0.0,0.0,BAS,2,"RAIESTE, SANDER",DNP,0,0,0,0,0,0,0,0,0,0,0,0,0,0,0,0,0,0,0.0
2024,246,1,P010784   ,0.0,0.0,BAS,6,"SAVKOV, PAVEL",DNP,0,0,0,0,0,0,0,0,0,0,0,0,0,0,0,0,0,0,0.0
2024,246,1,P007230   ,1.0,1.0,BAS,8,"SEDEKERSKIS, TADAS",18:24,3,1,1,0,0,1,1,0,3,3,1,0,1,0,0,2,2,6,-2.0
2024,246,1,P012080   ,1.0,1.0,BAS,9,"LUWAWU-CABARROT, TIMOTHE",19:10,7,3,7,0,2,1,2,1,1,2,0,0,1,0,1,1,3,2,4.0
2024,246,1,P004058   ,0.0,0.0,BAS,10,"JARAMAZ, OGNJEN",13:38,0,0,1,0,0,0,0,0,0,0,1,0,1,0,0,2,0,-3,1.0
2024,246,1,P013367   ,1.0,0.0,BAS,11,"FORREST, TRENT",26:22,6,0,6,2,4,0,0,2,1,3,4,1,1,1,0,1,0,5,0.0
2024,246,1,P011085   ,0.0,1.0,BAS,17,"ROGKAVOPOULOS, NIKOLAOS",16:55,3,0,1,1,2,0,0,0,3,3,2,2,0,0,0,1,1,8,-3.0
2024,246,1,P008072   ,1.0,0.0,BAS,18,"DIOP, KHALIFA",11:42,2,1,1,0,0,0,0,0,0,0,0,1,0,1,0,1,2,5,-5.0
2024,246,1,P011196   ,0.0,1.0,BAS,45,"HALL, DONTA",24:09,11,3,7,0,0,5,5,2,6,8,1,0,0,3,0,4,3,18,14.0
2024,246,1,P012201   ,1.0,1.0,BAS,95,"MONEKE, CHIMA",29:20,13,3,6,0,5,7,8,3,2,5,1,0,1,1,0,2,5,13,2.0
2024,246,1,P007579   ,0.0,0.0,BAS,99,"SAMANIC, LUKA",14:28,8,3,4,0,1,2,4,0,2,2,3,3,1,0,0,1,3,13,-9.0
2024,246,1,Team,0.0,0.0,BAS,,Team,,0,0,0,0,0,0,0,3,2,5,0,0,1,0,0,0,0,4,
2024,246,1,Total,,,BAS,,Total,200:00,66,14,37,6,21,20,25,11,21,32,13,8,8,6,3,17,22,76,
2024,246,0,P013775   ,0.0,0.0,ZAL,2,"WONG, ISAIAH",07:34,4,2,3,0,1,0,0,1,0,1,0,0,0,1,0,1,1,4,-3.0
2024,246,0,P007975   ,1.0,1.0,ZAL,3,"FRANCISCO, SYLVAIN",32:57,8,1,5,1,4,3,4,1,1,2,6,0,4,1,1,2,4,6,6.0
2024,246,0,P011983   ,1.0,1.0,ZAL,8,"BRAZDEIKIS, IGNAS",29:26,17,7,10,1,3,0,0,2,6,8,2,0,1,0,1,1,0,19,3.0
2024,246,0,P007513   ,0.0,0.0,ZAL,9,"GIEDRAITIS, DOVYDAS",20:34,4,1,3,0,0,2,2,1,1,2,1,0,1,0,0,3,1,2,6.0
2024,246,0,P005504   ,1.0,0.0,ZAL,15,"BIRUTIS, LAURYNAS",13:56,8,4,5,0,0,0,0,2,1,3,0,0,2,1,1,4,1,5,1.0
2024,246,0,P011051   ,1.0,1.0,ZAL,18,"SMAILAGIC, ALEN",16:36,11,3,3,1,4,2,3,1,1,2,2,1,1,0,0,4,4,11,2.0
2024,246,0,P012622   ,0.0,0.0,ZAL,21,"MITCHELL, MATTHEW",00:15,0,0,0,0,0,0,0,0,0,0,0,0,0,0,0,0,0,0,-3.0
2024,246,0,P003048   ,0.0,0.0,ZAL,42,"DUNSTON, BRYANT",18:28,5,2,2,0,0,1,2,0,5,5,0,0,0,0,0,2,1,8,-10.0
2024,246,0,P012715   ,0.0,0.0,ZAL,45,"MANEK, BRADY",DNP,0,0,0,0,0,0,0,0,0,0,0,0,0,0,0,0,0,0,0.0
2024,246,0,P002676   ,1.0,0.0,ZAL,51,"BUTKEVICIUS, ARNAS",19:16,2,1,2,0,4,0,0,0,1,1,0,1,1,0,1,1,0,-4,-6.0
2024,246,0,P007029   ,0.0,1.0,ZAL,91,"SIRVYDIS, DEIVIDAS",11:51,1,0,3,0,3,1,3,1,1,2,0,0,1,0,1,0,1,-6,-9.0
2024,246,0,P002329   ,0.0,1.0,ZAL,92,"ULANOVAS, EDGARAS",29:07,5,2,4,0,3,1,2,3,8,11,3,1,2,0,1,4,4,11,8.0
2024,246,0,Team,0.0,0.0,ZAL,,Team,,0,0,0,0,0,0,0,5,2,7,0,0,0,0,0,0,0,7,
2024,246,0,Total,,,ZAL,,Total,200:00,65,23,40,3,22,10,16,17,27,44,14,3,13,3,6,22,17,63,
2024,247,1,P006085   ,0.0,0.0,MIL,1,"DIMITRIJEVIC, NENO",10:56,2,0,3,0,1,2,2,0,1,1,2,0,0,0,0,1,1,1,-14.0
2024,247,1,P011064   ,1.0,0.0,MIL,2,"MANNION, NICCOLO",16:49,7,1,2,1,2,2,2,0,2,2,3,1,1,0,0,2,2,10,-6.0
2024,247,1,P001392   ,0.0,0.0,MIL,5,"CAUSEUR, FABIEN",15:59,4,1,2,0,4,2,4,0,0,0,1,0,0,0,0,0,3,1,-23.0
2024,247,1,P006509   ,0.0,1.0,MIL,7,"TONUT, STEFANO",17:10,6,3,4,0,2,0,0,1,2,3,2,2,0,0,0,2,0,8,-9.0
2024,247,1,P008985   ,0.0,1.0,MIL,10,"BOLMARO, LEANDRO",19:49,8,4,8,0,1,0,0,0,2,2,0,0,0,1,0,1,2,7,-17.0
2024,247,1,P008987   ,1.0,0.0,MIL,16,"LEDAY, ZACH",29:38,11,4,10,0,2,3,3,2,2,4,2,0,1,0,0,2,3,9,-17.0
2024,247,1,P001518   ,1.0,1.0,MIL,17,"RICCI, GIAMPAOLO",25:35,6,0,0,2,4,0,0,0,3,3,0,1,0,0,0,3,2,7,-3.0
2024,247,1,P005670   ,0.0,1.0,MIL,21,"FLACCADORI, DIEGO",08:26,2,1,2,0,0,0,0,0,0,0,2,0,1,0,1,0,0,1,-3.0
2024,247,1,P006721   ,0.0,1.0,MIL,30,"CARUSO, GUGLIELMO",13:32,2,1,2,0,0,0,0,2,0,2,0,0,1,0,0,3,0,-1,-4.0
2024,247,1,P007831   ,1.0,0.0,MIL,31,"SHIELDS, SHAVON",20:27,17,4,6,2,5,3,3,0,1,1,0,1,0,0,1,1,3,15,-10.0
2024,247,1,P000796   ,1.0,0.0,MIL,33,"MIROTIC, NIKOLA",17:07,11,5,7,0,0,1,1,2,4,6,2,0,3,0,0,2,3,15,-7.0
2024,247,1,P011941   ,0.0,0.0,MIL,55,"GILLESPIE, FREDDIE",04:32,0,0,0,0,0,0,0,0,0,0,0,0,0,0,0,0,0,0,-7.0
2024,247,1,Team,0.0,0.0,MIL,,Team,,0,0,0,0,0,0,0,2,0,2,0,0,0,0,0,0,0,2,
2024,247,1,Total,,,MIL,,Total,200:00,76,24,46,5,21,13,15,9,17,26,14,5,7,1,2,17,19,75,
2024,247,0,P005216   ,0.0,1.0,ULK,0,"MCCOLLUM, ERRICK",22:29,18,5,6,2,6,2,2,1,2,3,2,0,0,2,0,2,2,20,20.0
2024,247,0,P009863   ,0.0,0.0,ULK,2,"BALDWIN IV, WADE",18:49,15,4,4,2,3,1,2,0,1,1,3,0,0,0,0,2,2,17,20.0
2024,247,0,P002849   ,0.0,1.0,ULK,4,"MELLI, NICOLO",18:08,6,0,0,2,2,0,0,0,3,3,0,1,0,0,0,3,2,9,13.0
2024,247,0,P002968   ,0.0,0.0,ULK,5,"SANLI, SERTAC",12:07,5,1,1,1,1,0,0,0,2,2,0,0,1,0,0,2,0,4,11.0
2024,247,0,P008962   ,1.0,0.0,ULK,11,"HAYES-DAVIS, NIGEL",24:24,14,4,6,1,3,3,3,0,4,4,2,0,1,0,1,3,4,15,16.0
2024,247,0,P006961   ,0.0,0.0,ULK,13,"BIBEROVIC, TARIK",17:09,8,1,1,2,4,0,0,0,3,3,2,0,0,0,0,1,0,10,18.0
2024,247,0,P011205   ,1.0,1.0,ULK,20,"HALL, DEVON",22:39,10,3,4,1,1,1,1,0,0,0,1,0,0,0,0,0,2,12,5.0
2024,247,0,P010560   ,0.0,1.0,ULK,21,"PIERRE, DYSHAWN",06:26,0,0,1,0,1,0,0,0,1,1,1,0,1,0,0,0,0,-1,0.0
2024,247,0,P004004   ,1.0,0.0,ULK,23,"GUDURIC, MARKO",15:23,4,2,4,0,0,0,0,0,2,2,4,0,2,0,0,2,1,5,1.0
2024,247,0,P013696   ,0.0,1.0,ULK,44,"BANGO, JILSON",09:49,8,2,4,0,0,4,4,3,2,5,0,0,2,0,0,1,3,11,1.0
2024,247,0,P009783   ,1.0,0.0,ULK,50,"COLSON, BONZIE",19:52,8,4,5,0,1,0,0,0,4,4,2,1,1,0,0,1,0,11,12.0
2024,247,0,P007182   ,1.0,0.0,ULK,92,"BIRCH, KHEM",12:45,4,2,3,0,0,0,0,1,2,3,0,0,2,0,0,2,0,2,3.0
2024,247,0,Team,0.0,0.0,ULK,,Team,,0,0,0,0,0,0,0,0,3,3,0,0,0,0,0,0,0,3,
2024,247,0,Total,,,ULK,,Total,200:00,100,28,39,11,22,11,12,5,29,34,17,2,10,2,1,19,16,118,
2024,248,1,P010391   ,1.0,1.0,MUN,0,"WEILER-BABB, NICK",21:31,2,1,2,0,1,0,0,1,0,1,7,2,0,0,0,2,1,9,18.0
2024,248,1,P011987   ,1.0,1.0,MUN,3,"EDWARDS, CARSEN",32:18,30,4,7,6,10,4,5,0,1,1,4,1,3,0,2,1,7,29,14.0
2024,248,1,P001557   ,0.0,1.0,MUN,5,"GIFFEY, NIELS",14:14,8,1,1,2,3,0,0,0,5,5,2,0,0,0,0,3,0,11,-1.0
2024,248,1,P007201   ,1.0,0.0,MUN,7,"VOIGTMANN, JOHANNES",30:35,11,3,5,1,2,2,2,3,6,9,3,2,4,1,0,2,2,19,12.0
2024,248,1,P011224   ,0.0,1.0,MUN,8,"NAPIER, SHABAZZ",26:19,16,0,0,5,8,1,1,0,2,2,5,0,3,0,0,2,2,17,24.0
2024,248,1,P012123   ,0.0,0.0,MUN,10,"KHARCHENKOV, IVAN",DNP,0,0,0,0,0,0,0,0,0,0,0,0,0,0,0,0,0,0,0.0
2024,248,1,P001288   ,1.0,1.0,MUN,11,"LUCIC, VLADIMIR",37:20,18,3,5,3,4,3,6,0,7,7,1,1,0,0,0,2,7,26,22.0
2024,248,1,P004508   ,0.0,0.0,MUN,13,"OBST, ANDREAS",26:38,8,0,0,2,8,2,3,0,0,0,1,1,0,0,0,4,0,-1,0.0
2024,248,1,P007929   ,0.0,0.0,MUN,17,"BITIM, ONURALP",DNP,0,0,0,0,0,0,0,0,0,0,0,0,0,0,0,0,0,0,0.0
2024,248,1,P005460   ,1.0,0.0,MUN,20,"HARRIS, ELIAS",03:14,0,0,1,0,1,0,0,0,0,0,0,0,0,0,0,0,0,-2,0.0
2024,248,1,P007639   ,0.0,0.0,MUN,22,"BRANKOVIC, DANKO",07:51,7,3,3,0,0,1,2,1,2,3,0,0,1,0,0,2,1,7,1.0
2024,248,1,P012126   ,0.0,0.0,MUN,44,"VOLF, IVAN",DNP,0,0,0,0,0,0,0,0,0,0,0,0,0,0,0,0,0,0,0.0
2024,248,1,Team,0.0,0.0,MUN,,Team,,0,0,0,0,0,0,0,1,1,2,0,0,1,0,0,0,0,1,
2024,248,1,Total,,,MUN,,Total,200:00,100,15,24,19,37,13,19,6,24,30,23,7,12,1,2,18,20,116,
2024,248,0,P009048   ,1.0,0.0,RED,0,"MILLER-MCINTYRE, CODI",18:30,11,4,8,1,3,0,1,0,0,0,3,2,3,0,0,5,1,2,-13.0
2024,248,0,P010588   ,0.0,0.0,RED,1,"BROWN III, JOHN",06:52,0,0,2,0,0,0,0,0,2,2,0,0,0,0,0,0,0,0,-11.0
2024,248,0,P010612   ,0.0,1.0,RED,3,"CANAAN, ISAIAH",21:31,15,0,2,3,6,6,7,1,0,1,2,0,2,0,0,1,3,12,-5.0
2024,248,0,PJDR      ,0.0,1.0,RED,4,"TEODOSIC, MILOS",12:37,6,0,0,2,3,0,0,0,1,1,3,0,3,0,0,1,2,7,-7.0
2024,248,0,P007960   ,1.0,0.0,RED,7,"DAVIDOVAC, DEJAN",12:51,3,0,0,1,1,0,0,0,3,3,0,0,1,0,0,3,1,3,0.0
2024,248,0,P004866   ,1.0,0.0,RED,12,"KALINIC, NIKOLA",20:55,8,2,2,1,3,1,1,0,1,1,2,2,3,0,0,2,2,8,-23.0
2024,248,0,P004007   ,1.0,0.0,RED,13,"DOBRIC, OGNJEN",17:19,8,1,2,2,7,0,0,0,0,0,1,0,0,1,0,1,0,3,-19.0
2024,248,0,P009035   ,1.0,1.0,RED,21,"BOLOMBOY, JOEL",34:31,12,6,8,0,0,0,0,12,7,19,2,0,2,1,0,3,1,28,0.0
2024,248,0,P011194   ,0.0,0.0,RED,30,"PETRUSEV, FILIP",04:46,2,0,1,0,1,2,4,0,1,1,0,0,0,0,0,2,2,-1,-6.0
2024,248,0,P006436   ,0.0,1.0,RED,31,"GIEDRAITIS, ROKAS",15:42,4,2,2,0,2,0,0,1,2,3,1,0,0,0,0,1,0,5,-6.0
2024,248,0,P000848   ,0.0,1.0,RED,36,"NEDOVIC, NEMANJA",22:41,7,2,6,1,6,0,1,2,1,3,5,2,1,0,1,2,5,8,1.0
2024,248,0,P012044   ,0.0,0.0,RED,99,"DOS SANTOS, YAGO",11:45,6,0,1,2,2,0,0,0,0,0,1,0,0,0,0,2,1,5,-1.0
2024,248,0,Team,0.0,0.0,RED,,Team,,0,0,0,0,0,0,0,1,4,5,0,0,2,0,0,0,0,3,
2024,248,0,Total,,,RED,,Total,200:00,82,17,34,13,34,9,14,17,22,39,20,6,17,2,1,23,18,83,
2024,249,1,P007200   ,1.0,0.0,IST,0,"LARKIN, SHANE",30:09,12,1,2,3,5,1,2,0,6,6,4,0,4,0,0,0,3,17,17.0
2024,249,1,P006590   ,0.0,0.0,IST,1,"BEAUBOIS, RODRIGUE",03:37,0,0,0,0,0,0,0,0,0,0,0,0,0,1,0,0,0,1,-9.0
2024,249,1,P013363   ,0.0,0.0,IST,3,"NWORA, JORDAN",13:05,2,0,2,0,3,2,2,0,1,1,0,0,2,0,0,1,1,-4,-8.0
2024,249,1,P009846   ,1.0,0.0,IST,6,"BRYANT, ELIJAH",28:27,21,2,5,5,7,2,2,0,4,4,3,0,3,1,1,3,2,19,26.0
2024,249,1,P007109   ,0.0,1.0,IST,11,"SMITS, ROLANDS",24:05,11,2,4,2,3,1,1,0,2,2,1,0,2,0,1,4,1,5,16.0
2024,249,1,P011078   ,1.0,1.0,IST,13,"THOMPSON, DARIUS",25:59,8,2,5,1,4,1,1,1,1,2,4,1,0,0,0,1,1,9,24.0
2024,249,1,P012742   ,0.0,1.0,IST,15,"DOZIER JR, PERRY",17:51,6,0,1,2,2,0,0,0,1,1,6,0,0,0,0,3,3,12,8.0
2024,249,1,P004887   ,1.0,0.0,IST,17,"POIRIER, VINCENT",24:07,18,7,11,0,0,4,5,7,6,13,0,1,0,1,1,2,4,29,22.0
2024,249,1,P012710   ,1.0,0.0,IST,24,"OSMANI, ERCAN",15:55,3,1,3,0,3,1,2,1,2,3,0,2,0,0,0,1,1,2,5.0
2024,249,1,P012788   ,0.0,1.0,IST,25,"OTURU, DAN",15:46,8,4,4,0,0,0,0,2,1,3,1,2,2,0,0,4,1,9,1.0
2024,249,1,P006372   ,0.0,1.0,IST,33,"YILMAZ, ERKAN",00:59,0,0,0,0,0,0,0,0,0,0,0,0,0,0,0,0,0,0,3.0
2024,249,1,P009664   ,0.0,0.0,IST,35,"WILLIS, DEREK",DNP,0,0,0,0,0,0,0,0,0,0,0,0,0,0,0,0,0,0,0.0
2024,249,1,Team,0.0,0.0,IST,,Team,,0,0,0,0,0,0,0,2,3,5,0,0,1,0,0,0,0,4,
2024,249,1,Total,,,IST,,Total,200:00,89,19,37,13,27,12,15,13,27,40,19,6,14,3,3,19,17,103,
2024,249,0,P009549   ,1.0,1.0,VIR,0,"CORDINIER, ISAIA",21:16,8,2,6,0,0,4,4,2,1,3,1,0,2,0,0,2,4,8,-25.0
2024,249,0,P013695   ,1.0,0.0,VIR,1,"HOLIDAY, JUSTIN",18:09,4,0,1,1,4,1,2,0,3,3,3,1,1,0,1,1,1,4,-5.0
2024,249,0,P006739   ,0.0,1.0,VIR,6,"PAJOLA, ALESSANDRO",22:51,9,0,0,3,6,0,0,0,4,4,4,1,1,1,0,1,0,14,-9.0
2024,249,0,P006273   ,0.0,0.0,VIR,9,"VISCONTI, RICCARDO",DNP,0,0,0,0,0,0,0,0,0,0,0,0,0,0,0,0,0,0,0.0
2024,249,0,P001133   ,1.0,0.0,VIR,21,"SHENGELIA, TORNIKE",23:59,17,6,9,1,2,2,2,2,3,5,3,1,1,0,0,3,4,22,-22.0
2024,249,0,P001844   ,1.0,0.0,VIR,23,"HACKETT, DANIEL",18:38,4,2,3,0,1,0,0,1,4,5,0,1,2,0,0,2,0,4,-12.0
2024,249,0,P005738   ,0.0,0.0,VIR,24,"GRAZULIS, ANDREJS",02:35,0,0,1,0,1,0,0,1,0,1,0,0,1,0,0,0,0,-2,-5.0
2024,249,0,P012585   ,0.0,0.0,VIR,30,"MORGAN, MATTHEW",21:21,11,3,5,1,5,2,2,0,0,0,3,0,1,0,1,2,2,6,-12.0
2024,249,0,P002084   ,0.0,1.0,VIR,33,"POLONARA, ACHILLE",16:01,2,1,1,0,3,0,0,1,0,1,0,1,0,1,0,0,0,2,1.0
2024,249,0,P013374   ,0.0,0.0,VIR,35,"DIOUF, MOUHAMET",18:40,4,2,3,0,0,0,0,0,0,0,1,0,1,1,0,3,4,5,-7.0
2024,249,0,P004554   ,1.0,1.0,VIR,41,"ZIZIC, ANTE",16:11,5,1,3,0,0,3,6,0,2,2,1,0,1,0,1,2,3,2,-9.0
2024,249,0,P011816   ,0.0,1.0,VIR,45,"AKELE, NICOLA",20:19,4,2,2,0,1,0,0,0,1,1,0,0,1,0,0,1,1,3,0.0
2024,249,0,Team,0.0,0.0,VIR,,Team,,0,0,0,0,0,0,0,1,2,3,0,0,0,0,0,0,0,3,
2024,249,0,Total,,,VIR,,Total,200:00,68,19,34,6,23,12,16,8,20,28,16,5,12,3,3,17,19,71,
2024,250,1,P013371   ,0.0,0.0,ASV,1,"HARRISON, SHAQUILLE",13:45,4,2,3,0,0,0,0,0,0,0,2,1,0,2,0,1,0,7,-12.0
2024,250,1,P011225   ,1.0,1.0,ASV,3,"LEE, PARIS",26:29,12,0,5,3,10,3,4,1,0,1,7,2,0,0,0,1,3,11,2.0
2024,250,1,P007027   ,1.0,0.0,ASV,6,"MALEDON, THEO",03:18,2,1,1,0,1,0,0,0,1,1,0,0,0,0,0,1,1,2,-1.0
2024,250,1,P004194   ,0.0,0.0,ASV,7,"LAUVERGNE, JOFFREY",16:06,10,3,5,0,1,4,5,1,2,3,2,0,1,0,1,1,6,14,-4.0
2024,250,1,P010316   ,0.0,1.0,ASV,8,"AJINCA, MELVIN",23:34,14,2,3,2,4,4,4,0,1,1,1,0,1,0,0,1,2,13,-3.0
2024,250,1,P000229   ,0.0,0.0,ASV,11,"JACKSON, EDWIN",04:08,0,0,0,0,0,0,0,0,0,0,0,0,0,0,0,1,0,-1,-2.0
2024,250,1,P002100   ,0.0,1.0,ASV,12,"DE COLO, NANDO",28:43,20,2,4,5,9,1,1,0,4,4,8,0,3,0,0,3,4,24,-2.0
2024,250,1,P010545   ,1.0,1.0,ASV,13,"SAKO, NEAL",28:06,10,4,6,0,0,2,3,5,6,11,2,3,0,0,0,4,2,21,-1.0
2024,250,1,P013405   ,1.0,1.0,ASV,21,"ROBERSON, ANDRE",32:36,8,1,7,2,4,0,2,3,4,7,1,1,0,1,0,3,1,6,0.0
2024,250,1,P003526   ,1.0,0.0,ASV,23,"LIGHTY, DAVID",09:06,3,1,1,0,0,1,1,0,1,1,0,0,2,0,0,2,1,1,-2.0
2024,250,1,P008991   ,0.0,0.0,ASV,28,"BLACK, TARIK",04:53,5,2,2,0,0,1,1,1,0,1,0,0,3,0,0,1,1,3,-8.0
2024,250,1,P009818   ,0.0,0.0,ASV,50,"BENTIL, BENJAMIN",09:16,7,0,0,1,2,4,4,1,1,2,1,0,1,0,0,1,3,10,-2.0
2024,250,1,Team,0.0,0.0,ASV,,Team,,0,0,0,0,0,0,0,1,2,3,0,0,0,0,0,0,0,3,
2024,250,1,Total,,,ASV,,Total,200:00,95,18,37,13,31,20,25,13,22,35,24,7,11,3,1,20,24,114,
2024,250,0,P013699   ,0.0,1.0,TEL,2,"CLARK III, JIMMY",20:35,15,5,6,1,6,2,2,1,0,1,7,3,2,0,1,4,1,14,25.0
2024,250,0,P011202   ,0.0,0.0,TEL,3,"SHAYOK, MARIAL",20:30,15,2,2,3,7,2,2,2,6,8,3,1,0,0,1,4,3,21,10.0
2024,250,0,P004233   ,0.0,0.0,TEL,8,"MENCO, RAFI",DNP,0,0,0,0,0,0,0,0,0,0,0,0,0,0,0,0,0,0,0.0
2024,250,0,P011219   ,1.0,0.0,TEL,9,"SORKIN, ROMAN",29:27,15,5,8,1,4,2,3,0,2,2,3,0,0,0,0,1,2,14,11.0
2024,250,0,P011433   ,0.0,0.0,TEL,10,"MAYER, OMER",07:34,0,0,0,0,0,0,0,0,0,0,4,1,1,0,0,2,0,2,-11.0
2024,250,0,P013381   ,1.0,1.0,TEL,11,"RAYMAN, WILLIAM",12:05,0,0,0,0,1,0,0,1,4,5,0,0,0,0,0,3,1,2,-2.0
2024,250,0,P007990   ,0.0,0.0,TEL,12,"DIBARTOLOMEO, JOHN",10:10,5,1,1,1,4,0,0,1,0,1,0,0,0,0,1,0,2,4,11.0
2024,250,0,P011214   ,1.0,1.0,TEL,14,"RIVERO, JASIEL",30:19,15,7,7,0,1,1,1,1,4,5,0,1,1,1,0,2,1,19,-3.0
2024,250,0,P005145   ,0.0,0.0,TEL,15,"COHEN, JAKE",DNP,0,0,0,0,0,0,0,0,0,0,0,0,0,0,0,0,0,0,0.0
2024,250,0,P013382   ,1.0,1.0,TEL,20,"RANDOLPH, LEVI",30:57,19,3,6,3,5,4,4,1,4,5,1,1,3,0,0,3,6,21,-7.0
2024,250,0,P011193   ,1.0,0.0,TEL,45,"BLATT, TAMIR",19:48,5,1,1,1,5,0,0,1,2,3,7,0,2,0,0,2,0,7,-8.0
2024,250,0,P012604   ,0.0,1.0,TEL,50,"WILLIAMS, TREVION",18:35,13,5,6,0,1,3,5,1,3,4,0,0,1,0,0,3,4,13,9.0
2024,250,0,Team,0.0,0.0,TEL,,Team,,0,0,0,0,0,0,0,2,2,4,0,0,0,0,0,0,0,4,
2024,250,0,Total,,,TEL,,Total,200:00,102,29,37,10,34,14,17,11,27,38,25,7,10,1,3,24,20,121,
2024,251,1,P007982   ,1.0,1.0,OLY,1,"WILLIAMS-GOSS, NIGEL",22:03,10,0,0,2,3,4,4,0,0,0,4,1,2,0,0,4,2,10,10.0
2024,251,1,P010392   ,0.0,0.0,OLY,5,"LARENTZAKIS, GIANNOULIS",DNP,0,0,0,0,0,0,0,0,0,0,0,0,0,0,0,0,0,0,0.0
2024,251,1,P007947   ,0.0,0.0,OLY,8,"VILDOZA, LUCA",18:38,8,2,2,1,4,1,2,0,1,1,4,0,1,0,0,3,2,7,0.0
2024,251,1,P013389   ,0.0,0.0,OLY,9,"LEE, SABEN",08:52,0,0,0,0,0,0,0,0,2,2,2,0,1,0,0,1,0,2,2.0
2024,251,1,P008811   ,1.0,0.0,OLY,10,"FALL, MOUSTAPHA",17:23,6,2,3,0,0,2,3,1,1,2,2,0,0,0,1,1,4,10,7.0
2024,251,1,P003469   ,1.0,1.0,OLY,14,"VEZENKOV, SASHA",30:00,17,5,6,1,6,4,4,1,5,6,2,1,1,0,1,1,4,21,7.0
2024,251,1,P001255   ,1.0,0.0,OLY,16,"PAPANIKOLAOU, KOSTAS",20:27,8,1,1,1,3,3,3,2,1,3,4,1,2,0,0,1,1,12,13.0
2024,251,1,P009849   ,0.0,0.0,OLY,22,"DORSEY, TYLER",DNP,0,0,0,0,0,0,0,0,0,0,0,0,0,0,0,0,0,0,0.0
2024,251,1,P008829   ,0.0,1.0,OLY,25,"PETERS, ALEC",20:00,9,1,3,2,2,1,2,0,3,3,1,1,2,0,0,1,3,11,4.0
2024,251,1,P003941   ,0.0,1.0,OLY,33,"MILUTINOV, NIKOLA",22:37,10,5,7,0,0,0,0,3,6,9,1,3,0,1,0,0,1,23,5.0
2024,251,1,P007853   ,0.0,0.0,OLY,77,"MCKISSIC, SHAQUIELLE",09:05,6,2,2,0,2,2,2,0,0,0,1,0,1,0,0,2,1,3,5.0
2024,251,1,P013380   ,1.0,1.0,OLY,94,"FOURNIER, EVAN",30:55,8,1,2,2,9,0,0,1,4,5,4,0,2,0,0,2,0,5,7.0
2024,251,1,Team,0.0,0.0,OLY,,Team,,0,0,0,0,0,0,0,1,1,2,0,0,0,0,0,0,0,2,
2024,251,1,Total,,,OLY,,Total,200:00,82,19,26,9,29,17,20,9,24,33,25,7,12,1,2,16,18,106,
2024,251,0,P007870   ,1.0,0.0,PAR,0,"DAVIES, BRANDON",25:43,14,4,5,2,5,0,0,2,3,5,3,1,2,1,0,3,1,16,-5.0
2024,251,0,P010781   ,1.0,1.0,PAR,1,"LUNDBERG, IFFE",32:33,8,1,4,2,5,0,0,0,3,3,3,2,3,0,0,1,1,7,-3.0
2024,251,0,P013369   ,1.0,1.0,PAR,2,"JONES, CARLIK",27:58,17,3,6,2,4,5,5,1,3,4,4,0,2,0,0,4,6,20,-15.0
2024,251,0,P013370   ,0.0,0.0,PAR,4,"WASHINGTON, DUANE",13:02,2,1,1,0,3,0,0,0,0,0,2,0,1,0,0,2,0,-2,-6.0
2024,251,0,P011050   ,0.0,1.0,PAR,5,"KOPRIVICA, BALSA",11:25,2,1,2,0,0,0,0,1,2,3,1,0,1,0,0,2,0,2,2.0
2024,251,0,P007632   ,0.0,0.0,PAR,7,"NAKIC, MARIO",DNP,0,0,0,0,0,0,0,0,0,0,0,0,0,0,0,0,0,0,0.0
2024,251,0,P004761   ,0.0,0.0,PAR,9,"MARINKOVIC, VANJA",18:26,12,1,2,3,5,1,2,0,2,2,1,2,0,0,0,1,1,13,5.0
2024,251,0,P008232   ,1.0,1.0,PAR,11,"POKUSEVSKI, ALEKSEJ",16:41,6,3,4,0,0,0,0,0,3,3,3,1,1,0,0,1,0,10,3.0
2024,251,0,P012720   ,1.0,0.0,PAR,12,"BROWN, STERLING",20:49,4,2,5,0,2,0,0,2,0,2,1,0,2,0,1,0,1,0,-14.0
2024,251,0,P007736   ,0.0,1.0,PAR,19,"LAKIC, ARIJAN",07:32,0,0,0,0,0,0,0,0,0,0,0,0,0,0,0,1,0,-1,-1.0
2024,251,0,P011836   ,0.0,0.0,PAR,24,"MIKE, ISIAHA",08:03,0,0,2,0,1,0,0,1,0,1,0,0,0,0,0,1,0,-3,-15.0
2024,251,0,P011981   ,0.0,0.0,PAR,88,"JONES, TYRIQUE",17:48,5,1,2,0,0,3,4,0,2,2,0,1,0,1,0,2,6,11,-11.0
2024,251,0,Team,0.0,0.0,PAR,,Team,,0,0,0,0,0,0,0,1,1,2,0,0,1,0,0,0,0,1,
2024,251,0,Total,,,PAR,,Total,200:00,70,17,33,9,25,9,11,8,19,27,18,7,13,2,1,18,16,74,
2024,252,1,P008384   ,1.0,0.0,BER,1,"PROCIDA, GABRIELE",19:59,8,4,8,0,3,0,0,0,1,1,1,2,0,1,0,3,0,3,-11.0
2024,252,1,P008173   ,0.0,0.0,BER,3,"SPAGNOLO, MATTEO",14:32,8,3,6,0,0,2,3,0,1,1,3,3,2,0,1,1,3,10,-7.0
2024,252,1,P011934   ,0.0,1.0,BER,5,"WETZELL, YANNI",20:49,15,7,8,0,2,1,3,2,1,3,1,1,1,0,0,4,2,12,0.0
2024,252,1,P008211   ,0.0,1.0,BER,6,"DELOW, MALTE",06:28,2,1,1,0,1,0,0,1,0,1,2,0,0,0,0,2,0,2,3.0
2024,252,1,P008062   ,1.0,0.0,BER,7,"MCDOWELL-WHITE, WILL",19:44,4,2,2,0,3,0,0,0,2,2,6,1,0,0,0,2,1,9,-11.0
2024,252,1,P008967   ,1.0,0.0,BER,11,"THOMAS, MATT",23:15,12,0,2,3,6,3,3,0,3,3,2,0,3,0,0,0,3,12,-8.0
2024,252,1,P008780   ,0.0,1.0,BER,15,"HERMANNSSON, MARTIN",20:16,9,2,3,1,3,2,4,0,2,2,5,1,2,0,0,0,2,12,-3.0
2024,252,1,P006919   ,0.0,0.0,BER,19,"OLINDE, LOUIS",12:13,2,1,1,0,2,0,0,0,1,1,0,0,0,0,0,2,0,-1,-4.0
2024,252,1,P013774   ,0.0,1.0,BER,23,"BAKER II, ROBERT",14:25,4,0,1,1,3,1,2,1,3,4,0,0,0,0,0,2,1,3,-14.0
2024,252,1,P011631   ,0.0,0.0,BER,25,"RAPIEQUE, ELIAS",13:46,5,1,2,1,1,0,0,0,1,1,1,0,1,0,0,1,2,6,-6.0
2024,252,1,P013386   ,1.0,0.0,BER,33,"McCORMACK, DAVID",17:19,11,5,10,0,0,1,2,3,2,5,2,1,0,1,0,3,3,14,-15.0
2024,252,1,P012721   ,1.0,1.0,BER,34,"BEAN, JUSTIN",17:14,5,1,2,1,1,0,0,3,1,4,1,0,0,0,0,3,1,7,6.0
2024,252,1,Team,0.0,0.0,BER,,Team,,0,0,0,0,0,0,0,0,0,0,0,0,0,0,0,0,0,0,
2024,252,1,Total,,,BER,,Total,200:00,85,27,46,7,25,10,17,10,18,28,24,9,9,2,1,23,18,89,
2024,252,0,P012795   ,1.0,0.0,BAR,1,"ANDERSON, JUSTIN",15:48,5,1,3,1,4,0,0,0,3,3,2,2,1,1,0,1,0,6,6.0
2024,252,0,P011666   ,0.0,0.0,BAR,2,"SARR, DAME",08:44,3,0,0,1,2,0,0,0,1,1,0,0,0,0,0,1,0,2,4.0
2024,252,0,P009992   ,0.0,1.0,BAR,8,"BRIZUELA, DARIO",21:18,13,0,2,2,3,7,7,1,3,4,6,0,1,0,0,2,4,21,6.0
2024,252,0,P013379   ,0.0,0.0,BAR,10,"METU, CHIMEZIE",18:32,11,2,5,2,3,1,2,0,7,7,1,0,2,0,0,2,1,11,2.0
2024,252,0,P002939   ,1.0,1.0,BAR,13,"SATORANSKY, TOMAS",29:39,9,3,6,0,0,3,4,1,4,5,12,1,1,0,0,3,2,21,22.0
2024,252,0,P003196   ,0.0,1.0,BAR,14,"HERNANGOMEZ, WILLY",23:45,15,6,11,0,1,3,3,3,1,4,0,2,3,0,1,1,4,14,9.0
2024,252,0,P006568   ,1.0,0.0,BAR,19,"FALL, YOUSSOUPHA",14:57,13,4,4,0,0,5,8,5,1,6,0,0,2,0,0,2,5,17,9.0
2024,252,0,P003478   ,1.0,0.0,BAR,21,"ABRINES, ALEX",20:58,0,0,1,0,3,0,0,1,5,6,0,1,2,0,0,4,1,-2,-3.0
2024,252,0,P012745   ,1.0,1.0,BAR,22,"PARKER, JABARI",22:43,21,2,3,4,6,5,6,1,2,3,2,0,1,0,1,1,3,22,8.0
2024,252,0,P012885   ,0.0,0.0,BAR,41,"KEITA, SAYON",DNP,0,0,0,0,0,0,0,0,0,0,0,0,0,0,0,0,0,0,0.0
2024,252,0,P007464   ,0.0,1.0,BAR,44,"PARRA, JOEL",23:36,9,4,5,0,0,1,2,2,2,4,1,1,1,0,0,1,3,14,7.0
2024,252,0,P012317   ,0.0,0.0,BAR,45,"VILLAR, RAUL",DNP,0,0,0,0,0,0,0,0,0,0,0,0,0,0,0,0,0,0,0.0
2024,252,0,Team,0.0,0.0,BAR,,Team,,0,0,0,0,0,0,0,0,2,2,0,0,0,0,0,0,0,2,
2024,252,0,Total,,,BAR,,Total,200:00,99,22,40,10,22,25,32,14,31,45,24,7,14,1,2,18,23,128,
2024,253,1,P005216   ,1.0,0.0,ULK,0,"MCCOLLUM, ERRICK",16:59,10,3,4,1,4,1,1,0,3,3,2,0,2,1,0,1,3,12,0.0
2024,253,1,P009863   ,0.0,1.0,ULK,2,"BALDWIN IV, WADE",21:15,15,3,7,1,3,6,7,0,4,4,6,2,2,0,1,2,5,20,10.0
2024,253,1,P002849   ,0.0,0.0,ULK,4,"MELLI, NICOLO",17:49,9,0,0,3,3,0,0,1,3,4,3,2,1,0,0,3,1,15,8.0
2024,253,1,P002968   ,1.0,0.0,ULK,5,"SANLI, SERTAC",11:40,9,4,4,0,0,1,2,1,0,1,0,1,1,2,0,1,1,11,-1.0
2024,253,1,P008962   ,1.0,0.0,ULK,11,"HAYES-DAVIS, NIGEL",26:01,8,1,3,2,5,0,0,3,3,6,3,0,0,1,1,1,2,13,8.0
2024,253,1,P006961   ,0.0,0.0,ULK,13,"BIBEROVIC, TARIK",15:25,6,2,3,0,2,2,2,0,3,3,2,0,2,0,0,0,1,7,7.0
2024,253,1,P011205   ,0.0,1.0,ULK,20,"HALL, DEVON",21:08,8,1,2,2,4,0,0,1,1,2,4,0,0,0,0,2,0,9,4.0
2024,253,1,P010560   ,0.0,0.0,ULK,21,"PIERRE, DYSHAWN",DNP,0,0,0,0,0,0,0,0,0,0,0,0,0,0,0,0,0,0,0.0
2024,253,1,P004004   ,1.0,1.0,ULK,23,"GUDURIC, MARKO",25:15,9,3,4,1,5,0,0,0,4,4,4,1,0,0,0,1,2,14,3.0
2024,253,1,P013696   ,0.0,1.0,ULK,44,"BANGO, JILSON",16:06,8,4,5,0,0,0,0,2,1,3,0,0,1,0,0,2,2,9,10.0
2024,253,1,P009783   ,1.0,1.0,ULK,50,"COLSON, BONZIE",21:13,10,2,4,2,4,0,0,2,2,4,1,1,1,1,0,3,1,10,4.0
2024,253,1,P007182   ,0.0,0.0,ULK,92,"BIRCH, KHEM",07:09,0,0,0,0,0,0,0,0,1,1,0,0,0,0,0,2,0,-1,-3.0
2024,253,1,Team,0.0,0.0,ULK,,Team,,0,0,0,0,0,0,0,2,1,3,0,0,1,0,0,0,0,2,
2024,253,1,Total,,,ULK,,Total,200:00,92,23,36,12,30,10,12,12,26,38,25,7,11,5,2,18,18,121,
2024,253,0,P013371   ,0.0,0.0,ASV,1,"HARRISON, SHAQUILLE",07:07,3,0,2,1,1,0,0,1,0,1,1,0,0,0,0,1,1,3,-4.0
2024,253,0,P011225   ,1.0,1.0,ASV,3,"LEE, PARIS",31:22,7,2,6,1,4,0,0,1,1,2,7,2,2,0,1,2,2,8,-1.0
2024,253,0,PKIR      ,0.0,0.0,ASV,5,"KAHUDI, CHARLES",DNP,0,0,0,0,0,0,0,0,0,0,0,0,0,0,0,0,0,0,0.0
2024,253,0,P004194   ,1.0,1.0,ASV,7,"LAUVERGNE, JOFFREY",27:09,20,5,13,2,2,4,7,5,4,9,3,1,2,0,1,3,6,22,3.0
2024,253,0,P010316   ,0.0,0.0,ASV,8,"AJINCA, MELVIN",13:28,3,0,0,1,4,0,0,0,0,0,0,0,0,0,0,2,0,-2,-12.0
2024,253,0,P000229   ,1.0,0.0,ASV,11,"JACKSON, EDWIN",03:50,0,0,0,0,1,0,0,0,0,0,0,0,1,0,1,0,0,-3,-3.0
2024,253,0,P002100   ,0.0,1.0,ASV,12,"DE COLO, NANDO",24:54,13,3,4,1,5,4,4,0,6,6,11,1,3,0,0,0,4,27,-3.0
2024,253,0,P010545   ,1.0,1.0,ASV,13,"SAKO, NEAL",17:56,10,5,5,0,0,0,1,1,3,4,0,0,1,0,0,1,1,12,-4.0
2024,253,0,P013405   ,0.0,1.0,ASV,21,"ROBERSON, ANDRE",26:59,11,4,5,1,3,0,0,2,2,4,0,0,3,2,0,3,1,9,-9.0
2024,253,0,P003526   ,1.0,0.0,ASV,23,"LIGHTY, DAVID",24:02,5,1,2,1,3,0,0,0,2,2,0,1,0,0,1,4,1,1,-8.0
2024,253,0,P008991   ,0.0,0.0,ASV,28,"BLACK, TARIK",04:58,2,1,1,0,0,0,0,0,0,0,0,0,0,0,0,1,0,1,-9.0
2024,253,0,P009818   ,0.0,0.0,ASV,50,"BENTIL, BENJAMIN",18:15,8,0,1,2,3,2,3,1,0,1,1,1,1,0,1,1,2,7,0.0
2024,253,0,Team,0.0,0.0,ASV,,Team,,0,0,0,0,0,0,0,1,2,3,0,0,0,0,0,0,0,3,
2024,253,0,Total,,,ASV,,Total,200:00,82,21,39,10,26,10,15,12,20,32,23,6,13,2,5,18,18,88,
2024,254,1,P013775   ,0.0,0.0,ZAL,2,"WONG, ISAIAH",19:45,8,3,7,0,2,2,2,2,2,4,2,1,1,1,0,2,3,10,-7.0
2024,254,1,P007975   ,1.0,0.0,ZAL,3,"FRANCISCO, SYLVAIN",30:44,15,3,4,2,8,3,4,0,6,6,8,1,2,1,0,2,5,24,11.0
2024,254,1,P011983   ,1.0,0.0,ZAL,8,"BRAZDEIKIS, IGNAS",21:18,16,6,8,1,4,1,1,0,0,0,0,0,1,0,2,0,1,9,8.0
2024,254,1,P007513   ,0.0,1.0,ZAL,9,"GIEDRAITIS, DOVYDAS",27:06,7,1,3,1,2,2,2,1,1,2,3,1,3,0,1,3,1,4,-2.0
2024,254,1,P005504   ,1.0,0.0,ZAL,15,"BIRUTIS, LAURYNAS",16:53,8,4,5,0,0,0,0,1,7,8,1,0,0,1,0,3,1,15,4.0
2024,254,1,P011051   ,1.0,0.0,ZAL,18,"SMAILAGIC, ALEN",11:13,3,0,1,1,2,0,0,0,1,1,0,0,1,1,0,2,0,0,-11.0
2024,254,1,P012622   ,0.0,0.0,ZAL,21,"MITCHELL, MATTHEW",03:08,0,0,0,0,0,0,0,0,1,1,0,0,1,0,0,0,0,0,-2.0
2024,254,1,P003048   ,0.0,1.0,ZAL,42,"DUNSTON, BRYANT",18:47,4,1,1,0,0,2,2,1,1,2,5,1,1,0,0,1,1,11,1.0
2024,254,1,P012715   ,0.0,0.0,ZAL,45,"MANEK, BRADY",DNP,0,0,0,0,0,0,0,0,0,0,0,0,0,0,0,0,0,0,0.0
2024,254,1,P002676   ,1.0,1.0,ZAL,51,"BUTKEVICIUS, ARNAS",23:01,4,2,4,0,2,0,0,1,2,3,0,3,0,3,0,1,1,9,0.0
2024,254,1,P007029   ,0.0,1.0,ZAL,91,"SIRVYDIS, DEIVIDAS",12:00,6,0,0,1,4,3,4,0,2,2,0,0,0,0,0,1,2,5,5.0
2024,254,1,P002329   ,0.0,1.0,ZAL,92,"ULANOVAS, EDGARAS",16:05,12,3,4,1,1,3,3,2,0,2,0,0,2,0,0,4,5,12,3.0
2024,254,1,Team,0.0,0.0,ZAL,,Team,,0,0,0,0,0,0,0,4,1,5,0,0,0,0,0,0,0,5,
2024,254,1,Total,,,ZAL,,Total,200:00,83,23,37,7,25,16,18,12,24,36,19,7,12,7,3,19,20,104,
2024,254,0,P012608   ,1.0,1.0,PRS,0,"SHORTS, TJ",27:33,21,6,17,1,1,6,8,0,2,2,4,2,5,0,2,1,9,17,-8.0
2024,254,0,P012609   ,1.0,0.0,PRS,1,"MALCOLM, COLLIN",15:17,0,0,1,0,0,0,0,0,4,4,4,0,1,0,0,1,2,7,-1.0
2024,254,0,P012640   ,0.0,1.0,PRS,2,"HIFI, NADIR",25:06,17,0,3,5,7,2,2,2,2,4,2,2,0,0,1,1,4,22,0.0
2024,254,0,P012610   ,1.0,1.0,PRS,3,"WARD, TYSON",23:10,7,2,3,1,1,0,0,0,1,1,2,0,2,0,0,3,0,4,-17.0
2024,254,0,P013373   ,0.0,0.0,PRS,4,"CAVALIERE, LEOPOLD",11:12,2,1,1,0,0,0,0,1,3,4,0,0,1,0,0,1,1,5,7.0
2024,254,0,P005793   ,0.0,0.0,PRS,5,"SY, BANDJA",16:16,3,0,0,1,1,0,0,0,0,0,0,0,0,1,0,2,0,2,-8.0
2024,254,0,P012611   ,0.0,0.0,PRS,7,"HERRERA, SEBASTIAN",DNP,0,0,0,0,0,0,0,0,0,0,0,0,0,0,0,0,0,0,0.0
2024,254,0,P007032   ,0.0,1.0,PRS,12,"LO, MAODO",19:04,7,3,6,0,3,1,1,0,0,0,3,0,1,0,2,1,1,1,7.0
2024,254,0,P010390   ,1.0,0.0,PRS,13,"HAYES, KEVARRIUS",20:29,2,1,5,0,0,0,0,0,1,1,0,0,1,1,2,3,0,-6,-4.0
2024,254,0,P012613   ,1.0,1.0,PRS,20,"JANTUNEN, MIKAEL",27:40,17,4,4,3,5,0,0,1,4,5,0,2,0,0,0,4,0,18,4.0
2024,254,0,P004197   ,0.0,0.0,PRS,24,"OUATTARA, YAKUBA",DNP,0,0,0,0,0,0,0,0,0,0,0,0,0,0,0,0,0,0,0.0
2024,254,0,P011949   ,0.0,0.0,PRS,34,"HOMMES, DAULTON",14:13,5,1,1,1,2,0,1,1,1,2,1,0,1,1,0,3,2,5,10.0
2024,254,0,Team,0.0,0.0,PRS,,Team,,0,0,0,0,0,0,0,0,2,2,0,0,0,0,0,0,0,2,
2024,254,0,Total,,,PRS,,Total,200:00,81,18,41,12,20,9,12,5,20,25,16,6,12,3,7,20,19,77,
2024,255,1,P008384   ,0.0,0.0,BER,1,"PROCIDA, GABRIELE",17:09,13,4,5,1,3,2,2,2,3,5,0,0,2,0,0,1,4,16,16.0
2024,255,1,P008173   ,1.0,1.0,BER,3,"SPAGNOLO, MATTEO",14:42,2,1,5,0,1,0,0,1,0,1,3,1,1,0,0,1,0,0,-14.0
2024,255,1,P011934   ,0.0,1.0,BER,5,"WETZELL, YANNI",23:05,11,4,8,0,0,3,4,1,2,3,2,1,3,0,1,3,2,7,8.0
2024,255,1,P008211   ,0.0,1.0,BER,6,"DELOW, MALTE",12:06,8,4,5,0,1,0,0,2,0,2,0,0,0,0,0,1,0,7,-12.0
2024,255,1,P008062   ,0.0,0.0,BER,7,"MCDOWELL-WHITE, WILL",20:44,7,2,4,1,2,0,0,0,2,2,7,1,0,0,0,2,2,14,13.0
2024,255,1,P006251   ,0.0,0.0,BER,10,"SCHNEIDER, TIM",09:50,0,0,0,0,0,0,0,0,1,1,3,0,0,0,0,4,0,0,8.0
2024,255,1,P008967   ,0.0,0.0,BER,11,"THOMAS, MATT",19:04,21,3,3,5,7,0,1,0,1,1,1,0,2,0,1,3,2,16,22.0
2024,255,1,P008780   ,1.0,1.0,BER,15,"HERMANNSSON, MARTIN",19:16,13,5,8,1,3,0,0,1,0,1,5,0,2,0,0,2,1,11,-6.0
2024,255,1,P006919   ,1.0,0.0,BER,19,"OLINDE, LOUIS",16:59,4,2,4,0,1,0,1,1,2,3,1,0,1,2,0,4,3,4,2.0
2024,255,1,P013774   ,1.0,0.0,BER,23,"BAKER II, ROBERT",17:33,12,3,4,2,7,0,0,3,4,7,1,1,0,0,0,0,0,15,4.0
2024,255,1,P011631   ,0.0,1.0,BER,25,"RAPIEQUE, ELIAS",14:52,2,1,1,0,0,0,0,1,0,1,1,1,2,0,0,2,1,2,-5.0
2024,255,1,P013386   ,1.0,0.0,BER,33,"McCORMACK, DAVID",14:40,4,2,6,0,0,0,0,2,2,4,1,1,1,0,0,0,2,7,-1.0
2024,255,1,Team,0.0,0.0,BER,,Team,,0,0,0,0,0,0,0,2,2,4,0,0,1,0,0,0,0,3,
2024,255,1,Total,,,BER,,Total,200:00,97,31,53,10,25,5,8,16,19,35,25,6,15,2,2,23,17,102,
2024,255,0,P011948   ,0.0,1.0,BAS,0,"HOWARD, MARKUS",23:34,15,2,3,2,9,5,6,0,1,1,3,0,2,0,0,1,2,9,-16.0
2024,255,0,P008850   ,0.0,0.0,BAS,2,"RAIESTE, SANDER",DNP,0,0,0,0,0,0,0,0,0,0,0,0,0,0,0,0,0,0,0.0
2024,255,0,P010784   ,0.0,0.0,BAS,6,"SAVKOV, PAVEL",DNP,0,0,0,0,0,0,0,0,0,0,0,0,0,0,0,0,0,0,0.0
2024,255,0,P007230   ,1.0,0.0,BAS,8,"SEDEKERSKIS, TADAS",28:31,5,0,0,1,2,2,2,2,1,3,5,0,2,0,0,0,3,13,-8.0
2024,255,0,P012080   ,1.0,1.0,BAS,9,"LUWAWU-CABARROT, TIMOTHE",19:44,14,0,1,2,2,8,10,1,1,2,1,1,4,0,0,4,5,12,7.0
2024,255,0,P004058   ,0.0,0.0,BAS,10,"JARAMAZ, OGNJEN",DNP,0,0,0,0,0,0,0,0,0,0,0,0,0,0,0,0,0,0,0.0
2024,255,0,P013367   ,1.0,0.0,BAS,11,"FORREST, TRENT",23:06,5,2,6,0,3,1,1,1,1,2,4,3,3,0,1,2,2,3,-12.0
2024,255,0,P011085   ,0.0,0.0,BAS,17,"ROGKAVOPOULOS, NIKOLAOS",23:46,17,2,3,3,4,4,4,0,4,4,2,2,2,0,0,2,2,21,-3.0
2024,255,0,P008072   ,1.0,1.0,BAS,18,"DIOP, KHALIFA",25:12,13,4,6,0,0,5,6,5,3,8,1,0,2,1,1,3,3,17,-2.0
2024,255,0,P012597   ,0.0,1.0,BAS,44,"BALDWIN, KAMAR",16:49,4,2,5,0,1,0,0,0,3,3,4,0,0,1,0,3,0,5,9.0
2024,255,0,P011196   ,0.0,0.0,BAS,45,"HALL, DONTA",14:48,6,2,3,0,0,2,2,0,3,3,1,0,0,0,0,1,3,11,-5.0
2024,255,0,P012201   ,1.0,1.0,BAS,95,"MONEKE, CHIMA",24:30,11,4,5,0,3,3,4,1,4,5,2,1,4,0,0,1,3,12,-5.0
2024,255,0,Team,0.0,0.0,BAS,,Team,,0,0,0,0,0,0,0,2,2,4,0,0,0,0,0,0,0,4,
2024,255,0,Total,,,BAS,,Total,200:00,90,18,32,8,24,30,35,12,23,35,23,7,19,2,2,17,23,107,
2024,256,1,P009549   ,1.0,1.0,VIR,0,"CORDINIER, ISAIA",28:19,8,3,5,0,3,2,2,0,0,0,4,0,1,0,1,2,2,5,-13.0
2024,256,1,P013695   ,0.0,1.0,VIR,1,"HOLIDAY, JUSTIN",27:35,7,2,4,1,2,0,0,1,0,1,0,1,1,0,0,3,1,3,2.0
2024,256,1,P006273   ,0.0,0.0,VIR,9,"VISCONTI, RICCARDO",DNP,0,0,0,0,0,0,0,0,0,0,0,0,0,0,0,0,0,0,0.0
2024,256,1,P001133   ,1.0,0.0,VIR,21,"SHENGELIA, TORNIKE",22:19,8,2,5,0,1,4,4,1,6,7,1,1,3,0,0,1,4,13,-11.0
2024,256,1,P001844   ,1.0,0.0,VIR,23,"HACKETT, DANIEL",14:12,0,0,2,0,0,0,0,0,1,1,3,0,0,0,0,1,1,2,-8.0
2024,256,1,P005738   ,0.0,0.0,VIR,24,"GRAZULIS, ANDREJS",13:05,7,2,2,1,3,0,0,1,0,1,0,0,0,2,0,2,0,6,7.0
2024,256,1,P012585   ,0.0,1.0,VIR,30,"MORGAN, MATTHEW",28:54,11,3,4,1,6,2,2,0,2,2,4,1,5,0,0,2,4,9,-13.0
2024,256,1,P002084   ,0.0,0.0,VIR,33,"POLONARA, ACHILLE",17:07,2,0,1,0,4,2,2,0,3,3,0,0,0,2,0,1,2,3,-2.0
2024,256,1,P013374   ,1.0,1.0,VIR,35,"DIOUF, MOUHAMET",15:20,6,3,8,0,0,0,0,0,2,2,0,2,0,1,1,2,1,4,-6.0
2024,256,1,P004554   ,0.0,0.0,VIR,41,"ZIZIC, ANTE",07:50,4,2,2,0,0,0,0,0,1,1,1,0,0,0,0,1,1,6,-13.0
2024,256,1,P011816   ,0.0,1.0,VIR,45,"AKELE, NICOLA",07:58,4,2,2,0,0,0,0,1,1,2,0,0,0,0,0,2,0,4,-6.0
2024,256,1,P012591   ,1.0,0.0,VIR,59,"TUCKER, RAYJON",17:21,10,3,5,0,1,4,4,0,3,3,0,0,1,0,0,2,2,9,-2.0
2024,256,1,Team,0.0,0.0,VIR,,Team,,0,0,0,0,0,0,0,3,3,6,0,0,1,0,0,0,0,5,
2024,256,1,Total,,,VIR,,Total,200:00,67,22,40,3,20,14,14,7,22,29,13,5,12,5,2,19,18,69,
2024,256,0,P003733   ,1.0,1.0,MAD,6,"ABALDE, ALBERTO",29:46,3,0,0,1,2,0,0,0,4,4,1,1,0,0,0,3,0,5,11.0
2024,256,0,P005928   ,1.0,1.0,MAD,7,"CAMPAZZO, FACUNDO",23:22,7,1,2,1,2,2,2,2,1,3,7,0,2,0,1,1,4,15,9.0
2024,256,0,P011649   ,0.0,0.0,MAD,9,"GONZALEZ, HUGO",05:23,0,0,0,0,0,0,0,0,0,0,0,0,1,0,0,1,0,-2,8.0
2024,256,0,P003108   ,0.0,0.0,MAD,11,"HEZONJA, MARIO",24:36,10,3,4,1,5,1,2,0,6,6,2,0,1,0,1,1,1,10,4.0
2024,256,0,P006540   ,1.0,1.0,MAD,13,"MUSA, DZANAN",23:17,13,2,5,1,2,6,6,0,2,2,4,1,1,0,0,2,3,16,13.0
2024,256,0,P007630   ,1.0,1.0,MAD,16,"GARUBA, USMAN",19:10,10,3,3,1,5,1,3,0,3,3,0,2,0,0,0,3,2,8,10.0
2024,256,0,P003583   ,0.0,0.0,MAD,18,"IBAKA, SERGE",07:22,7,3,4,0,0,1,1,0,1,1,0,0,1,0,0,0,1,7,2.0
2024,256,0,P013667   ,0.0,0.0,MAD,20,"FERNANDO, BRUNO",14:33,9,2,5,0,0,5,6,1,4,5,0,1,2,1,2,2,4,10,-1.0
2024,256,0,P005791   ,1.0,1.0,MAD,22,"TAVARES, WALTER",18:05,13,4,8,0,0,5,6,2,3,5,2,0,1,1,1,3,3,14,12.0
2024,256,0,PTGB      ,0.0,0.0,MAD,23,"LLULL, SERGIO",17:48,2,1,4,0,3,0,0,0,1,1,2,1,0,0,0,1,0,-1,-7.0
2024,256,0,P011247   ,0.0,0.0,MAD,24,"FELIZ, ANDRES",16:38,6,3,3,0,1,0,0,1,0,1,3,0,0,0,0,1,1,9,4.0
2024,256,0,P009213   ,0.0,0.0,MAD,30,"NDIAYE, ELI",DNP,0,0,0,0,0,0,0,0,0,0,0,0,0,0,0,0,0,0,0.0
2024,256,0,Team,0.0,0.0,MAD,,Team,,0,0,0,0,0,0,0,4,2,6,0,0,1,0,0,0,0,5,
2024,256,0,Total,,,MAD,,Total,200:00,80,22,38,5,20,21,26,10,27,37,21,6,10,2,5,18,19,96,
2024,257,1,P013699   ,0.0,0.0,TEL,2,"CLARK III, JIMMY",15:14,1,0,3,0,0,1,2,0,2,2,2,0,1,0,1,5,1,-5,0.0
2024,257,1,P011202   ,0.0,1.0,TEL,3,"SHAYOK, MARIAL",21:38,8,1,4,2,4,0,0,0,0,0,1,1,0,0,1,2,1,3,2.0
2024,257,1,P004233   ,0.0,0.0,TEL,8,"MENCO, RAFI",DNP,0,0,0,0,0,0,0,0,0,0,0,0,0,0,0,0,0,0,0.0
2024,257,1,P011219   ,1.0,0.0,TEL,9,"SORKIN, ROMAN",29:03,18,3,10,2,5,6,6,4,3,7,1,2,0,0,1,2,4,19,1.0
2024,257,1,P011433   ,0.0,0.0,TEL,10,"MAYER, OMER",DNP,0,0,0,0,0,0,0,0,0,0,0,0,0,0,0,0,0,0,0.0
2024,257,1,P013381   ,0.0,1.0,TEL,11,"RAYMAN, WILLIAM",11:20,8,2,3,0,1,4,4,3,1,4,0,0,0,0,0,4,3,9,-2.0
2024,257,1,P007990   ,0.0,0.0,TEL,12,"DIBARTOLOMEO, JOHN",14:36,4,0,0,1,1,1,2,1,0,1,1,0,0,0,0,4,2,3,-3.0
2024,257,1,P005145   ,0.0,0.0,TEL,15,"COHEN, JAKE",10:34,2,0,0,0,1,2,2,0,0,0,0,1,1,0,0,3,2,0,-4.0
2024,257,1,P013382   ,1.0,1.0,TEL,20,"RANDOLPH, LEVI",25:07,17,3,5,2,5,5,5,1,3,4,2,0,0,0,0,1,7,24,9.0
2024,257,1,P007519   ,1.0,1.0,TEL,31,"JOKUBAITIS, ROKAS",27:14,18,4,8,1,3,7,7,1,1,2,5,1,1,0,1,2,3,19,3.0
2024,257,1,P011193   ,1.0,0.0,TEL,45,"BLATT, TAMIR",16:21,0,0,1,0,5,0,0,0,1,1,2,1,2,0,0,0,0,-4,-2.0
2024,257,1,P012604   ,1.0,1.0,TEL,50,"WILLIAMS, TREVION",28:53,15,6,14,0,1,3,5,4,7,11,1,2,1,1,0,4,4,18,11.0
2024,257,1,Team,0.0,0.0,TEL,,Team,,0,0,0,0,0,0,0,3,1,4,0,0,0,0,0,0,0,4,
2024,257,1,Total,,,TEL,,Total,200:00,91,19,48,8,26,29,33,17,19,36,15,8,6,1,4,27,27,90,
2024,257,0,P011212   ,1.0,1.0,MCO,0,"OKOBO, ELIE",27:05,13,3,7,1,3,4,4,0,1,1,3,1,2,0,0,3,2,9,-4.0
2024,257,0,P011231   ,0.0,1.0,MCO,4,"BLOSSOMGAME, JARON",18:36,3,0,2,1,1,0,0,0,2,2,0,0,1,0,0,2,5,5,-5.0
2024,257,0,P009754   ,0.0,0.0,MCO,8,"LOYD, JORDAN",18:13,8,1,2,2,4,0,0,0,3,3,0,0,3,0,0,5,0,0,5.0
2024,257,0,P005844   ,0.0,0.0,MCO,9,"PAPAGIANNIS, GEORGIOS",03:53,0,0,0,0,0,0,0,0,0,0,0,0,0,0,0,1,0,-1,-3.0
2024,257,0,P004132   ,1.0,0.0,MCO,10,"THEIS, DANIEL",19:34,16,3,4,1,1,7,9,0,6,6,1,0,2,2,0,1,6,25,0.0
2024,257,0,P011226   ,1.0,1.0,MCO,11,"DIALLO, ALPHA",30:35,4,1,4,0,0,2,4,1,2,3,6,0,2,1,1,3,3,6,-7.0
2024,257,0,P004790   ,1.0,0.0,MCO,12,"CORNELIE, PETR",15:01,3,0,0,1,1,0,0,1,5,6,1,1,1,0,0,4,0,6,8.0
2024,257,0,P002581   ,0.0,0.0,MCO,14,"JAITEH, MAM",16:22,12,3,5,0,0,6,8,5,6,11,0,1,1,0,0,4,5,20,2.0
2024,257,0,PLCZ      ,0.0,0.0,MCO,20,"MOTIEJUNAS, DONATAS",DNP,0,0,0,0,0,0,0,0,0,0,0,0,0,0,0,0,0,0,0.0
2024,257,0,P012515   ,0.0,0.0,MCO,22,"TARPEY, TERRY",00:58,0,0,0,0,0,0,0,0,0,0,0,0,0,0,0,1,0,-1,1.0
2024,257,0,P008099   ,0.0,1.0,MCO,32,"STRAZEL, MATTHEW",19:07,3,0,2,0,1,3,3,1,2,3,2,0,2,1,0,0,2,6,-6.0
2024,257,0,P005985   ,1.0,1.0,MCO,55,"JAMES, MIKE",30:36,26,8,11,1,6,7,9,1,2,3,8,0,4,0,0,3,4,24,-6.0
2024,257,0,Team,0.0,0.0,MCO,,Team,,0,0,0,0,0,0,0,2,2,4,0,0,0,0,0,0,0,4,
2024,257,0,Total,,,MCO,,Total,200:00,88,19,37,7,17,29,37,11,31,42,21,3,18,4,1,27,27,103,
2024,258,1,P009048   ,1.0,0.0,RED,0,"MILLER-MCINTYRE, CODI",21:36,4,2,3,0,2,0,0,1,0,1,2,1,4,0,0,4,1,-2,-4.0
2024,258,1,P010588   ,1.0,0.0,RED,1,"BROWN III, JOHN",25:14,10,3,3,0,0,4,6,0,1,1,1,1,0,0,0,2,3,12,-4.0
2024,258,1,P010612   ,0.0,0.0,RED,3,"CANAAN, ISAIAH",18:08,11,0,1,3,6,2,3,1,2,3,3,0,0,0,0,2,1,11,-5.0
2024,258,1,PJDR      ,0.0,1.0,RED,4,"TEODOSIC, MILOS",11:00,5,1,2,1,3,0,0,0,0,0,2,0,1,0,0,2,0,1,-3.0
2024,258,1,P007960   ,0.0,0.0,RED,7,"DAVIDOVAC, DEJAN",07:59,4,2,3,0,0,0,0,1,0,1,0,1,0,0,0,1,0,4,1.0
2024,258,1,P004866   ,1.0,1.0,RED,12,"KALINIC, NIKOLA",25:20,12,4,6,0,0,4,4,4,4,8,2,0,3,0,0,2,4,19,4.0
2024,258,1,P004007   ,0.0,0.0,RED,13,"DOBRIC, OGNJEN",03:36,2,0,0,0,1,2,2,0,0,0,0,1,1,0,0,0,1,2,-11.0
2024,258,1,P009035   ,1.0,0.0,RED,21,"BOLOMBOY, JOEL",18:52,4,2,4,0,0,0,0,1,4,5,0,4,1,0,0,4,0,6,9.0
2024,258,1,P011194   ,0.0,1.0,RED,30,"PETRUSEV, FILIP",25:09,11,3,8,0,1,5,11,1,5,6,3,0,0,1,2,1,6,12,-12.0
2024,258,1,P006436   ,0.0,1.0,RED,31,"GIEDRAITIS, ROKAS",09:21,0,0,0,0,1,0,0,0,1,1,0,0,0,0,0,0,0,0,1.0
2024,258,1,P000848   ,1.0,1.0,RED,36,"NEDOVIC, NEMANJA",21:54,12,2,4,2,4,2,2,0,2,2,5,0,1,0,0,2,4,16,10.0
2024,258,1,P012044   ,0.0,0.0,RED,99,"DOS SANTOS, YAGO",11:51,5,2,2,0,3,1,2,0,3,3,1,1,1,0,0,1,2,6,4.0
2024,258,1,Team,0.0,0.0,RED,,Team,,0,0,0,0,0,0,0,0,1,1,0,0,0,0,0,0,0,1,
2024,258,1,Total,,,RED,,Total,200:00,80,21,36,6,21,20,30,9,23,32,19,9,12,1,2,21,22,88,
2024,258,0,P011064   ,1.0,0.0,MIL,2,"MANNION, NICCOLO",22:15,1,0,5,0,0,1,2,0,1,1,5,0,1,0,0,1,1,0,-7.0
2024,258,0,P001392   ,0.0,1.0,MIL,5,"CAUSEUR, FABIEN",20:49,8,3,5,0,0,2,2,1,2,3,1,1,1,0,0,2,1,9,8.0
2024,258,0,P006509   ,0.0,0.0,MIL,7,"TONUT, STEFANO",03:15,0,0,0,0,0,0,0,0,1,1,0,0,0,0,0,0,0,1,-3.0
2024,258,0,P008985   ,0.0,1.0,MIL,10,"BOLMARO, LEANDRO",24:34,9,3,6,0,0,3,4,1,5,6,3,3,6,0,0,4,3,10,11.0
2024,258,0,P013384   ,0.0,0.0,MIL,12,"BROOKS, ARMONI",19:18,10,2,2,2,5,0,0,1,0,1,1,2,0,0,0,3,0,8,-2.0
2024,258,0,P008987   ,1.0,1.0,MIL,16,"LEDAY, ZACH",31:55,15,5,9,0,2,5,6,1,4,5,1,0,0,0,1,2,5,16,-3.0
2024,258,0,P001518   ,1.0,0.0,MIL,17,"RICCI, GIAMPAOLO",08:45,0,0,0,0,0,0,0,0,1,1,0,1,0,0,0,1,0,1,-6.0
2024,258,0,P005670   ,0.0,0.0,MIL,21,"FLACCADORI, DIEGO",DNP,0,0,0,0,0,0,0,0,0,0,0,0,0,0,0,0,0,0,0.0
2024,258,0,P013385   ,0.0,0.0,MIL,25,"DIOP, OUSMANE",01:09,0,0,0,0,0,0,0,0,0,0,0,0,0,0,0,2,0,-2,-3.0
2024,258,0,P006721   ,0.0,0.0,MIL,30,"CARUSO, GUGLIELMO",12:30,6,3,4,0,0,0,0,0,0,0,0,0,0,2,0,3,0,4,6.0
2024,258,0,P007831   ,1.0,1.0,MIL,31,"SHIELDS, SHAVON",26:50,14,3,5,1,3,5,5,1,4,5,2,2,1,0,0,0,4,22,5.0
2024,258,0,P000796   ,1.0,1.0,MIL,33,"MIROTIC, NIKOLA",28:40,19,3,4,2,6,7,9,0,7,7,2,1,3,0,0,4,7,22,4.0
2024,258,0,Team,0.0,0.0,MIL,,Team,,0,0,0,0,0,0,0,2,1,3,0,0,1,0,0,0,0,2,
2024,258,0,Total,,,MIL,,Total,200:00,82,22,40,5,16,23,28,7,26,33,15,10,13,2,1,22,21,93,
2024,259,1,P007982   ,1.0,0.0,OLY,1,"WILLIAMS-GOSS, NIGEL",20:31,14,2,2,2,3,4,5,0,2,2,4,0,0,0,0,1,3,20,10.0
2024,259,1,P010392   ,0.0,0.0,OLY,5,"LARENTZAKIS, GIANNOULIS",DNP,0,0,0,0,0,0,0,0,0,0,0,0,0,0,0,0,0,0,0.0
2024,259,1,P007947   ,0.0,1.0,OLY,8,"VILDOZA, LUCA",16:27,5,0,2,1,3,2,2,0,3,3,3,1,3,1,1,2,1,4,1.0
2024,259,1,P013389   ,0.0,1.0,OLY,9,"LEE, SABEN",15:11,6,0,0,1,1,3,4,0,0,0,0,2,4,0,0,0,3,6,-12.0
2024,259,1,P008811   ,1.0,0.0,OLY,10,"FALL, MOUSTAPHA",25:32,10,5,7,0,0,0,0,2,3,5,3,0,0,4,1,1,2,20,3.0
2024,259,1,P003469   ,1.0,1.0,OLY,14,"VEZENKOV, SASHA",33:09,18,5,10,1,5,5,5,3,6,9,5,1,1,0,0,1,2,24,0.0
2024,259,1,P001255   ,1.0,0.0,OLY,16,"PAPANIKOLAOU, KOSTAS",19:59,11,1,1,3,6,0,0,0,1,1,4,0,2,0,0,3,0,8,19.0
2024,259,1,P009849   ,0.0,0.0,OLY,22,"DORSEY, TYLER",01:21,0,0,1,0,1,0,0,0,1,1,0,0,0,0,1,1,1,-2,-2.0
2024,259,1,P008829   ,0.0,0.0,OLY,25,"PETERS, ALEC",09:46,2,1,1,0,1,0,0,1,1,2,1,2,0,0,0,2,0,4,6.0
2024,259,1,P003941   ,0.0,1.0,OLY,33,"MILUTINOV, NIKOLA",14:06,5,2,4,0,0,1,2,2,2,4,0,0,0,0,0,0,2,8,-1.0
2024,259,1,P007853   ,0.0,0.0,OLY,77,"MCKISSIC, SHAQUIELLE",20:47,3,0,0,1,3,0,0,2,1,3,0,1,2,0,0,2,0,1,-9.0
2024,259,1,P013380   ,1.0,1.0,OLY,94,"FOURNIER, EVAN",23:11,2,1,3,0,4,0,0,2,0,2,1,2,3,0,0,3,1,-4,-5.0
2024,259,1,Team,0.0,0.0,OLY,,Team,,0,0,0,0,0,0,0,0,3,3,0,0,2,0,0,0,0,1,
2024,259,1,Total,,,OLY,,Total,200:00,76,17,31,9,27,15,18,12,23,35,21,9,17,5,3,16,15,90,
2024,259,0,P011209   ,0.0,0.0,PAN,0,"KALAITZAKIS, PANAGIOTIS",DNP,0,0,0,0,0,0,0,0,0,0,0,0,0,0,0,0,0,0,0.0
2024,259,0,P009622   ,0.0,1.0,PAN,2,"BROWN, LORENZO",26:38,11,2,2,2,3,1,2,0,1,1,6,2,1,0,0,1,1,17,3.0
2024,259,0,P001926   ,0.0,1.0,PAN,10,"SLOUKAS, KOSTAS",27:17,9,1,3,0,4,7,7,0,4,4,6,2,3,0,0,2,6,16,0.0
2024,259,0,P004088   ,1.0,0.0,PAN,16,"OSMAN, CEDI",23:39,13,3,6,2,6,1,2,0,2,2,0,1,0,0,1,1,1,7,-8.0
2024,259,0,P011442   ,0.0,0.0,PAN,20,"SAMODUROV, ALEXANDROS",DNP,0,0,0,0,0,0,0,0,0,0,0,0,0,0,0,0,0,0,0.0
2024,259,0,P005161   ,0.0,0.0,PAN,21,"PAPAPETROU, IOANNIS",11:38,2,0,0,0,1,2,2,0,0,0,1,0,1,0,0,1,1,1,-3.0
2024,259,0,P011204   ,1.0,0.0,PAN,22,"GRANT, JERIAN",13:31,0,0,2,0,1,0,0,1,1,2,0,0,1,0,1,0,1,-2,-7.0
2024,259,0,PLHK      ,0.0,0.0,PAN,24,"PLEISS, TIBOR",03:20,2,1,1,0,1,0,0,0,1,1,0,0,0,0,0,0,0,2,-2.0
2024,259,0,P012774   ,1.0,1.0,PAN,25,"NUNN, KENDRICK",22:54,7,2,3,1,4,0,0,0,2,2,3,0,5,1,0,4,1,1,5.0
2024,259,0,P013383   ,1.0,0.0,PAN,32,"GABRIEL, WENYEN",17:03,2,1,4,0,0,0,0,2,2,4,0,1,1,1,2,2,0,0,-13.0
2024,259,0,P012712   ,1.0,1.0,PAN,41,"HERNANGOMEZ, JUANCHO",32:20,10,1,2,1,4,5,5,0,6,6,2,2,0,1,1,3,3,16,4.0
2024,259,0,P007866   ,0.0,1.0,PAN,44,"MITOGLOU, KONSTANTINOS",21:40,18,4,4,2,2,4,4,2,1,3,1,1,2,0,0,3,2,20,11.0
2024,259,0,Team,0.0,0.0,PAN,,Team,,0,0,0,0,0,0,0,1,0,1,0,0,0,0,0,0,0,1,
2024,259,0,Total,,,PAN,,Total,200:00,74,15,27,8,26,20,22,6,20,26,19,9,14,3,5,17,16,79,
2024,260,1,P010391   ,1.0,1.0,MUN,0,"WEILER-BABB, NICK",25:52,18,3,3,4,7,0,0,2,4,6,2,0,1,0,0,3,1,20,1.0
2024,260,1,P011987   ,1.0,1.0,MUN,3,"EDWARDS, CARSEN",37:22,18,5,7,1,10,5,5,0,3,3,7,2,5,0,1,3,4,14,-2.0
2024,260,1,P001557   ,0.0,0.0,MUN,5,"GIFFEY, NIELS",19:52,5,1,3,1,3,0,0,0,0,0,1,0,1,0,0,3,0,-2,-17.0
2024,260,1,P007201   ,1.0,1.0,MUN,7,"VOIGTMANN, JOHANNES",31:18,16,3,4,2,5,4,4,2,5,7,4,0,1,1,0,1,3,25,-4.0
2024,260,1,P011224   ,0.0,1.0,MUN,8,"NAPIER, SHABAZZ",16:59,8,0,0,1,2,5,5,0,2,2,1,0,3,0,0,2,2,7,-11.0
2024,260,1,P012123   ,0.0,0.0,MUN,10,"KHARCHENKOV, IVAN",DNP,0,0,0,0,0,0,0,0,0,0,0,0,0,0,0,0,0,0,0.0
2024,260,1,P001288   ,1.0,0.0,MUN,11,"LUCIC, VLADIMIR",19:08,3,0,2,1,2,0,0,0,6,6,1,0,1,0,0,2,4,8,6.0
2024,260,1,P004508   ,0.0,1.0,MUN,13,"OBST, ANDREAS",23:10,9,0,1,3,9,0,0,1,2,3,3,1,1,0,1,1,1,7,-15.0
2024,260,1,P007929   ,0.0,0.0,MUN,17,"BITIM, ONURALP",DNP,0,0,0,0,0,0,0,0,0,0,0,0,0,0,0,0,0,0,0.0
2024,260,1,P005460   ,1.0,0.0,MUN,20,"HARRIS, ELIAS",18:06,15,5,7,0,0,5,5,2,2,4,0,2,0,0,1,2,4,20,18.0
2024,260,1,P007639   ,0.0,0.0,MUN,22,"BRANKOVIC, DANKO",08:13,0,0,1,0,0,0,0,1,1,2,1,0,0,0,0,3,1,0,-1.0
2024,260,1,P012126   ,0.0,0.0,MUN,44,"VOLF, IVAN",DNP,0,0,0,0,0,0,0,0,0,0,0,0,0,0,0,0,0,0,0.0
2024,260,1,Team,0.0,0.0,MUN,,Team,,0,0,0,0,0,0,0,2,1,3,0,0,0,0,0,0,0,3,
2024,260,1,Total,,,MUN,,Total,200:00,92,17,28,13,38,19,19,10,26,36,20,5,13,1,3,20,20,102,
2024,260,0,P007200   ,0.0,1.0,IST,0,"LARKIN, SHANE",25:13,25,4,6,4,8,5,5,0,4,4,4,3,2,0,0,0,5,33,3.0
2024,260,0,P006590   ,1.0,0.0,IST,1,"BEAUBOIS, RODRIGUE",25:58,23,4,5,5,8,0,0,1,0,1,3,1,0,1,0,2,1,24,7.0
2024,260,0,P013363   ,0.0,0.0,IST,3,"NWORA, JORDAN",DNP,0,0,0,0,0,0,0,0,0,0,0,0,0,0,0,0,0,0,0.0
2024,260,0,P009846   ,1.0,1.0,IST,6,"BRYANT, ELIJAH",28:59,12,4,7,1,3,1,1,0,2,2,6,1,4,0,0,4,1,9,0.0
2024,260,0,P007109   ,0.0,0.0,IST,11,"SMITS, ROLANDS",30:24,7,2,2,1,4,0,0,1,3,4,1,0,3,0,0,3,3,6,16.0
2024,260,0,P011078   ,1.0,1.0,IST,13,"THOMPSON, DARIUS",21:11,2,1,3,0,2,0,0,1,1,2,2,1,2,0,0,2,1,0,11.0
2024,260,0,P012742   ,0.0,1.0,IST,15,"DOZIER JR, PERRY",19:21,8,1,2,2,4,0,0,0,1,1,5,1,0,0,0,2,0,10,-2.0
2024,260,0,P004887   ,1.0,0.0,IST,17,"POIRIER, VINCENT",23:52,6,2,7,0,0,2,2,3,6,9,2,0,0,1,1,2,2,12,12.0
2024,260,0,P012710   ,1.0,0.0,IST,24,"OSMANI, ERCAN",05:20,2,1,1,0,2,0,0,1,2,3,0,0,0,0,0,1,1,3,-8.0
2024,260,0,P012788   ,0.0,1.0,IST,25,"OTURU, DAN",15:19,12,3,5,0,0,6,8,0,1,1,3,0,0,1,0,3,6,16,-5.0
2024,260,0,P006372   ,0.0,0.0,IST,33,"YILMAZ, ERKAN",DNP,0,0,0,0,0,0,0,0,0,0,0,0,0,0,0,0,0,0,0.0
2024,260,0,P009664   ,0.0,0.0,IST,35,"WILLIS, DEREK",04:23,0,0,1,0,0,0,0,1,2,3,0,0,0,0,0,1,0,1,-9.0
2024,260,0,Team,0.0,0.0,IST,,Team,,0,0,0,0,0,0,0,1,3,4,0,0,0,0,0,0,0,4,
2024,260,0,Total,,,IST,,Total,200:00,97,22,39,13,31,14,16,9,25,34,26,7,11,3,1,20,20,118,
2024,261,1,P009862   ,0.0,1.0,BAR,0,"PUNTER, KEVIN",22:32,25,2,2,5,9,6,6,0,0,0,4,1,3,0,0,1,7,29,7.0
2024,261,1,P012795   ,0.0,0.0,BAR,1,"ANDERSON, JUSTIN",16:01,7,2,2,1,1,0,0,1,1,2,2,1,0,0,0,4,0,8,14.0
2024,261,1,P011666   ,0.0,0.0,BAR,2,"SARR, DAME",04:12,0,0,0,0,1,0,0,0,1,1,1,0,0,0,0,2,0,-1,4.0
2024,261,1,P009992   ,0.0,0.0,BAR,8,"BRIZUELA, DARIO",21:19,7,1,2,1,6,2,3,1,2,3,3,1,3,0,0,2,5,7,11.0
2024,261,1,P013379   ,1.0,0.0,BAR,10,"METU, CHIMEZIE",33:22,16,5,9,2,4,0,0,0,6,6,2,1,1,0,0,3,0,15,14.0
2024,261,1,P002939   ,1.0,1.0,BAR,13,"SATORANSKY, TOMAS",29:06,11,3,5,1,2,2,2,1,2,3,1,3,0,1,0,2,2,16,3.0
2024,261,1,P003196   ,0.0,0.0,BAR,14,"HERNANGOMEZ, WILLY",15:33,2,1,2,0,0,0,0,0,8,8,1,1,1,0,0,3,2,9,9.0
2024,261,1,P006568   ,0.0,0.0,BAR,19,"FALL, YOUSSOUPHA",02:57,0,0,0,0,0,0,0,0,1,1,0,0,0,0,0,1,0,0,0.0
2024,261,1,P003478   ,1.0,1.0,BAR,21,"ABRINES, ALEX",19:47,9,0,0,3,3,0,0,1,1,2,0,0,1,1,0,1,1,11,-11.0
2024,261,1,P012745   ,1.0,1.0,BAR,22,"PARKER, JABARI",26:27,8,3,4,0,0,2,2,0,3,3,2,0,0,0,0,1,2,13,-6.0
2024,261,1,P007464   ,1.0,1.0,BAR,44,"PARRA, JOEL",08:44,2,1,1,0,2,0,0,0,1,1,0,0,2,0,0,0,1,0,-10.0
2024,261,1,P012317   ,0.0,0.0,BAR,45,"VILLAR, RAUL",DNP,0,0,0,0,0,0,0,0,0,0,0,0,0,0,0,0,0,0,0.0
2024,261,1,Team,0.0,0.0,BAR,,Team,,0,0,0,0,0,0,0,1,1,2,0,0,2,0,0,0,0,0,
2024,261,1,Total,,,BAR,,Total,200:00,87,18,27,13,28,12,13,5,27,32,16,8,13,2,0,20,20,107,
2024,261,0,P007870   ,1.0,0.0,PAR,0,"DAVIES, BRANDON",28:04,11,2,7,2,3,1,4,2,6,8,3,0,1,0,0,1,6,17,8.0
2024,261,0,P013369   ,1.0,1.0,PAR,2,"JONES, CARLIK",36:22,14,5,11,1,4,1,5,1,3,4,9,0,3,0,1,1,5,14,1.0
2024,261,0,P006591   ,0.0,1.0,PAR,3,"NTILIKINA, FRANK",22:50,5,1,2,1,4,0,0,0,1,1,1,3,1,0,0,2,3,6,-10.0
2024,261,0,P013370   ,0.0,0.0,PAR,4,"WASHINGTON, DUANE",02:35,0,0,0,0,0,0,0,0,1,1,1,0,0,0,0,4,0,-2,-3.0
2024,261,0,P011050   ,0.0,0.0,PAR,5,"KOPRIVICA, BALSA",DNP,0,0,0,0,0,0,0,0,0,0,0,0,0,0,0,0,0,0,0.0
2024,261,0,P007632   ,0.0,0.0,PAR,7,"NAKIC, MARIO",DNP,0,0,0,0,0,0,0,0,0,0,0,0,0,0,0,0,0,0,0.0
2024,261,0,P004761   ,1.0,0.0,PAR,9,"MARINKOVIC, VANJA",30:01,11,4,5,1,5,0,0,0,0,0,3,1,0,0,0,5,0,5,-1.0
2024,261,0,P008232   ,0.0,0.0,PAR,11,"POKUSEVSKI, ALEKSEJ",02:07,0,0,0,0,0,0,0,0,0,0,0,0,0,0,0,1,0,-1,1.0
2024,261,0,P012720   ,1.0,1.0,PAR,12,"BROWN, STERLING",20:49,16,2,5,4,7,0,0,0,2,2,2,2,3,0,1,4,0,8,-1.0
2024,261,0,P007736   ,0.0,0.0,PAR,19,"LAKIC, ARIJAN",01:37,0,0,0,0,0,0,0,0,0,0,0,0,0,0,0,1,0,-1,-7.0
2024,261,0,P011836   ,1.0,1.0,PAR,24,"MIKE, ISIAHA",32:56,16,2,4,4,5,0,0,5,2,7,0,0,0,0,0,2,1,19,-4.0
2024,261,0,P011981   ,0.0,1.0,PAR,88,"JONES, TYRIQUE",22:39,7,3,11,0,0,1,2,7,2,9,1,1,1,0,0,1,3,10,-19.0
2024,261,0,Team,0.0,0.0,PAR,,Team,,0,0,0,0,0,0,0,3,1,4,0,0,1,0,0,0,0,3,
2024,261,0,Total,,,PAR,,Total,200:00,80,19,45,13,28,3,11,18,18,36,20,7,10,0,2,22,18,78,
2024,262,1,P012608   ,1.0,1.0,PRS,0,"SHORTS, TJ",29:12,24,8,15,1,2,5,7,2,4,6,10,2,2,1,0,1,7,37,28.0
2024,262,1,P012640   ,0.0,0.0,PRS,2,"HIFI, NADIR",10:48,3,1,2,0,4,1,2,0,1,1,0,0,0,0,0,2,1,-3,-15.0
2024,262,1,P012610   ,1.0,1.0,PRS,3,"WARD, TYSON",29:12,11,2,4,1,5,4,7,1,6,7,1,1,0,0,1,2,5,13,28.0
2024,262,1,P013373   ,0.0,0.0,PRS,4,"CAVALIERE, LEOPOLD",05:43,0,0,0,0,0,0,0,0,0,0,0,0,0,0,0,2,0,-2,-7.0
2024,262,1,P005793   ,0.0,1.0,PRS,5,"SY, BANDJA",10:30,2,1,1,0,0,0,0,1,2,3,1,0,0,0,0,1,0,5,-9.0
2024,262,1,P012611   ,1.0,1.0,PRS,7,"HERRERA, SEBASTIAN",21:40,13,0,0,3,7,4,5,0,2,2,1,1,0,0,0,2,3,13,13.0
2024,262,1,P007032   ,0.0,0.0,PRS,12,"LO, MAODO",12:20,13,2,3,2,6,3,4,0,1,1,2,0,0,0,1,1,2,10,-12.0
2024,262,1,P010390   ,1.0,1.0,PRS,13,"HAYES, KEVARRIUS",20:09,2,1,2,0,0,0,0,2,3,5,1,1,0,0,0,4,1,5,12.0
2024,262,1,P012613   ,1.0,0.0,PRS,20,"JANTUNEN, MIKAEL",20:23,8,0,1,2,5,2,3,0,2,2,2,1,0,1,0,1,2,10,23.0
2024,262,1,P007483   ,0.0,0.0,PRS,21,"DOSSOU-YOVO, MATHIS",13:47,4,2,3,0,0,0,0,0,3,3,0,0,0,0,0,2,0,4,9.0
2024,262,1,P004197   ,0.0,0.0,PRS,24,"OUATTARA, YAKUBA",11:05,6,0,0,2,3,0,0,1,1,2,0,0,1,0,0,2,0,4,4.0
2024,262,1,P011949   ,0.0,0.0,PRS,34,"HOMMES, DAULTON",15:11,6,0,0,2,4,0,0,0,1,1,0,0,0,0,0,3,0,2,-9.0
2024,262,1,Team,0.0,0.0,PRS,,Team,,0,0,0,0,0,0,0,0,1,1,0,0,0,0,0,0,0,1,
2024,262,1,Total,,,PRS,,Total,200:00,92,17,31,13,36,19,28,7,27,34,18,6,3,2,2,23,21,99,
2024,262,0,P011064   ,1.0,1.0,MIL,2,"MANNION, NICCOLO",31:15,17,3,6,3,6,2,2,0,3,3,0,1,1,0,1,4,2,11,-11.0
2024,262,0,P001392   ,0.0,1.0,MIL,5,"CAUSEUR, FABIEN",21:14,18,3,4,3,7,3,3,1,3,4,0,0,0,1,1,4,3,16,0.0
2024,262,0,P006509   ,0.0,1.0,MIL,7,"TONUT, STEFANO",13:11,7,2,2,1,1,0,1,0,2,2,3,0,0,0,0,1,1,11,-4.0
2024,262,0,P008985   ,1.0,0.0,MIL,10,"BOLMARO, LEANDRO",14:06,0,0,0,0,1,0,0,0,1,1,2,0,3,0,0,4,1,-4,-9.0
2024,262,0,P013384   ,0.0,0.0,MIL,12,"BROOKS, ARMONI",11:47,5,1,2,1,2,0,0,2,1,3,2,0,0,0,0,0,0,8,-7.0
2024,262,0,P008987   ,1.0,1.0,MIL,16,"LEDAY, ZACH",28:26,14,3,6,0,4,8,9,2,3,5,2,0,1,0,0,2,9,19,-10.0
2024,262,0,P001518   ,0.0,1.0,MIL,17,"RICCI, GIAMPAOLO",16:10,2,1,1,0,1,0,0,0,3,3,0,0,0,0,0,2,0,2,8.0
2024,262,0,P005670   ,0.0,0.0,MIL,21,"FLACCADORI, DIEGO",DNP,0,0,0,0,0,0,0,0,0,0,0,0,0,0,0,0,0,0,0.0
2024,262,0,P013385   ,0.0,0.0,MIL,25,"DIOP, OUSMANE",05:24,0,0,0,0,0,0,0,0,2,2,0,0,0,0,0,0,1,3,-2.0
2024,262,0,P006721   ,0.0,0.0,MIL,30,"CARUSO, GUGLIELMO",05:59,0,0,0,0,0,0,2,1,1,2,0,0,1,1,0,1,2,1,-6.0
2024,262,0,P007831   ,1.0,0.0,MIL,31,"SHIELDS, SHAVON",29:59,10,3,7,1,4,1,1,2,7,9,2,1,3,0,0,3,1,10,-11.0
2024,262,0,P000796   ,1.0,0.0,MIL,33,"MIROTIC, NIKOLA",22:29,6,1,2,0,3,4,4,0,4,4,1,0,2,0,0,1,3,7,-13.0
2024,262,0,Team,0.0,0.0,MIL,,Team,,0,0,0,0,0,0,0,0,1,1,0,0,2,0,0,0,0,-1,
2024,262,0,Total,,,MIL,,Total,200:00,79,17,30,9,29,18,22,8,31,39,12,2,13,2,2,22,23,83,
2024,263,1,P011212   ,1.0,1.0,MCO,0,"OKOBO, ELIE",29:02,16,5,8,1,3,3,3,0,3,3,6,1,2,1,0,4,2,18,7.0
2024,263,1,P011231   ,1.0,0.0,MCO,4,"BLOSSOMGAME, JARON",24:47,2,1,2,0,0,0,0,1,3,4,0,0,0,2,0,2,2,7,8.0
2024,263,1,P009754   ,0.0,1.0,MCO,8,"LOYD, JORDAN",23:30,13,2,3,3,5,0,0,0,1,1,1,0,0,0,0,3,2,11,10.0
2024,263,1,P004132   ,1.0,1.0,MCO,10,"THEIS, DANIEL",24:12,15,4,5,0,2,7,9,1,6,7,0,2,3,2,0,3,7,22,3.0
2024,263,1,P011226   ,1.0,0.0,MCO,11,"DIALLO, ALPHA",27:45,3,1,2,0,1,1,2,3,2,5,2,2,2,0,0,2,2,7,9.0
2024,263,1,P004790   ,0.0,0.0,MCO,12,"CORNELIE, PETR",01:44,0,0,0,0,0,0,0,0,0,0,0,0,0,0,0,1,0,-1,-2.0
2024,263,1,P002581   ,0.0,0.0,MCO,14,"JAITEH, MAM",12:01,8,4,6,0,0,0,2,1,3,4,0,0,1,0,0,2,2,7,8.0
2024,263,1,PLCZ      ,0.0,0.0,MCO,20,"MOTIEJUNAS, DONATAS",03:47,0,0,0,0,0,0,0,0,1,1,0,1,1,1,0,1,0,1,-2.0
2024,263,1,P012515   ,0.0,0.0,MCO,22,"TARPEY, TERRY",06:09,0,0,0,0,0,0,0,0,1,1,0,0,0,0,0,1,1,1,-6.0
2024,263,1,P008161   ,0.0,0.0,MCO,23,"BEGARIN, JUHANN",DNP,0,0,0,0,0,0,0,0,0,0,0,0,0,0,0,0,0,0,0.0
2024,263,1,P008099   ,0.0,1.0,MCO,32,"STRAZEL, MATTHEW",17:32,5,0,1,1,5,2,2,0,2,2,3,0,2,0,1,1,2,3,-1.0
2024,263,1,P005985   ,1.0,1.0,MCO,55,"JAMES, MIKE",29:31,29,5,11,5,8,4,5,1,1,2,6,2,3,0,2,3,5,26,11.0
2024,263,1,Team,0.0,0.0,MCO,,Team,,0,0,0,0,0,0,0,0,3,3,0,0,0,0,0,0,0,3,
2024,263,1,Total,,,MCO,,Total,200:00,91,22,38,10,24,17,23,7,26,33,18,8,14,6,3,23,25,105,
2024,263,0,P005216   ,1.0,1.0,ULK,0,"MCCOLLUM, ERRICK",20:23,24,5,8,3,5,5,5,1,1,2,1,3,0,1,2,3,2,23,-5.0
2024,263,0,P009863   ,0.0,1.0,ULK,2,"BALDWIN IV, WADE",23:13,9,3,6,0,3,3,3,0,2,2,3,0,2,1,0,1,2,8,-11.0
2024,263,0,P002849   ,0.0,0.0,ULK,4,"MELLI, NICOLO",19:34,2,1,2,0,1,0,0,0,3,3,1,0,0,0,0,3,0,1,-11.0
2024,263,0,P002968   ,1.0,0.0,ULK,5,"SANLI, SERTAC",16:02,8,1,2,2,4,0,0,0,2,2,0,1,1,0,0,4,1,4,9.0
2024,263,0,P008962   ,1.0,1.0,ULK,11,"HAYES-DAVIS, NIGEL",31:29,9,1,6,1,3,4,4,3,4,7,1,2,2,0,1,4,5,10,-7.0
2024,263,0,P006961   ,0.0,1.0,ULK,13,"BIBEROVIC, TARIK",22:50,10,1,5,2,4,2,2,1,4,5,0,2,1,0,3,2,2,7,-6.0
2024,263,0,P011205   ,0.0,0.0,ULK,20,"HALL, DEVON",12:16,0,0,1,0,2,0,0,0,1,1,0,0,3,0,0,1,0,-6,-14.0
2024,263,0,P010560   ,0.0,0.0,ULK,21,"PIERRE, DYSHAWN",DNP,0,0,0,0,0,0,0,0,0,0,0,0,0,0,0,0,0,0,0.0
2024,263,0,P004004   ,1.0,1.0,ULK,23,"GUDURIC, MARKO",27:58,15,4,4,1,3,4,5,0,6,6,6,0,6,1,0,2,7,24,11.0
2024,263,0,P008104   ,0.0,0.0,ULK,32,"ZAGARS, ARTURS",DNP,0,0,0,0,0,0,0,0,0,0,0,0,0,0,0,0,0,0,0.0
2024,263,0,P013696   ,0.0,0.0,ULK,44,"BANGO, JILSON",09:52,3,1,3,0,0,1,1,1,2,3,0,1,0,0,0,2,1,4,-3.0
2024,263,0,P009783   ,1.0,0.0,ULK,50,"COLSON, BONZIE",16:23,2,1,4,0,1,0,0,2,4,6,0,0,1,0,0,3,3,3,-8.0
2024,263,0,Team,0.0,0.0,ULK,,Team,,0,0,0,0,0,0,0,4,0,4,0,0,1,0,0,0,0,3,
2024,263,0,Total,,,ULK,,Total,200:00,82,18,41,9,26,19,20,12,29,41,12,9,17,3,6,25,23,81,
2024,264,1,P011965   ,0.0,0.0,OLY,3,"MITROU-LONG, NAZ",DNP,0,0,0,0,0,0,0,0,0,0,0,0,0,0,0,0,0,0,0.0
2024,264,1,P010392   ,0.0,0.0,OLY,5,"LARENTZAKIS, GIANNOULIS",04:36,3,0,0,1,1,0,0,0,0,0,0,0,0,0,0,0,0,3,-7.0
2024,264,1,P007947   ,1.0,0.0,OLY,8,"VILDOZA, LUCA",14:28,0,0,0,0,0,0,0,0,0,0,2,0,2,0,0,1,1,0,-29.0
2024,264,1,P013389   ,0.0,1.0,OLY,9,"LEE, SABEN",27:05,7,3,5,0,1,1,2,0,2,2,6,1,1,0,1,4,3,9,21.0
2024,264,1,P008811   ,1.0,0.0,OLY,10,"FALL, MOUSTAPHA",16:50,4,2,2,0,0,0,2,2,4,6,2,1,2,1,0,3,1,8,-8.0
2024,264,1,P003469   ,1.0,1.0,OLY,14,"VEZENKOV, SASHA",33:14,19,5,9,2,6,3,5,3,6,9,3,1,2,0,0,3,5,22,-8.0
2024,264,1,P001255   ,1.0,1.0,OLY,16,"PAPANIKOLAOU, KOSTAS",26:39,8,0,2,2,4,2,2,1,1,2,2,1,1,0,0,1,2,9,-5.0
2024,264,1,P008829   ,0.0,1.0,OLY,25,"PETERS, ALEC",19:30,9,3,5,1,2,0,0,0,3,3,0,0,0,0,0,3,0,6,2.0
2024,264,1,P013514   ,0.0,0.0,OLY,31,"MENSAH, NATHAN",DNP,0,0,0,0,0,0,0,0,0,0,0,0,0,0,0,0,0,0,0.0
2024,264,1,P003941   ,0.0,0.0,OLY,33,"MILUTINOV, NIKOLA",10:26,2,0,1,0,0,2,2,0,2,2,1,0,3,2,0,1,3,5,-2.0
2024,264,1,P007853   ,0.0,1.0,OLY,77,"MCKISSIC, SHAQUIELLE",27:57,14,4,6,2,4,0,0,2,5,7,5,3,1,0,0,0,2,26,7.0
2024,264,1,P013380   ,1.0,0.0,OLY,94,"FOURNIER, EVAN",19:15,7,2,8,1,5,0,0,0,1,1,0,0,2,0,1,1,0,-6,-11.0
2024,264,1,Team,0.0,0.0,OLY,,Team,,0,0,0,0,0,0,0,1,1,2,0,0,0,0,0,0,0,2,
2024,264,1,Total,,,OLY,,Total,200:00,73,19,38,9,23,8,13,9,25,34,21,7,14,3,2,17,17,84,
2024,264,0,P009048   ,1.0,1.0,RED,0,"MILLER-MCINTYRE, CODI",24:28,15,5,7,1,5,2,2,1,10,11,3,0,3,0,0,3,3,20,3.0
2024,264,0,P010588   ,0.0,0.0,RED,1,"BROWN III, JOHN",19:24,4,2,3,0,0,0,2,3,1,4,1,1,1,0,0,1,2,7,1.0
2024,264,0,P010612   ,0.0,0.0,RED,3,"CANAAN, ISAIAH",27:33,12,1,5,3,7,1,2,0,2,2,0,1,1,0,2,2,1,2,-7.0
2024,264,0,PJDR      ,0.0,0.0,RED,4,"TEODOSIC, MILOS",08:10,0,0,1,0,0,0,0,0,1,1,3,0,1,0,1,2,0,-1,-2.0
2024,264,0,P007960   ,1.0,1.0,RED,7,"DAVIDOVAC, DEJAN",23:40,13,3,5,1,1,4,4,1,0,1,1,0,0,1,0,3,4,15,5.0
2024,264,0,PLUO      ,0.0,0.0,RED,10,"LAZIC, BRANKO",00:15,0,0,0,0,0,0,0,0,0,0,0,0,0,0,0,0,0,0,0.0
2024,264,0,P004866   ,1.0,1.0,RED,12,"KALINIC, NIKOLA",22:43,5,1,1,0,0,3,3,1,5,6,3,0,1,1,0,3,1,12,7.0
2024,264,0,P004007   ,0.0,1.0,RED,13,"DOBRIC, OGNJEN",01:51,0,0,0,0,0,0,0,0,1,1,0,0,0,0,0,0,0,1,-1.0
2024,264,0,P006436   ,1.0,1.0,RED,31,"GIEDRAITIS, ROKAS",32:41,20,0,1,6,7,2,2,0,4,4,3,3,1,0,0,1,2,28,-2.0
2024,264,0,P000848   ,1.0,0.0,RED,36,"NEDOVIC, NEMANJA",20:40,9,2,4,1,5,2,2,0,1,1,6,0,1,0,0,2,2,9,23.0
2024,264,0,P012443   ,0.0,0.0,RED,47,"KOSTIC, ANDREJ",DNP,0,0,0,0,0,0,0,0,0,0,0,0,0,0,0,0,0,0,0.0
2024,264,0,P012044   ,0.0,0.0,RED,99,"DOS SANTOS, YAGO",18:35,3,0,5,1,1,0,0,0,1,1,4,3,2,0,0,0,2,6,13.0
2024,264,0,Team,0.0,0.0,RED,,Team,,0,0,0,0,0,0,0,1,0,1,0,0,1,0,0,0,0,0,
2024,264,0,Total,,,RED,,Total,200:00,81,14,32,13,26,14,17,7,26,33,24,8,12,2,3,17,17,99,
2024,265,1,P011948   ,1.0,0.0,BAS,0,"HOWARD, MARKUS",24:50,27,4,5,6,11,1,1,0,2,2,3,1,0,0,0,3,2,26,36.0
2024,265,1,P008850   ,0.0,1.0,BAS,2,"RAIESTE, SANDER",02:22,0,0,0,0,0,0,0,0,0,0,0,0,0,0,0,0,0,0,-7.0
2024,265,1,P010788   ,0.0,1.0,BAS,4,"QUEREJETA, JOSEBA",01:21,0,0,0,0,1,0,0,0,0,0,0,0,1,0,0,1,0,-3,-4.0
2024,265,1,P010784   ,0.0,1.0,BAS,6,"SAVKOV, PAVEL",01:44,0,0,0,0,0,0,0,0,1,1,0,0,0,0,0,0,0,1,-1.0
2024,265,1,P007230   ,1.0,0.0,BAS,8,"SEDEKERSKIS, TADAS",22:17,8,4,4,0,1,0,0,1,8,9,1,0,1,0,0,0,1,17,15.0
2024,265,1,P012080   ,1.0,0.0,BAS,9,"LUWAWU-CABARROT, TIMOTHE",32:03,14,1,5,4,6,0,0,2,3,5,3,1,4,0,1,3,2,11,14.0
2024,265,1,P004058   ,0.0,0.0,BAS,10,"JARAMAZ, OGNJEN",12:14,6,0,0,2,3,0,0,0,0,0,3,0,1,0,0,1,0,6,3.0
2024,265,1,P013367   ,1.0,0.0,BAS,11,"FORREST, TRENT",24:49,14,5,7,1,2,1,1,0,3,3,10,1,2,1,1,2,2,23,26.0
2024,265,1,P011085   ,0.0,1.0,BAS,17,"ROGKAVOPOULOS, NIKOLAOS",21:58,13,2,2,3,4,0,0,0,3,3,0,1,0,0,0,2,2,16,-2.0
2024,265,1,P008072   ,1.0,0.0,BAS,18,"DIOP, KHALIFA",11:56,4,2,3,0,0,0,1,2,0,2,1,1,1,0,0,1,1,5,20.0
2024,265,1,P011196   ,0.0,0.0,BAS,45,"HALL, DONTA",22:51,14,6,6,0,0,2,2,2,1,3,6,0,0,1,0,2,2,24,6.0
2024,265,1,P007579   ,0.0,1.0,BAS,99,"SAMANIC, LUKA",21:35,12,3,6,1,4,3,3,1,2,3,5,2,0,1,0,2,2,17,9.0
2024,265,1,Team,0.0,0.0,BAS,,Team,,0,0,0,0,0,0,0,0,2,2,0,0,0,0,0,0,0,2,
2024,265,1,Total,,,BAS,,Total,200:00,112,27,38,17,32,7,8,8,25,33,32,7,10,3,2,17,14,145,
2024,265,0,P010391   ,1.0,0.0,MUN,0,"WEILER-BABB, NICK",26:03,9,0,0,3,5,0,0,0,1,1,5,1,3,0,0,0,2,13,-6.0
2024,265,0,P011987   ,1.0,0.0,MUN,3,"EDWARDS, CARSEN",21:47,13,3,6,2,8,1,1,0,0,0,7,0,2,0,1,0,1,9,-5.0
2024,265,0,P001557   ,0.0,0.0,MUN,5,"GIFFEY, NIELS",22:26,9,0,1,3,3,0,0,0,2,2,0,0,1,0,1,1,2,9,-3.0
2024,265,0,P007201   ,1.0,0.0,MUN,7,"VOIGTMANN, JOHANNES",24:06,13,0,1,3,8,4,4,2,4,6,2,0,2,1,0,2,4,16,-31.0
2024,265,0,P011224   ,0.0,1.0,MUN,8,"NAPIER, SHABAZZ",26:40,15,3,6,2,4,3,3,1,1,2,4,0,0,0,0,2,2,16,-26.0
2024,265,0,P012123   ,0.0,1.0,MUN,10,"KHARCHENKOV, IVAN",10:06,6,1,1,1,1,1,3,0,0,0,0,1,1,0,0,2,2,4,0.0
2024,265,0,P001288   ,1.0,1.0,MUN,11,"LUCIC, VLADIMIR",21:09,2,1,4,0,1,0,0,3,2,5,1,0,1,0,1,3,0,-1,-25.0
2024,265,0,P004508   ,0.0,1.0,MUN,13,"OBST, ANDREAS",26:18,8,0,1,2,7,2,2,0,0,0,3,0,0,0,0,1,1,5,-23.0
2024,265,0,P007929   ,0.0,0.0,MUN,17,"BITIM, ONURALP",DNP,0,0,0,0,0,0,0,0,0,0,0,0,0,0,0,0,0,0,0.0
2024,265,0,P005460   ,1.0,0.0,MUN,20,"HARRIS, ELIAS",05:31,6,2,2,0,0,2,3,0,1,1,0,0,0,0,0,1,2,7,-4.0
2024,265,0,P007639   ,0.0,1.0,MUN,22,"BRANKOVIC, DANKO",15:54,8,3,4,0,0,2,2,0,2,2,2,2,1,1,0,2,1,12,8.0
2024,265,0,Team,0.0,0.0,MUN,,Team,,0,0,0,0,0,0,0,3,3,6,0,0,1,0,0,0,0,5,
2024,265,0,Total,,,MUN,,Total,200:00,89,13,26,16,37,15,18,9,16,25,24,4,12,2,3,14,17,95,
2024,266,1,P003733   ,1.0,1.0,MAD,6,"ABALDE, ALBERTO",19:09,6,1,2,1,2,1,1,1,2,3,1,1,0,0,0,3,1,7,24.0
2024,266,1,P005928   ,1.0,0.0,MAD,7,"CAMPAZZO, FACUNDO",18:40,4,0,0,0,2,4,4,0,2,2,2,1,4,0,0,3,3,3,6.0
2024,266,1,P011649   ,0.0,0.0,MAD,9,"GONZALEZ, HUGO",10:43,0,0,3,0,0,0,0,0,0,0,0,0,3,1,0,1,1,-5,-16.0
2024,266,1,P003108   ,0.0,1.0,MAD,11,"HEZONJA, MARIO",23:20,9,3,5,1,4,0,1,1,5,6,4,4,5,0,0,1,1,12,5.0
2024,266,1,P006540   ,1.0,0.0,MAD,13,"MUSA, DZANAN",18:00,10,2,3,1,3,3,5,0,1,1,2,0,0,0,0,1,3,10,8.0
2024,266,1,P009005   ,0.0,0.0,MAD,14,"DECK, GABRIEL",17:07,3,0,0,1,2,0,0,3,2,5,1,0,0,0,0,1,0,7,-4.0
2024,266,1,P007630   ,1.0,1.0,MAD,16,"GARUBA, USMAN",16:58,0,0,0,0,2,0,0,0,2,2,2,0,0,0,0,1,1,2,9.0
2024,266,1,P003583   ,0.0,0.0,MAD,18,"IBAKA, SERGE",03:36,0,0,0,0,0,0,0,0,0,0,0,0,1,0,0,2,0,-3,-9.0
2024,266,1,P013667   ,0.0,0.0,MAD,20,"FERNANDO, BRUNO",17:10,5,0,2,0,0,5,6,1,2,3,1,0,2,1,0,2,5,8,-4.0
2024,266,1,P005791   ,1.0,0.0,MAD,22,"TAVARES, WALTER",18:31,23,9,12,0,0,5,5,3,3,6,2,1,3,1,0,3,4,28,24.0
2024,266,1,PTGB      ,0.0,1.0,MAD,23,"LLULL, SERGIO",15:01,12,1,2,3,6,1,1,0,0,0,2,0,1,0,0,1,0,8,7.0
2024,266,1,P011247   ,0.0,1.0,MAD,24,"FELIZ, ANDRES",21:45,9,1,2,2,4,1,2,1,3,4,3,1,0,0,0,2,2,13,5.0
2024,266,1,Team,0.0,0.0,MAD,,Team,,0,0,0,0,0,0,0,4,1,5,0,0,1,0,0,0,0,4,
2024,266,1,Total,,,MAD,,Total,200:00,81,17,31,9,25,20,25,14,23,37,20,8,20,3,0,21,21,94,
2024,266,0,P013371   ,0.0,0.0,ASV,1,"HARRISON, SHAQUILLE",09:58,0,0,1,0,1,0,0,0,1,1,0,1,1,0,1,2,1,-3,-5.0
2024,266,0,P011225   ,1.0,1.0,ASV,3,"LEE, PARIS",21:37,15,1,4,3,6,4,5,0,1,1,1,0,3,0,1,0,2,8,-2.0
2024,266,0,P007027   ,1.0,1.0,ASV,6,"MALEDON, THEO",29:27,25,4,6,2,4,11,11,1,1,2,5,4,4,0,0,1,8,35,-4.0
2024,266,0,P004194   ,1.0,0.0,ASV,7,"LAUVERGNE, JOFFREY",14:00,6,3,3,0,1,0,0,0,1,1,0,1,0,0,0,2,0,5,-13.0
2024,266,0,P010316   ,0.0,0.0,ASV,8,"AJINCA, MELVIN",04:02,0,0,0,0,1,0,0,0,0,0,0,0,1,0,0,1,0,-3,-6.0
2024,266,0,P000229   ,0.0,1.0,ASV,11,"JACKSON, EDWIN",21:54,5,0,1,1,4,2,2,2,3,5,1,2,1,0,0,3,1,6,12.0
2024,266,0,P002100   ,0.0,0.0,ASV,12,"DE COLO, NANDO",17:12,3,0,2,0,3,3,3,0,0,0,4,0,4,0,1,1,2,-2,-13.0
2024,266,0,P010545   ,0.0,0.0,ASV,13,"SAKO, NEAL",16:44,2,1,2,0,0,0,0,1,4,5,2,0,2,0,0,4,1,3,-19.0
2024,266,0,P013405   ,1.0,1.0,ASV,21,"ROBERSON, ANDRE",23:47,2,1,1,0,1,0,0,2,4,6,4,2,3,0,0,4,0,6,7.0
2024,266,0,P003526   ,1.0,0.0,ASV,23,"LIGHTY, DAVID",16:05,5,1,2,1,1,0,0,0,2,2,0,0,0,0,0,4,3,5,-13.0
2024,266,0,P008991   ,0.0,0.0,ASV,28,"BLACK, TARIK",DNP,0,0,0,0,0,0,0,0,0,0,0,0,0,0,0,0,0,0,0.0
2024,266,0,P009818   ,0.0,1.0,ASV,50,"BENTIL, BENJAMIN",25:14,7,2,2,0,4,3,5,0,1,1,0,0,0,0,0,1,3,4,1.0
2024,266,0,Team,0.0,0.0,ASV,,Team,,0,0,0,0,0,0,0,2,1,3,0,0,0,0,0,0,0,3,
2024,266,0,Total,,,ASV,,Total,200:00,70,13,24,7,26,23,26,8,19,27,17,10,19,0,3,23,21,67,
2024,267,1,P013699   ,0.0,1.0,TEL,2,"CLARK III, JIMMY",21:58,14,4,6,1,4,3,6,0,3,3,3,1,2,0,0,0,4,15,3.0
2024,267,1,P011202   ,0.0,1.0,TEL,3,"SHAYOK, MARIAL",18:43,5,1,2,0,3,3,4,0,3,3,2,2,2,0,0,1,3,7,1.0
2024,267,1,P004233   ,0.0,1.0,TEL,8,"MENCO, RAFI",16:05,5,1,1,1,3,0,0,1,2,3,0,1,1,0,0,3,0,3,16.0
2024,267,1,P011219   ,1.0,0.0,TEL,9,"SORKIN, ROMAN",26:25,12,4,8,0,1,4,4,3,4,7,2,0,0,1,0,2,3,18,17.0
2024,267,1,P011433   ,0.0,0.0,TEL,10,"MAYER, OMER",DNP,0,0,0,0,0,0,0,0,0,0,0,0,0,0,0,0,0,0,0.0
2024,267,1,P013381   ,1.0,1.0,TEL,11,"RAYMAN, WILLIAM",20:01,7,0,0,1,2,4,4,1,2,3,0,0,1,0,0,4,3,7,0.0
2024,267,1,P007990   ,0.0,0.0,TEL,12,"DIBARTOLOMEO, JOHN",12:25,5,0,0,1,1,2,2,1,1,2,0,1,0,0,0,3,2,7,4.0
2024,267,1,P005145   ,0.0,0.0,TEL,15,"COHEN, JAKE",11:31,0,0,3,0,0,0,0,1,1,2,0,0,2,0,0,1,0,-4,-3.0
2024,267,1,P007519   ,1.0,0.0,TEL,31,"JOKUBAITIS, ROKAS",24:37,19,4,6,3,3,2,2,1,3,4,4,0,4,0,0,2,5,24,10.0
2024,267,1,P011193   ,1.0,1.0,TEL,45,"BLATT, TAMIR",23:04,0,0,0,0,5,0,0,0,2,2,6,0,1,0,0,3,2,1,0.0
2024,267,1,P012604   ,1.0,0.0,TEL,50,"WILLIAMS, TREVION",25:11,10,5,10,0,1,0,0,0,10,10,0,2,2,1,0,1,2,16,2.0
2024,267,1,Team,0.0,0.0,TEL,,Team,,0,0,0,0,0,0,0,2,2,4,0,0,1,0,0,0,0,3,
2024,267,1,Total,,,TEL,,Total,200:00,77,19,36,7,23,18,22,10,33,43,17,7,16,2,0,20,24,97,
2024,267,0,P009549   ,1.0,0.0,VIR,0,"CORDINIER, ISAIA",17:03,6,0,3,2,3,0,0,0,2,2,2,0,2,0,0,2,1,3,-11.0
2024,267,0,PBCN      ,0.0,0.0,VIR,3,"BELINELLI, MARCO",12:51,5,1,1,1,2,0,0,0,0,0,2,1,0,0,0,2,0,5,-12.0
2024,267,0,P006739   ,0.0,1.0,VIR,6,"PAJOLA, ALESSANDRO",24:29,0,0,0,0,3,0,0,0,6,6,4,4,1,0,0,3,2,9,0.0
2024,267,0,P004888   ,1.0,1.0,VIR,8,"CLYBURN, WILL",27:09,13,3,10,2,8,1,2,3,5,8,3,5,1,0,1,2,4,15,2.0
2024,267,0,P001133   ,1.0,0.0,VIR,21,"SHENGELIA, TORNIKE",22:17,7,2,6,0,1,3,4,0,1,1,1,0,2,0,0,3,7,5,-14.0
2024,267,0,P001844   ,1.0,0.0,VIR,23,"HACKETT, DANIEL",16:33,2,1,1,0,1,0,0,1,1,2,0,0,0,0,0,5,1,-1,3.0
2024,267,0,P005738   ,0.0,0.0,VIR,24,"GRAZULIS, ANDREJS",11:52,2,1,2,0,2,0,0,0,1,1,0,0,0,0,0,1,0,-1,-9.0
2024,267,0,P012585   ,0.0,1.0,VIR,30,"MORGAN, MATTHEW",18:43,4,2,2,0,6,0,0,1,3,4,2,0,2,0,0,3,0,-1,-4.0
2024,267,0,P002084   ,0.0,1.0,VIR,33,"POLONARA, ACHILLE",21:49,15,5,5,1,6,2,4,2,0,2,0,3,0,0,0,1,3,15,0.0
2024,267,0,P004554   ,1.0,1.0,VIR,41,"ZIZIC, ANTE",21:48,11,4,9,0,0,3,4,8,4,12,1,0,2,0,1,2,2,15,6.0
2024,267,0,P011816   ,0.0,0.0,VIR,45,"AKELE, NICOLA",02:04,2,1,1,0,0,0,0,0,0,0,0,0,0,0,0,0,0,2,-3.0
2024,267,0,P012591   ,0.0,0.0,VIR,59,"TUCKER, RAYJON",03:22,0,0,1,0,1,0,0,1,0,1,0,0,1,0,0,0,0,-2,-8.0
2024,267,0,Team,0.0,0.0,VIR,,Team,,0,0,0,0,0,0,0,1,1,2,0,0,0,0,0,0,0,2,
2024,267,0,Total,,,VIR,,Total,200:00,67,20,41,6,33,9,14,17,24,41,15,13,11,0,2,24,20,66,
2024,268,1,P011209   ,0.0,0.0,PAN,0,"KALAITZAKIS, PANAGIOTIS",07:20,3,1,1,0,1,1,2,1,1,2,0,2,0,0,0,3,2,4,20.0
2024,268,1,P009622   ,0.0,1.0,PAN,2,"BROWN, LORENZO",16:35,13,4,8,1,4,2,2,1,2,3,1,1,1,0,0,1,1,10,21.0
2024,268,1,P001926   ,0.0,0.0,PAN,10,"SLOUKAS, KOSTAS",17:52,4,1,5,0,2,2,2,2,0,2,0,1,2,0,0,3,1,-3,-14.0
2024,268,1,P004088   ,1.0,0.0,PAN,16,"OSMAN, CEDI",04:04,2,0,0,0,1,2,2,0,1,1,0,0,0,0,0,1,1,2,5.0
2024,268,1,P011442   ,0.0,0.0,PAN,20,"SAMODUROV, ALEXANDROS",DNP,0,0,0,0,0,0,0,0,0,0,0,0,0,0,0,0,0,0,0.0
2024,268,1,P005161   ,0.0,0.0,PAN,21,"PAPAPETROU, IOANNIS",11:10,5,2,3,0,1,1,1,0,0,0,0,0,0,0,0,1,2,4,-5.0
2024,268,1,P011204   ,1.0,1.0,PAN,22,"GRANT, JERIAN",32:17,19,3,5,1,2,10,10,0,2,2,2,0,0,1,0,1,7,27,5.0
2024,268,1,PLHK      ,0.0,0.0,PAN,24,"PLEISS, TIBOR",03:33,0,0,1,0,1,0,0,0,1,1,0,0,0,0,0,0,0,-1,2.0
2024,268,1,P012774   ,1.0,1.0,PAN,25,"NUNN, KENDRICK",33:08,18,7,9,1,5,1,2,0,2,2,3,2,2,0,0,0,4,20,-2.0
2024,268,1,P013383   ,1.0,1.0,PAN,32,"GABRIEL, WENYEN",21:39,13,6,6,0,0,1,4,4,4,8,0,1,0,4,0,4,4,23,8.0
2024,268,1,P012712   ,1.0,1.0,PAN,41,"HERNANGOMEZ, JUANCHO",37:03,9,2,5,0,2,5,8,2,6,8,2,1,1,1,1,2,7,16,9.0
2024,268,1,P007866   ,0.0,0.0,PAN,44,"MITOGLOU, KONSTANTINOS",15:19,5,1,2,1,1,0,0,0,1,1,0,2,1,0,0,3,0,3,1.0
2024,268,1,Team,0.0,0.0,PAN,,Team,,0,0,0,0,0,0,0,1,3,4,0,0,0,0,0,0,0,4,
2024,268,1,Total,,,PAN,,Total,200:00,91,27,45,4,20,25,33,11,23,34,8,10,7,6,1,19,29,109,
2024,268,0,P008384   ,0.0,1.0,BER,1,"PROCIDA, GABRIELE",23:18,13,4,6,1,2,2,3,0,3,3,3,1,2,0,0,1,3,16,-13.0
2024,268,0,P008173   ,1.0,1.0,BER,3,"SPAGNOLO, MATTEO",13:46,8,3,5,0,3,2,2,1,0,1,2,0,3,0,0,1,1,3,-4.0
2024,268,0,P011934   ,1.0,1.0,BER,5,"WETZELL, YANNI",20:26,11,5,6,0,0,1,4,0,1,1,0,0,0,0,0,4,6,10,-5.0
2024,268,0,P008211   ,0.0,0.0,BER,6,"DELOW, MALTE",12:38,2,1,1,0,3,0,0,0,2,2,0,1,0,0,0,2,0,0,5.0
2024,268,0,P008062   ,0.0,0.0,BER,7,"MCDOWELL-WHITE, WILL",19:38,5,0,1,1,1,2,2,0,2,2,6,1,3,0,1,2,1,8,3.0
2024,268,0,P007025   ,0.0,1.0,BER,9,"MATTISSECK, JONAS",07:19,0,0,0,0,1,0,0,0,0,0,0,0,0,0,0,1,0,-2,-4.0
2024,268,0,P006251   ,0.0,1.0,BER,10,"SCHNEIDER, TIM",20:00,8,1,4,2,9,0,0,1,1,2,0,0,0,0,1,3,1,-3,-14.0
2024,268,0,P008967   ,0.0,0.0,BER,11,"THOMAS, MATT",23:36,14,1,2,3,4,3,3,0,4,4,3,1,0,0,0,2,2,20,8.0
2024,268,0,P008780   ,1.0,0.0,BER,15,"HERMANNSSON, MARTIN",11:12,3,0,2,1,1,0,0,0,2,2,4,0,5,0,2,2,0,-2,-17.0
2024,268,0,P006919   ,1.0,0.0,BER,19,"OLINDE, LOUIS",20:11,9,2,4,1,2,2,2,3,3,6,1,0,2,1,1,2,3,12,-13.0
2024,268,0,P013774   ,1.0,0.0,BER,23,"BAKER II, ROBERT",12:56,5,1,1,1,1,0,0,0,2,2,0,0,0,0,0,5,1,3,-7.0
2024,268,0,P011631   ,0.0,0.0,BER,25,"RAPIEQUE, ELIAS",15:00,3,0,1,1,1,0,2,1,1,2,1,0,3,0,1,4,1,-4,11.0
2024,268,0,Team,0.0,0.0,BER,,Team,,0,0,0,0,0,0,0,5,5,10,0,0,1,0,0,0,0,9,
2024,268,0,Total,,,BER,,Total,200:00,81,18,33,11,28,12,18,11,26,37,20,4,19,1,6,29,19,70,
2024,269,1,P009862   ,0.0,1.0,BAR,0,"PUNTER, KEVIN",29:18,14,3,7,1,4,5,5,0,1,1,2,1,3,0,0,2,4,10,5.0
2024,269,1,P012795   ,1.0,1.0,BAR,1,"ANDERSON, JUSTIN",30:07,16,5,6,2,4,0,0,1,4,5,3,1,0,1,0,0,1,24,9.0
2024,269,1,P011666   ,0.0,0.0,BAR,2,"SARR, DAME",DNP,0,0,0,0,0,0,0,0,0,0,0,0,0,0,0,0,0,0,0.0
2024,269,1,P009992   ,0.0,1.0,BAR,8,"BRIZUELA, DARIO",21:35,20,5,7,3,5,1,1,1,1,2,1,1,0,0,0,4,5,21,15.0
2024,269,1,P013379   ,0.0,1.0,BAR,10,"METU, CHIMEZIE",23:21,12,6,9,0,1,0,0,2,6,8,3,1,1,0,0,3,4,20,12.0
2024,269,1,P002939   ,1.0,0.0,BAR,13,"SATORANSKY, TOMAS",22:35,6,3,7,0,1,0,0,3,3,6,2,1,1,0,1,2,0,6,4.0
2024,269,1,P003196   ,0.0,0.0,BAR,14,"HERNANGOMEZ, WILLY",15:54,2,1,3,0,0,0,0,2,0,2,1,0,0,0,0,1,1,3,8.0
2024,269,1,P006568   ,1.0,0.0,BAR,19,"FALL, YOUSSOUPHA",09:48,2,1,2,0,0,0,0,1,1,2,0,0,0,1,0,1,0,3,-2.0
2024,269,1,P003478   ,1.0,0.0,BAR,21,"ABRINES, ALEX",06:35,0,0,0,0,2,0,0,0,1,1,2,2,0,0,0,1,2,4,0.0
2024,269,1,P012745   ,1.0,1.0,BAR,22,"PARKER, JABARI",22:32,3,0,2,1,5,0,0,0,5,5,3,0,2,0,1,1,0,1,4.0
2024,269,1,P007464   ,0.0,0.0,BAR,44,"PARRA, JOEL",18:15,7,2,4,1,2,0,0,1,2,3,0,0,0,1,0,2,0,6,5.0
2024,269,1,P012317   ,0.0,0.0,BAR,45,"VILLAR, RAUL",DNP,0,0,0,0,0,0,0,0,0,0,0,0,0,0,0,0,0,0,0.0
2024,269,1,Team,0.0,0.0,BAR,,Team,,0,0,0,0,0,0,0,2,1,3,0,0,0,0,0,0,0,3,
2024,269,1,Total,,,BAR,,Total,200:00,82,26,47,8,24,6,6,13,25,38,17,7,7,3,2,17,17,101,
2024,269,0,P013775   ,0.0,0.0,ZAL,2,"WONG, ISAIAH",10:00,4,1,1,0,0,2,2,0,0,0,1,1,1,0,0,0,1,6,0.0
2024,269,0,P007975   ,1.0,1.0,ZAL,3,"FRANCISCO, SYLVAIN",27:28,13,3,4,1,7,4,5,2,4,6,5,0,6,0,0,2,6,14,-12.0
2024,269,0,P011983   ,1.0,1.0,ZAL,8,"BRAZDEIKIS, IGNAS",28:01,13,3,7,2,4,1,2,2,3,5,2,0,1,0,0,0,3,15,-14.0
2024,269,0,P007513   ,0.0,0.0,ZAL,9,"GIEDRAITIS, DOVYDAS",20:48,2,1,4,0,2,0,0,0,1,1,4,0,1,0,2,2,0,-3,-4.0
2024,269,0,P005504   ,1.0,0.0,ZAL,15,"BIRUTIS, LAURYNAS",10:55,2,1,3,0,0,0,0,0,2,2,0,0,0,0,1,0,1,2,-10.0
2024,269,0,P011051   ,1.0,1.0,ZAL,18,"SMAILAGIC, ALEN",25:08,8,3,5,0,3,2,2,0,1,1,1,3,0,1,0,3,2,8,-10.0
2024,269,0,P012622   ,0.0,0.0,ZAL,21,"MITCHELL, MATTHEW",00:04,0,0,0,0,0,0,0,0,0,0,0,0,0,0,0,2,0,-2,0.0
2024,269,0,P003048   ,0.0,0.0,ZAL,42,"DUNSTON, BRYANT",16:41,7,3,6,0,0,1,2,3,1,4,0,0,0,1,0,2,2,8,1.0
2024,269,0,P012715   ,0.0,0.0,ZAL,45,"MANEK, BRADY",DNP,0,0,0,0,0,0,0,0,0,0,0,0,0,0,0,0,0,0,0.0
2024,269,0,P002676   ,1.0,0.0,ZAL,51,"BUTKEVICIUS, ARNAS",12:49,0,0,0,0,0,0,0,0,1,1,2,0,0,0,0,0,0,3,-6.0
2024,269,0,P007029   ,0.0,1.0,ZAL,91,"SIRVYDIS, DEIVIDAS",23:14,13,2,2,3,6,0,0,0,2,2,2,0,1,0,0,2,1,12,-4.0
2024,269,0,P002329   ,0.0,1.0,ZAL,92,"ULANOVAS, EDGARAS",24:52,8,3,7,0,0,2,2,2,5,7,2,1,0,0,0,4,1,11,-1.0
2024,269,0,Team,0.0,0.0,ZAL,,Team,,0,0,0,0,0,0,0,3,1,4,0,0,0,0,0,0,0,4,
2024,269,0,Total,,,ZAL,,Total,200:00,70,20,39,6,22,12,15,12,21,33,19,5,10,2,3,17,17,78,
2024,270,1,P007870   ,0.0,0.0,PAR,0,"DAVIES, BRANDON",19:59,8,3,8,0,1,2,2,3,2,5,0,4,2,0,2,4,5,8,-16.0
2024,270,1,P010781   ,0.0,0.0,PAR,1,"LUNDBERG, IFFE",12:16,0,0,1,0,3,0,0,1,0,1,2,0,0,0,0,1,0,-2,-12.0
2024,270,1,P013369   ,1.0,0.0,PAR,2,"JONES, CARLIK",22:11,7,3,8,0,2,1,5,2,3,5,3,2,1,0,0,0,3,8,-24.0
2024,270,1,P006591   ,0.0,1.0,PAR,3,"NTILIKINA, FRANK",19:59,11,3,6,1,3,2,2,0,1,1,2,1,1,0,1,2,3,9,-11.0
2024,270,1,P013370   ,0.0,0.0,PAR,4,"WASHINGTON, DUANE",11:48,6,0,3,1,4,3,6,0,2,2,1,0,0,0,1,1,3,1,-7.0
2024,270,1,P004761   ,0.0,1.0,PAR,9,"MARINKOVIC, VANJA",19:55,0,0,1,0,4,0,0,1,0,1,1,1,0,0,0,1,1,-2,-10.0
2024,270,1,P008232   ,1.0,1.0,PAR,11,"POKUSEVSKI, ALEKSEJ",16:34,5,1,1,1,4,0,0,1,2,3,0,0,0,0,0,3,1,3,-8.0
2024,270,1,P012720   ,1.0,0.0,PAR,12,"BROWN, STERLING",18:24,6,3,5,0,2,0,0,2,0,2,0,0,3,0,1,1,0,-1,-24.0
2024,270,1,P006760   ,1.0,0.0,PAR,17,"BONGA, ISAAC",24:01,11,1,2,2,5,3,3,3,1,4,0,0,2,0,0,1,3,11,-27.0
2024,270,1,P007736   ,0.0,1.0,PAR,19,"LAKIC, ARIJAN",06:51,0,0,0,0,1,0,0,1,1,2,0,0,0,0,0,1,0,0,-5.0
2024,270,1,P011836   ,0.0,1.0,PAR,24,"MIKE, ISIAHA",08:22,0,0,0,0,1,0,0,1,0,1,0,0,1,0,0,3,0,-4,4.0
2024,270,1,P011981   ,1.0,0.0,PAR,88,"JONES, TYRIQUE",19:40,11,5,7,0,0,1,1,3,1,4,1,0,1,0,0,3,2,12,-20.0
2024,270,1,Team,0.0,0.0,PAR,,Team,,0,0,0,0,0,0,0,6,0,6,0,0,0,0,0,0,0,6,
2024,270,1,Total,,,PAR,,Total,200:00,65,19,42,5,30,12,19,24,13,37,10,8,11,0,5,21,21,49,
2024,270,0,P007200   ,0.0,0.0,IST,0,"LARKIN, SHANE",23:48,11,2,4,1,2,4,4,0,4,4,2,3,2,0,0,2,5,18,27.0
2024,270,0,P006590   ,1.0,0.0,IST,1,"BEAUBOIS, RODRIGUE",17:44,3,0,0,1,4,0,0,0,3,3,2,1,0,2,0,0,2,10,1.0
2024,270,0,P013363   ,0.0,1.0,IST,3,"NWORA, JORDAN",10:48,2,1,2,0,2,0,0,0,3,3,0,0,0,0,0,1,0,1,15.0
2024,270,0,P009846   ,1.0,0.0,IST,6,"BRYANT, ELIJAH",26:55,18,3,4,2,4,6,6,0,5,5,2,3,2,0,0,3,4,24,21.0
2024,270,0,P007109   ,0.0,0.0,IST,11,"SMITS, ROLANDS",17:06,4,2,2,0,1,0,1,0,1,1,3,0,1,0,0,1,1,5,17.0
2024,270,0,P011078   ,1.0,0.0,IST,13,"THOMPSON, DARIUS",24:13,19,2,3,5,5,0,0,0,3,3,3,2,1,0,0,1,1,25,17.0
2024,270,0,P012742   ,0.0,1.0,IST,15,"DOZIER JR, PERRY",14:50,13,4,4,1,3,2,2,1,0,1,1,0,1,1,0,4,2,11,15.0
2024,270,0,P004887   ,1.0,0.0,IST,17,"POIRIER, VINCENT",09:07,4,2,2,0,1,0,0,0,0,0,0,0,0,0,0,1,2,4,2.0
2024,270,0,P012710   ,1.0,1.0,IST,24,"OSMANI, ERCAN",25:26,8,3,4,0,1,2,2,2,3,5,4,0,0,0,0,4,2,13,24.0
2024,270,0,P012788   ,0.0,0.0,IST,25,"OTURU, DAN",19:45,10,5,7,0,0,0,0,3,2,5,1,1,1,2,0,4,1,13,22.0
2024,270,0,P006372   ,0.0,1.0,IST,33,"YILMAZ, ERKAN",01:42,2,1,1,0,0,0,0,0,0,0,0,0,1,0,0,0,0,1,0.0
2024,270,0,P009664   ,0.0,1.0,IST,35,"WILLIS, DEREK",08:36,3,0,0,1,1,0,0,0,3,3,0,0,1,0,0,0,1,6,-1.0
2024,270,0,Team,0.0,0.0,IST,,Team,,0,0,0,0,0,0,0,1,0,1,0,0,1,0,0,0,0,0,
2024,270,0,Total,,,IST,,Total,200:00,97,25,33,11,24,14,15,7,27,34,18,10,11,5,0,21,21,131,
2024,271,1,P005216   ,0.0,1.0,ULK,0,"MCCOLLUM, ERRICK",23:15,18,5,7,2,3,2,2,1,4,5,2,0,0,0,0,2,4,24,18.0
2024,271,1,P003091   ,0.0,0.0,ULK,1,"BIRSEN, METECAN",DNP,0,0,0,0,0,0,0,0,0,0,0,0,0,0,0,0,0,0,0.0
2024,271,1,P009863   ,0.0,1.0,ULK,2,"BALDWIN IV, WADE",23:52,8,3,7,0,1,2,2,1,0,1,5,0,1,0,0,0,2,10,0.0
2024,271,1,P002849   ,0.0,0.0,ULK,4,"MELLI, NICOLO",12:48,4,2,5,0,1,0,0,1,0,1,0,1,0,0,0,2,2,2,-2.0
2024,271,1,P002968   ,1.0,0.0,ULK,5,"SANLI, SERTAC",12:47,0,0,0,0,2,0,0,0,2,2,1,1,1,0,0,1,0,0,-10.0
2024,271,1,P008962   ,1.0,1.0,ULK,11,"HAYES-DAVIS, NIGEL",36:04,19,3,7,3,9,4,4,1,2,3,1,3,1,0,0,2,5,18,7.0
2024,271,1,P006961   ,1.0,1.0,ULK,13,"BIBEROVIC, TARIK",26:52,14,1,2,4,6,0,0,0,2,2,4,2,1,1,0,3,1,17,-1.0
2024,271,1,P010560   ,1.0,0.0,ULK,21,"PIERRE, DYSHAWN",16:00,7,2,2,0,2,3,3,3,1,4,2,0,2,0,0,0,2,11,2.0
2024,271,1,P004004   ,1.0,1.0,ULK,23,"GUDURIC, MARKO",29:20,25,6,7,4,8,1,2,0,2,2,2,1,1,0,0,1,1,23,8.0
2024,271,1,P008104   ,0.0,0.0,ULK,32,"ZAGARS, ARTURS",07:13,3,0,0,1,1,0,0,1,0,1,0,1,1,0,0,3,0,1,-3.0
2024,271,1,P013696   ,0.0,0.0,ULK,44,"BANGO, JILSON",01:50,0,0,0,0,0,0,0,0,0,0,0,0,0,0,0,1,0,-1,-4.0
2024,271,1,P009783   ,0.0,0.0,ULK,50,"COLSON, BONZIE",09:59,3,0,1,1,2,0,0,0,2,2,1,0,0,0,0,0,1,5,-10.0
2024,271,1,Team,0.0,0.0,ULK,,Team,,0,0,0,0,0,0,0,3,2,5,0,0,1,0,0,0,0,4,
2024,271,1,Total,,,ULK,,Total,200:00,101,22,38,15,35,12,13,11,17,28,18,9,9,1,0,15,18,114,
2024,271,0,P012608   ,1.0,1.0,PRS,0,"SHORTS, TJ",30:06,19,7,16,0,2,5,7,0,2,2,10,0,2,0,1,1,5,19,-4.0
2024,271,0,P012640   ,0.0,1.0,PRS,2,"HIFI, NADIR",24:06,19,3,5,2,6,7,8,2,3,5,3,0,5,0,0,2,6,19,4.0
2024,271,0,P012610   ,1.0,1.0,PRS,3,"WARD, TYSON",29:54,8,4,5,0,1,0,0,2,6,8,5,3,2,0,0,1,0,19,-2.0
2024,271,0,P013373   ,0.0,0.0,PRS,4,"CAVALIERE, LEOPOLD",12:37,2,1,2,0,0,0,0,1,2,3,1,0,0,0,0,1,0,4,-7.0
2024,271,0,P005793   ,0.0,0.0,PRS,5,"SY, BANDJA",11:59,2,1,1,0,0,0,0,0,0,0,0,1,0,0,0,5,0,-2,-3.0
2024,271,0,P012611   ,1.0,0.0,PRS,7,"HERRERA, SEBASTIAN",20:15,11,1,1,3,5,0,0,0,0,0,0,1,0,0,0,2,0,8,8.0
2024,271,0,P010390   ,1.0,0.0,PRS,13,"HAYES, KEVARRIUS",18:33,12,4,5,0,0,4,5,1,4,5,0,0,2,0,0,1,3,15,16.0
2024,271,0,P012613   ,1.0,1.0,PRS,20,"JANTUNEN, MIKAEL",29:15,14,4,5,2,4,0,0,3,5,8,1,0,1,0,0,2,1,18,-4.0
2024,271,0,P007483   ,0.0,0.0,PRS,21,"DOSSOU-YOVO, MATHIS",02:37,0,0,0,0,0,0,0,0,0,0,0,0,0,0,0,0,0,0,-1.0
2024,271,0,P004197   ,0.0,1.0,PRS,24,"OUATTARA, YAKUBA",20:38,13,2,3,3,5,0,0,1,1,2,0,0,0,0,0,3,0,9,-12.0
2024,271,0,Team,0.0,0.0,PRS,,Team,,0,0,0,0,0,0,0,2,1,3,0,0,3,0,0,0,0,0,
2024,271,0,Total,,,PRS,,Total,200:00,100,27,43,10,23,16,20,12,24,36,20,5,15,0,1,18,15,109,
2024,272,1,P011212   ,1.0,1.0,MCO,0,"OKOBO, ELIE",35:26,21,5,10,2,5,5,5,0,4,4,3,0,1,0,0,0,4,23,3.0
2024,272,1,P011231   ,0.0,1.0,MCO,4,"BLOSSOMGAME, JARON",37:53,15,5,9,0,2,5,6,4,6,10,0,0,1,0,0,4,4,17,11.0
2024,272,1,P004132   ,1.0,0.0,MCO,10,"THEIS, DANIEL",29:04,16,3,3,0,1,10,12,3,6,9,1,0,1,1,0,4,7,26,19.0
2024,272,1,P011226   ,1.0,0.0,MCO,11,"DIALLO, ALPHA",24:46,5,1,4,1,2,0,0,0,1,1,3,0,0,0,0,5,0,0,-2.0
2024,272,1,P004790   ,1.0,0.0,MCO,12,"CORNELIE, PETR",04:39,0,0,0,0,0,0,0,0,2,2,1,0,0,0,0,2,0,1,0.0
2024,272,1,P002581   ,0.0,0.0,MCO,14,"JAITEH, MAM",12:02,7,3,6,0,0,1,1,1,1,2,0,0,1,0,1,1,3,6,-12.0
2024,272,1,PLCZ      ,0.0,0.0,MCO,20,"MOTIEJUNAS, DONATAS",03:26,0,0,1,0,1,0,0,0,0,0,0,0,0,0,0,0,0,-2,1.0
2024,272,1,P012515   ,0.0,1.0,MCO,22,"TARPEY, TERRY",11:14,2,1,2,0,0,0,2,1,2,3,0,1,0,0,0,1,1,3,9.0
2024,272,1,P008161   ,0.0,0.0,MCO,23,"BEGARIN, JUHANN",DNP,0,0,0,0,0,0,0,0,0,0,0,0,0,0,0,0,0,0,0.0
2024,272,1,P008099   ,0.0,1.0,MCO,32,"STRAZEL, MATTHEW",22:00,6,1,1,1,3,1,1,0,0,0,1,0,2,0,0,3,1,1,1.0
2024,272,1,P001932   ,0.0,0.0,MCO,33,"CALATHES, NICK",09:09,2,1,2,0,2,0,0,0,1,1,3,1,1,0,0,2,0,1,7.0
2024,272,1,P005985   ,1.0,1.0,MCO,55,"JAMES, MIKE",35:21,22,5,9,1,6,9,10,2,6,8,3,1,1,0,0,4,7,26,13.0
2024,272,1,Team,0.0,0.0,MCO,,Team,,0,0,0,0,0,0,0,3,3,6,0,0,0,0,0,0,0,6,
2024,272,1,Total,,,MCO,,Total,225:00,96,25,47,5,22,31,37,14,32,46,15,3,8,1,1,26,27,108,
2024,272,0,P013775   ,0.0,1.0,ZAL,2,"WONG, ISAIAH",10:03,10,1,1,2,2,2,3,0,1,1,1,0,1,0,0,1,2,11,3.0
2024,272,0,P007975   ,1.0,1.0,ZAL,3,"FRANCISCO, SYLVAIN",36:05,19,3,10,2,8,7,9,0,2,2,5,1,2,0,0,1,6,15,-5.0
2024,272,0,P011983   ,1.0,1.0,ZAL,8,"BRAZDEIKIS, IGNAS",28:25,17,3,10,3,5,2,2,1,6,7,1,0,1,0,0,1,2,16,-13.0
2024,272,0,P007513   ,0.0,0.0,ZAL,9,"GIEDRAITIS, DOVYDAS",21:27,2,1,1,0,2,0,0,1,1,2,0,1,1,0,0,3,0,-1,-11.0
2024,272,0,P005504   ,1.0,0.0,ZAL,15,"BIRUTIS, LAURYNAS",08:55,0,0,0,0,0,0,0,0,0,0,1,0,0,0,0,5,0,-4,2.0
2024,272,0,P011051   ,1.0,1.0,ZAL,18,"SMAILAGIC, ALEN",22:00,15,4,7,2,4,1,1,2,1,3,1,0,1,0,1,4,4,12,5.0
2024,272,0,P012622   ,0.0,0.0,ZAL,21,"MITCHELL, MATTHEW",DNP,0,0,0,0,0,0,0,0,0,0,0,0,0,0,0,0,0,0,0.0
2024,272,0,P003048   ,0.0,0.0,ZAL,42,"DUNSTON, BRYANT",25:07,3,1,2,0,0,1,2,2,1,3,2,0,0,0,0,4,2,4,-10.0
2024,272,0,P012715   ,0.0,0.0,ZAL,45,"MANEK, BRADY",03:23,0,0,0,0,0,0,0,0,0,0,0,0,0,0,0,0,0,0,-8.0
2024,272,0,P002676   ,1.0,0.0,ZAL,51,"BUTKEVICIUS, ARNAS",27:56,5,1,2,1,4,0,0,1,7,8,1,0,0,1,0,4,3,10,-2.0
2024,272,0,P007029   ,0.0,0.0,ZAL,91,"SIRVYDIS, DEIVIDAS",11:41,7,0,0,1,3,4,4,0,3,3,1,0,2,0,0,1,2,8,-5.0
2024,272,0,P002329   ,0.0,1.0,ZAL,92,"ULANOVAS, EDGARAS",29:58,8,0,3,1,3,5,7,2,1,3,2,0,2,0,0,3,4,5,-6.0
2024,272,0,Team,0.0,0.0,ZAL,,Team,,0,0,0,0,0,0,0,1,2,3,0,0,0,0,0,0,0,3,
2024,272,0,Total,,,ZAL,,Total,225:00,86,14,36,12,31,22,28,10,25,35,15,2,10,1,1,27,25,79,
2024,273,1,P009862   ,1.0,1.0,BAR,0,"PUNTER, KEVIN",29:01,20,5,6,2,5,4,4,0,0,0,4,2,4,0,0,3,5,20,-1.0
2024,273,1,P012795   ,0.0,1.0,BAR,1,"ANDERSON, JUSTIN",17:09,10,2,2,2,5,0,0,1,0,1,1,1,0,0,0,4,1,7,-6.0
2024,273,1,P011666   ,0.0,0.0,BAR,2,"SARR, DAME",DNP,0,0,0,0,0,0,0,0,0,0,0,0,0,0,0,0,0,0,0.0
2024,273,1,P009992   ,0.0,1.0,BAR,8,"BRIZUELA, DARIO",23:59,8,2,5,1,4,1,1,0,1,1,2,0,1,0,0,1,2,5,7.0
2024,273,1,P013379   ,0.0,0.0,BAR,10,"METU, CHIMEZIE",11:21,11,4,5,0,0,3,4,0,1,1,0,0,2,0,0,0,3,11,-5.0
2024,273,1,P002939   ,1.0,0.0,BAR,13,"SATORANSKY, TOMAS",23:32,8,4,5,0,1,0,0,0,1,1,6,2,3,0,0,4,1,9,-5.0
2024,273,1,P003196   ,1.0,0.0,BAR,14,"HERNANGOMEZ, WILLY",26:57,13,5,7,0,0,3,3,6,8,14,0,0,3,0,0,2,4,24,15.0
2024,273,1,P006568   ,0.0,0.0,BAR,19,"FALL, YOUSSOUPHA",DNP,0,0,0,0,0,0,0,0,0,0,0,0,0,0,0,0,0,0,0.0
2024,273,1,P003478   ,0.0,0.0,BAR,21,"ABRINES, ALEX",15:19,0,0,1,0,1,0,0,2,1,3,1,0,0,0,0,1,1,2,2.0
2024,273,1,P012745   ,1.0,1.0,BAR,22,"PARKER, JABARI",28:38,23,5,7,3,6,4,4,0,3,3,1,0,1,0,0,4,4,21,-15.0
2024,273,1,P012885   ,0.0,0.0,BAR,41,"KEITA, SAYON",DNP,0,0,0,0,0,0,0,0,0,0,0,0,0,0,0,0,0,0,0.0
2024,273,1,P007464   ,1.0,1.0,BAR,44,"PARRA, JOEL",24:04,8,4,4,0,3,0,2,2,2,4,2,0,0,0,0,2,1,8,3.0
2024,273,1,Team,0.0,0.0,BAR,,Team,,0,0,0,0,0,0,0,3,2,5,0,0,0,0,0,0,0,5,
2024,273,1,Total,,,BAR,,Total,200:00,101,31,42,8,25,15,18,14,19,33,17,5,14,0,0,21,22,112,
2024,273,0,P010391   ,1.0,1.0,MUN,0,"WEILER-BABB, NICK",27:57,16,6,6,1,1,1,3,2,2,4,3,2,3,0,0,4,4,20,12.0
2024,273,0,P011987   ,1.0,1.0,MUN,3,"EDWARDS, CARSEN",31:50,23,5,8,4,12,1,1,0,1,1,5,3,1,0,0,2,3,21,4.0
2024,273,0,P001557   ,0.0,1.0,MUN,5,"GIFFEY, NIELS",16:36,3,0,0,1,1,0,0,0,1,1,1,0,2,0,0,4,0,-1,-1.0
2024,273,0,P007201   ,1.0,0.0,MUN,7,"VOIGTMANN, JOHANNES",22:03,4,2,3,0,1,0,1,2,3,5,2,0,1,0,0,1,1,7,6.0
2024,273,0,P011224   ,0.0,0.0,MUN,8,"NAPIER, SHABAZZ",17:59,13,1,3,2,5,5,6,0,0,0,2,1,1,0,0,1,3,11,-14.0
2024,273,0,P012123   ,0.0,0.0,MUN,10,"KHARCHENKOV, IVAN",02:14,0,0,0,0,0,0,0,0,0,0,0,0,0,0,0,1,0,-1,0.0
2024,273,0,P001288   ,1.0,1.0,MUN,11,"LUCIC, VLADIMIR",28:02,8,2,3,0,1,4,4,1,3,4,1,2,1,0,0,1,4,15,5.0
2024,273,0,P004508   ,0.0,0.0,MUN,13,"OBST, ANDREAS",16:03,6,0,1,2,6,0,0,0,0,0,1,0,1,0,0,2,1,0,-13.0
2024,273,0,P007929   ,0.0,0.0,MUN,17,"BITIM, ONURALP",DNP,0,0,0,0,0,0,0,0,0,0,0,0,0,0,0,0,0,0,0.0
2024,273,0,P005460   ,1.0,1.0,MUN,20,"HARRIS, ELIAS",21:49,17,8,10,0,1,1,1,3,0,3,0,0,1,0,0,4,2,14,15.0
2024,273,0,P007639   ,0.0,0.0,MUN,22,"BRANKOVIC, DANKO",15:27,12,3,3,1,1,3,4,2,1,3,0,0,0,0,0,2,2,14,-9.0
2024,273,0,Team,0.0,0.0,MUN,,Team,,0,0,0,0,0,0,0,0,2,2,0,0,0,0,0,0,0,2,
2024,273,0,Total,,,MUN,,Total,200:00,102,27,37,11,29,15,20,10,13,23,15,8,11,0,0,22,20,102,
2024,274,1,P013371   ,1.0,0.0,ASV,1,"HARRISON, SHAQUILLE",16:13,4,2,2,0,0,0,0,0,1,1,3,1,2,1,0,2,1,7,2.0
2024,274,1,P011225   ,0.0,0.0,ASV,3,"LEE, PARIS",10:26,2,0,2,0,3,2,2,0,0,0,2,0,0,0,0,2,1,-2,-4.0
2024,274,1,P007027   ,1.0,1.0,ASV,6,"MALEDON, THEO",30:36,23,4,7,2,5,9,9,0,5,5,5,1,3,0,1,3,7,28,11.0
2024,274,1,P010316   ,0.0,0.0,ASV,8,"AJINCA, MELVIN",16:39,6,0,2,2,4,0,0,1,1,2,0,0,1,0,0,2,1,2,-6.0
2024,274,1,P000229   ,0.0,0.0,ASV,11,"JACKSON, EDWIN",06:19,0,0,0,0,1,0,0,0,0,0,1,0,0,0,0,0,1,1,3.0
2024,274,1,P002100   ,0.0,1.0,ASV,12,"DE COLO, NANDO",18:58,18,2,6,2,3,8,8,0,2,2,0,1,0,0,1,1,6,20,10.0
2024,274,1,P010545   ,1.0,1.0,ASV,13,"SAKO, NEAL",26:31,9,4,5,0,0,1,2,1,6,7,1,0,3,1,0,3,2,12,9.0
2024,274,1,P013405   ,1.0,1.0,ASV,21,"ROBERSON, ANDRE",30:42,7,2,3,1,3,0,0,0,6,6,2,2,2,1,0,3,0,10,8.0
2024,274,1,P003526   ,1.0,1.0,ASV,23,"LIGHTY, DAVID",25:40,8,1,1,2,4,0,0,0,4,4,0,2,1,0,0,4,1,8,17.0
2024,274,1,P008991   ,0.0,0.0,ASV,28,"BLACK, TARIK",11:11,4,2,2,0,0,0,0,0,1,1,0,0,1,0,0,1,0,3,2.0
2024,274,1,P013377   ,0.0,0.0,ASV,34,"PAUL, MBIYA",DNP,0,0,0,0,0,0,0,0,0,0,0,0,0,0,0,0,0,0,0.0
2024,274,1,P009818   ,0.0,0.0,ASV,50,"BENTIL, BENJAMIN",06:45,0,0,1,0,0,0,0,1,2,3,0,1,0,0,0,1,1,3,3.0
2024,274,1,Team,0.0,0.0,ASV,,Team,,0,0,0,0,0,0,0,3,2,5,0,0,2,0,0,0,0,3,
2024,274,1,Total,,,ASV,,Total,200:00,81,17,31,9,23,20,21,6,30,36,14,8,15,3,2,22,21,95,
2024,274,0,P007982   ,1.0,1.0,OLY,1,"WILLIAMS-GOSS, NIGEL",20:57,5,1,3,1,3,0,0,0,1,1,2,2,2,0,0,3,0,1,-19.0
2024,274,0,P012878   ,0.0,0.0,OLY,2,"WRIGHT, MOSES",05:51,0,0,0,0,0,0,0,0,2,2,0,0,0,1,0,1,1,3,-7.0
2024,274,0,P011965   ,0.0,0.0,OLY,3,"MITROU-LONG, NAZ",DNP,0,0,0,0,0,0,0,0,0,0,0,0,0,0,0,0,0,0,0.0
2024,274,0,P013389   ,0.0,1.0,OLY,9,"LEE, SABEN",23:52,4,2,2,0,2,0,0,0,3,3,4,1,2,1,0,3,3,9,-1.0
2024,274,0,P008811   ,1.0,0.0,OLY,10,"FALL, MOUSTAPHA",24:44,0,0,2,0,0,0,4,2,2,4,1,0,1,0,0,3,4,-1,-5.0
2024,274,0,P003469   ,1.0,1.0,OLY,14,"VEZENKOV, SASHA",32:00,25,5,6,3,6,6,6,4,6,10,1,1,0,0,0,0,3,36,-6.0
2024,274,0,P001255   ,1.0,0.0,OLY,16,"PAPANIKOLAOU, KOSTAS",20:00,3,0,1,1,4,0,0,2,3,5,2,0,4,0,1,2,0,-1,-6.0
2024,274,0,P012294   ,0.0,0.0,OLY,20,"SPARTALIS, STEFANOS",DNP,0,0,0,0,0,0,0,0,0,0,0,0,0,0,0,0,0,0,0.0
2024,274,0,P009849   ,0.0,0.0,OLY,22,"DORSEY, TYLER",13:11,4,0,1,0,2,4,6,1,2,3,2,1,1,0,0,2,2,4,-1.0
2024,274,0,P008829   ,0.0,1.0,OLY,25,"PETERS, ALEC",17:59,2,0,4,0,1,2,2,0,0,0,2,1,1,0,1,3,5,0,-4.0
2024,274,0,P007853   ,0.0,0.0,OLY,77,"MCKISSIC, SHAQUIELLE",09:02,2,1,4,0,1,0,0,0,0,0,1,0,0,0,0,1,1,-1,-5.0
2024,274,0,P013380   ,1.0,1.0,OLY,94,"FOURNIER, EVAN",32:24,25,5,9,4,11,3,5,0,2,2,3,1,2,0,1,3,2,14,-1.0
2024,274,0,Team,0.0,0.0,OLY,,Team,,0,0,0,0,0,0,0,3,1,4,0,0,1,0,0,0,0,3,
2024,274,0,Total,,,OLY,,Total,200:00,70,14,32,9,30,15,23,12,22,34,18,7,14,2,3,21,21,67,
2024,275,1,P007870   ,0.0,1.0,PAR,0,"DAVIES, BRANDON",20:08,22,7,8,2,2,2,3,0,2,2,1,3,1,0,1,3,7,28,18.0
2024,275,1,P010781   ,1.0,0.0,PAR,1,"LUNDBERG, IFFE",16:35,5,1,1,0,3,3,4,0,0,0,2,1,1,0,0,0,2,5,4.0
2024,275,1,P013369   ,0.0,1.0,PAR,2,"JONES, CARLIK",25:09,15,5,9,1,3,2,2,0,3,3,9,1,1,0,0,0,2,23,9.0
2024,275,1,P006591   ,1.0,0.0,PAR,3,"NTILIKINA, FRANK",10:49,2,1,2,0,2,0,0,0,1,1,2,0,1,0,1,2,2,0,-3.0
2024,275,1,P011050   ,1.0,0.0,PAR,5,"KOPRIVICA, BALSA",14:04,2,0,3,0,0,2,2,3,3,6,0,0,2,1,2,3,1,0,1.0
2024,275,1,P004761   ,1.0,1.0,PAR,9,"MARINKOVIC, VANJA",27:54,7,0,3,2,3,1,2,1,1,2,1,0,0,1,0,4,3,5,19.0
2024,275,1,P008232   ,0.0,0.0,PAR,11,"POKUSEVSKI, ALEKSEJ",DNP,0,0,0,0,0,0,0,0,0,0,0,0,0,0,0,0,0,0,0.0
2024,275,1,P012720   ,0.0,1.0,PAR,12,"BROWN, STERLING",30:56,8,2,7,1,2,1,1,1,6,7,5,2,0,1,0,4,1,14,15.0
2024,275,1,P006760   ,0.0,1.0,PAR,17,"BONGA, ISAAC",26:57,14,3,5,2,2,2,2,3,3,6,2,1,2,3,0,2,1,21,12.0
2024,275,1,P007736   ,0.0,0.0,PAR,19,"LAKIC, ARIJAN",DNP,0,0,0,0,0,0,0,0,0,0,0,0,0,0,0,0,0,0,0.0
2024,275,1,P011836   ,1.0,0.0,PAR,24,"MIKE, ISIAHA",21:40,7,2,3,1,2,0,0,0,4,4,1,3,3,1,0,4,1,8,0.0
2024,275,1,P011981   ,0.0,0.0,PAR,88,"JONES, TYRIQUE",05:48,3,1,2,0,0,1,2,0,2,2,0,0,0,0,0,1,1,3,-5.0
2024,275,1,Team,0.0,0.0,PAR,,Team,,0,0,0,0,0,0,0,2,0,2,0,0,0,0,0,0,0,2,
2024,275,1,Total,,,PAR,,Total,200:00,85,22,43,9,19,14,18,10,25,35,23,11,11,7,4,23,21,109,
2024,275,0,P008384   ,1.0,1.0,BER,1,"PROCIDA, GABRIELE",24:31,10,1,4,2,3,2,2,0,2,2,1,3,3,0,1,1,2,9,-4.0
2024,275,0,P008173   ,0.0,1.0,BER,3,"SPAGNOLO, MATTEO",15:52,6,1,5,1,1,1,2,1,1,2,3,0,1,0,1,4,2,2,-10.0
2024,275,0,P011934   ,0.0,0.0,BER,5,"WETZELL, YANNI",15:30,12,5,7,0,0,2,5,2,1,3,3,0,1,0,2,4,5,11,8.0
2024,275,0,P008211   ,0.0,0.0,BER,6,"DELOW, MALTE",09:03,0,0,0,0,1,0,0,0,0,0,1,0,1,2,0,2,0,-1,-5.0
2024,275,0,P007025   ,0.0,0.0,BER,9,"MATTISSECK, JONAS",04:33,0,0,0,0,0,0,0,0,1,1,0,0,0,0,0,0,0,1,-4.0
2024,275,0,P006251   ,1.0,1.0,BER,10,"SCHNEIDER, TIM",23:28,4,1,3,0,3,2,5,3,3,6,1,0,2,0,0,1,5,5,-3.0
2024,275,0,P008967   ,0.0,1.0,BER,11,"THOMAS, MATT",25:10,16,1,3,4,5,2,2,0,3,3,0,0,1,0,1,1,2,15,-13.0
2024,275,0,P008780   ,1.0,0.0,BER,15,"HERMANNSSON, MARTIN",25:55,4,2,3,0,3,0,0,1,3,4,13,0,3,0,0,1,1,14,0.0
2024,275,0,P013774   ,0.0,1.0,BER,23,"BAKER II, ROBERT",20:12,8,1,3,2,3,0,0,1,1,2,0,0,1,2,1,0,1,8,-19.0
2024,275,0,P011631   ,0.0,0.0,BER,25,"RAPIEQUE, ELIAS",05:32,0,0,0,0,0,0,0,0,1,1,0,0,1,0,0,1,0,-1,-4.0
2024,275,0,P013386   ,1.0,0.0,BER,33,"McCORMACK, DAVID",13:09,8,3,6,0,0,2,2,1,1,2,0,0,2,0,0,5,3,3,-10.0
2024,275,0,P012721   ,1.0,0.0,BER,34,"BEAN, JUSTIN",17:05,3,1,2,0,1,1,2,0,3,3,2,1,1,0,1,1,2,5,-6.0
2024,275,0,Team,0.0,0.0,BER,,Team,,0,0,0,0,0,0,0,1,1,2,0,0,1,0,0,0,0,1,
2024,275,0,Total,,,BER,,Total,200:00,71,16,36,9,20,12,20,10,21,31,24,4,18,4,7,21,23,72,
2024,276,1,P003733   ,1.0,1.0,MAD,6,"ABALDE, ALBERTO",12:19,3,0,1,1,1,0,0,1,1,2,0,0,0,0,0,3,0,1,0.0
2024,276,1,P005928   ,1.0,1.0,MAD,7,"CAMPAZZO, FACUNDO",22:08,11,3,5,1,3,2,3,0,6,6,6,2,4,0,1,0,4,19,10.0
2024,276,1,P011649   ,0.0,0.0,MAD,9,"GONZALEZ, HUGO",05:53,0,0,1,0,0,0,0,0,1,1,1,0,0,0,0,0,0,1,5.0
2024,276,1,P003108   ,0.0,0.0,MAD,11,"HEZONJA, MARIO",24:43,8,1,3,1,5,3,4,0,2,2,2,0,2,0,1,3,3,2,-4.0
2024,276,1,P006540   ,0.0,1.0,MAD,13,"MUSA, DZANAN",27:53,21,2,5,4,6,5,6,1,4,5,3,2,4,0,0,3,3,21,1.0
2024,276,1,P009005   ,1.0,0.0,MAD,14,"DECK, GABRIEL",13:13,0,0,1,0,0,0,0,0,2,2,0,0,0,0,0,1,0,0,12.0
2024,276,1,P007630   ,1.0,0.0,MAD,16,"GARUBA, USMAN",16:48,11,4,4,1,4,0,2,0,2,2,1,0,1,0,0,4,1,5,11.0
2024,276,1,P013667   ,0.0,0.0,MAD,20,"FERNANDO, BRUNO",14:09,6,3,4,0,0,0,1,1,1,2,1,0,5,1,0,4,3,2,-8.0
2024,276,1,P005791   ,1.0,1.0,MAD,22,"TAVARES, WALTER",20:41,19,8,8,0,0,3,4,5,2,7,1,1,1,2,0,3,2,27,8.0
2024,276,1,PTGB      ,0.0,1.0,MAD,23,"LLULL, SERGIO",23:32,8,1,2,2,4,0,0,1,2,3,4,0,0,0,0,3,3,12,4.0
2024,276,1,P011247   ,0.0,0.0,MAD,24,"FELIZ, ANDRES",18:41,9,2,3,1,2,2,2,1,3,4,1,2,2,0,0,1,1,12,-4.0
2024,276,1,P009213   ,0.0,0.0,MAD,30,"NDIAYE, ELI",DNP,0,0,0,0,0,0,0,0,0,0,0,0,0,0,0,0,0,0,0.0
2024,276,1,Team,0.0,0.0,MAD,,Team,,0,0,0,0,0,0,0,2,3,5,0,0,0,0,0,0,0,5,
2024,276,1,Total,,,MAD,,Total,200:00,96,24,37,11,25,15,22,12,29,41,20,7,19,3,2,25,20,107,
2024,276,0,P006085   ,0.0,0.0,MIL,1,"DIMITRIJEVIC, NENO",10:52,6,2,2,0,3,2,2,0,2,2,1,0,2,0,0,3,1,2,-11.0
2024,276,0,P011064   ,1.0,0.0,MIL,2,"MANNION, NICCOLO",23:35,7,1,1,1,2,2,2,0,0,0,4,0,2,0,0,1,1,8,-4.0
2024,276,0,P001392   ,0.0,0.0,MIL,5,"CAUSEUR, FABIEN",22:08,13,3,4,2,2,1,1,1,3,4,3,0,3,1,0,2,3,18,-2.0
2024,276,0,P006509   ,0.0,1.0,MIL,7,"TONUT, STEFANO",05:33,2,0,0,0,0,2,2,1,1,2,0,0,0,0,0,0,1,5,8.0
2024,276,0,P008985   ,1.0,1.0,MIL,10,"BOLMARO, LEANDRO",19:42,2,1,5,0,2,0,0,0,1,1,2,2,0,0,1,3,1,-2,-13.0
2024,276,0,P013384   ,0.0,0.0,MIL,12,"BROOKS, ARMONI",10:53,9,0,1,3,4,0,0,1,1,2,2,1,1,0,0,1,0,10,6.0
2024,276,0,P008987   ,1.0,0.0,MIL,16,"LEDAY, ZACH",25:22,15,3,4,2,6,3,3,0,1,1,2,4,1,0,1,1,4,18,-10.0
2024,276,0,P001518   ,0.0,0.0,MIL,17,"RICCI, GIAMPAOLO",08:28,0,0,1,0,1,0,0,1,1,2,0,1,1,0,0,1,0,-1,5.0
2024,276,0,P006721   ,0.0,1.0,MIL,30,"CARUSO, GUGLIELMO",12:58,7,3,3,0,0,1,2,2,0,2,2,2,0,0,0,2,1,11,-5.0
2024,276,0,P007831   ,1.0,1.0,MIL,31,"SHIELDS, SHAVON",29:07,13,1,3,2,3,5,6,0,3,3,3,1,1,0,0,1,6,20,-7.0
2024,276,0,P000796   ,1.0,1.0,MIL,33,"MIROTIC, NIKOLA",23:54,14,1,4,2,8,6,8,0,4,4,5,2,2,1,1,2,4,14,-5.0
2024,276,0,P011941   ,0.0,0.0,MIL,55,"GILLESPIE, FREDDIE",07:28,1,0,1,0,0,1,4,0,0,0,0,1,0,0,0,3,3,-2,3.0
2024,276,0,Team,0.0,0.0,MIL,,Team,,0,0,0,0,0,0,0,1,1,2,0,0,0,0,0,0,0,2,
2024,276,0,Total,,,MIL,,Total,200:00,89,15,29,12,31,23,30,7,18,25,24,14,13,2,3,20,25,103,
2024,277,1,P007200   ,0.0,0.0,IST,0,"LARKIN, SHANE",24:10,16,2,4,4,8,0,0,0,1,1,4,1,2,0,0,0,2,16,14.0
2024,277,1,P006590   ,1.0,0.0,IST,1,"BEAUBOIS, RODRIGUE",23:44,18,3,5,4,7,0,0,0,2,2,0,1,1,1,1,3,1,13,11.0
2024,277,1,P013363   ,0.0,0.0,IST,3,"NWORA, JORDAN",04:57,2,1,3,0,0,0,0,2,0,2,0,0,1,1,1,0,0,1,-7.0
2024,277,1,P009846   ,1.0,1.0,IST,6,"BRYANT, ELIJAH",26:19,11,3,6,1,5,2,2,0,6,6,8,0,1,0,0,1,2,18,14.0
2024,277,1,P007109   ,0.0,1.0,IST,11,"SMITS, ROLANDS",23:16,6,3,4,0,1,0,0,2,4,6,0,0,0,0,0,1,4,13,19.0
2024,277,1,P011078   ,1.0,1.0,IST,13,"THOMPSON, DARIUS",23:48,4,2,9,0,1,0,0,1,2,3,3,1,0,2,1,3,2,3,3.0
2024,277,1,P012742   ,0.0,1.0,IST,15,"DOZIER JR, PERRY",17:02,7,2,6,1,1,0,0,0,1,1,2,1,2,0,0,3,0,2,13.0
2024,277,1,P004887   ,1.0,0.0,IST,17,"POIRIER, VINCENT",18:34,10,3,4,0,0,4,4,6,0,6,3,2,1,1,0,0,2,22,12.0
2024,277,1,P012710   ,1.0,0.0,IST,24,"OSMANI, ERCAN",18:09,5,1,2,1,1,0,0,0,3,3,0,1,1,0,0,2,1,6,0.0
2024,277,1,P012788   ,0.0,1.0,IST,25,"OTURU, DAN",15:48,8,4,6,0,0,0,0,5,1,6,0,1,0,2,0,2,1,14,1.0
2024,277,1,P006372   ,0.0,0.0,IST,33,"YILMAZ, ERKAN",DNP,0,0,0,0,0,0,0,0,0,0,0,0,0,0,0,0,0,0,0.0
2024,277,1,P009664   ,0.0,0.0,IST,35,"WILLIS, DEREK",04:13,5,1,1,1,1,0,0,1,0,1,0,0,0,0,0,0,1,7,0.0
2024,277,1,Team,0.0,0.0,IST,,Team,,0,0,0,0,0,0,0,1,3,4,0,0,0,0,0,0,0,4,
2024,277,1,Total,,,IST,,Total,200:00,92,25,50,12,25,6,6,18,23,41,20,8,9,7,3,15,16,119,
2024,277,0,P011948   ,1.0,1.0,BAS,0,"HOWARD, MARKUS",26:21,15,3,5,3,6,0,0,0,4,4,5,0,1,0,2,1,4,19,-6.0
2024,277,0,P008850   ,0.0,0.0,BAS,2,"RAIESTE, SANDER",DNP,0,0,0,0,0,0,0,0,0,0,0,0,0,0,0,0,0,0,0.0
2024,277,0,P010784   ,0.0,0.0,BAS,6,"SAVKOV, PAVEL",DNP,0,0,0,0,0,0,0,0,0,0,0,0,0,0,0,0,0,0,0.0
2024,277,0,P007230   ,1.0,1.0,BAS,8,"SEDEKERSKIS, TADAS",25:07,8,1,2,2,6,0,0,1,4,5,0,2,1,0,0,1,2,10,-5.0
2024,277,0,P012080   ,1.0,1.0,BAS,9,"LUWAWU-CABARROT, TIMOTHE",27:53,9,2,6,1,3,2,2,1,5,6,3,1,1,0,2,1,1,10,-2.0
2024,277,0,P004058   ,0.0,0.0,BAS,10,"JARAMAZ, OGNJEN",19:22,3,0,2,1,2,0,0,0,0,0,3,0,0,0,0,1,1,3,-9.0
2024,277,0,P013367   ,1.0,1.0,BAS,11,"FORREST, TRENT",30:22,17,5,8,2,3,1,1,0,2,2,7,4,5,0,3,3,2,17,-13.0
2024,277,0,P011085   ,0.0,0.0,BAS,17,"ROGKAVOPOULOS, NIKOLAOS",14:24,10,1,1,1,6,5,5,1,1,2,0,0,1,0,0,1,2,7,-12.0
2024,277,0,P008072   ,1.0,0.0,BAS,18,"DIOP, KHALIFA",21:27,10,5,5,0,0,0,0,3,1,4,0,0,1,1,0,3,1,12,-2.0
2024,277,0,P011196   ,0.0,0.0,BAS,45,"HALL, DONTA",11:43,2,0,0,0,0,2,2,0,1,1,0,0,1,1,0,0,1,4,-12.0
2024,277,0,P012201   ,0.0,1.0,BAS,95,"MONEKE, CHIMA",19:18,2,0,0,0,0,2,2,0,2,2,1,0,4,0,0,4,1,-2,-20.0
2024,277,0,P007579   ,0.0,0.0,BAS,99,"SAMANIC, LUKA",04:03,0,0,1,0,0,0,0,0,0,0,0,0,0,1,0,1,0,-1,1.0
2024,277,0,Team,0.0,0.0,BAS,,Team,,0,0,0,0,0,0,0,0,0,0,0,0,0,0,0,0,0,0,
2024,277,0,Total,,,BAS,,Total,200:00,76,17,30,10,26,12,12,6,20,26,19,7,15,3,7,16,15,79,
2024,278,1,P009048   ,1.0,0.0,RED,0,"MILLER-MCINTYRE, CODI",20:35,11,4,7,1,4,0,0,3,3,6,2,1,0,0,0,1,0,13,14.0
2024,278,1,P010588   ,1.0,1.0,RED,1,"BROWN III, JOHN",20:28,6,3,8,0,0,0,0,5,0,5,4,2,1,0,0,2,0,9,11.0
2024,278,1,P010612   ,0.0,0.0,RED,3,"CANAAN, ISAIAH",15:36,9,0,1,3,5,0,0,0,1,1,1,1,1,0,0,0,0,8,13.0
2024,278,1,PJDR      ,0.0,1.0,RED,4,"TEODOSIC, MILOS",15:10,3,0,1,1,2,0,0,0,0,0,6,0,1,0,0,1,1,6,15.0
2024,278,1,P007960   ,0.0,0.0,RED,7,"DAVIDOVAC, DEJAN",17:16,17,6,6,1,2,2,2,1,2,3,0,1,3,0,0,3,4,18,22.0
2024,278,1,PLUO      ,0.0,0.0,RED,10,"LAZIC, BRANKO",05:40,0,0,0,0,0,0,0,0,0,0,0,0,0,0,0,0,0,0,5.0
2024,278,1,P004866   ,1.0,0.0,RED,12,"KALINIC, NIKOLA",17:58,7,2,2,0,0,3,3,1,3,4,3,0,0,0,0,2,2,14,13.0
2024,278,1,P004007   ,1.0,0.0,RED,13,"DOBRIC, OGNJEN",10:59,2,1,2,0,0,0,0,0,1,1,0,1,0,0,0,2,1,2,12.0
2024,278,1,P011194   ,1.0,0.0,RED,30,"PETRUSEV, FILIP",23:25,16,5,8,1,3,3,6,0,4,4,6,1,0,1,0,2,6,24,32.0
2024,278,1,P006436   ,0.0,1.0,RED,31,"GIEDRAITIS, ROKAS",18:02,3,0,3,1,2,0,0,0,6,6,0,0,0,0,1,3,0,1,7.0
2024,278,1,P000848   ,0.0,1.0,RED,36,"NEDOVIC, NEMANJA",15:26,7,1,2,1,3,2,2,0,4,4,1,0,0,0,0,1,3,11,14.0
2024,278,1,P012044   ,0.0,1.0,RED,99,"DOS SANTOS, YAGO",19:25,7,1,4,1,3,2,2,2,2,4,5,0,1,0,0,1,4,13,22.0
2024,278,1,Team,0.0,0.0,RED,,Team,,0,0,0,0,0,0,0,1,3,4,0,0,1,0,0,0,0,3,
2024,278,1,Total,,,RED,,Total,200:00,88,23,44,10,24,12,15,13,29,42,28,7,8,1,1,18,21,122,
2024,278,0,P009549   ,1.0,0.0,VIR,0,"CORDINIER, ISAIA",23:55,4,2,2,0,1,0,0,0,2,2,4,1,3,0,0,3,2,6,-14.0
2024,278,0,P013695   ,0.0,1.0,VIR,1,"HOLIDAY, JUSTIN",18:34,0,0,2,0,1,0,0,2,4,6,1,0,1,1,0,0,0,4,-11.0
2024,278,0,PBCN      ,0.0,0.0,VIR,3,"BELINELLI, MARCO",13:37,1,0,1,0,4,1,2,0,1,1,1,0,2,0,0,2,1,-6,-5.0
2024,278,0,P006739   ,0.0,1.0,VIR,6,"PAJOLA, ALESSANDRO",29:30,3,0,1,1,2,0,0,0,3,3,4,1,1,0,0,3,1,6,-20.0
2024,278,0,P004888   ,1.0,0.0,VIR,8,"CLYBURN, WILL",26:14,12,4,8,0,4,4,5,3,2,5,2,0,2,0,1,0,3,10,-31.0
2024,278,0,P001133   ,1.0,0.0,VIR,21,"SHENGELIA, TORNIKE",25:18,13,5,8,0,1,3,5,0,3,3,3,0,1,0,0,2,6,16,-20.0
2024,278,0,P001844   ,1.0,1.0,VIR,23,"HACKETT, DANIEL",14:35,3,1,1,0,1,1,2,0,0,0,0,0,2,0,0,2,1,-2,-21.0
2024,278,0,P012585   ,0.0,1.0,VIR,30,"MORGAN, MATTHEW",14:49,5,1,2,1,5,0,0,0,0,0,0,1,0,0,0,3,1,-1,-25.0
2024,278,0,P002084   ,0.0,0.0,VIR,33,"POLONARA, ACHILLE",13:21,2,1,2,0,3,0,0,0,3,3,1,1,0,0,0,3,0,0,-9.0
2024,278,0,P004554   ,1.0,0.0,VIR,41,"ZIZIC, ANTE",02:33,1,0,0,0,0,1,2,0,1,1,0,0,1,0,0,0,1,1,-8.0
2024,278,0,P011816   ,0.0,1.0,VIR,45,"AKELE, NICOLA",17:34,8,4,6,0,0,0,0,1,2,3,0,0,1,0,0,3,2,7,-16.0
2024,278,0,Team,0.0,0.0,VIR,,Team,,0,0,0,0,0,0,0,2,1,3,0,0,0,0,0,0,0,3,
2024,278,0,Total,,,VIR,,Total,200:00,52,18,33,2,22,10,16,8,22,30,16,4,14,1,1,21,18,44,
2024,279,1,P013699   ,0.0,1.0,TEL,2,"CLARK III, JIMMY",19:31,8,1,5,2,3,0,0,0,1,1,2,1,2,0,1,3,1,2,3.0
2024,279,1,P004233   ,0.0,0.0,TEL,8,"MENCO, RAFI",13:13,0,0,0,0,3,0,0,0,2,2,0,1,0,0,0,2,0,-2,4.0
2024,279,1,P011219   ,1.0,0.0,TEL,9,"SORKIN, ROMAN",26:59,12,6,13,0,1,0,0,2,2,4,1,1,2,2,1,4,2,7,-17.0
2024,279,1,P011433   ,0.0,0.0,TEL,10,"MAYER, OMER",DNP,0,0,0,0,0,0,0,0,0,0,0,0,0,0,0,0,0,0,0.0
2024,279,1,P013381   ,0.0,0.0,TEL,11,"RAYMAN, WILLIAM",04:55,0,0,1,0,1,0,0,1,2,3,0,0,0,1,0,2,0,0,-7.0
2024,279,1,P007990   ,0.0,1.0,TEL,12,"DIBARTOLOMEO, JOHN",15:26,10,1,1,2,3,2,2,2,1,3,2,0,0,0,0,1,1,14,4.0
2024,279,1,P005145   ,0.0,0.0,TEL,15,"COHEN, JAKE",21:05,15,3,4,1,2,6,6,3,3,6,1,0,1,0,1,2,3,19,16.0
2024,279,1,P013382   ,1.0,1.0,TEL,20,"RANDOLPH, LEVI",29:49,21,5,9,1,2,8,8,0,6,6,1,0,2,0,0,2,6,25,-7.0
2024,279,1,P007519   ,1.0,1.0,TEL,31,"JOKUBAITIS, ROKAS",23:43,4,2,8,0,0,0,0,0,2,2,4,2,2,0,1,2,4,5,-13.0
2024,279,1,P011193   ,1.0,1.0,TEL,45,"BLATT, TAMIR",22:54,11,1,1,3,6,0,0,0,2,2,4,1,1,0,0,2,0,12,-13.0
2024,279,1,P012604   ,1.0,0.0,TEL,50,"WILLIAMS, TREVION",22:25,11,3,10,1,2,2,2,5,2,7,3,2,2,0,1,4,3,11,-5.0
2024,279,1,Team,0.0,0.0,TEL,,Team,,0,0,0,0,0,0,0,3,3,6,0,0,1,0,0,0,0,5,
2024,279,1,Total,,,TEL,,Total,200:00,92,22,52,10,23,18,18,16,26,42,18,8,13,3,5,24,20,98,
2024,279,0,P011209   ,1.0,0.0,PAN,0,"KALAITZAKIS, PANAGIOTIS",14:33,3,1,2,0,0,1,2,0,1,1,2,0,0,0,1,2,1,2,-4.0
2024,279,0,P009622   ,1.0,1.0,PAN,2,"BROWN, LORENZO",21:07,14,4,5,1,4,3,3,0,2,2,2,2,3,0,0,4,4,13,18.0
2024,279,0,P006544   ,0.0,0.0,PAN,6,"MORAITIS, DIMITRIS",DNP,0,0,0,0,0,0,0,0,0,0,0,0,0,0,0,0,0,0,0.0
2024,279,0,P001926   ,0.0,0.0,PAN,10,"SLOUKAS, KOSTAS",18:27,9,2,8,0,3,5,6,1,0,1,2,3,0,1,1,3,5,7,-8.0
2024,279,0,P011442   ,0.0,0.0,PAN,20,"SAMODUROV, ALEXANDROS",05:57,2,0,0,0,0,2,2,0,1,1,0,0,0,1,0,0,1,5,-5.0
2024,279,0,P011204   ,0.0,1.0,PAN,22,"GRANT, JERIAN",27:39,2,1,3,0,2,0,0,0,4,4,3,0,1,0,0,3,0,1,4.0
2024,279,0,PLHK      ,0.0,0.0,PAN,24,"PLEISS, TIBOR",06:27,0,0,0,0,0,0,0,0,0,0,0,0,0,0,0,1,0,-1,-5.0
2024,279,0,P012774   ,1.0,1.0,PAN,25,"NUNN, KENDRICK",38:14,26,2,2,5,10,7,7,0,5,5,8,1,5,1,0,2,5,34,11.0
2024,279,0,P013383   ,1.0,1.0,PAN,32,"GABRIEL, WENYEN",20:55,13,6,8,0,1,1,4,3,0,3,1,2,1,1,1,1,3,14,-4.0
2024,279,0,P012712   ,0.0,1.0,PAN,41,"HERNANGOMEZ, JUANCHO",26:01,18,1,3,4,6,4,6,2,6,8,2,1,0,1,0,0,3,27,6.0
2024,279,0,P007866   ,1.0,0.0,PAN,44,"MITOGLOU, KONSTANTINOS",20:40,12,4,5,1,2,1,1,0,5,5,2,0,0,0,0,4,2,15,22.0
2024,279,0,Team,0.0,0.0,PAN,,Team,,0,0,0,0,0,0,0,2,3,5,0,0,1,0,0,0,0,4,
2024,279,0,Total,,,PAN,,Total,200:00,99,21,36,11,28,24,31,8,27,35,22,9,11,5,3,20,24,121,
2024,280,1,P013371   ,1.0,0.0,ASV,1,"HARRISON, SHAQUILLE",15:14,4,2,3,0,1,0,0,0,1,1,2,3,2,1,1,2,0,4,12.0
2024,280,1,P011225   ,0.0,0.0,ASV,3,"LEE, PARIS",17:20,12,0,0,4,7,0,0,0,1,1,1,3,0,0,0,0,1,15,-1.0
2024,280,1,P007027   ,1.0,1.0,ASV,6,"MALEDON, THEO",28:11,19,4,6,1,4,8,9,0,1,1,6,0,4,0,0,2,6,20,10.0
2024,280,1,P010316   ,0.0,0.0,ASV,8,"AJINCA, MELVIN",10:04,2,1,2,0,1,0,0,0,0,0,0,0,0,0,1,0,0,-1,-11.0
2024,280,1,P000229   ,0.0,0.0,ASV,11,"JACKSON, EDWIN",15:42,3,0,0,1,2,0,0,0,1,1,0,0,1,0,0,2,1,1,8.0
2024,280,1,P002100   ,0.0,1.0,ASV,12,"DE COLO, NANDO",20:52,16,1,4,3,6,5,5,2,1,3,2,1,3,0,0,1,6,18,4.0
2024,280,1,P010545   ,1.0,1.0,ASV,13,"SAKO, NEAL",29:56,11,4,6,0,0,3,3,3,2,5,1,1,1,0,1,3,3,14,2.0
2024,280,1,P013405   ,1.0,1.0,ASV,21,"ROBERSON, ANDRE",28:36,11,3,7,1,3,2,2,3,3,6,1,5,1,0,2,4,1,11,11.0
2024,280,1,P003526   ,1.0,1.0,ASV,23,"LIGHTY, DAVID",24:08,8,1,2,2,3,0,0,1,3,4,2,1,0,0,0,2,1,12,5.0
2024,280,1,P008991   ,0.0,0.0,ASV,28,"BLACK, TARIK",09:57,2,0,1,0,0,2,2,0,0,0,0,0,2,0,0,4,1,-4,5.0
2024,280,1,P013377   ,0.0,0.0,ASV,34,"PAUL, MBIYA",DNP,0,0,0,0,0,0,0,0,0,0,0,0,0,0,0,0,0,0,0.0
2024,280,1,P009818   ,0.0,0.0,ASV,50,"BENTIL, BENJAMIN",DNP,0,0,0,0,0,0,0,0,0,0,0,0,0,0,0,0,0,0,0.0
2024,280,1,Team,0.0,0.0,ASV,,Team,,0,0,0,0,0,0,0,1,1,2,0,0,0,0,0,0,0,2,
2024,280,1,Total,,,ASV,,Total,200:00,88,16,31,12,27,20,21,10,14,24,15,14,14,1,5,20,20,92,
2024,280,0,P013775   ,0.0,0.0,ZAL,2,"WONG, ISAIAH",15:27,5,0,3,1,1,2,2,0,1,1,2,0,1,0,0,1,2,5,-5.0
2024,280,0,P007975   ,1.0,1.0,ZAL,3,"FRANCISCO, SYLVAIN",28:00,19,6,8,1,4,4,7,1,2,3,8,2,5,0,0,1,8,26,-5.0
2024,280,0,P011983   ,1.0,1.0,ZAL,8,"BRAZDEIKIS, IGNAS",29:13,11,5,9,0,2,1,2,4,2,6,1,2,2,0,0,0,3,14,-11.0
2024,280,0,P007513   ,0.0,0.0,ZAL,9,"GIEDRAITIS, DOVYDAS",15:12,2,1,2,0,0,0,0,0,1,1,2,0,1,0,0,1,0,2,-1.0
2024,280,0,P005504   ,0.0,0.0,ZAL,15,"BIRUTIS, LAURYNAS",27:52,18,7,8,0,0,4,5,3,5,8,0,0,5,1,0,3,3,20,1.0
2024,280,0,P011051   ,1.0,1.0,ZAL,18,"SMAILAGIC, ALEN",21:39,7,2,4,1,2,0,0,1,2,3,1,1,1,4,0,4,0,8,-4.0
2024,280,0,P012622   ,0.0,0.0,ZAL,21,"MITCHELL, MATTHEW",DNP,0,0,0,0,0,0,0,0,0,0,0,0,0,0,0,0,0,0,0.0
2024,280,0,P003048   ,0.0,0.0,ZAL,42,"DUNSTON, BRYANT",02:47,0,0,0,0,0,0,0,1,0,1,0,0,1,0,0,1,0,-1,-4.0
2024,280,0,P012715   ,1.0,0.0,ZAL,45,"MANEK, BRADY",04:55,0,0,0,0,2,0,0,1,0,1,0,0,0,0,1,1,0,-3,-8.0
2024,280,0,P002676   ,1.0,0.0,ZAL,51,"BUTKEVICIUS, ARNAS",07:56,3,0,0,1,2,0,0,0,1,1,0,1,0,0,0,2,1,3,-11.0
2024,280,0,P007029   ,0.0,1.0,ZAL,91,"SIRVYDIS, DEIVIDAS",24:12,11,1,3,3,4,0,0,1,4,5,0,1,2,0,0,4,1,9,6.0
2024,280,0,P002329   ,0.0,1.0,ZAL,92,"ULANOVAS, EDGARAS",22:47,3,0,0,1,2,0,0,0,2,2,2,0,1,0,0,2,2,5,-3.0
2024,280,0,Team,0.0,0.0,ZAL,,Team,,0,0,0,0,0,0,0,1,0,1,0,0,1,0,0,0,0,0,
2024,280,0,Total,,,ZAL,,Total,200:00,79,22,37,8,19,11,16,13,20,33,16,7,20,5,1,20,20,88,
2024,281,1,P007982   ,1.0,1.0,OLY,1,"WILLIAMS-GOSS, NIGEL",29:48,9,3,6,0,1,3,4,0,4,4,3,0,3,0,1,4,3,6,-1.0
2024,281,1,P012878   ,0.0,0.0,OLY,2,"WRIGHT, MOSES",09:47,2,1,1,0,0,0,0,3,1,4,1,0,2,0,0,1,1,5,-6.0
2024,281,1,P011965   ,0.0,0.0,OLY,3,"MITROU-LONG, NAZ",DNP,0,0,0,0,0,0,0,0,0,0,0,0,0,0,0,0,0,0,0.0
2024,281,1,P010392   ,0.0,0.0,OLY,5,"LARENTZAKIS, GIANNOULIS",06:31,0,0,1,0,1,0,0,0,2,2,2,0,0,0,0,1,0,1,5.0
2024,281,1,P013389   ,0.0,0.0,OLY,9,"LEE, SABEN",16:23,6,1,2,0,1,4,6,1,0,1,0,0,1,0,0,1,3,4,7.0
2024,281,1,P008811   ,1.0,0.0,OLY,10,"FALL, MOUSTAPHA",12:19,4,2,2,0,0,0,2,2,0,2,0,0,0,1,0,3,2,4,4.0
2024,281,1,P003469   ,1.0,1.0,OLY,14,"VEZENKOV, SASHA",31:21,21,7,11,1,5,4,6,1,5,6,3,3,0,1,0,3,3,24,-5.0
2024,281,1,P001255   ,1.0,0.0,OLY,16,"PAPANIKOLAOU, KOSTAS",22:47,7,1,3,1,2,2,3,2,0,2,1,0,0,0,0,1,1,6,-14.0
2024,281,1,P009849   ,0.0,0.0,OLY,22,"DORSEY, TYLER",DNP,0,0,0,0,0,0,0,0,0,0,0,0,0,0,0,0,0,0,0.0
2024,281,1,P008829   ,0.0,1.0,OLY,25,"PETERS, ALEC",26:33,15,2,3,2,5,5,5,2,2,4,2,0,0,0,0,2,8,23,1.0
2024,281,1,P007853   ,0.0,1.0,OLY,77,"MCKISSIC, SHAQUIELLE",17:25,7,3,5,0,2,1,5,0,4,4,3,0,0,0,0,3,3,6,-1.0
2024,281,1,P013380   ,1.0,1.0,OLY,94,"FOURNIER, EVAN",27:06,6,3,7,0,3,0,2,0,3,3,5,0,3,0,1,2,1,0,-5.0
2024,281,1,Team,0.0,0.0,OLY,,Team,,0,0,0,0,0,0,0,4,3,7,0,0,0,0,0,0,0,7,
2024,281,1,Total,,,OLY,,Total,200:00,77,23,41,4,20,19,33,15,24,39,20,3,9,2,2,21,25,86,
2024,281,0,P011212   ,0.0,1.0,MCO,0,"OKOBO, ELIE",24:44,6,3,6,0,1,0,0,0,0,0,3,2,2,0,0,4,0,1,7.0
2024,281,0,P011231   ,1.0,1.0,MCO,4,"BLOSSOMGAME, JARON",34:47,18,5,6,1,3,5,6,0,5,5,0,0,1,0,0,2,5,21,4.0
2024,281,0,P005844   ,0.0,0.0,MCO,9,"PAPAGIANNIS, GEORGIOS",DNP,0,0,0,0,0,0,0,0,0,0,0,0,0,0,0,0,0,0,0.0
2024,281,0,P004132   ,0.0,0.0,MCO,10,"THEIS, DANIEL",18:29,9,2,3,1,3,2,2,2,4,6,0,0,0,1,0,4,1,10,6.0
2024,281,0,P011226   ,1.0,1.0,MCO,11,"DIALLO, ALPHA",23:15,6,2,7,0,3,2,2,1,2,3,1,1,0,0,1,3,3,2,0.0
2024,281,0,P004790   ,0.0,0.0,MCO,12,"CORNELIE, PETR",DNP,0,0,0,0,0,0,0,0,0,0,0,0,0,0,0,0,0,0,0.0
2024,281,0,P002581   ,0.0,0.0,MCO,14,"JAITEH, MAM",12:25,11,4,5,0,0,3,4,2,3,5,0,0,1,1,0,3,4,15,-1.0
2024,281,0,PLCZ      ,1.0,0.0,MCO,20,"MOTIEJUNAS, DONATAS",08:55,9,1,3,2,2,1,2,0,0,0,0,2,2,0,0,2,2,6,0.0
2024,281,0,P012515   ,0.0,0.0,MCO,22,"TARPEY, TERRY",09:33,5,0,0,1,1,2,2,2,1,3,0,0,0,0,0,4,1,5,6.0
2024,281,0,P008099   ,0.0,1.0,MCO,32,"STRAZEL, MATTHEW",16:51,5,1,2,1,2,0,0,2,0,2,1,1,0,0,0,1,1,7,-1.0
2024,281,0,P001932   ,1.0,0.0,MCO,33,"CALATHES, NICK",18:54,0,0,3,0,1,0,0,0,1,1,4,0,0,0,1,0,0,0,-6.0
2024,281,0,P005985   ,1.0,1.0,MCO,55,"JAMES, MIKE",32:07,11,2,5,1,5,4,4,0,4,4,12,1,0,0,0,2,4,23,0.0
2024,281,0,Team,0.0,0.0,MCO,,Team,,0,0,0,0,0,0,0,0,3,3,0,0,1,0,0,0,0,2,
2024,281,0,Total,,,MCO,,Total,200:00,80,20,40,7,21,19,22,9,23,32,21,7,7,2,2,25,21,92,
2024,282,1,P006085   ,0.0,0.0,MIL,1,"DIMITRIJEVIC, NENO",01:41,0,0,1,0,0,0,0,0,0,0,0,0,1,0,0,1,0,-3,-6.0
2024,282,1,P011064   ,1.0,1.0,MIL,2,"MANNION, NICCOLO",31:13,14,4,5,2,6,0,0,0,2,2,8,1,4,0,0,2,1,15,14.0
2024,282,1,P006509   ,1.0,1.0,MIL,7,"TONUT, STEFANO",25:56,5,1,2,1,1,0,0,2,3,5,2,2,0,0,0,2,0,11,3.0
2024,282,1,P008985   ,0.0,1.0,MIL,10,"BOLMARO, LEANDRO",17:26,6,3,6,0,1,0,0,1,2,3,3,0,1,0,0,1,3,9,-14.0
2024,282,1,P013384   ,0.0,0.0,MIL,12,"BROOKS, ARMONI",10:57,0,0,1,0,2,0,0,0,0,0,0,0,0,0,0,0,0,-3,-15.0
2024,282,1,P008987   ,1.0,0.0,MIL,16,"LEDAY, ZACH",26:15,7,0,1,1,4,4,4,0,6,6,1,0,0,0,0,1,3,12,-22.0
2024,282,1,P001518   ,0.0,0.0,MIL,17,"RICCI, GIAMPAOLO",12:53,3,0,0,1,3,0,0,1,3,4,1,0,1,0,0,3,0,2,-7.0
2024,282,1,P005670   ,0.0,0.0,MIL,21,"FLACCADORI, DIEGO",02:56,0,0,1,0,0,0,0,0,0,0,0,0,0,0,0,0,0,-1,-9.0
2024,282,1,P006721   ,0.0,0.0,MIL,30,"CARUSO, GUGLIELMO",09:12,7,3,3,0,0,1,1,0,1,1,0,0,2,1,0,5,2,4,2.0
2024,282,1,P007831   ,1.0,1.0,MIL,31,"SHIELDS, SHAVON",30:10,18,4,7,1,3,7,7,0,4,4,0,0,1,0,0,2,6,20,0.0
2024,282,1,P000796   ,1.0,1.0,MIL,33,"MIROTIC, NIKOLA",29:48,28,6,10,2,5,10,10,4,5,9,0,1,4,0,0,4,9,32,12.0
2024,282,1,P011941   ,0.0,0.0,MIL,55,"GILLESPIE, FREDDIE",01:33,0,0,0,0,0,0,0,0,0,0,0,0,1,0,0,1,0,-2,-8.0
2024,282,1,Team,0.0,0.0,MIL,,Team,,0,0,0,0,0,0,0,0,1,1,0,0,0,0,0,0,0,1,
2024,282,1,Total,,,MIL,,Total,200:00,88,21,37,8,25,22,22,8,27,35,15,4,15,1,0,22,24,97,
2024,282,0,P009862   ,0.0,1.0,BAR,0,"PUNTER, KEVIN",27:59,25,3,6,4,7,7,7,0,2,2,0,1,3,0,1,1,6,23,7.0
2024,282,0,P012795   ,0.0,0.0,BAR,1,"ANDERSON, JUSTIN",07:53,1,0,2,0,0,1,2,0,2,2,1,0,0,0,0,2,1,0,10.0
2024,282,0,P011666   ,1.0,1.0,BAR,2,"SARR, DAME",17:48,13,3,4,2,2,1,2,0,2,2,3,2,2,0,0,2,2,16,1.0
2024,282,0,P009992   ,0.0,0.0,BAR,8,"BRIZUELA, DARIO",27:01,27,5,8,5,8,2,3,0,1,1,3,0,0,0,0,2,3,25,17.0
2024,282,0,P002939   ,1.0,1.0,BAR,13,"SATORANSKY, TOMAS",23:15,3,1,2,0,2,1,1,1,4,5,3,1,4,0,0,1,1,5,-5.0
2024,282,0,P003196   ,1.0,0.0,BAR,14,"HERNANGOMEZ, WILLY",22:13,3,1,5,0,0,1,2,1,3,4,2,1,3,0,0,5,3,0,-1.0
2024,282,0,P006568   ,0.0,1.0,BAR,19,"FALL, YOUSSOUPHA",15:47,7,3,3,0,0,1,4,4,1,5,0,0,2,0,0,2,2,7,8.0
2024,282,0,P003478   ,1.0,0.0,BAR,21,"ABRINES, ALEX",16:04,0,0,1,0,0,0,0,1,1,2,0,0,0,0,0,3,1,-1,0.0
2024,282,0,P012745   ,1.0,0.0,BAR,22,"PARKER, JABARI",19:33,10,2,5,2,5,0,0,1,1,2,1,2,0,0,0,2,2,9,3.0
2024,282,0,P012885   ,0.0,0.0,BAR,41,"KEITA, SAYON",DNP,0,0,0,0,0,0,0,0,0,0,0,0,0,0,0,0,0,0,0.0
2024,282,0,P007464   ,0.0,1.0,BAR,44,"PARRA, JOEL",22:27,9,3,3,1,5,0,0,1,6,7,3,1,0,0,0,4,0,12,10.0
2024,282,0,P012317   ,0.0,0.0,BAR,45,"VILLAR, RAUL",DNP,0,0,0,0,0,0,0,0,0,0,0,0,0,0,0,0,0,0,0.0
2024,282,0,Team,0.0,0.0,BAR,,Team,,0,0,0,0,0,0,0,1,0,1,0,0,1,0,0,0,0,0,
2024,282,0,Total,,,BAR,,Total,200:00,98,21,39,14,29,14,21,10,23,33,16,8,15,0,1,24,21,96,
2024,283,1,P010391   ,1.0,1.0,MUN,0,"WEILER-BABB, NICK",25:43,7,0,4,2,3,1,2,1,4,5,1,2,0,0,1,2,1,7,10.0
2024,283,1,P011987   ,1.0,0.0,MUN,3,"EDWARDS, CARSEN",26:42,25,6,8,3,6,4,5,0,2,2,0,1,1,0,2,2,5,22,10.0
2024,283,1,P001557   ,0.0,0.0,MUN,5,"GIFFEY, NIELS",22:00,6,0,3,2,2,0,0,1,1,2,2,0,1,0,1,1,1,5,6.0
2024,283,1,P007201   ,1.0,0.0,MUN,7,"VOIGTMANN, JOHANNES",28:06,5,1,1,1,4,0,0,0,1,1,2,0,2,1,0,2,1,3,8.0
2024,283,1,P011224   ,0.0,1.0,MUN,8,"NAPIER, SHABAZZ",16:10,6,0,1,1,3,3,4,0,5,5,6,1,3,0,0,2,4,13,15.0
2024,283,1,P012123   ,0.0,0.0,MUN,10,"KHARCHENKOV, IVAN",DNP,0,0,0,0,0,0,0,0,0,0,0,0,0,0,0,0,0,0,0.0
2024,283,1,P001288   ,1.0,1.0,MUN,11,"LUCIC, VLADIMIR",26:42,11,2,2,1,3,4,5,0,3,3,3,1,0,0,0,2,2,15,11.0
2024,283,1,P004508   ,0.0,1.0,MUN,13,"OBST, ANDREAS",22:15,11,1,1,3,5,0,0,0,3,3,2,2,1,0,0,3,0,12,9.0
2024,283,1,P007929   ,0.0,0.0,MUN,17,"BITIM, ONURALP",DNP,0,0,0,0,0,0,0,0,0,0,0,0,0,0,0,0,0,0,0.0
2024,283,1,P005460   ,1.0,1.0,MUN,20,"HARRIS, ELIAS",19:34,8,2,4,0,0,4,4,2,2,4,0,1,0,0,1,2,2,10,0.0
2024,283,1,P007639   ,0.0,0.0,MUN,22,"BRANKOVIC, DANKO",12:48,10,4,5,0,0,2,2,2,0,2,0,1,1,0,0,4,1,8,6.0
2024,283,1,P012126   ,0.0,0.0,MUN,44,"VOLF, IVAN",DNP,0,0,0,0,0,0,0,0,0,0,0,0,0,0,0,0,0,0,0.0
2024,283,1,Team,0.0,0.0,MUN,,Team,,0,0,0,0,0,0,0,1,2,3,0,0,0,0,0,0,0,3,
2024,283,1,Total,,,MUN,,Total,200:00,89,16,29,13,26,18,22,7,23,30,16,9,9,1,5,20,17,98,
2024,283,0,P007870   ,0.0,0.0,PAR,0,"DAVIES, BRANDON",17:57,4,2,5,0,3,0,0,0,4,4,0,0,0,1,0,2,4,5,-5.0
2024,283,0,P010781   ,0.0,1.0,PAR,1,"LUNDBERG, IFFE",14:30,2,0,1,0,4,2,2,0,2,2,0,0,1,0,0,2,1,-3,-15.0
2024,283,0,P013369   ,1.0,1.0,PAR,2,"JONES, CARLIK",35:10,19,7,10,1,4,2,2,0,1,1,10,1,2,0,0,2,3,24,-13.0
2024,283,0,P011050   ,1.0,0.0,PAR,5,"KOPRIVICA, BALSA",12:36,9,3,4,0,0,3,4,1,4,5,0,0,0,2,0,4,2,12,2.0
2024,283,0,P007632   ,0.0,0.0,PAR,7,"NAKIC, MARIO",DNP,0,0,0,0,0,0,0,0,0,0,0,0,0,0,0,0,0,0,0.0
2024,283,0,P004761   ,1.0,1.0,PAR,9,"MARINKOVIC, VANJA",24:09,7,2,2,1,4,0,0,0,1,1,0,1,1,0,0,2,1,4,-5.0
2024,283,0,P008232   ,0.0,0.0,PAR,11,"POKUSEVSKI, ALEKSEJ",DNP,0,0,0,0,0,0,0,0,0,0,0,0,0,0,0,0,0,0,0.0
2024,283,0,P012720   ,1.0,1.0,PAR,12,"BROWN, STERLING",33:51,13,2,3,3,6,0,0,2,3,5,2,1,2,0,0,2,1,14,-5.0
2024,283,0,P006760   ,0.0,1.0,PAR,17,"BONGA, ISAAC",24:08,8,1,4,2,6,0,0,2,2,4,0,0,2,1,0,1,1,4,-16.0
2024,283,0,P007736   ,0.0,0.0,PAR,19,"LAKIC, ARIJAN",DNP,0,0,0,0,0,0,0,0,0,0,0,0,0,0,0,0,0,0,0.0
2024,283,0,P011836   ,1.0,0.0,PAR,24,"MIKE, ISIAHA",20:31,4,2,3,0,2,0,0,1,2,3,1,1,1,0,0,1,2,6,-3.0
2024,283,0,P011981   ,0.0,0.0,PAR,88,"JONES, TYRIQUE",17:08,8,3,4,0,0,2,3,5,1,6,2,1,0,1,1,1,5,19,-15.0
2024,283,0,Team,0.0,0.0,PAR,,Team,,0,0,0,0,0,0,0,3,1,4,0,0,1,0,0,0,0,3,
2024,283,0,Total,,,PAR,,Total,200:00,74,22,36,7,29,9,11,14,21,35,15,5,10,5,1,17,20,88,
2024,284,1,P007200   ,0.0,1.0,IST,0,"LARKIN, SHANE",27:47,11,2,2,2,7,1,2,2,1,3,4,1,4,0,0,2,4,11,4.0
2024,284,1,P006590   ,1.0,1.0,IST,1,"BEAUBOIS, RODRIGUE",18:07,3,1,2,0,4,1,2,1,0,1,1,0,0,0,0,2,0,-3,5.0
2024,284,1,P013363   ,0.0,0.0,IST,3,"NWORA, JORDAN",05:04,2,1,2,0,1,0,0,1,1,2,0,0,1,0,0,0,0,1,-3.0
2024,284,1,P009846   ,1.0,1.0,IST,6,"BRYANT, ELIJAH",31:02,25,5,8,4,7,3,3,1,1,2,6,3,2,0,0,4,4,28,4.0
2024,284,1,P007109   ,0.0,0.0,IST,11,"SMITS, ROLANDS",19:07,6,0,1,2,4,0,0,0,1,1,1,0,1,1,0,3,3,5,-2.0
2024,284,1,P011078   ,1.0,1.0,IST,13,"THOMPSON, DARIUS",25:23,8,1,3,2,4,0,0,0,0,0,5,0,0,0,0,2,0,7,-2.0
2024,284,1,P012742   ,0.0,0.0,IST,15,"DOZIER JR, PERRY",13:05,3,0,0,1,2,0,0,1,1,2,2,1,1,0,0,1,1,6,0.0
2024,284,1,P004887   ,1.0,0.0,IST,17,"POIRIER, VINCENT",20:39,10,5,7,0,0,0,0,3,1,4,0,1,0,0,0,0,2,15,-7.0
2024,284,1,P012710   ,1.0,0.0,IST,24,"OSMANI, ERCAN",13:31,5,1,2,1,3,0,0,0,2,2,0,1,1,0,0,0,0,4,0.0
2024,284,1,P012788   ,0.0,1.0,IST,25,"OTURU, DAN",19:03,15,7,7,0,0,1,1,2,1,3,1,2,0,1,0,3,2,21,9.0
2024,284,1,P006372   ,0.0,0.0,IST,33,"YILMAZ, ERKAN",00:05,0,0,0,0,0,0,0,0,0,0,0,0,0,0,0,0,0,0,0.0
2024,284,1,P009664   ,0.0,0.0,IST,35,"WILLIS, DEREK",07:07,2,1,1,0,1,0,0,0,1,1,1,0,0,0,0,2,0,1,2.0
2024,284,1,Team,0.0,0.0,IST,,Team,,0,0,0,0,0,0,0,1,4,5,0,0,0,0,0,0,0,5,
2024,284,1,Total,,,IST,,Total,200:00,90,24,35,12,33,6,8,12,14,26,21,9,10,2,0,19,16,101,
2024,284,0,P006835   ,0.0,0.0,TEL,1,"HOARD, JAYLEN",DNP,0,0,0,0,0,0,0,0,0,0,0,0,0,0,0,0,0,0,0.0
2024,284,0,P013699   ,0.0,0.0,TEL,2,"CLARK III, JIMMY",12:28,4,0,2,0,1,4,4,0,2,2,3,0,1,0,0,0,2,7,0.0
2024,284,0,P004233   ,0.0,1.0,TEL,8,"MENCO, RAFI",14:51,6,0,0,2,2,0,0,0,2,2,1,0,1,0,0,3,0,5,-14.0
2024,284,0,P011219   ,1.0,1.0,TEL,9,"SORKIN, ROMAN",37:36,22,6,9,2,2,4,4,2,1,3,3,1,1,0,0,1,3,27,1.0
2024,284,0,P011433   ,0.0,0.0,TEL,10,"MAYER, OMER",00:04,0,0,0,0,0,0,0,0,0,0,0,0,0,0,0,0,0,0,0.0
2024,284,0,P013381   ,1.0,0.0,TEL,11,"RAYMAN, WILLIAM",15:45,6,2,6,0,0,2,4,3,4,7,1,0,1,0,1,5,2,3,2.0
2024,284,0,P007990   ,0.0,1.0,TEL,12,"DIBARTOLOMEO, JOHN",20:19,8,0,0,2,2,2,2,1,1,2,0,3,1,0,0,2,3,13,-5.0
2024,284,0,P005145   ,0.0,0.0,TEL,15,"COHEN, JAKE",18:16,10,2,3,2,2,0,0,1,1,2,1,0,3,0,1,1,0,7,-2.0
2024,284,0,P013382   ,1.0,1.0,TEL,20,"RANDOLPH, LEVI",30:24,10,4,8,0,3,2,2,1,3,4,3,0,2,0,0,2,4,10,8.0
2024,284,0,P007519   ,1.0,1.0,TEL,31,"JOKUBAITIS, ROKAS",25:44,19,5,5,2,2,3,4,0,1,1,2,2,3,0,0,1,5,24,-4.0
2024,284,0,P011193   ,1.0,0.0,TEL,45,"BLATT, TAMIR",24:33,3,0,0,1,5,0,0,0,3,3,6,0,2,0,0,1,0,5,4.0
2024,284,0,Team,0.0,0.0,TEL,,Team,,0,0,0,0,0,0,0,1,1,2,0,0,0,0,0,0,0,2,
2024,284,0,Total,,,TEL,,Total,200:00,88,19,33,11,19,17,20,9,19,28,20,6,15,0,2,16,19,103,
2024,285,1,P005216   ,1.0,0.0,ULK,0,"MCCOLLUM, ERRICK",11:07,0,0,1,0,3,0,0,0,0,0,0,0,0,0,0,0,0,-4,-5.0
2024,285,1,P003091   ,0.0,0.0,ULK,1,"BIRSEN, METECAN",05:19,4,1,2,0,0,2,2,2,1,3,0,0,0,0,0,1,1,6,9.0
2024,285,1,P009863   ,0.0,1.0,ULK,2,"BALDWIN IV, WADE",24:14,11,3,10,1,3,2,2,0,1,1,5,1,1,0,1,2,5,10,17.0
2024,285,1,P002849   ,0.0,1.0,ULK,4,"MELLI, NICOLO",23:12,7,3,5,0,0,1,1,5,4,9,1,0,0,2,0,2,1,16,-3.0
2024,285,1,P002968   ,1.0,0.0,ULK,5,"SANLI, SERTAC",05:36,3,0,0,1,1,0,0,0,1,1,0,0,1,0,0,4,0,-1,3.0
2024,285,1,P008962   ,1.0,0.0,ULK,11,"HAYES-DAVIS, NIGEL",30:04,17,4,9,1,3,6,6,1,6,7,2,0,0,0,0,5,8,22,-1.0
2024,285,1,P006961   ,0.0,1.0,ULK,13,"BIBEROVIC, TARIK",20:18,0,0,1,0,4,0,0,1,3,4,0,0,0,0,0,1,0,-2,11.0
2024,285,1,P011205   ,0.0,1.0,ULK,20,"HALL, DEVON",19:10,10,3,3,0,0,4,4,1,1,2,1,0,2,0,0,3,2,10,4.0
2024,285,1,P010560   ,0.0,1.0,ULK,21,"PIERRE, DYSHAWN",15:30,7,1,1,1,3,2,2,2,6,8,0,0,0,0,0,0,1,14,-2.0
2024,285,1,P004004   ,1.0,0.0,ULK,23,"GUDURIC, MARKO",18:10,10,4,7,0,0,2,2,1,3,4,1,0,1,1,0,4,1,9,-7.0
2024,285,1,P008104   ,0.0,0.0,ULK,32,"ZAGARS, ARTURS",15:52,8,0,1,1,3,5,5,0,1,1,3,0,2,0,0,1,4,10,8.0
2024,285,1,P009783   ,1.0,0.0,ULK,50,"COLSON, BONZIE",11:28,5,1,3,1,3,0,0,1,2,3,0,1,1,0,0,1,0,3,-9.0
2024,285,1,Team,0.0,0.0,ULK,,Team,,0,0,0,0,0,0,0,1,4,5,0,0,0,0,0,0,0,5,
2024,285,1,Total,,,ULK,,Total,200:00,82,20,43,6,23,24,24,15,33,48,13,2,8,3,1,24,23,98,
2024,285,0,P011948   ,0.0,1.0,BAS,0,"HOWARD, MARKUS",19:07,3,0,1,1,6,0,0,0,1,1,0,1,0,0,1,3,0,-5,-2.0
2024,285,0,P008850   ,0.0,0.0,BAS,2,"RAIESTE, SANDER",08:57,0,0,0,0,1,0,0,0,0,0,0,0,1,0,0,2,0,-4,-8.0
2024,285,0,P010784   ,0.0,0.0,BAS,6,"SAVKOV, PAVEL",DNP,0,0,0,0,0,0,0,0,0,0,0,0,0,0,0,0,0,0,0.0
2024,285,0,P007230   ,1.0,1.0,BAS,8,"SEDEKERSKIS, TADAS",29:37,8,2,4,1,2,1,2,0,6,6,1,1,0,0,1,0,2,13,4.0
2024,285,0,P012080   ,0.0,0.0,BAS,9,"LUWAWU-CABARROT, TIMOTHE",19:51,6,3,6,0,3,0,1,0,2,2,2,0,0,0,0,3,1,1,-12.0
2024,285,0,P004058   ,0.0,0.0,BAS,10,"JARAMAZ, OGNJEN",12:22,2,1,2,0,4,0,0,0,1,1,2,0,2,0,0,3,0,-5,-1.0
2024,285,0,P013367   ,1.0,1.0,BAS,11,"FORREST, TRENT",27:38,12,3,7,1,2,3,4,1,3,4,12,0,1,0,0,3,5,23,-4.0
2024,285,0,P011085   ,1.0,1.0,BAS,17,"ROGKAVOPOULOS, NIKOLAOS",20:15,14,1,5,4,8,0,1,1,3,4,1,0,0,0,1,2,2,9,11.0
2024,285,0,P008072   ,0.0,0.0,BAS,18,"DIOP, KHALIFA",06:51,8,4,4,0,0,0,2,0,2,2,0,0,0,0,0,1,2,9,-3.0
2024,285,0,P011196   ,0.0,0.0,BAS,45,"HALL, DONTA",18:53,6,2,3,0,0,2,3,1,2,3,0,0,0,1,0,3,5,10,-7.0
2024,285,0,P012201   ,1.0,1.0,BAS,95,"MONEKE, CHIMA",25:42,12,3,3,0,1,6,8,2,2,4,2,3,0,0,0,3,7,22,-8.0
2024,285,0,P007579   ,1.0,0.0,BAS,99,"SAMANIC, LUKA",10:47,6,3,5,0,0,0,0,1,1,2,1,0,0,0,0,0,0,7,5.0
2024,285,0,Team,0.0,0.0,BAS,,Team,,0,0,0,0,0,0,0,4,1,5,0,0,0,0,0,0,0,5,
2024,285,0,Total,,,BAS,,Total,200:00,77,22,40,7,27,12,21,10,24,34,21,5,4,1,3,23,24,85,
2024,286,1,P008384   ,0.0,0.0,BER,1,"PROCIDA, GABRIELE",13:10,4,1,3,0,4,2,4,1,0,1,0,0,0,0,1,2,2,-4,-21.0
2024,286,1,P008173   ,1.0,0.0,BER,3,"SPAGNOLO, MATTEO",11:24,2,1,4,0,0,0,0,0,0,0,0,0,2,0,1,1,0,-5,-20.0
2024,286,1,P008211   ,0.0,0.0,BER,6,"DELOW, MALTE",17:10,6,2,2,0,3,2,4,0,1,1,3,1,0,0,0,0,3,9,-20.0
2024,286,1,P008062   ,0.0,1.0,BER,7,"MCDOWELL-WHITE, WILL",20:34,2,1,1,0,4,0,0,0,1,1,2,1,1,0,1,0,0,0,-24.0
2024,286,1,P007025   ,0.0,0.0,BER,9,"MATTISSECK, JONAS",07:40,0,0,0,0,1,0,0,0,0,0,0,1,0,0,0,0,1,1,-7.0
2024,286,1,P006251   ,1.0,0.0,BER,10,"SCHNEIDER, TIM",20:03,4,1,5,0,4,2,3,4,1,5,1,2,1,0,1,3,3,1,-26.0
2024,286,1,P008967   ,0.0,1.0,BER,11,"THOMAS, MATT",23:43,11,1,1,3,8,0,0,1,2,3,0,0,3,0,0,0,1,7,-16.0
2024,286,1,P008780   ,1.0,0.0,BER,15,"HERMANNSSON, MARTIN",13:14,8,3,3,0,0,2,2,0,1,1,3,1,1,0,0,0,4,16,-15.0
2024,286,1,P013774   ,1.0,1.0,BER,23,"BAKER II, ROBERT",20:14,8,1,4,2,5,0,0,3,1,4,0,2,0,0,0,3,0,5,-25.0
2024,286,1,P011631   ,0.0,1.0,BER,25,"RAPIEQUE, ELIAS",24:29,9,3,11,0,3,3,3,5,1,6,2,1,0,0,1,3,2,5,-12.0
2024,286,1,P013386   ,0.0,0.0,BER,33,"McCORMACK, DAVID",09:48,4,1,1,0,0,2,2,2,2,4,0,0,1,0,0,2,2,7,-11.0
2024,286,1,P012721   ,1.0,1.0,BER,34,"BEAN, JUSTIN",18:31,6,2,5,0,1,2,3,3,0,3,0,3,2,0,0,2,3,6,-23.0
2024,286,1,Team,0.0,0.0,BER,,Team,,0,0,0,0,0,0,0,2,2,4,0,0,1,0,0,0,0,3,
2024,286,1,Total,,,BER,,Total,200:00,64,17,40,5,33,15,21,21,12,33,11,12,12,0,5,16,21,51,
2024,286,0,P009549   ,1.0,1.0,VIR,0,"CORDINIER, ISAIA",23:22,9,4,4,0,2,1,1,0,2,2,4,1,3,0,0,1,1,11,27.0
2024,286,0,P013695   ,0.0,1.0,VIR,1,"HOLIDAY, JUSTIN",09:59,3,0,0,1,2,0,0,0,3,3,1,0,4,0,0,0,0,2,-1.0
2024,286,0,PBCN      ,0.0,1.0,VIR,3,"BELINELLI, MARCO",20:55,10,2,2,2,5,0,0,1,1,2,2,0,1,0,0,2,0,8,22.0
2024,286,0,P006739   ,1.0,0.0,VIR,6,"PAJOLA, ALESSANDRO",20:26,11,2,2,1,1,4,4,0,2,2,8,2,0,2,0,3,2,24,27.0
2024,286,0,P004888   ,1.0,0.0,VIR,8,"CLYBURN, WILL",18:51,14,2,4,2,5,4,4,0,6,6,4,1,2,0,0,0,2,20,24.0
2024,286,0,P001133   ,1.0,0.0,VIR,21,"SHENGELIA, TORNIKE",23:30,15,6,7,0,0,3,3,1,2,3,5,3,3,1,0,2,7,28,34.0
2024,286,0,P001844   ,0.0,1.0,VIR,23,"HACKETT, DANIEL",14:51,6,3,3,0,1,0,0,0,2,2,5,0,0,0,0,4,1,9,10.0
2024,286,0,P012585   ,0.0,0.0,VIR,30,"MORGAN, MATTHEW",21:22,5,1,1,1,2,0,0,0,5,5,5,0,1,0,0,2,2,13,24.0
2024,286,0,P002084   ,1.0,0.0,VIR,33,"POLONARA, ACHILLE",18:17,16,2,2,4,5,0,0,1,2,3,1,2,0,0,0,1,0,20,27.0
2024,286,0,P004554   ,0.0,1.0,VIR,41,"ZIZIC, ANTE",15:26,13,6,7,0,0,1,2,0,3,3,0,0,1,1,0,3,1,12,3.0
2024,286,0,P011816   ,0.0,0.0,VIR,45,"AKELE, NICOLA",13:01,6,3,3,0,0,0,0,0,4,4,0,0,0,1,0,3,0,8,23.0
2024,286,0,Team,0.0,0.0,VIR,,Team,,0,0,0,0,0,0,0,1,1,2,0,0,0,0,0,0,0,2,
2024,286,0,Total,,,VIR,,Total,200:00,108,31,35,11,23,13,14,4,33,37,35,9,15,5,0,21,16,157,
2024,287,1,P009048   ,1.0,1.0,RED,0,"MILLER-MCINTYRE, CODI",24:07,24,4,8,4,9,4,5,1,0,1,2,1,0,0,1,3,3,17,9.0
2024,287,1,P010588   ,0.0,0.0,RED,1,"BROWN III, JOHN",13:29,8,3,6,0,0,2,2,4,0,4,0,0,0,0,1,0,3,11,3.0
2024,287,1,P010612   ,0.0,0.0,RED,3,"CANAAN, ISAIAH",16:39,5,1,1,1,5,0,0,1,1,2,1,0,0,0,0,2,3,5,-9.0
2024,287,1,PJDR      ,0.0,0.0,RED,4,"TEODOSIC, MILOS",18:01,3,1,2,0,3,1,2,0,3,3,3,0,3,0,0,4,2,-1,-14.0
2024,287,1,P007960   ,1.0,0.0,RED,7,"DAVIDOVAC, DEJAN",07:45,0,0,1,0,2,0,0,2,2,4,0,0,2,0,0,1,0,-2,1.0
2024,287,1,PLUO      ,0.0,0.0,RED,10,"LAZIC, BRANKO",DNP,0,0,0,0,0,0,0,0,0,0,0,0,0,0,0,0,0,0,0.0
2024,287,1,P004866   ,1.0,1.0,RED,12,"KALINIC, NIKOLA",32:28,9,2,6,1,5,2,4,1,6,7,5,1,1,0,0,2,3,12,-2.0
2024,287,1,P004007   ,0.0,0.0,RED,13,"DOBRIC, OGNJEN",05:49,0,0,0,0,2,0,0,0,1,1,1,0,0,0,0,1,0,-1,-2.0
2024,287,1,P011194   ,1.0,1.0,RED,30,"PETRUSEV, FILIP",26:51,8,3,6,0,4,2,2,5,2,7,1,1,1,1,0,2,2,10,-9.0
2024,287,1,P006436   ,0.0,1.0,RED,31,"GIEDRAITIS, ROKAS",27:42,9,3,6,0,3,3,3,4,3,7,0,2,0,0,2,1,2,11,-14.0
2024,287,1,P000848   ,1.0,1.0,RED,36,"NEDOVIC, NEMANJA",21:32,3,0,0,1,4,0,0,1,2,3,1,0,1,0,0,3,2,2,8.0
2024,287,1,P012044   ,0.0,0.0,RED,99,"DOS SANTOS, YAGO",05:37,3,0,0,1,1,0,0,0,1,1,0,0,3,0,0,1,0,0,-1.0
2024,287,1,Team,0.0,0.0,RED,,Team,,0,0,0,0,0,0,0,1,3,4,0,0,1,0,0,0,0,3,
2024,287,1,Total,,,RED,,Total,200:00,72,17,36,8,38,14,18,20,24,44,14,5,12,1,4,20,20,67,
2024,287,0,P003733   ,1.0,1.0,MAD,6,"ABALDE, ALBERTO",14:25,8,0,2,2,2,2,2,2,6,8,2,0,0,0,0,2,1,15,-2.0
2024,287,0,P005928   ,1.0,1.0,MAD,7,"CAMPAZZO, FACUNDO",24:54,11,2,2,1,3,4,5,0,1,1,5,1,3,0,0,2,5,15,4.0
2024,287,0,P011649   ,0.0,0.0,MAD,9,"GONZALEZ, HUGO",06:27,3,0,0,1,1,0,0,1,1,2,0,0,0,0,0,1,0,4,10.0
2024,287,0,P003108   ,0.0,0.0,MAD,11,"HEZONJA, MARIO",20:06,5,1,4,1,6,0,0,0,4,4,0,3,0,0,0,1,1,4,13.0
2024,287,0,P006540   ,0.0,0.0,MAD,13,"MUSA, DZANAN",21:50,4,2,3,0,4,0,2,0,2,2,1,1,2,1,0,1,2,1,-2.0
2024,287,0,P009005   ,1.0,1.0,MAD,14,"DECK, GABRIEL",25:56,4,2,5,0,0,0,0,0,2,2,0,0,2,1,0,1,1,2,-12.0
2024,287,0,P007630   ,1.0,1.0,MAD,16,"GARUBA, USMAN",27:08,9,2,4,1,4,2,2,4,5,9,1,1,0,0,1,1,1,14,14.0
2024,287,0,P013667   ,0.0,0.0,MAD,20,"FERNANDO, BRUNO",02:21,0,0,0,0,0,0,0,0,0,0,0,0,0,0,0,0,0,0,-2.0
2024,287,0,P005791   ,1.0,1.0,MAD,22,"TAVARES, WALTER",22:39,14,6,9,0,0,2,2,3,7,10,0,0,3,2,0,4,3,19,8.0
2024,287,0,PTGB      ,0.0,0.0,MAD,23,"LLULL, SERGIO",18:01,11,3,4,1,4,2,2,0,2,2,5,0,0,0,0,2,3,15,-2.0
2024,287,0,P011247   ,0.0,0.0,MAD,24,"FELIZ, ANDRES",16:13,9,4,6,0,1,1,2,1,0,1,2,0,1,0,0,5,3,5,1.0
2024,287,0,P009213   ,0.0,0.0,MAD,30,"NDIAYE, ELI",DNP,0,0,0,0,0,0,0,0,0,0,0,0,0,0,0,0,0,0,0.0
2024,287,0,Team,0.0,0.0,MAD,,Team,,0,0,0,0,0,0,0,1,0,1,0,0,0,0,0,0,0,1,
2024,287,0,Total,,,MAD,,Total,200:00,78,22,39,7,25,13,17,12,30,42,16,6,11,4,1,20,20,95,
2024,288,1,P011209   ,1.0,0.0,PAN,0,"KALAITZAKIS, PANAGIOTIS",04:41,3,1,1,0,1,1,1,0,0,0,0,1,2,0,0,2,1,0,0.0
2024,288,1,P009622   ,0.0,0.0,PAN,2,"BROWN, LORENZO",10:26,9,2,4,1,3,2,2,1,0,1,0,0,0,0,0,0,3,9,-13.0
2024,288,1,P001926   ,0.0,1.0,PAN,10,"SLOUKAS, KOSTAS",29:44,20,2,4,4,6,4,4,0,3,3,7,1,2,1,0,2,3,27,10.0
2024,288,1,P004088   ,0.0,1.0,PAN,16,"OSMAN, CEDI",23:27,10,0,2,2,4,4,4,0,3,3,1,1,1,1,0,3,3,11,5.0
2024,288,1,P011442   ,0.0,0.0,PAN,20,"SAMODUROV, ALEXANDROS",DNP,0,0,0,0,0,0,0,0,0,0,0,0,0,0,0,0,0,0,0.0
2024,288,1,P011204   ,1.0,1.0,PAN,22,"GRANT, JERIAN",29:06,12,4,7,1,1,1,1,0,0,0,3,0,0,0,0,3,1,10,5.0
2024,288,1,PLHK      ,0.0,0.0,PAN,24,"PLEISS, TIBOR",DNP,0,0,0,0,0,0,0,0,0,0,0,0,0,0,0,0,0,0,0.0
2024,288,1,P012774   ,1.0,1.0,PAN,25,"NUNN, KENDRICK",38:09,22,6,11,2,7,4,5,3,5,8,9,0,2,0,0,3,8,31,-3.0
2024,288,1,P013383   ,1.0,0.0,PAN,32,"GABRIEL, WENYEN",20:10,8,2,3,0,0,4,6,3,3,6,0,0,0,2,0,4,3,12,-14.0
2024,288,1,P012712   ,1.0,1.0,PAN,41,"HERNANGOMEZ, JUANCHO",32:37,10,1,2,2,7,2,2,3,5,8,2,3,0,0,1,1,3,18,-6.0
2024,288,1,P007866   ,0.0,0.0,PAN,44,"MITOGLOU, KONSTANTINOS",08:38,4,2,5,0,1,0,0,1,1,2,0,0,0,0,0,2,0,0,-3.0
2024,288,1,P005353   ,0.0,0.0,PAN,77,"YURTSEVEN, OMER",03:02,0,0,0,0,0,0,0,0,1,1,0,0,0,0,0,0,0,1,4.0
2024,288,1,Team,0.0,0.0,PAN,,Team,,0,0,0,0,0,0,0,1,1,2,0,0,0,0,0,0,0,2,
2024,288,1,Total,,,PAN,,Total,200:00,98,20,39,12,30,22,25,12,22,34,22,6,7,4,1,20,25,121,
2024,288,0,P012608   ,1.0,1.0,PRS,0,"SHORTS, TJ",29:53,20,6,12,1,4,5,6,1,8,9,14,2,4,0,1,3,9,36,9.0
2024,288,0,P012609   ,0.0,0.0,PRS,1,"MALCOLM, COLLIN",10:07,5,1,1,1,2,0,0,1,0,1,4,1,0,0,0,1,0,9,-5.0
2024,288,0,P012640   ,0.0,0.0,PRS,2,"HIFI, NADIR",21:03,13,2,6,3,5,0,0,0,2,2,3,0,4,0,1,4,1,4,-14.0
2024,288,0,P012610   ,1.0,1.0,PRS,3,"WARD, TYSON",29:53,17,2,4,4,6,1,2,0,2,2,0,0,1,0,1,2,2,12,8.0
2024,288,0,P013373   ,0.0,0.0,PRS,4,"CAVALIERE, LEOPOLD",17:19,11,4,6,1,1,0,0,2,2,4,1,0,0,0,0,2,0,12,-1.0
2024,288,0,P005793   ,0.0,0.0,PRS,5,"SY, BANDJA",09:22,3,0,0,1,1,0,0,0,2,2,0,0,0,0,0,4,0,1,-6.0
2024,288,0,P012611   ,1.0,1.0,PRS,7,"HERRERA, SEBASTIAN",21:06,10,0,1,3,6,1,1,0,2,2,0,1,0,0,1,1,0,7,13.0
2024,288,0,P010390   ,1.0,1.0,PRS,13,"HAYES, KEVARRIUS",11:09,6,1,1,0,0,4,4,2,2,4,0,0,2,1,0,4,2,7,9.0
2024,288,0,P012613   ,1.0,0.0,PRS,20,"JANTUNEN, MIKAEL",29:14,14,0,0,3,4,5,6,2,1,3,0,1,0,0,0,3,5,18,8.0
2024,288,0,P007483   ,0.0,0.0,PRS,21,"DOSSOU-YOVO, MATHIS",09:29,0,0,1,0,0,0,0,0,3,3,0,0,0,0,0,1,1,2,1.0
2024,288,0,P004197   ,0.0,1.0,PRS,24,"OUATTARA, YAKUBA",11:25,2,1,2,0,1,0,0,0,0,0,0,0,0,0,0,0,0,0,-7.0
2024,288,0,Team,0.0,0.0,PRS,,Team,,0,0,0,0,0,0,0,1,1,2,0,0,2,0,0,0,0,0,
2024,288,0,Total,,,PRS,,Total,200:00,101,17,34,17,30,16,19,9,25,34,22,5,13,1,4,25,20,108,
2024,289,1,P011212   ,1.0,1.0,MCO,0,"OKOBO, ELIE",29:16,13,2,8,3,3,0,0,0,6,6,6,0,1,1,0,0,1,20,4.0
2024,289,1,P011231   ,1.0,1.0,MCO,4,"BLOSSOMGAME, JARON",29:23,12,3,4,2,2,0,0,1,5,6,1,0,0,0,0,1,1,18,-11.0
2024,289,1,P009754   ,0.0,0.0,MCO,8,"LOYD, JORDAN",07:30,0,0,0,0,1,0,0,0,0,0,0,0,0,0,0,1,1,-1,-11.0
2024,289,1,P004132   ,1.0,0.0,MCO,10,"THEIS, DANIEL",23:34,18,5,11,1,2,5,6,4,3,7,2,0,1,1,0,4,3,18,-4.0
2024,289,1,P011226   ,1.0,1.0,MCO,11,"DIALLO, ALPHA",30:43,16,6,9,1,2,1,3,1,1,2,1,0,0,0,0,3,7,17,3.0
2024,289,1,P004790   ,0.0,0.0,MCO,12,"CORNELIE, PETR",02:47,0,0,0,0,0,0,0,0,0,0,0,0,1,0,0,0,0,-1,-5.0
2024,289,1,P002581   ,0.0,1.0,MCO,14,"JAITEH, MAM",16:26,8,3,7,0,0,2,2,3,3,6,1,0,3,1,1,2,2,8,-8.0
2024,289,1,PLCZ      ,0.0,0.0,MCO,20,"MOTIEJUNAS, DONATAS",DNP,0,0,0,0,0,0,0,0,0,0,0,0,0,0,0,0,0,0,0.0
2024,289,1,P012515   ,0.0,0.0,MCO,22,"TARPEY, TERRY",DNP,0,0,0,0,0,0,0,0,0,0,0,0,0,0,0,0,0,0,0.0
2024,289,1,P008099   ,0.0,0.0,MCO,32,"STRAZEL, MATTHEW",17:15,3,0,1,1,2,0,0,0,0,0,2,0,1,0,0,3,2,1,-13.0
2024,289,1,P001932   ,0.0,0.0,MCO,33,"CALATHES, NICK",09:17,0,0,2,0,1,0,0,1,1,2,1,0,1,0,0,0,0,-1,-15.0
2024,289,1,P005985   ,1.0,1.0,MCO,55,"JAMES, MIKE",33:49,6,1,8,1,6,1,1,0,1,1,6,2,2,0,3,2,2,-2,0.0
2024,289,1,Team,0.0,0.0,MCO,,Team,,0,0,0,0,0,0,0,4,0,4,0,0,0,0,0,0,0,4,
2024,289,1,Total,,,MCO,,Total,200:00,76,20,50,9,19,9,12,14,20,34,20,2,10,3,4,16,19,81,
2024,289,0,P011209   ,0.0,0.0,PAN,0,"KALAITZAKIS, PANAGIOTIS",DNP,0,0,0,0,0,0,0,0,0,0,0,0,0,0,0,0,0,0,0.0
2024,289,0,P009622   ,0.0,1.0,PAN,2,"BROWN, LORENZO",09:24,2,1,2,0,0,0,0,0,1,1,1,1,0,0,0,1,2,5,8.0
2024,289,0,P001926   ,0.0,1.0,PAN,10,"SLOUKAS, KOSTAS",21:17,3,1,4,0,1,1,1,0,0,0,3,0,2,0,1,3,1,-3,0.0
2024,289,0,P004088   ,1.0,0.0,PAN,16,"OSMAN, CEDI",21:48,7,2,3,0,2,3,3,0,1,1,2,0,1,0,1,1,2,6,8.0
2024,289,0,P011442   ,0.0,0.0,PAN,20,"SAMODUROV, ALEXANDROS",DNP,0,0,0,0,0,0,0,0,0,0,0,0,0,0,0,0,0,0,0.0
2024,289,0,P011204   ,1.0,1.0,PAN,22,"GRANT, JERIAN",28:26,14,3,5,2,3,2,3,0,2,2,3,0,0,1,0,2,3,17,6.0
2024,289,0,PLHK      ,0.0,0.0,PAN,24,"PLEISS, TIBOR",01:39,0,0,1,0,0,0,0,0,1,1,0,0,0,1,0,0,0,1,0.0
2024,289,0,P012774   ,1.0,1.0,PAN,25,"NUNN, KENDRICK",39:15,37,9,12,5,5,4,4,0,3,3,5,1,3,0,0,3,6,43,14.0
2024,289,0,P013383   ,1.0,0.0,PAN,32,"GABRIEL, WENYEN",14:06,6,3,3,0,0,0,0,0,1,1,0,1,1,0,0,3,1,5,-4.0
2024,289,0,P012712   ,0.0,1.0,PAN,41,"HERNANGOMEZ, JUANCHO",26:58,4,2,3,0,3,0,0,1,9,10,1,0,1,0,0,1,0,9,7.0
2024,289,0,P007866   ,1.0,0.0,PAN,44,"MITOGLOU, KONSTANTINOS",23:07,7,2,5,1,2,0,0,0,7,7,3,0,0,0,1,2,0,10,17.0
2024,289,0,P005353   ,0.0,0.0,PAN,77,"YURTSEVEN, OMER",14:00,8,4,5,0,0,0,0,2,1,3,0,0,2,2,0,3,1,8,4.0
2024,289,0,Team,0.0,0.0,PAN,,Team,,0,0,0,0,0,0,0,1,1,2,0,0,2,0,0,0,0,0,
2024,289,0,Total,,,PAN,,Total,200:00,88,27,43,8,16,10,11,4,27,31,18,3,12,4,3,19,16,101,
2024,290,1,P009863   ,0.0,1.0,ULK,2,"BALDWIN IV, WADE",22:53,14,3,5,2,5,2,4,1,4,5,1,0,6,0,1,1,5,10,-1.0
2024,290,1,P002849   ,0.0,0.0,ULK,4,"MELLI, NICOLO",13:14,2,1,1,0,1,0,0,1,1,2,2,0,0,0,0,0,0,5,2.0
2024,290,1,P002968   ,1.0,0.0,ULK,5,"SANLI, SERTAC",15:03,8,4,4,0,1,0,0,0,0,0,2,2,1,0,0,2,0,8,-14.0
2024,290,1,P008962   ,1.0,1.0,ULK,11,"HAYES-DAVIS, NIGEL",36:26,20,5,10,2,8,4,4,1,7,8,1,2,1,1,0,2,5,23,-7.0
2024,290,1,P006961   ,1.0,1.0,ULK,13,"BIBEROVIC, TARIK",26:13,8,2,4,1,6,1,2,0,5,5,2,0,1,1,0,3,4,8,-3.0
2024,290,1,P011205   ,0.0,1.0,ULK,20,"HALL, DEVON",26:44,6,3,4,0,2,0,0,2,0,2,2,1,2,0,0,4,1,3,-10.0
2024,290,1,P010560   ,0.0,0.0,ULK,21,"PIERRE, DYSHAWN",DNP,0,0,0,0,0,0,0,0,0,0,0,0,0,0,0,0,0,0,0.0
2024,290,1,P004004   ,1.0,1.0,ULK,23,"GUDURIC, MARKO",16:58,5,1,2,0,2,3,3,0,1,1,4,0,3,0,1,4,1,0,-2.0
2024,290,1,P008104   ,1.0,0.0,ULK,32,"ZAGARS, ARTURS",16:32,5,0,0,1,2,2,2,1,1,2,3,2,2,0,0,2,2,9,-1.0
2024,290,1,P013696   ,0.0,0.0,ULK,44,"BANGO, JILSON",08:31,0,0,0,0,0,0,0,0,3,3,0,1,0,0,0,3,0,1,3.0
2024,290,1,P009783   ,0.0,0.0,ULK,50,"COLSON, BONZIE",13:47,5,0,1,1,1,2,2,1,1,2,1,0,0,0,0,1,1,7,-5.0
2024,290,1,P007182   ,0.0,0.0,ULK,92,"BIRCH, KHEM",03:39,2,1,1,0,0,0,0,1,0,1,0,1,1,0,0,2,0,1,-2.0
2024,290,1,Team,0.0,0.0,ULK,,Team,,0,0,0,0,0,0,0,1,2,3,0,0,0,0,0,0,0,3,
2024,290,1,Total,,,ULK,,Total,200:00,75,20,32,7,28,14,17,9,25,34,18,9,17,2,2,24,19,78,
2024,290,0,P009862   ,0.0,1.0,BAR,0,"PUNTER, KEVIN",29:28,8,3,9,0,3,2,3,0,4,4,2,2,1,0,1,3,6,7,13.0
2024,290,0,P012795   ,1.0,0.0,BAR,1,"ANDERSON, JUSTIN",15:51,2,1,3,0,0,0,0,0,2,2,2,0,0,0,0,1,0,3,-3.0
2024,290,0,P011666   ,1.0,0.0,BAR,2,"SARR, DAME",08:01,0,0,1,0,0,0,0,1,1,2,2,1,0,0,0,0,4,8,-5.0
2024,290,0,P009992   ,0.0,0.0,BAR,8,"BRIZUELA, DARIO",20:03,5,1,2,0,3,3,3,0,0,0,1,0,2,0,0,4,1,-3,4.0
2024,290,0,P002939   ,1.0,1.0,BAR,13,"SATORANSKY, TOMAS",23:03,15,1,3,3,3,4,4,0,1,1,7,0,3,0,0,3,2,17,4.0
2024,290,0,P003196   ,0.0,0.0,BAR,14,"HERNANGOMEZ, WILLY",24:06,10,4,6,0,0,2,6,1,4,5,3,0,3,1,0,1,6,15,14.0
2024,290,0,P006568   ,1.0,0.0,BAR,19,"FALL, YOUSSOUPHA",13:00,4,2,5,0,0,0,0,2,1,3,0,0,1,1,0,4,0,0,-5.0
2024,290,0,P003478   ,0.0,1.0,BAR,21,"ABRINES, ALEX",10:15,0,0,1,0,1,0,0,0,0,0,2,1,0,0,0,1,2,2,-8.0
2024,290,0,P012745   ,1.0,1.0,BAR,22,"PARKER, JABARI",32:12,24,8,13,2,6,2,2,4,4,8,1,3,0,0,0,1,1,27,13.0
2024,290,0,P012885   ,0.0,0.0,BAR,41,"KEITA, SAYON",DNP,0,0,0,0,0,0,0,0,0,0,0,0,0,0,0,0,0,0,0.0
2024,290,0,P007464   ,0.0,1.0,BAR,44,"PARRA, JOEL",24:01,15,7,9,0,2,1,1,5,7,12,1,3,1,0,1,1,2,26,13.0
2024,290,0,P012317   ,0.0,0.0,BAR,45,"VILLAR, RAUL",DNP,0,0,0,0,0,0,0,0,0,0,0,0,0,0,0,0,0,0,0.0
2024,290,0,Team,0.0,0.0,BAR,,Team,,0,0,0,0,0,0,0,2,0,2,0,0,1,0,0,0,0,1,
2024,290,0,Total,,,BAR,,Total,200:00,83,27,52,5,18,14,19,15,24,39,21,10,12,2,2,19,24,103,
2024,291,1,P013775   ,0.0,0.0,ZAL,2,"WONG, ISAIAH",09:28,4,1,4,0,1,2,3,1,1,2,0,0,0,0,1,1,1,0,0.0
2024,291,1,P007975   ,1.0,1.0,ZAL,3,"FRANCISCO, SYLVAIN",25:14,15,5,7,1,9,2,2,1,2,3,3,1,1,1,0,2,5,15,9.0
2024,291,1,P011983   ,1.0,1.0,ZAL,8,"BRAZDEIKIS, IGNAS",31:01,6,2,5,0,6,2,2,1,7,8,5,0,4,1,0,2,1,6,12.0
2024,291,1,P007513   ,0.0,1.0,ZAL,9,"GIEDRAITIS, DOVYDAS",22:51,4,2,2,0,1,0,0,1,2,3,0,2,1,0,0,2,3,8,2.0
2024,291,1,P005504   ,1.0,0.0,ZAL,15,"BIRUTIS, LAURYNAS",16:03,9,3,3,0,0,3,4,1,3,4,0,0,0,1,0,2,3,14,3.0
2024,291,1,P011051   ,1.0,1.0,ZAL,18,"SMAILAGIC, ALEN",22:30,14,4,5,1,1,3,4,0,4,4,1,0,3,1,0,3,4,16,9.0
2024,291,1,P012622   ,0.0,0.0,ZAL,21,"MITCHELL, MATTHEW",06:47,3,0,1,1,1,0,0,1,1,2,1,0,1,0,0,0,1,5,0.0
2024,291,1,P003048   ,0.0,0.0,ZAL,42,"DUNSTON, BRYANT",14:50,4,1,1,0,0,2,2,1,1,2,0,0,0,2,0,3,1,6,0.0
2024,291,1,P012715   ,0.0,0.0,ZAL,45,"MANEK, BRADY",DNP,0,0,0,0,0,0,0,0,0,0,0,0,0,0,0,0,0,0,0.0
2024,291,1,P002676   ,1.0,1.0,ZAL,51,"BUTKEVICIUS, ARNAS",29:27,3,0,1,1,3,0,0,1,1,2,0,1,0,1,0,3,0,1,0.0
2024,291,1,P007029   ,0.0,0.0,ZAL,91,"SIRVYDIS, DEIVIDAS",08:48,6,0,2,1,3,3,4,1,1,2,0,0,1,0,0,2,2,2,-6.0
2024,291,1,P002329   ,0.0,0.0,ZAL,92,"ULANOVAS, EDGARAS",13:01,2,1,3,0,0,0,0,0,1,1,2,0,1,0,0,1,1,2,-9.0
2024,291,1,Team,0.0,0.0,ZAL,,Team,,0,0,0,0,0,0,0,5,1,6,0,0,1,0,0,0,0,5,
2024,291,1,Total,,,ZAL,,Total,200:00,70,19,34,5,25,17,21,14,25,39,12,4,13,7,1,21,22,80,
2024,291,0,P007870   ,0.0,0.0,PAR,0,"DAVIES, BRANDON",23:30,10,1,4,0,1,8,12,1,5,6,0,1,2,0,0,2,9,14,5.0
2024,291,0,P010781   ,0.0,1.0,PAR,1,"LUNDBERG, IFFE",15:25,0,0,2,0,1,0,0,0,0,0,2,0,0,0,1,2,0,-4,-2.0
2024,291,0,P013369   ,1.0,1.0,PAR,2,"JONES, CARLIK",31:42,23,7,13,1,4,6,6,0,2,2,4,1,3,0,2,2,4,18,-4.0
2024,291,0,P006591   ,0.0,0.0,PAR,3,"NTILIKINA, FRANK",DNP,0,0,0,0,0,0,0,0,0,0,0,0,0,0,0,0,0,0,0.0
2024,291,0,P011050   ,1.0,0.0,PAR,5,"KOPRIVICA, BALSA",08:21,0,0,1,0,0,0,0,0,1,1,1,1,0,0,1,2,0,-1,-1.0
2024,291,0,P007632   ,0.0,0.0,PAR,7,"NAKIC, MARIO",09:26,4,2,2,0,1,0,0,0,1,1,1,0,0,0,0,1,1,5,-11.0
2024,291,0,P004761   ,1.0,1.0,PAR,9,"MARINKOVIC, VANJA",26:51,6,1,3,1,2,1,1,0,3,3,1,0,1,0,1,3,1,3,1.0
2024,291,0,P008232   ,0.0,0.0,PAR,11,"POKUSEVSKI, ALEKSEJ",12:37,7,1,1,1,1,2,2,0,1,1,0,0,0,1,0,2,2,9,-3.0
2024,291,0,P012720   ,1.0,1.0,PAR,12,"BROWN, STERLING",32:14,7,2,5,1,4,0,0,1,2,3,3,0,3,0,2,3,1,0,-2.0
2024,291,0,P006760   ,1.0,1.0,PAR,17,"BONGA, ISAAC",22:42,9,2,3,1,3,2,2,2,4,6,2,0,0,0,0,2,2,14,-5.0
2024,291,0,P007736   ,0.0,0.0,PAR,19,"LAKIC, ARIJAN",DNP,0,0,0,0,0,0,0,0,0,0,0,0,0,0,0,0,0,0,0.0
2024,291,0,P011836   ,0.0,0.0,PAR,24,"MIKE, ISIAHA",17:12,0,0,0,0,0,0,0,0,2,2,0,0,0,0,0,3,1,0,2.0
2024,291,0,Team,0.0,0.0,PAR,,Team,,0,0,0,0,0,0,0,2,1,3,0,0,1,0,0,0,0,2,
2024,291,0,Total,,,PAR,,Total,200:00,66,16,34,5,17,19,23,6,22,28,14,3,10,1,7,22,21,60,
2024,292,1,P003733   ,1.0,0.0,MAD,6,"ABALDE, ALBERTO",12:27,0,0,0,0,1,0,0,1,0,1,2,0,1,0,0,0,1,2,-14.0
2024,292,1,P005928   ,1.0,1.0,MAD,7,"CAMPAZZO, FACUNDO",25:36,6,1,3,1,3,1,3,0,2,2,4,1,2,0,0,2,4,7,-8.0
2024,292,1,P011649   ,0.0,0.0,MAD,9,"GONZALEZ, HUGO",DNP,0,0,0,0,0,0,0,0,0,0,0,0,0,0,0,0,0,0,0.0
2024,292,1,P003108   ,0.0,1.0,MAD,11,"HEZONJA, MARIO",32:21,26,4,4,5,9,3,3,0,3,3,1,2,2,0,0,1,4,29,7.0
2024,292,1,P006540   ,0.0,1.0,MAD,13,"MUSA, DZANAN",29:35,20,5,8,2,5,4,5,0,3,3,6,1,2,0,0,2,3,22,12.0
2024,292,1,P009005   ,1.0,0.0,MAD,14,"DECK, GABRIEL",14:30,8,1,1,2,3,0,0,0,0,0,2,0,1,0,0,1,0,7,-11.0
2024,292,1,P007630   ,1.0,1.0,MAD,16,"GARUBA, USMAN",08:16,4,2,2,0,3,0,0,0,1,1,1,0,1,0,0,3,0,-1,-10.0
2024,292,1,P003583   ,0.0,0.0,MAD,18,"IBAKA, SERGE",16:02,11,4,7,0,0,3,4,4,1,5,1,0,0,2,1,1,2,15,20.0
2024,292,1,P005791   ,1.0,0.0,MAD,22,"TAVARES, WALTER",23:21,15,5,7,0,0,5,6,5,4,9,1,1,1,0,0,1,5,26,-15.0
2024,292,1,PTGB      ,0.0,0.0,MAD,23,"LLULL, SERGIO",17:26,0,0,2,0,4,0,0,1,2,3,5,0,0,0,0,2,0,0,16.0
2024,292,1,P011247   ,0.0,1.0,MAD,24,"FELIZ, ANDRES",20:26,15,5,6,1,3,2,2,0,0,0,1,2,0,0,0,3,4,16,8.0
2024,292,1,P009213   ,0.0,0.0,MAD,30,"NDIAYE, ELI",DNP,0,0,0,0,0,0,0,0,0,0,0,0,0,0,0,0,0,0,0.0
2024,292,1,Team,0.0,0.0,MAD,,Team,,0,0,0,0,0,0,0,0,4,4,0,0,0,0,0,0,0,4,
2024,292,1,Total,,,MAD,,Total,200:00,105,27,40,11,31,18,23,11,20,31,24,7,10,2,1,16,23,127,
2024,292,0,P012608   ,1.0,0.0,PRS,0,"SHORTS, TJ",28:22,24,6,10,3,6,3,3,0,1,1,10,2,6,0,0,5,4,23,1.0
2024,292,0,P012609   ,0.0,1.0,PRS,1,"MALCOLM, COLLIN",18:32,8,1,1,2,4,0,0,0,0,0,1,1,1,0,0,0,0,7,6.0
2024,292,0,P012640   ,0.0,1.0,PRS,2,"HIFI, NADIR",21:18,23,4,6,5,9,0,0,1,0,1,3,1,1,0,0,3,3,21,1.0
2024,292,0,P012610   ,1.0,1.0,PRS,3,"WARD, TYSON",24:35,18,4,8,2,4,4,5,2,8,10,1,0,2,0,0,4,5,21,1.0
2024,292,0,P013373   ,0.0,0.0,PRS,4,"CAVALIERE, LEOPOLD",11:09,7,1,1,1,1,2,2,1,3,4,0,2,3,0,0,1,1,10,-6.0
2024,292,0,P005793   ,0.0,1.0,PRS,5,"SY, BANDJA",17:14,5,1,4,1,4,0,0,1,1,2,1,1,1,0,2,1,0,-1,3.0
2024,292,0,P012611   ,1.0,1.0,PRS,7,"HERRERA, SEBASTIAN",18:36,3,0,1,1,2,0,0,0,3,3,0,0,0,0,0,2,0,2,4.0
2024,292,0,P010390   ,1.0,0.0,PRS,13,"HAYES, KEVARRIUS",19:52,0,0,1,0,0,0,0,2,1,3,0,1,1,1,0,4,1,0,-8.0
2024,292,0,P012613   ,1.0,0.0,PRS,20,"JANTUNEN, MIKAEL",28:38,13,2,2,3,3,0,0,1,3,4,0,0,1,0,0,5,2,13,1.0
2024,292,0,P007483   ,0.0,0.0,PRS,21,"DOSSOU-YOVO, MATHIS",DNP,0,0,0,0,0,0,0,0,0,0,0,0,0,0,0,0,0,0,0.0
2024,292,0,P004197   ,0.0,0.0,PRS,24,"OUATTARA, YAKUBA",11:44,3,0,0,1,1,0,0,0,1,1,0,0,1,0,0,0,0,3,-8.0
2024,292,0,Team,0.0,0.0,PRS,,Team,,0,0,0,0,0,0,0,1,3,4,0,0,0,0,0,0,0,4,
2024,292,0,Total,,,PRS,,Total,200:00,104,19,34,19,34,9,10,9,24,33,16,8,17,1,2,25,16,103,
2024,293,1,P006835   ,0.0,0.0,TEL,1,"HOARD, JAYLEN",DNP,0,0,0,0,0,0,0,0,0,0,0,0,0,0,0,0,0,0,0.0
2024,293,1,P013699   ,1.0,1.0,TEL,2,"CLARK III, JIMMY",23:18,20,5,9,2,4,4,4,0,3,3,2,2,5,0,0,3,2,15,1.0
2024,293,1,P004233   ,0.0,0.0,TEL,8,"MENCO, RAFI",13:53,10,2,3,2,3,0,0,1,0,1,0,0,0,0,0,1,1,9,7.0
2024,293,1,P011219   ,1.0,0.0,TEL,9,"SORKIN, ROMAN",27:02,10,4,9,0,3,2,3,3,5,8,1,0,1,0,0,4,5,10,5.0
2024,293,1,P011433   ,0.0,0.0,TEL,10,"MAYER, OMER",13:10,11,1,1,3,4,0,0,0,1,1,3,1,3,0,0,2,1,11,-2.0
2024,293,1,P013381   ,0.0,0.0,TEL,11,"RAYMAN, WILLIAM",10:17,2,0,0,0,0,2,4,0,0,0,0,0,1,0,0,2,2,-1,-5.0
2024,293,1,P007990   ,0.0,1.0,TEL,12,"DIBARTOLOMEO, JOHN",25:48,4,0,1,1,2,1,1,1,3,4,2,2,0,0,0,2,4,12,17.0
2024,293,1,P005145   ,0.0,0.0,TEL,15,"COHEN, JAKE",09:40,0,0,1,0,0,0,0,0,0,0,0,0,0,0,0,1,0,-2,-12.0
2024,293,1,P013382   ,1.0,1.0,TEL,20,"RANDOLPH, LEVI",31:58,17,5,8,0,0,7,7,1,2,3,3,0,1,0,0,1,6,24,14.0
2024,293,1,P007519   ,1.0,1.0,TEL,31,"JOKUBAITIS, ROKAS",19:22,12,5,6,0,2,2,4,0,3,3,2,0,2,0,0,1,3,12,-3.0
2024,293,1,P012604   ,1.0,1.0,TEL,50,"WILLIAMS, TREVION",25:32,7,3,4,0,0,1,2,2,8,10,2,0,3,1,0,1,2,16,-7.0
2024,293,1,Team,0.0,0.0,TEL,,Team,,0,0,0,0,0,0,0,1,3,4,0,0,0,0,0,0,0,4,
2024,293,1,Total,,,TEL,,Total,200:00,93,25,42,8,18,19,25,9,28,37,15,5,16,1,0,18,26,110,
2024,293,0,P010391   ,1.0,1.0,MUN,0,"WEILER-BABB, NICK",32:42,5,1,2,1,3,0,0,1,2,3,4,1,4,0,0,2,3,7,2.0
2024,293,0,P011987   ,1.0,1.0,MUN,3,"EDWARDS, CARSEN",28:48,33,2,2,9,18,2,2,0,4,4,5,0,2,0,0,2,3,32,1.0
2024,293,0,P001557   ,0.0,0.0,MUN,5,"GIFFEY, NIELS",19:24,9,0,0,2,4,3,3,0,2,2,0,0,2,0,0,5,1,3,-6.0
2024,293,0,P007201   ,1.0,0.0,MUN,7,"VOIGTMANN, JOHANNES",17:55,2,1,2,0,1,0,0,0,3,3,2,1,0,0,0,4,0,2,13.0
2024,293,0,P011224   ,0.0,1.0,MUN,8,"NAPIER, SHABAZZ",19:33,17,3,5,2,2,5,6,0,2,2,3,2,2,0,0,2,4,21,-13.0
2024,293,0,P012123   ,0.0,0.0,MUN,10,"KHARCHENKOV, IVAN",DNP,0,0,0,0,0,0,0,0,0,0,0,0,0,0,0,0,0,0,0.0
2024,293,0,P001288   ,1.0,1.0,MUN,11,"LUCIC, VLADIMIR",25:07,3,1,1,0,3,1,1,0,2,2,0,0,1,0,0,2,3,2,-6.0
2024,293,0,P004508   ,0.0,0.0,MUN,13,"OBST, ANDREAS",19:20,9,0,0,3,7,0,0,0,0,0,0,1,2,0,0,5,1,0,0.0
2024,293,0,P007929   ,0.0,0.0,MUN,17,"BITIM, ONURALP",DNP,0,0,0,0,0,0,0,0,0,0,0,0,0,0,0,0,0,0,0.0
2024,293,0,P005460   ,0.0,1.0,MUN,20,"HARRIS, ELIAS",15:14,4,0,1,0,1,4,4,0,3,3,1,0,0,0,1,3,2,4,5.0
2024,293,0,P007639   ,0.0,0.0,MUN,22,"BRANKOVIC, DANKO",DNP,0,0,0,0,0,0,0,0,0,0,0,0,0,0,0,0,0,0,0.0
2024,293,0,P007056   ,1.0,0.0,MUN,31,"BOOKER, DEVIN",21:57,8,1,6,2,2,0,0,1,2,3,2,1,2,0,0,2,1,6,-11.0
2024,293,0,Team,0.0,0.0,MUN,,Team,,0,0,0,0,0,0,0,0,1,1,0,0,0,0,0,0,0,1,
2024,293,0,Total,,,MUN,,Total,200:00,90,9,19,19,41,15,16,2,21,23,17,6,15,0,1,27,18,78,
2024,294,1,P008384   ,1.0,0.0,BER,1,"PROCIDA, GABRIELE",18:05,12,2,3,1,3,5,7,0,0,0,0,0,0,0,0,2,3,8,0.0
2024,294,1,P011934   ,0.0,1.0,BER,5,"WETZELL, YANNI",21:24,19,9,13,0,1,1,1,1,5,6,1,2,1,0,1,3,5,23,1.0
2024,294,1,P008211   ,1.0,1.0,BER,6,"DELOW, MALTE",18:12,3,0,1,1,5,0,0,0,4,4,1,0,1,0,0,3,0,-1,-13.0
2024,294,1,P008062   ,0.0,0.0,BER,7,"MCDOWELL-WHITE, WILL",15:26,7,2,3,1,6,0,0,0,0,0,10,0,0,0,0,1,0,10,2.0
2024,294,1,P007025   ,0.0,1.0,BER,9,"MATTISSECK, JONAS",08:58,2,1,1,0,1,0,0,0,2,2,0,0,0,0,0,1,2,4,5.0
2024,294,1,P006251   ,1.0,0.0,BER,10,"SCHNEIDER, TIM",16:23,5,1,2,1,3,0,0,3,4,7,0,0,2,0,0,1,1,7,8.0
2024,294,1,P008967   ,0.0,1.0,BER,11,"THOMAS, MATT",21:27,12,3,5,2,4,0,0,2,0,2,2,0,1,0,1,2,1,9,-12.0
2024,294,1,P008780   ,1.0,0.0,BER,15,"HERMANNSSON, MARTIN",24:04,6,3,7,0,1,0,0,1,1,2,10,1,4,0,0,1,0,9,-6.0
2024,294,1,P006919   ,0.0,0.0,BER,19,"OLINDE, LOUIS",17:43,5,1,1,1,2,0,0,1,1,2,2,1,2,1,0,5,1,4,-1.0
2024,294,1,P013774   ,0.0,0.0,BER,23,"BAKER II, ROBERT",10:15,6,0,0,2,2,0,0,0,0,0,1,0,0,0,0,2,0,5,-5.0
2024,294,1,P013386   ,1.0,0.0,BER,33,"McCORMACK, DAVID",12:45,8,2,3,0,0,4,4,0,2,2,0,0,1,0,0,3,2,7,-9.0
2024,294,1,P012721   ,0.0,1.0,BER,34,"BEAN, JUSTIN",15:18,7,2,2,1,1,0,0,3,1,4,0,0,1,1,0,0,3,14,-10.0
2024,294,1,Team,0.0,0.0,BER,,Team,,0,0,0,0,0,0,0,2,0,2,0,0,0,0,0,0,0,2,
2024,294,1,Total,,,BER,,Total,200:00,92,26,41,10,29,10,12,13,20,33,27,4,13,2,2,24,18,101,
2024,294,0,P007982   ,1.0,1.0,OLY,1,"WILLIAMS-GOSS, NIGEL",34:29,22,4,8,2,3,8,9,0,5,5,7,2,1,1,0,4,6,32,17.0
2024,294,0,P012878   ,1.0,0.0,OLY,2,"WRIGHT, MOSES",13:47,8,3,4,0,0,2,2,1,2,3,0,1,2,1,0,3,2,9,-10.0
2024,294,0,P011965   ,0.0,0.0,OLY,3,"MITROU-LONG, NAZ",00:10,0,0,0,0,0,0,0,0,0,0,0,0,0,0,0,0,0,0,-2.0
2024,294,0,P010392   ,0.0,0.0,OLY,5,"LARENTZAKIS, GIANNOULIS",14:42,8,0,0,2,3,2,2,0,2,2,3,1,1,0,0,1,2,13,-18.0
2024,294,0,P013389   ,1.0,1.0,OLY,9,"LEE, SABEN",29:10,4,1,2,0,2,2,2,1,2,3,5,2,1,0,0,2,3,11,14.0
2024,294,0,P011218   ,0.0,0.0,OLY,12,"EVANS, KEENAN",DNP,0,0,0,0,0,0,0,0,0,0,0,0,0,0,0,0,0,0,0.0
2024,294,0,P003469   ,1.0,1.0,OLY,14,"VEZENKOV, SASHA",37:01,18,5,8,2,8,2,2,3,4,7,2,0,2,0,1,1,4,18,10.0
2024,294,0,P001255   ,1.0,1.0,OLY,16,"PAPANIKOLAOU, KOSTAS",29:12,4,1,1,0,4,2,2,1,4,5,5,0,0,0,0,3,2,9,25.0
2024,294,0,P009849   ,0.0,0.0,OLY,22,"DORSEY, TYLER",DNP,0,0,0,0,0,0,0,0,0,0,0,0,0,0,0,0,0,0,0.0
2024,294,0,P008829   ,0.0,1.0,OLY,25,"PETERS, ALEC",24:32,33,2,3,8,9,5,5,0,0,0,1,0,1,0,1,4,4,30,16.0
2024,294,0,P007853   ,0.0,0.0,OLY,77,"MCKISSIC, SHAQUIELLE",16:57,3,1,1,0,1,1,2,1,0,1,3,0,3,0,0,0,1,3,-12.0
2024,294,0,Team,0.0,0.0,OLY,,Team,,0,0,0,0,0,0,0,1,1,2,0,0,1,0,0,0,0,1,
2024,294,0,Total,,,OLY,,Total,200:00,100,17,27,14,30,24,26,8,20,28,26,6,12,2,2,18,24,126,
2024,295,1,P009048   ,1.0,1.0,RED,0,"MILLER-MCINTYRE, CODI",32:43,15,3,5,3,8,0,0,0,3,3,7,1,4,0,0,3,2,14,-4.0
2024,295,1,P010588   ,0.0,0.0,RED,1,"BROWN III, JOHN",16:37,2,1,3,0,0,0,0,2,0,2,0,0,0,0,1,1,1,1,-10.0
2024,295,1,P010612   ,0.0,1.0,RED,3,"CANAAN, ISAIAH",21:28,21,3,4,4,9,3,3,0,0,0,0,0,1,0,0,1,1,14,-3.0
2024,295,1,P007960   ,1.0,0.0,RED,7,"DAVIDOVAC, DEJAN",19:50,5,2,3,0,1,1,1,2,4,6,0,1,0,0,0,1,1,10,14.0
2024,295,1,PLUO      ,0.0,0.0,RED,10,"LAZIC, BRANKO",DNP,0,0,0,0,0,0,0,0,0,0,0,0,0,0,0,0,0,0,0.0
2024,295,1,P004866   ,1.0,1.0,RED,12,"KALINIC, NIKOLA",36:25,15,1,3,4,5,1,2,2,3,5,6,0,2,0,1,4,5,20,-4.0
2024,295,1,P004007   ,1.0,0.0,RED,13,"DOBRIC, OGNJEN",15:26,0,0,1,0,3,0,0,0,2,2,0,0,0,0,0,3,0,-5,0.0
2024,295,1,P011194   ,1.0,1.0,RED,30,"PETRUSEV, FILIP",37:15,23,10,14,0,3,3,4,0,4,4,2,2,3,1,1,3,4,21,-6.0
2024,295,1,P006436   ,0.0,0.0,RED,31,"GIEDRAITIS, ROKAS",26:15,9,1,2,1,4,4,4,2,4,6,1,0,2,1,0,5,3,9,5.0
2024,295,1,P000848   ,0.0,0.0,RED,36,"NEDOVIC, NEMANJA",04:02,0,0,0,0,0,0,0,0,0,0,2,0,0,0,0,1,0,1,-6.0
2024,295,1,P012443   ,0.0,0.0,RED,47,"KOSTIC, ANDREJ",DNP,0,0,0,0,0,0,0,0,0,0,0,0,0,0,0,0,0,0,0.0
2024,295,1,P012044   ,0.0,1.0,RED,99,"DOS SANTOS, YAGO",14:59,6,1,2,1,4,1,2,1,2,3,5,0,2,0,1,1,3,8,9.0
2024,295,1,Team,0.0,0.0,RED,,Team,,0,0,0,0,0,0,0,2,1,3,0,0,0,0,0,0,0,3,
2024,295,1,Total,,,RED,,Total,225:00,96,22,37,13,37,13,16,11,23,34,23,4,14,2,4,23,20,96,
2024,295,0,P007200   ,0.0,1.0,IST,0,"LARKIN, SHANE",21:34,7,0,1,2,5,1,1,0,1,1,3,1,0,0,0,1,1,8,4.0
2024,295,0,P006590   ,1.0,0.0,IST,1,"BEAUBOIS, RODRIGUE",16:48,10,2,3,2,2,0,0,0,1,1,2,1,0,0,1,0,1,13,10.0
2024,295,0,P013363   ,0.0,0.0,IST,3,"NWORA, JORDAN",15:04,7,1,2,1,2,2,2,1,1,2,1,0,1,0,0,0,1,8,-2.0
2024,295,0,P009846   ,1.0,1.0,IST,6,"BRYANT, ELIJAH",37:17,17,5,12,1,5,4,5,0,8,8,1,1,4,1,1,4,5,12,-6.0
2024,295,0,P007109   ,0.0,1.0,IST,11,"SMITS, ROLANDS",25:12,10,3,3,1,3,1,2,1,4,5,1,0,0,0,0,2,3,14,1.0
2024,295,0,P011078   ,1.0,1.0,IST,13,"THOMPSON, DARIUS",28:54,5,1,1,1,5,0,0,0,2,2,6,2,1,0,0,3,1,8,-5.0
2024,295,0,P012742   ,0.0,0.0,IST,15,"DOZIER JR, PERRY",20:38,13,5,8,1,1,0,0,0,4,4,2,2,2,0,0,3,0,13,-8.0
2024,295,0,P004887   ,1.0,1.0,IST,17,"POIRIER, VINCENT",29:44,14,4,5,0,0,6,6,2,1,3,4,1,1,3,0,2,5,26,19.0
2024,295,0,P012710   ,1.0,0.0,IST,24,"OSMANI, ERCAN",22:35,11,3,5,0,1,5,5,2,5,7,2,1,3,0,0,1,4,18,-5.0
2024,295,0,P012788   ,0.0,0.0,IST,25,"OTURU, DAN",07:14,3,1,2,0,0,1,2,2,1,3,0,0,2,0,0,4,1,-1,-3.0
2024,295,0,P006372   ,0.0,0.0,IST,33,"YILMAZ, ERKAN",DNP,0,0,0,0,0,0,0,0,0,0,0,0,0,0,0,0,0,0,0.0
2024,295,0,P009664   ,0.0,0.0,IST,35,"WILLIS, DEREK",DNP,0,0,0,0,0,0,0,0,0,0,0,0,0,0,0,0,0,0,0.0
2024,295,0,Team,0.0,0.0,IST,,Team,,0,0,0,0,0,0,0,1,1,2,0,0,0,0,0,0,0,2,
2024,295,0,Total,,,IST,,Total,225:00,97,25,42,9,24,20,23,9,29,38,22,9,14,4,2,20,22,121,
2024,296,1,P011948   ,1.0,0.0,BAS,0,"HOWARD, MARKUS",24:06,25,4,6,5,9,2,3,0,1,1,3,0,2,0,1,2,3,20,32.0
2024,296,1,P008850   ,0.0,1.0,BAS,2,"RAIESTE, SANDER",18:18,2,1,1,0,1,0,0,1,3,4,2,0,0,0,0,4,0,3,10.0
2024,296,1,P010788   ,0.0,1.0,BAS,4,"QUEREJETA, JOSEBA",03:54,2,1,2,0,0,0,0,0,0,0,2,0,1,0,0,1,1,2,-1.0
2024,296,1,P010784   ,0.0,1.0,BAS,6,"SAVKOV, PAVEL",07:05,8,1,1,2,3,0,1,0,0,0,0,0,0,0,0,1,1,6,-6.0
2024,296,1,P007230   ,1.0,0.0,BAS,8,"SEDEKERSKIS, TADAS",15:40,10,1,1,2,3,2,2,2,3,5,4,0,0,0,0,1,2,19,13.0
2024,296,1,P004058   ,0.0,1.0,BAS,10,"JARAMAZ, OGNJEN",17:30,6,1,3,1,3,1,2,1,1,2,3,1,1,0,0,1,3,8,1.0
2024,296,1,P013367   ,1.0,0.0,BAS,11,"FORREST, TRENT",21:45,13,3,5,2,3,1,1,0,3,3,5,2,1,1,0,1,2,21,31.0
2024,296,1,P011085   ,0.0,0.0,BAS,17,"ROGKAVOPOULOS, NIKOLAOS",19:40,7,2,5,1,4,0,0,2,4,6,4,0,0,0,1,1,1,10,27.0
2024,296,1,P008072   ,1.0,0.0,BAS,18,"DIOP, KHALIFA",13:15,10,5,6,0,0,0,1,0,2,2,0,0,0,3,0,3,3,13,17.0
2024,296,1,P011196   ,0.0,0.0,BAS,45,"HALL, DONTA",22:41,8,4,6,0,0,0,0,3,5,8,0,0,0,0,1,0,1,14,20.0
2024,296,1,P012201   ,1.0,0.0,BAS,95,"MONEKE, CHIMA",19:33,14,2,3,2,4,4,4,1,4,5,2,2,2,0,0,0,2,20,26.0
2024,296,1,P007579   ,0.0,1.0,BAS,99,"SAMANIC, LUKA",16:33,6,1,4,1,2,1,2,3,4,7,1,0,1,1,0,2,1,8,10.0
2024,296,1,Team,0.0,0.0,BAS,,Team,,0,0,0,0,0,0,0,3,1,4,0,0,0,0,0,0,0,4,
2024,296,1,Total,,,BAS,,Total,200:00,111,26,43,16,32,11,16,16,31,47,26,5,8,5,3,17,20,148,
2024,296,0,P013371   ,1.0,1.0,ASV,1,"HARRISON, SHAQUILLE",23:24,7,1,6,1,2,2,2,0,3,3,3,1,1,0,1,3,3,6,-8.0
2024,296,0,P011225   ,0.0,0.0,ASV,3,"LEE, PARIS",13:47,3,0,3,1,5,0,0,0,1,1,0,0,0,0,1,0,1,-3,-22.0
2024,296,0,P007027   ,1.0,0.0,ASV,6,"MALEDON, THEO",22:13,13,2,5,2,4,3,4,1,1,2,4,1,0,0,2,1,3,14,-26.0
2024,296,0,P010316   ,1.0,1.0,ASV,8,"AJINCA, MELVIN",18:21,16,5,6,2,4,0,0,0,4,4,2,0,1,0,0,2,0,16,-14.0
2024,296,0,P000229   ,0.0,1.0,ASV,11,"JACKSON, EDWIN",20:30,4,2,3,0,3,0,0,0,0,0,1,1,0,0,0,2,0,0,-17.0
2024,296,0,P002100   ,0.0,0.0,ASV,12,"DE COLO, NANDO",16:33,10,2,2,2,2,0,0,0,1,1,2,1,3,0,0,1,4,14,-15.0
2024,296,0,P010545   ,1.0,0.0,ASV,13,"SAKO, NEAL",21:42,6,3,4,0,0,0,0,3,0,3,1,0,0,2,0,3,1,9,-26.0
2024,296,0,P013405   ,1.0,0.0,ASV,21,"ROBERSON, ANDRE",23:55,10,3,5,1,6,1,2,3,3,6,2,0,2,0,1,2,1,6,-23.0
2024,296,0,P003526   ,0.0,1.0,ASV,23,"LIGHTY, DAVID",16:05,0,0,1,0,2,0,0,0,0,0,0,0,0,0,0,1,1,-3,-13.0
2024,296,0,P008991   ,0.0,0.0,ASV,28,"BLACK, TARIK",12:08,2,1,3,0,0,0,0,1,2,3,0,0,1,1,0,3,0,0,-18.0
2024,296,0,P012263   ,0.0,1.0,ASV,30,"SISSOKO, YOHANN",11:22,4,0,1,1,1,1,2,0,3,3,1,0,0,0,0,2,3,7,2.0
2024,296,0,Team,0.0,0.0,ASV,,Team,,0,0,0,0,0,0,0,2,0,2,0,0,1,0,0,0,0,1,
2024,296,0,Total,,,ASV,,Total,200:00,75,19,39,10,29,7,10,10,18,28,16,4,9,3,5,20,17,67,
2024,297,1,P009549   ,1.0,0.0,VIR,0,"CORDINIER, ISAIA",21:06,5,0,1,1,3,2,4,0,3,3,2,1,3,0,0,2,3,4,10.0
2024,297,1,P013695   ,0.0,1.0,VIR,1,"HOLIDAY, JUSTIN",03:06,0,0,0,0,0,0,0,0,0,0,0,0,0,0,0,1,0,-1,-2.0
2024,297,1,PBCN      ,0.0,0.0,VIR,3,"BELINELLI, MARCO",18:01,5,2,3,0,3,1,1,0,0,0,2,0,0,0,1,1,0,1,7.0
2024,297,1,P006739   ,1.0,1.0,VIR,6,"PAJOLA, ALESSANDRO",19:52,4,2,2,0,3,0,0,0,2,2,3,1,1,0,0,3,1,4,16.0
2024,297,1,P004888   ,1.0,0.0,VIR,8,"CLYBURN, WILL",23:01,13,3,3,1,4,4,5,1,3,4,0,0,2,0,0,1,5,15,14.0
2024,297,1,P001133   ,0.0,0.0,VIR,21,"SHENGELIA, TORNIKE",19:34,14,4,7,1,3,3,3,0,4,4,3,0,1,1,0,3,5,18,3.0
2024,297,1,P001844   ,0.0,0.0,VIR,23,"HACKETT, DANIEL",17:47,3,0,1,1,2,0,0,1,3,4,2,0,0,0,1,1,1,6,4.0
2024,297,1,P012585   ,0.0,1.0,VIR,30,"MORGAN, MATTHEW",17:25,16,2,4,2,5,6,6,0,2,2,3,1,0,0,1,0,3,19,11.0
2024,297,1,P002084   ,0.0,0.0,VIR,33,"POLONARA, ACHILLE",11:50,5,1,1,1,1,0,0,0,2,2,2,0,0,0,0,3,1,7,0.0
2024,297,1,P013374   ,1.0,1.0,VIR,35,"DIOUF, MOUHAMET",17:56,2,1,3,0,0,0,0,1,2,3,1,1,0,0,1,0,0,4,13.0
2024,297,1,P004554   ,0.0,0.0,VIR,41,"ZIZIC, ANTE",13:53,13,5,7,0,0,3,3,2,1,3,0,0,0,0,0,2,3,15,8.0
2024,297,1,P011816   ,1.0,1.0,VIR,45,"AKELE, NICOLA",16:29,10,2,2,2,2,0,0,0,2,2,0,0,0,0,0,3,0,9,16.0
2024,297,1,Team,0.0,0.0,VIR,,Team,,0,0,0,0,0,0,0,3,4,7,0,0,0,0,0,0,0,7,
2024,297,1,Total,,,VIR,,Total,200:00,90,22,34,9,26,19,22,8,28,36,18,4,7,1,4,20,22,108,
2024,297,0,P011064   ,1.0,0.0,MIL,2,"MANNION, NICCOLO",22:26,2,1,3,0,5,0,0,0,1,1,4,0,2,0,0,2,3,-1,-13.0
2024,297,0,P006701   ,0.0,1.0,MIL,3,"BORTOLANI, GIORDANO",15:16,9,3,4,1,1,0,0,1,0,1,2,0,0,1,0,1,1,12,1.0
2024,297,0,P006509   ,0.0,1.0,MIL,7,"TONUT, STEFANO",22:51,10,2,5,2,3,0,2,0,2,2,1,0,0,0,0,0,2,9,-6.0
2024,297,0,P013384   ,0.0,0.0,MIL,12,"BROOKS, ARMONI",05:48,0,0,2,0,1,0,0,2,0,2,0,0,0,0,0,1,0,-2,-13.0
2024,297,0,P008987   ,0.0,0.0,MIL,16,"LEDAY, ZACH",25:01,19,3,7,2,3,7,7,0,4,4,0,1,4,1,1,4,5,16,-15.0
2024,297,0,P001518   ,1.0,1.0,MIL,17,"RICCI, GIAMPAOLO",25:45,10,1,1,2,2,2,2,0,6,6,0,1,0,0,0,3,3,17,-10.0
2024,297,0,P005670   ,0.0,1.0,MIL,21,"FLACCADORI, DIEGO",20:27,0,0,2,0,2,0,0,0,0,0,2,0,1,0,0,2,0,-5,-14.0
2024,297,0,P013385   ,0.0,0.0,MIL,25,"DIOP, OUSMANE",10:23,3,1,1,0,0,1,2,0,1,1,0,0,2,0,0,5,1,-3,-5.0
2024,297,0,P006721   ,0.0,1.0,MIL,30,"CARUSO, GUGLIELMO",05:37,2,1,1,0,0,0,0,1,0,1,0,0,0,1,0,1,0,3,-7.0
2024,297,0,P007831   ,1.0,0.0,MIL,31,"SHIELDS, SHAVON",16:19,8,3,3,0,1,2,2,0,2,2,2,0,0,0,0,2,2,11,-3.0
2024,297,0,P000796   ,1.0,0.0,MIL,33,"MIROTIC, NIKOLA",22:13,5,1,3,1,4,0,0,1,2,3,1,2,1,0,0,0,2,7,-12.0
2024,297,0,P011941   ,1.0,0.0,MIL,55,"GILLESPIE, FREDDIE",07:54,2,1,2,0,0,0,0,0,0,0,0,0,0,1,0,2,0,0,-3.0
2024,297,0,Team,0.0,0.0,MIL,,Team,,0,0,0,0,0,0,0,0,2,2,0,0,1,0,0,0,0,1,
2024,297,0,Total,,,MIL,,Total,200:00,70,17,34,8,22,12,15,5,20,25,12,4,11,4,1,23,19,65,
2024,298,1,P010391   ,1.0,0.0,MUN,0,"WEILER-BABB, NICK",19:00,7,2,3,1,5,0,0,0,0,0,2,1,3,0,1,1,1,1,-1.0
2024,298,1,P011987   ,1.0,1.0,MUN,3,"EDWARDS, CARSEN",27:27,26,4,7,5,9,3,4,1,0,1,0,1,2,0,1,2,8,23,-19.0
2024,298,1,P001557   ,1.0,0.0,MUN,5,"GIFFEY, NIELS",21:41,9,2,3,1,3,2,2,2,3,5,1,0,0,0,0,5,1,8,2.0
2024,298,1,P007201   ,0.0,0.0,MUN,7,"VOIGTMANN, JOHANNES",17:07,2,1,1,0,1,0,0,1,1,2,2,0,3,0,0,0,0,2,-14.0
2024,298,1,P011224   ,0.0,1.0,MUN,8,"NAPIER, SHABAZZ",23:54,3,1,3,0,1,1,1,2,4,6,4,0,5,0,0,2,2,5,-4.0
2024,298,1,P012123   ,0.0,0.0,MUN,10,"KHARCHENKOV, IVAN",DNP,0,0,0,0,0,0,0,0,0,0,0,0,0,0,0,0,0,0,0.0
2024,298,1,P001288   ,1.0,1.0,MUN,11,"LUCIC, VLADIMIR",23:01,1,0,1,0,2,1,2,1,4,5,3,3,3,0,0,0,2,7,-27.0
2024,298,1,P004508   ,0.0,1.0,MUN,13,"OBST, ANDREAS",19:02,3,0,2,1,7,0,0,1,0,1,1,1,1,0,1,1,0,-5,4.0
2024,298,1,P007929   ,0.0,0.0,MUN,17,"BITIM, ONURALP",03:07,0,0,0,0,0,0,0,0,0,0,0,0,0,0,0,0,0,0,2.0
2024,298,1,P005460   ,0.0,0.0,MUN,20,"HARRIS, ELIAS",05:04,5,1,1,1,1,0,0,1,0,1,0,1,0,0,0,1,0,6,-6.0
2024,298,1,P007639   ,0.0,0.0,MUN,22,"BRANKOVIC, DANKO",12:12,6,2,4,0,1,2,3,2,2,4,1,0,0,1,0,2,3,9,15.0
2024,298,1,P007056   ,1.0,1.0,MUN,31,"BOOKER, DEVIN",28:25,15,3,4,1,3,6,7,2,2,4,3,0,1,0,0,2,5,20,-12.0
2024,298,1,Team,0.0,0.0,MUN,,Team,,0,0,0,0,0,0,0,3,1,4,0,0,0,0,0,0,0,4,
2024,298,1,Total,,,MUN,,Total,200:00,77,16,29,10,33,15,19,16,17,33,17,7,18,1,3,16,22,80,
2024,298,0,P005216   ,1.0,0.0,ULK,0,"MCCOLLUM, ERRICK",24:27,11,1,2,3,7,0,0,0,1,1,1,0,1,0,0,1,1,7,11.0
2024,298,0,P009863   ,0.0,1.0,ULK,2,"BALDWIN IV, WADE",20:08,11,2,2,1,1,4,4,1,2,3,0,2,4,0,0,2,3,13,-3.0
2024,298,0,P002849   ,1.0,0.0,ULK,4,"MELLI, NICOLO",23:14,11,1,1,3,5,0,0,2,6,8,2,2,1,1,0,3,1,19,12.0
2024,298,0,P002969   ,0.0,0.0,ULK,10,"MAHMUTOGLU, MELIH",DNP,0,0,0,0,0,0,0,0,0,0,0,0,0,0,0,0,0,0,0.0
2024,298,0,P008962   ,1.0,0.0,ULK,11,"HAYES-DAVIS, NIGEL",27:51,24,3,5,5,8,3,4,0,4,4,5,3,1,1,0,2,4,32,11.0
2024,298,0,P006961   ,1.0,1.0,ULK,13,"BIBEROVIC, TARIK",25:29,11,4,6,1,2,0,0,0,2,2,2,1,1,0,0,1,2,13,11.0
2024,298,0,P011205   ,0.0,0.0,ULK,20,"HALL, DEVON",16:05,3,0,2,1,3,0,0,0,1,1,0,1,1,0,1,4,1,-4,-3.0
2024,298,0,P010560   ,0.0,1.0,ULK,21,"PIERRE, DYSHAWN",15:04,2,1,3,0,0,0,0,0,2,2,2,0,0,0,0,1,1,4,5.0
2024,298,0,P004004   ,1.0,1.0,ULK,23,"GUDURIC, MARKO",22:51,3,1,2,0,4,1,1,0,1,1,4,3,4,0,0,2,2,2,17.0
2024,298,0,P013696   ,0.0,1.0,ULK,44,"BANGO, JILSON",03:11,0,0,0,0,0,0,0,0,0,0,1,0,1,1,0,1,0,0,-5.0
2024,298,0,P009783   ,0.0,0.0,ULK,50,"COLSON, BONZIE",08:05,7,2,3,1,1,0,0,1,1,2,0,1,2,0,0,2,0,5,-1.0
2024,298,0,P007182   ,0.0,0.0,ULK,92,"BIRCH, KHEM",13:35,6,2,2,0,0,2,2,2,0,2,3,0,1,0,0,3,1,8,5.0
2024,298,0,Team,0.0,0.0,ULK,,Team,,0,0,0,0,0,0,0,3,1,4,0,0,0,0,0,0,0,4,
2024,298,0,Total,,,ULK,,Total,200:00,89,17,28,15,31,10,11,9,21,30,20,13,17,3,1,22,16,103,
2024,299,1,P007982   ,1.0,1.0,OLY,1,"WILLIAMS-GOSS, NIGEL",24:54,2,1,3,0,0,0,0,0,0,0,13,0,1,0,0,3,3,12,9.0
2024,299,1,P012878   ,1.0,0.0,OLY,2,"WRIGHT, MOSES",24:34,18,7,10,0,0,4,5,2,4,6,3,1,1,2,1,1,5,28,8.0
2024,299,1,P011965   ,0.0,0.0,OLY,3,"MITROU-LONG, NAZ",DNP,0,0,0,0,0,0,0,0,0,0,0,0,0,0,0,0,0,0,0.0
2024,299,1,P010392   ,0.0,0.0,OLY,5,"LARENTZAKIS, GIANNOULIS",DNP,0,0,0,0,0,0,0,0,0,0,0,0,0,0,0,0,0,0,0.0
2024,299,1,P013389   ,0.0,0.0,OLY,9,"LEE, SABEN",15:06,2,1,1,0,0,0,2,1,1,2,0,0,1,0,0,4,1,-2,-3.0
2024,299,1,P003469   ,1.0,1.0,OLY,14,"VEZENKOV, SASHA",30:35,21,7,10,1,6,4,4,3,4,7,2,1,1,0,0,1,2,23,2.0
2024,299,1,P001255   ,1.0,0.0,OLY,16,"PAPANIKOLAOU, KOSTAS",22:22,5,1,1,1,3,0,0,1,3,4,4,0,1,0,0,2,0,8,3.0
2024,299,1,P009849   ,1.0,0.0,OLY,22,"DORSEY, TYLER",15:50,2,1,2,0,5,0,0,0,1,1,0,0,1,0,0,1,0,-5,-5.0
2024,299,1,P008829   ,0.0,1.0,OLY,25,"PETERS, ALEC",24:51,17,3,5,3,6,2,2,2,5,7,0,0,0,0,0,1,2,20,2.0
2024,299,1,P007853   ,0.0,1.0,OLY,77,"MCKISSIC, SHAQUIELLE",20:00,5,1,2,1,3,0,1,0,3,3,5,0,2,0,0,1,2,8,6.0
2024,299,1,P013380   ,0.0,1.0,OLY,94,"FOURNIER, EVAN",21:48,27,5,6,5,7,2,7,1,1,2,3,1,1,0,0,2,4,26,8.0
2024,299,1,Team,0.0,0.0,OLY,,Team,,0,0,0,0,0,0,0,3,0,3,0,0,0,0,0,0,0,3,
2024,299,1,Total,,,OLY,,Total,200:00,99,27,40,11,30,12,21,13,22,35,30,3,9,2,1,16,19,121,
2024,299,0,P006835   ,1.0,0.0,TEL,1,"HOARD, JAYLEN",21:09,8,4,7,0,0,0,2,0,3,3,0,1,1,0,0,2,1,5,-2.0
2024,299,0,P013699   ,0.0,0.0,TEL,2,"CLARK III, JIMMY",14:56,11,3,7,1,5,2,2,0,1,1,3,2,1,0,0,0,2,10,6.0
2024,299,0,P004233   ,0.0,0.0,TEL,8,"MENCO, RAFI",04:08,0,0,1,0,1,0,0,0,1,1,1,0,0,0,0,0,0,0,-3.0
2024,299,0,P011219   ,1.0,0.0,TEL,9,"SORKIN, ROMAN",21:36,16,5,6,2,4,0,0,0,0,0,3,0,1,1,0,3,1,14,-10.0
2024,299,0,P013381   ,0.0,0.0,TEL,11,"RAYMAN, WILLIAM",13:20,1,0,1,0,0,1,2,3,2,5,2,0,0,0,0,4,2,4,1.0
2024,299,0,P007990   ,0.0,1.0,TEL,12,"DIBARTOLOMEO, JOHN",18:58,9,0,1,3,3,0,0,1,0,1,0,0,0,0,0,3,4,10,6.0
2024,299,0,P005145   ,0.0,0.0,TEL,15,"COHEN, JAKE",15:46,0,0,0,0,1,0,0,2,2,4,2,0,0,0,0,1,0,4,5.0
2024,299,0,P013382   ,1.0,1.0,TEL,20,"RANDOLPH, LEVI",23:45,9,3,5,1,3,0,0,3,0,3,3,0,2,0,0,2,3,10,-9.0
2024,299,0,P007519   ,1.0,1.0,TEL,31,"JOKUBAITIS, ROKAS",19:50,16,4,7,2,3,2,2,1,2,3,3,1,1,0,1,1,2,18,-10.0
2024,299,0,P011193   ,1.0,1.0,TEL,45,"BLATT, TAMIR",25:04,6,0,0,2,4,0,0,1,1,2,5,0,3,0,0,1,0,7,-12.0
2024,299,0,P012604   ,0.0,1.0,TEL,50,"WILLIAMS, TREVION",21:28,17,6,12,1,4,2,2,3,10,13,0,0,1,0,1,2,1,18,-2.0
2024,299,0,Team,0.0,0.0,TEL,,Team,,0,0,0,0,0,0,0,1,3,4,0,0,1,0,0,0,0,3,
2024,299,0,Total,,,TEL,,Total,200:00,93,25,47,12,28,7,10,15,25,40,22,4,11,1,2,19,16,103,
2024,300,1,P011064   ,1.0,0.0,MIL,2,"MANNION, NICCOLO",17:29,8,1,4,1,2,3,3,0,0,0,7,1,0,0,1,0,1,12,17.0
2024,300,1,P006701   ,0.0,0.0,MIL,3,"BORTOLANI, GIORDANO",08:24,2,1,3,0,1,0,0,1,0,1,1,0,0,0,0,1,1,1,0.0
2024,300,1,P006509   ,1.0,0.0,MIL,7,"TONUT, STEFANO",26:50,0,0,2,0,1,0,0,0,0,0,6,1,0,0,1,0,3,6,14.0
2024,300,1,P013384   ,0.0,1.0,MIL,12,"BROOKS, ARMONI",24:20,18,2,4,4,6,2,2,0,3,3,4,1,2,0,0,1,1,20,6.0
2024,300,1,P008987   ,1.0,0.0,MIL,16,"LEDAY, ZACH",28:42,32,6,10,6,10,2,3,0,5,5,2,0,0,0,0,1,2,31,14.0
2024,300,1,P001518   ,1.0,0.0,MIL,17,"RICCI, GIAMPAOLO",23:33,7,2,3,1,2,0,0,2,1,3,2,0,0,1,0,4,0,7,31.0
2024,300,1,P012113   ,0.0,1.0,MIL,20,"LONATI, ACHILLE",02:26,0,0,2,0,1,0,0,0,0,0,1,0,0,0,1,0,0,-3,-3.0
2024,300,1,P005670   ,0.0,1.0,MIL,21,"FLACCADORI, DIEGO",22:37,6,0,3,2,3,0,0,0,2,2,3,1,0,0,0,3,1,6,5.0
2024,300,1,P013385   ,0.0,0.0,MIL,25,"DIOP, OUSMANE",14:23,11,5,7,0,0,1,2,4,3,7,2,1,1,0,0,3,1,15,9.0
2024,300,1,P006721   ,0.0,1.0,MIL,30,"CARUSO, GUGLIELMO",04:35,4,2,2,0,0,0,0,2,0,2,1,0,0,0,0,1,0,6,-3.0
2024,300,1,P000796   ,1.0,0.0,MIL,33,"MIROTIC, NIKOLA",24:15,23,5,8,3,4,4,4,3,7,10,3,2,0,1,0,1,6,40,23.0
2024,300,1,P011941   ,0.0,1.0,MIL,55,"GILLESPIE, FREDDIE",02:26,0,0,0,0,0,0,0,1,0,1,0,0,0,0,0,1,0,0,-3.0
2024,300,1,Team,0.0,0.0,MIL,,Team,,0,0,0,0,0,0,0,2,0,2,0,0,0,0,0,0,0,2,
2024,300,1,Total,,,MIL,,Total,200:00,111,24,48,17,30,12,14,15,21,36,32,7,3,2,3,16,16,143,
2024,300,0,P011948   ,1.0,0.0,BAS,0,"HOWARD, MARKUS",15:05,8,1,2,2,6,0,0,0,1,1,0,0,0,0,0,0,0,4,-7.0
2024,300,0,P008850   ,0.0,1.0,BAS,2,"RAIESTE, SANDER",20:09,7,1,1,1,2,2,3,0,3,3,2,0,2,0,0,2,2,8,-10.0
2024,300,0,P010784   ,0.0,0.0,BAS,6,"SAVKOV, PAVEL",04:31,0,0,0,0,0,0,0,0,0,0,0,0,1,0,0,1,0,-2,-6.0
2024,300,0,P007230   ,1.0,1.0,BAS,8,"SEDEKERSKIS, TADAS",24:27,5,1,4,0,1,3,4,2,3,5,0,0,0,1,1,1,2,6,-21.0
2024,300,0,P012080   ,0.0,1.0,BAS,9,"LUWAWU-CABARROT, TIMOTHE",17:36,8,2,4,1,3,1,1,0,2,2,3,0,4,0,0,1,2,6,-7.0
2024,300,0,P004058   ,0.0,0.0,BAS,10,"JARAMAZ, OGNJEN",09:32,0,0,3,0,2,0,0,0,1,1,1,0,0,0,0,0,0,-3,-12.0
2024,300,0,P013367   ,1.0,0.0,BAS,11,"FORREST, TRENT",18:57,7,1,5,1,2,2,2,0,2,2,5,0,1,1,0,2,3,10,-4.0
2024,300,0,P011085   ,0.0,1.0,BAS,17,"ROGKAVOPOULOS, NIKOLAOS",23:23,10,2,3,2,5,0,0,2,2,4,2,3,1,0,0,1,1,14,-8.0
2024,300,0,P008072   ,1.0,0.0,BAS,18,"DIOP, KHALIFA",09:14,8,4,5,0,0,0,2,3,0,3,0,0,2,0,0,5,2,3,1.0
2024,300,0,P011196   ,0.0,0.0,BAS,45,"HALL, DONTA",18:16,10,5,6,0,0,0,0,1,0,1,1,0,1,0,0,1,0,9,-13.0
2024,300,0,P012201   ,1.0,0.0,BAS,95,"MONEKE, CHIMA",16:00,9,1,2,2,2,1,1,2,2,4,3,0,1,0,0,1,2,15,-14.0
2024,300,0,P007579   ,0.0,1.0,BAS,99,"SAMANIC, LUKA",22:50,17,5,8,2,3,1,1,3,4,7,1,0,1,1,1,1,2,21,-9.0
2024,300,0,Team,0.0,0.0,BAS,,Team,,0,0,0,0,0,0,0,2,3,5,0,0,1,0,0,0,0,4,
2024,300,0,Total,,,BAS,,Total,200:00,89,23,43,11,26,10,14,15,23,38,18,3,15,3,2,16,16,95,
2024,301,1,P007870   ,1.0,0.0,PAR,0,"DAVIES, BRANDON",19:59,22,3,4,4,7,4,6,0,2,2,2,1,0,1,0,5,5,22,10.0
2024,301,1,P010781   ,0.0,0.0,PAR,1,"LUNDBERG, IFFE",DNP,0,0,0,0,0,0,0,0,0,0,0,0,0,0,0,0,0,0,0.0
2024,301,1,P013369   ,1.0,0.0,PAR,2,"JONES, CARLIK",27:15,15,4,9,1,4,4,4,0,5,5,6,0,4,0,0,2,4,16,0.0
2024,301,1,P006591   ,0.0,0.0,PAR,3,"NTILIKINA, FRANK",13:36,3,1,4,0,3,1,2,1,0,1,3,0,1,0,0,1,3,1,-2.0
2024,301,1,P013370   ,0.0,0.0,PAR,4,"WASHINGTON, DUANE",DNP,0,0,0,0,0,0,0,0,0,0,0,0,0,0,0,0,0,0,0.0
2024,301,1,P011050   ,0.0,1.0,PAR,5,"KOPRIVICA, BALSA",10:30,5,2,2,0,0,1,1,0,0,0,1,1,0,1,0,2,1,7,-5.0
2024,301,1,P004761   ,1.0,1.0,PAR,9,"MARINKOVIC, VANJA",36:24,9,3,7,1,5,0,0,1,5,6,2,0,0,0,2,1,0,6,4.0
2024,301,1,P008232   ,0.0,0.0,PAR,11,"POKUSEVSKI, ALEKSEJ",21:52,12,3,5,2,2,0,0,1,2,3,2,1,0,0,0,5,0,11,1.0
2024,301,1,P012720   ,0.0,1.0,PAR,12,"BROWN, STERLING",24:25,9,3,6,1,1,0,0,1,2,3,3,1,2,1,1,3,1,9,7.0
2024,301,1,P006760   ,1.0,1.0,PAR,17,"BONGA, ISAAC",28:30,14,3,5,2,4,2,2,5,6,11,0,1,1,0,0,4,3,20,-11.0
2024,301,1,P007736   ,1.0,1.0,PAR,19,"LAKIC, ARIJAN",15:21,0,0,0,0,0,0,0,0,0,0,0,0,0,0,0,1,3,2,-11.0
2024,301,1,P011836   ,0.0,0.0,PAR,24,"MIKE, ISIAHA",02:08,0,0,1,0,0,0,0,0,0,0,0,0,0,0,0,1,0,-2,-3.0
2024,301,1,Team,0.0,0.0,PAR,,Team,,0,0,0,0,0,0,0,1,1,2,0,0,1,0,0,0,0,1,
2024,301,1,Total,,,PAR,,Total,200:00,89,22,43,11,26,12,15,10,23,33,19,5,9,3,3,25,20,93,
2024,301,0,P003733   ,1.0,0.0,MAD,6,"ABALDE, ALBERTO",16:30,0,0,1,0,1,0,0,0,2,2,2,0,0,0,0,2,0,0,-12.0
2024,301,0,P005928   ,1.0,1.0,MAD,7,"CAMPAZZO, FACUNDO",21:57,12,1,2,1,3,7,9,0,2,2,7,3,1,0,0,3,8,23,8.0
2024,301,0,P013378   ,0.0,0.0,MAD,8,"RATHAN-MAYES, XAVIER",DNP,0,0,0,0,0,0,0,0,0,0,0,0,0,0,0,0,0,0,0.0
2024,301,0,P011649   ,0.0,0.0,MAD,9,"GONZALEZ, HUGO",DNP,0,0,0,0,0,0,0,0,0,0,0,0,0,0,0,0,0,0,0.0
2024,301,0,P003108   ,1.0,1.0,MAD,11,"HEZONJA, MARIO",21:19,12,2,6,2,8,2,2,0,2,2,0,0,1,0,0,1,1,3,1.0
2024,301,0,P006540   ,0.0,1.0,MAD,13,"MUSA, DZANAN",25:09,15,3,7,1,2,6,7,1,2,3,3,0,1,0,0,0,6,20,5.0
2024,301,0,P009005   ,1.0,0.0,MAD,14,"DECK, GABRIEL",19:05,8,1,2,2,2,0,0,2,1,3,0,0,0,0,1,1,1,9,-7.0
2024,301,0,P007630   ,0.0,0.0,MAD,16,"GARUBA, USMAN",15:47,3,0,1,1,1,0,0,0,5,5,0,0,0,1,0,2,1,7,3.0
2024,301,0,P003583   ,0.0,0.0,MAD,18,"IBAKA, SERGE",18:31,11,5,7,0,1,1,2,6,4,10,1,0,2,2,1,3,2,16,2.0
2024,301,0,P005791   ,1.0,1.0,MAD,22,"TAVARES, WALTER",20:13,14,7,9,0,0,0,3,3,3,6,1,2,3,0,0,4,4,15,0.0
2024,301,0,PTGB      ,0.0,1.0,MAD,23,"LLULL, SERGIO",22:23,13,2,3,3,8,0,0,0,1,1,2,0,1,0,0,2,0,7,16.0
2024,301,0,P011247   ,0.0,0.0,MAD,24,"FELIZ, ANDRES",19:06,3,1,3,0,1,1,2,0,5,5,1,1,2,0,1,2,2,3,-6.0
2024,301,0,Team,0.0,0.0,MAD,,Team,,0,0,0,0,0,0,0,4,1,5,0,0,1,0,0,0,0,4,
2024,301,0,Total,,,MAD,,Total,200:00,91,22,41,10,27,17,25,16,28,44,17,6,12,3,3,20,25,107,
2024,302,1,P012608   ,1.0,1.0,PRS,0,"SHORTS, TJ",23:42,10,3,8,0,2,4,4,0,1,1,7,0,0,0,0,1,3,13,21.0
2024,302,1,P012609   ,0.0,1.0,PRS,1,"MALCOLM, COLLIN",20:37,7,1,1,1,4,2,2,1,0,1,1,0,2,0,0,3,2,3,-10.0
2024,302,1,P012640   ,0.0,0.0,PRS,2,"HIFI, NADIR",21:03,15,3,5,2,7,3,3,0,2,2,2,0,5,0,0,0,6,13,-11.0
2024,302,1,P012610   ,1.0,1.0,PRS,3,"WARD, TYSON",24:22,12,1,1,3,5,1,2,1,5,6,2,3,1,2,0,2,1,20,19.0
2024,302,1,P013373   ,0.0,0.0,PRS,4,"CAVALIERE, LEOPOLD",14:41,2,1,2,0,0,0,0,1,3,4,0,1,2,0,0,3,2,3,-13.0
2024,302,1,P005793   ,0.0,0.0,PRS,5,"SY, BANDJA",20:58,1,0,0,0,0,1,2,0,4,4,1,0,2,0,0,3,1,1,-4.0
2024,302,1,P012611   ,1.0,0.0,PRS,7,"HERRERA, SEBASTIAN",15:55,8,1,1,2,8,0,0,1,1,2,1,1,0,0,0,2,0,4,19.0
2024,302,1,P010390   ,1.0,0.0,PRS,13,"HAYES, KEVARRIUS",14:13,0,0,2,0,1,0,0,3,1,4,0,4,0,1,0,3,0,3,7.0
2024,302,1,P012613   ,1.0,1.0,PRS,20,"JANTUNEN, MIKAEL",24:35,15,3,5,3,4,0,0,2,4,6,0,0,0,1,1,2,3,19,26.0
2024,302,1,P004197   ,0.0,1.0,PRS,24,"OUATTARA, YAKUBA",19:54,2,1,3,0,2,0,0,1,1,2,1,1,0,0,1,3,0,-2,-9.0
2024,302,1,Team,0.0,0.0,PRS,,Team,,0,0,0,0,0,0,0,1,1,2,0,0,2,0,0,0,0,0,
2024,302,1,Total,,,PRS,,Total,200:00,72,14,28,11,33,11,13,11,23,34,15,10,14,4,2,22,18,77,
2024,302,0,P008384   ,0.0,0.0,BER,1,"PROCIDA, GABRIELE",05:04,0,0,1,0,0,0,0,2,0,2,1,1,2,0,0,1,1,1,-2.0
2024,302,0,P011934   ,1.0,0.0,BER,5,"WETZELL, YANNI",18:03,3,1,5,0,0,1,2,2,3,5,2,0,3,0,2,3,3,0,-16.0
2024,302,0,P008211   ,1.0,0.0,BER,6,"DELOW, MALTE",16:46,9,2,3,1,3,2,2,0,4,4,2,1,1,0,1,3,1,9,-10.0
2024,302,0,P008062   ,0.0,1.0,BER,7,"MCDOWELL-WHITE, WILL",19:05,4,2,2,0,2,0,0,0,1,1,3,1,2,0,0,3,1,3,7.0
2024,302,0,P007025   ,1.0,1.0,BER,9,"MATTISSECK, JONAS",13:21,2,0,0,0,1,2,2,0,1,1,0,1,1,0,0,0,2,4,-8.0
2024,302,0,P006251   ,1.0,0.0,BER,10,"SCHNEIDER, TIM",17:11,4,2,4,0,1,0,2,1,3,4,1,0,1,0,0,2,2,3,-6.0
2024,302,0,P008967   ,0.0,0.0,BER,11,"THOMAS, MATT",22:53,8,1,4,2,4,0,0,0,2,2,0,0,1,1,0,2,2,5,-8.0
2024,302,0,P008780   ,1.0,0.0,BER,15,"HERMANNSSON, MARTIN",22:51,7,2,5,1,3,0,0,0,2,2,3,0,3,0,1,1,0,2,-19.0
2024,302,0,P006919   ,0.0,1.0,BER,19,"OLINDE, LOUIS",20:38,0,0,2,0,2,0,0,0,2,2,6,0,0,1,0,1,1,5,5.0
2024,302,0,P013774   ,0.0,0.0,BER,23,"BAKER II, ROBERT",03:28,0,0,0,0,0,0,0,0,0,0,0,0,0,0,0,0,0,0,-3.0
2024,302,0,P013386   ,0.0,1.0,BER,33,"McCORMACK, DAVID",19:26,12,4,5,0,0,4,8,4,2,6,0,1,3,0,0,1,5,15,8.0
2024,302,0,P012721   ,0.0,1.0,BER,34,"BEAN, JUSTIN",21:14,14,2,5,2,3,4,5,1,2,3,1,2,0,0,0,1,4,18,7.0
2024,302,0,Team,0.0,0.0,BER,,Team,,0,0,0,0,0,0,0,3,3,6,0,0,3,0,0,0,0,3,
2024,302,0,Total,,,BER,,Total,200:00,63,16,36,6,19,13,21,13,25,38,19,7,20,2,4,18,22,68,
2024,303,1,P007200   ,0.0,1.0,IST,0,"LARKIN, SHANE",27:25,13,2,7,1,4,6,6,0,1,1,4,2,1,0,1,2,7,15,15.0
2024,303,1,P013363   ,0.0,0.0,IST,3,"NWORA, JORDAN",14:39,13,3,5,2,3,1,1,1,4,5,0,0,0,0,1,1,2,15,7.0
2024,303,1,P009846   ,1.0,1.0,IST,6,"BRYANT, ELIJAH",30:00,7,2,4,1,3,0,0,0,3,3,2,2,2,0,1,3,1,5,-6.0
2024,303,1,P007109   ,0.0,1.0,IST,11,"SMITS, ROLANDS",24:53,11,5,5,0,1,1,2,1,3,4,1,1,0,1,0,1,1,16,10.0
2024,303,1,P011078   ,1.0,1.0,IST,13,"THOMPSON, DARIUS",23:35,9,3,3,1,2,0,0,0,2,2,8,1,1,1,0,1,1,19,2.0
2024,303,1,P012742   ,1.0,0.0,IST,15,"DOZIER JR, PERRY",24:27,11,3,4,1,2,2,2,0,1,1,4,0,2,1,0,3,3,13,10.0
2024,303,1,P004887   ,1.0,0.0,IST,17,"POIRIER, VINCENT",17:52,6,3,4,0,0,0,0,0,5,5,0,0,2,2,0,1,0,9,6.0
2024,303,1,P006640   ,0.0,0.0,IST,18,"OZDEMIROGLU, DOGUS",DNP,0,0,0,0,0,0,0,0,0,0,0,0,0,0,0,0,0,0,0.0
2024,303,1,P012710   ,1.0,0.0,IST,24,"OSMANI, ERCAN",15:07,10,5,5,0,0,0,0,0,1,1,0,1,1,0,0,1,2,12,0.0
2024,303,1,P012788   ,0.0,1.0,IST,25,"OTURU, DAN",22:02,7,3,6,0,0,1,2,2,5,7,2,0,1,2,0,2,2,13,6.0
2024,303,1,P006372   ,0.0,0.0,IST,33,"YILMAZ, ERKAN",DNP,0,0,0,0,0,0,0,0,0,0,0,0,0,0,0,0,0,0,0.0
2024,303,1,P009664   ,0.0,0.0,IST,35,"WILLIS, DEREK",DNP,0,0,0,0,0,0,0,0,0,0,0,0,0,0,0,0,0,0,0.0
2024,303,1,Team,0.0,0.0,IST,,Team,,0,0,0,0,0,0,0,1,2,3,0,0,0,0,0,0,0,3,
2024,303,1,Total,,,IST,,Total,200:00,87,29,43,6,15,11,13,5,27,32,21,7,10,7,3,15,19,120,
2024,303,0,P012181   ,0.0,1.0,ZAL,0,"JUZENAS, MANTAS",00:20,0,0,0,0,0,0,0,0,0,0,0,0,0,0,0,0,0,0,0.0
2024,303,0,P013775   ,0.0,1.0,ZAL,2,"WONG, ISAIAH",13:35,10,4,6,0,2,2,2,0,0,0,1,2,1,0,1,2,1,6,-4.0
2024,303,0,P007975   ,1.0,1.0,ZAL,3,"FRANCISCO, SYLVAIN",29:33,12,2,4,2,7,2,4,0,2,2,5,0,3,1,1,3,3,7,-5.0
2024,303,0,P011983   ,1.0,1.0,ZAL,8,"BRAZDEIKIS, IGNAS",28:08,11,3,6,1,6,2,3,1,6,7,3,0,1,0,1,1,1,10,-6.0
2024,303,0,P007513   ,0.0,0.0,ZAL,9,"GIEDRAITIS, DOVYDAS",17:49,2,1,3,0,1,0,0,0,2,2,2,0,1,0,1,2,2,1,-4.0
2024,303,0,P005504   ,0.0,0.0,ZAL,15,"BIRUTIS, LAURYNAS",19:06,10,4,9,0,0,2,4,2,1,3,1,1,0,1,0,2,3,10,-15.0
2024,303,0,P012622   ,0.0,0.0,ZAL,21,"MITCHELL, MATTHEW",23:19,4,1,1,0,1,2,2,0,2,2,2,0,0,0,0,3,1,5,1.0
2024,303,0,P003048   ,1.0,1.0,ZAL,42,"DUNSTON, BRYANT",20:37,4,2,2,0,0,0,0,1,4,5,0,0,1,1,0,3,0,6,5.0
2024,303,0,P012715   ,0.0,0.0,ZAL,45,"MANEK, BRADY",03:08,2,1,2,0,1,0,0,1,0,1,0,0,0,0,0,0,0,1,-9.0
2024,303,0,P007029   ,1.0,0.0,ZAL,91,"SIRVYDIS, DEIVIDAS",19:50,10,2,4,2,2,0,1,0,0,0,1,1,1,0,1,1,1,7,-12.0
2024,303,0,P002329   ,1.0,0.0,ZAL,92,"ULANOVAS, EDGARAS",24:35,12,2,5,2,2,2,2,2,1,3,0,1,0,0,2,2,3,12,-1.0
2024,303,0,Team,0.0,0.0,ZAL,,Team,,0,0,0,0,0,0,0,2,1,3,0,0,1,0,0,0,0,2,
2024,303,0,Total,,,ZAL,,Total,200:00,77,22,42,7,22,12,18,9,19,28,15,5,9,3,7,19,15,67,
2024,304,1,P013371   ,1.0,0.0,ASV,1,"HARRISON, SHAQUILLE",14:02,6,3,5,0,1,0,1,0,0,0,2,0,1,0,0,2,1,2,-6.0
2024,304,1,P011225   ,0.0,1.0,ASV,3,"LEE, PARIS",24:55,5,1,2,1,6,0,0,0,1,1,4,1,0,0,0,4,1,2,-7.0
2024,304,1,P007027   ,1.0,1.0,ASV,6,"MALEDON, THEO",29:33,18,3,7,2,6,6,6,0,2,2,2,0,5,0,1,3,5,10,3.0
2024,304,1,P010316   ,0.0,1.0,ASV,8,"AJINCA, MELVIN",10:18,0,0,0,0,1,0,0,0,0,0,0,0,0,0,0,4,1,-4,-3.0
2024,304,1,P002100   ,0.0,0.0,ASV,12,"DE COLO, NANDO",19:50,7,1,3,0,4,5,6,1,3,4,5,1,1,0,1,1,4,11,-11.0
2024,304,1,P010545   ,1.0,1.0,ASV,13,"SAKO, NEAL",33:12,20,10,11,0,0,0,0,4,7,11,1,0,1,1,0,2,0,29,6.0
2024,304,1,P013405   ,1.0,0.0,ASV,21,"ROBERSON, ANDRE",27:26,14,4,6,1,4,3,4,5,7,12,2,2,1,3,0,5,4,25,1.0
2024,304,1,P003526   ,1.0,1.0,ASV,23,"LIGHTY, DAVID",24:11,6,3,3,0,4,0,0,0,3,3,2,0,1,0,0,4,1,3,1.0
2024,304,1,P008991   ,0.0,0.0,ASV,28,"BLACK, TARIK",03:48,2,0,0,0,0,2,4,1,0,1,0,0,1,0,0,2,2,0,-11.0
2024,304,1,P012263   ,0.0,0.0,ASV,30,"SISSOKO, YOHANN",12:45,0,0,0,0,0,0,0,0,3,3,3,0,0,0,0,3,1,4,2.0
2024,304,1,P013377   ,0.0,0.0,ASV,34,"PAUL, MBIYA",DNP,0,0,0,0,0,0,0,0,0,0,0,0,0,0,0,0,0,0,0.0
2024,304,1,Team,0.0,0.0,ASV,,Team,,0,0,0,0,0,0,0,3,1,4,0,0,0,0,0,0,0,4,
2024,304,1,Total,,,ASV,,Total,200:00,78,25,37,4,26,16,21,14,27,41,21,4,11,4,2,30,20,86,
2024,304,0,P011231   ,1.0,1.0,MCO,4,"BLOSSOMGAME, JARON",22:34,4,0,4,1,2,1,2,1,3,4,0,0,0,0,1,0,2,3,-4.0
2024,304,0,P009754   ,0.0,1.0,MCO,8,"LOYD, JORDAN",29:30,16,2,5,1,5,9,10,3,3,6,2,0,1,0,1,3,7,18,12.0
2024,304,0,P004132   ,1.0,0.0,MCO,10,"THEIS, DANIEL",24:47,9,3,4,0,1,3,4,1,2,3,0,0,0,1,0,5,3,8,-9.0
2024,304,0,P011226   ,1.0,1.0,MCO,11,"DIALLO, ALPHA",28:45,11,5,7,0,0,1,2,2,2,4,2,0,1,0,1,1,2,13,3.0
2024,304,0,P004790   ,0.0,0.0,MCO,12,"CORNELIE, PETR",04:00,0,0,0,0,1,0,0,0,0,0,0,0,0,0,0,2,0,-3,14.0
2024,304,0,P002581   ,0.0,0.0,MCO,14,"JAITEH, MAM",15:10,13,5,9,0,0,3,3,0,1,1,1,0,2,1,1,3,4,10,10.0
2024,304,0,PLCZ      ,0.0,0.0,MCO,20,"MOTIEJUNAS, DONATAS",DNP,0,0,0,0,0,0,0,0,0,0,0,0,0,0,0,0,0,0,0.0
2024,304,0,P012515   ,0.0,0.0,MCO,22,"TARPEY, TERRY",11:16,0,0,0,0,1,0,0,1,1,2,0,3,0,0,0,2,0,2,-4.0
2024,304,0,P013365   ,0.0,0.0,MCO,30,"BROWN, VITTO",DNP,0,0,0,0,0,0,0,0,0,0,0,0,0,0,0,0,0,0,0.0
2024,304,0,P008099   ,0.0,1.0,MCO,32,"STRAZEL, MATTHEW",22:26,10,1,2,1,4,5,8,1,4,5,3,0,0,0,0,1,6,16,7.0
2024,304,0,P001932   ,1.0,0.0,MCO,33,"CALATHES, NICK",08:59,0,0,2,0,1,0,0,0,1,1,1,1,2,0,0,1,0,-3,-3.0
2024,304,0,P005985   ,1.0,1.0,MCO,55,"JAMES, MIKE",32:33,20,3,6,2,5,8,8,0,1,1,7,1,1,0,0,2,6,26,-1.0
2024,304,0,Team,0.0,0.0,MCO,,Team,,0,0,0,0,0,0,0,4,2,6,0,0,0,0,0,0,0,6,
2024,304,0,Total,,,MCO,,Total,200:00,83,19,39,5,20,30,37,13,20,33,16,5,7,2,4,20,30,96,
2024,305,1,P011209   ,0.0,0.0,PAN,0,"KALAITZAKIS, PANAGIOTIS",06:41,0,0,0,0,0,0,0,1,0,1,0,0,1,0,0,2,0,-2,0.0
2024,305,1,P009622   ,0.0,0.0,PAN,2,"BROWN, LORENZO",12:54,4,2,2,0,2,0,0,0,2,2,2,0,1,0,0,1,0,4,-13.0
2024,305,1,P006544   ,0.0,0.0,PAN,6,"MORAITIS, DIMITRIS",DNP,0,0,0,0,0,0,0,0,0,0,0,0,0,0,0,0,0,0,0.0
2024,305,1,P001926   ,0.0,0.0,PAN,10,"SLOUKAS, KOSTAS",25:59,4,1,2,0,3,2,2,0,1,1,4,0,0,0,0,1,2,6,4.0
2024,305,1,P004088   ,1.0,1.0,PAN,16,"OSMAN, CEDI",22:32,9,1,1,1,4,4,6,1,0,1,0,0,0,0,0,2,3,6,-2.0
2024,305,1,P011204   ,1.0,1.0,PAN,22,"GRANT, JERIAN",31:10,12,3,4,1,2,3,3,2,2,4,7,2,1,0,0,2,2,22,21.0
2024,305,1,PLHK      ,0.0,0.0,PAN,24,"PLEISS, TIBOR",DNP,0,0,0,0,0,0,0,0,0,0,0,0,0,0,0,0,0,0,0.0
2024,305,1,P012774   ,1.0,1.0,PAN,25,"NUNN, KENDRICK",35:44,31,3,8,6,10,7,7,1,2,3,10,0,3,0,0,2,5,35,11.0
2024,305,1,P013383   ,1.0,1.0,PAN,32,"GABRIEL, WENYEN",22:11,16,7,7,0,0,2,3,0,2,2,0,0,1,0,0,4,3,15,0.0
2024,305,1,P012712   ,0.0,1.0,PAN,41,"HERNANGOMEZ, JUANCHO",28:17,18,3,3,4,8,0,0,1,10,11,1,3,0,0,0,1,1,29,9.0
2024,305,1,P007866   ,1.0,0.0,PAN,44,"MITOGLOU, KONSTANTINOS",19:12,6,1,2,1,3,1,1,0,2,2,2,1,0,0,0,2,3,9,-3.0
2024,305,1,P005353   ,0.0,0.0,PAN,77,"YURTSEVEN, OMER",20:20,11,3,5,1,1,2,3,3,2,5,1,0,0,1,0,1,2,16,8.0
2024,305,1,Team,0.0,0.0,PAN,,Team,,0,0,0,0,0,0,0,1,0,1,0,0,1,0,0,0,0,0,
2024,305,1,Total,,,PAN,,Total,225:00,111,24,34,14,33,21,25,10,23,33,27,6,8,1,0,18,21,140,
2024,305,0,P009048   ,1.0,1.0,RED,0,"MILLER-MCINTYRE, CODI",35:54,26,5,6,5,9,1,2,0,1,1,2,0,5,0,0,2,3,19,-3.0
2024,305,0,P010588   ,1.0,0.0,RED,1,"BROWN III, JOHN",16:23,9,2,4,0,0,5,6,1,1,2,0,1,0,0,0,1,4,12,-7.0
2024,305,0,P010612   ,1.0,0.0,RED,3,"CANAAN, ISAIAH",16:53,0,0,2,0,3,0,0,0,2,2,1,0,0,0,0,5,0,-7,-9.0
2024,305,0,P007960   ,0.0,1.0,RED,7,"DAVIDOVAC, DEJAN",20:56,3,0,2,1,1,0,0,0,2,2,4,0,1,0,1,3,0,2,-1.0
2024,305,0,P002553   ,0.0,1.0,RED,9,"MITROVIC, LUKA",13:27,13,5,6,0,0,3,5,2,2,4,1,0,0,0,0,2,3,16,-1.0
2024,305,0,P004866   ,1.0,1.0,RED,12,"KALINIC, NIKOLA",27:14,10,2,3,2,2,0,0,3,2,5,2,0,2,0,0,2,1,13,-14.0
2024,305,0,P004007   ,0.0,0.0,RED,13,"DOBRIC, OGNJEN",12:21,0,0,1,0,0,0,0,1,0,1,1,0,0,0,0,0,0,1,4.0
2024,305,0,P012786   ,0.0,0.0,RED,24,"DAUM, MIKE",03:46,0,0,0,0,1,0,0,0,1,1,1,0,0,0,0,0,0,1,-4.0
2024,305,0,P011194   ,1.0,0.0,RED,30,"PETRUSEV, FILIP",27:41,16,6,8,0,3,4,5,2,4,6,4,0,0,0,0,5,4,19,-3.0
2024,305,0,P006436   ,0.0,0.0,RED,31,"GIEDRAITIS, ROKAS",09:42,4,2,4,0,1,0,2,1,0,1,0,0,0,0,0,0,1,1,6.0
2024,305,0,P000848   ,0.0,1.0,RED,36,"NEDOVIC, NEMANJA",31:37,22,3,5,5,7,1,1,1,2,3,6,1,0,0,0,1,1,28,1.0
2024,305,0,P012044   ,0.0,0.0,RED,99,"DOS SANTOS, YAGO",09:06,1,0,3,0,0,1,3,0,2,2,1,0,1,0,0,0,1,-1,-4.0
2024,305,0,Team,0.0,0.0,RED,,Team,,0,0,0,0,0,0,0,1,2,3,0,0,0,0,0,0,0,3,
2024,305,0,Total,,,RED,,Total,225:00,104,25,44,13,27,15,24,12,21,33,23,2,9,0,1,21,18,107,
2024,306,1,P009862   ,1.0,1.0,BAR,0,"PUNTER, KEVIN",29:04,20,2,3,4,5,4,4,1,0,1,1,2,3,0,0,2,5,22,8.0
2024,306,1,P012795   ,1.0,0.0,BAR,1,"ANDERSON, JUSTIN",24:49,12,4,7,1,1,1,1,0,2,2,0,1,0,0,0,2,2,12,-5.0
2024,306,1,P000925   ,0.0,1.0,BAR,6,"VESELY, JAN",15:17,9,2,4,1,1,2,2,0,2,2,2,1,1,0,0,0,2,13,3.0
2024,306,1,P009992   ,0.0,0.0,BAR,8,"BRIZUELA, DARIO",21:18,10,3,4,1,5,1,2,0,1,1,6,1,1,1,0,4,2,10,-6.0
2024,306,1,P002939   ,1.0,1.0,BAR,13,"SATORANSKY, TOMAS",29:16,11,2,4,2,4,1,2,1,4,5,9,0,2,0,0,0,1,19,7.0
2024,306,1,P003196   ,1.0,0.0,BAR,14,"HERNANGOMEZ, WILLY",18:34,9,4,7,0,0,1,3,2,5,7,0,2,1,0,0,3,3,12,-5.0
2024,306,1,P006568   ,0.0,0.0,BAR,19,"FALL, YOUSSOUPHA",06:09,0,0,0,0,0,0,0,1,0,1,0,0,1,0,0,2,0,-2,6.0
2024,306,1,P003478   ,0.0,0.0,BAR,21,"ABRINES, ALEX",11:56,0,0,0,0,0,0,0,0,1,1,1,2,1,0,0,3,0,0,4.0
2024,306,1,P012745   ,1.0,1.0,BAR,22,"PARKER, JABARI",22:46,10,4,7,0,4,2,2,2,1,3,1,1,1,0,0,3,3,7,5.0
2024,306,1,P007464   ,0.0,1.0,BAR,44,"PARRA, JOEL",20:51,10,4,5,0,3,2,3,0,2,2,2,1,0,0,0,0,3,13,3.0
2024,306,1,P012317   ,0.0,0.0,BAR,45,"VILLAR, RAUL",DNP,0,0,0,0,0,0,0,0,0,0,0,0,0,0,0,0,0,0,0.0
2024,306,1,P012103   ,0.0,0.0,BAR,46,"GRUJICIC, MATHIEU",DNP,0,0,0,0,0,0,0,0,0,0,0,0,0,0,0,0,0,0,0.0
2024,306,1,Team,0.0,0.0,BAR,,Team,,0,0,0,0,0,0,0,3,1,4,0,0,1,0,0,0,0,3,
2024,306,1,Total,,,BAR,,Total,200:00,91,25,41,9,23,14,19,10,19,29,22,11,12,1,0,19,21,109,
2024,306,0,P009549   ,1.0,1.0,VIR,0,"CORDINIER, ISAIA",25:22,11,3,7,0,0,5,6,0,3,3,4,1,4,0,0,4,4,10,-2.0
2024,306,0,P013695   ,0.0,1.0,VIR,1,"HOLIDAY, JUSTIN",20:54,16,2,2,4,5,0,0,0,1,1,0,1,0,0,0,2,1,16,5.0
2024,306,0,PBCN      ,0.0,0.0,VIR,3,"BELINELLI, MARCO",DNP,0,0,0,0,0,0,0,0,0,0,0,0,0,0,0,0,0,0,0.0
2024,306,0,P006739   ,1.0,0.0,VIR,6,"PAJOLA, ALESSANDRO",15:16,0,0,0,0,1,0,0,0,1,1,6,0,0,0,0,3,0,3,2.0
2024,306,0,P004888   ,1.0,1.0,VIR,8,"CLYBURN, WILL",23:29,15,0,1,5,9,0,0,0,3,3,2,0,2,0,0,2,2,13,-9.0
2024,306,0,P001133   ,1.0,1.0,VIR,21,"SHENGELIA, TORNIKE",28:26,17,4,10,0,2,9,11,0,1,1,0,2,2,0,0,3,7,12,-4.0
2024,306,0,P001844   ,0.0,0.0,VIR,23,"HACKETT, DANIEL",15:25,0,0,1,0,1,0,0,1,2,3,2,0,2,0,0,2,1,0,-3.0
2024,306,0,P012585   ,0.0,1.0,VIR,30,"MORGAN, MATTHEW",20:28,5,0,0,1,5,2,2,0,3,3,0,0,4,0,1,3,1,-3,-6.0
2024,306,0,P002084   ,0.0,0.0,VIR,33,"POLONARA, ACHILLE",12:35,5,1,1,1,2,0,0,3,3,6,0,0,0,0,0,1,0,9,4.0
2024,306,0,P013374   ,0.0,0.0,VIR,35,"DIOUF, MOUHAMET",15:09,6,1,2,0,0,4,4,0,2,2,2,2,0,0,0,1,3,13,-1.0
2024,306,0,P004554   ,1.0,0.0,VIR,41,"ZIZIC, ANTE",14:54,12,6,8,0,0,0,0,2,2,4,0,0,1,0,0,0,0,13,-3.0
2024,306,0,P011816   ,0.0,0.0,VIR,45,"AKELE, NICOLA",08:02,0,0,0,0,0,0,0,2,0,2,0,0,0,0,0,0,0,2,-3.0
2024,306,0,Team,0.0,0.0,VIR,,Team,,0,0,0,0,0,0,0,3,0,3,0,0,1,0,0,0,0,2,
2024,306,0,Total,,,VIR,,Total,200:00,87,17,32,11,25,20,23,11,21,32,16,6,16,0,1,21,19,90,
2024,307,1,P003733   ,1.0,0.0,MAD,6,"ABALDE, ALBERTO",17:18,8,3,4,0,1,2,2,1,2,3,0,1,1,0,0,2,2,9,0.0
2024,307,1,P005928   ,1.0,1.0,MAD,7,"CAMPAZZO, FACUNDO",31:24,17,4,5,2,9,3,4,1,3,4,5,1,0,0,0,2,7,23,-12.0
2024,307,1,P013378   ,0.0,0.0,MAD,8,"RATHAN-MAYES, XAVIER",DNP,0,0,0,0,0,0,0,0,0,0,0,0,0,0,0,0,0,0,0.0
2024,307,1,P011649   ,0.0,0.0,MAD,9,"GONZALEZ, HUGO",DNP,0,0,0,0,0,0,0,0,0,0,0,0,0,0,0,0,0,0,0.0
2024,307,1,P003108   ,0.0,1.0,MAD,11,"HEZONJA, MARIO",31:11,8,1,2,2,8,0,0,1,6,7,0,1,3,0,0,4,1,3,-9.0
2024,307,1,P006540   ,0.0,1.0,MAD,13,"MUSA, DZANAN",13:10,3,1,3,0,1,1,2,0,1,1,0,1,2,0,0,0,2,1,-13.0
2024,307,1,P009005   ,1.0,0.0,MAD,14,"DECK, GABRIEL",29:56,10,2,5,2,4,0,0,2,6,8,4,1,1,0,1,3,1,14,3.0
2024,307,1,P007630   ,1.0,0.0,MAD,16,"GARUBA, USMAN",11:44,6,1,4,1,1,1,2,1,3,4,1,0,0,0,2,1,1,5,-1.0
2024,307,1,P003583   ,0.0,0.0,MAD,18,"IBAKA, SERGE",17:38,4,2,5,0,0,0,0,2,2,4,4,0,1,0,1,0,1,8,-2.0
2024,307,1,P005791   ,1.0,1.0,MAD,22,"TAVARES, WALTER",14:37,7,2,4,0,0,3,3,1,0,1,2,0,0,0,0,4,3,7,-3.0
2024,307,1,PTGB      ,0.0,1.0,MAD,23,"LLULL, SERGIO",24:26,3,1,4,0,3,1,1,1,1,2,3,0,0,0,1,3,0,-2,-7.0
2024,307,1,P011247   ,0.0,0.0,MAD,24,"FELIZ, ANDRES",08:36,7,3,4,0,0,1,4,0,1,1,0,0,0,0,0,3,3,4,4.0
2024,307,1,Team,0.0,0.0,MAD,,Team,,0,0,0,0,0,0,0,0,2,2,0,0,0,0,0,0,0,2,
2024,307,1,Total,,,MAD,,Total,200:00,73,20,40,7,27,12,18,10,27,37,19,5,8,0,5,22,21,74,
2024,307,0,P012608   ,1.0,1.0,PRS,0,"SHORTS, TJ",30:46,23,7,12,1,5,6,7,0,2,2,9,0,3,0,0,3,9,27,10.0
2024,307,0,P012609   ,0.0,0.0,PRS,1,"MALCOLM, COLLIN",17:30,5,1,1,1,2,0,0,1,1,2,0,0,1,0,0,3,0,2,-4.0
2024,307,0,P012640   ,0.0,0.0,PRS,2,"HIFI, NADIR",21:30,15,2,5,3,6,2,3,0,4,4,4,0,3,0,0,2,2,13,-1.0
2024,307,0,P012610   ,1.0,1.0,PRS,3,"WARD, TYSON",31:26,11,1,3,1,5,6,6,1,6,7,0,2,2,0,0,2,4,14,8.0
2024,307,0,P013373   ,0.0,0.0,PRS,4,"CAVALIERE, LEOPOLD",DNP,0,0,0,0,0,0,0,0,0,0,0,0,0,0,0,0,0,0,0.0
2024,307,0,P005793   ,0.0,0.0,PRS,5,"SY, BANDJA",09:20,6,0,0,2,5,0,0,0,3,3,0,0,0,0,0,0,1,7,2.0
2024,307,0,P012611   ,1.0,0.0,PRS,7,"HERRERA, SEBASTIAN",13:25,5,1,1,1,3,0,0,0,1,1,0,0,0,0,0,4,0,0,9.0
2024,307,0,P004512   ,0.0,0.0,PRS,8,"KRATZER, LEON",09:12,0,0,0,0,0,0,0,1,0,1,0,0,1,2,0,1,0,1,-2.0
2024,307,0,P010390   ,1.0,1.0,PRS,13,"HAYES, KEVARRIUS",24:10,10,5,6,0,0,0,0,1,5,6,0,2,1,2,0,3,0,15,16.0
2024,307,0,P012613   ,1.0,1.0,PRS,20,"JANTUNEN, MIKAEL",28:44,6,0,1,2,5,0,0,2,5,7,1,0,0,1,0,3,4,12,5.0
2024,307,0,P007483   ,0.0,0.0,PRS,21,"DOSSOU-YOVO, MATHIS",DNP,0,0,0,0,0,0,0,0,0,0,0,0,0,0,0,0,0,0,0.0
2024,307,0,P004197   ,0.0,1.0,PRS,24,"OUATTARA, YAKUBA",13:57,0,0,3,0,0,0,0,1,1,2,0,0,0,0,0,0,1,0,-3.0
2024,307,0,Team,0.0,0.0,PRS,,Team,,0,0,0,0,0,0,0,1,4,5,0,0,0,0,0,0,0,5,
2024,307,0,Total,,,PRS,,Total,200:00,81,17,32,11,31,14,16,8,32,40,14,4,11,5,0,21,21,96,
2024,308,1,P010391   ,1.0,1.0,MUN,0,"WEILER-BABB, NICK",34:24,15,1,1,4,8,1,2,5,1,6,6,2,0,0,0,4,3,23,10.0
2024,308,1,P011987   ,1.0,0.0,MUN,3,"EDWARDS, CARSEN",34:48,17,5,9,2,9,1,1,1,3,4,3,1,5,1,1,2,3,10,13.0
2024,308,1,P001557   ,0.0,1.0,MUN,5,"GIFFEY, NIELS",26:23,11,0,1,3,4,2,2,0,1,1,2,1,0,0,0,1,1,13,-4.0
2024,308,1,P007201   ,1.0,0.0,MUN,7,"VOIGTMANN, JOHANNES",09:49,0,0,0,0,1,0,0,0,1,1,1,0,2,0,0,4,0,-5,4.0
2024,308,1,P011224   ,0.0,0.0,MUN,8,"NAPIER, SHABAZZ",13:57,4,1,3,0,0,2,2,0,1,1,3,0,2,0,0,0,2,6,-17.0
2024,308,1,P012123   ,0.0,0.0,MUN,10,"KHARCHENKOV, IVAN",06:26,11,4,4,1,1,0,0,0,2,2,0,0,1,0,0,0,0,12,1.0
2024,308,1,P001288   ,1.0,0.0,MUN,11,"LUCIC, VLADIMIR",35:59,13,2,4,2,4,3,3,1,7,8,2,3,1,0,0,5,4,20,8.0
2024,308,1,P004508   ,0.0,1.0,MUN,13,"OBST, ANDREAS",10:37,0,0,0,0,1,0,0,0,0,0,0,0,2,0,0,3,2,-4,-11.0
2024,308,1,P007929   ,0.0,0.0,MUN,17,"BITIM, ONURALP",DNP,0,0,0,0,0,0,0,0,0,0,0,0,0,0,0,0,0,0,0.0
2024,308,1,P005460   ,0.0,1.0,MUN,20,"HARRIS, ELIAS",09:29,3,1,1,0,0,1,2,0,3,3,0,0,0,0,0,1,1,5,18.0
2024,308,1,P007639   ,0.0,0.0,MUN,22,"BRANKOVIC, DANKO",06:38,2,1,3,0,0,0,0,1,1,2,0,1,1,0,0,2,0,0,-2.0
2024,308,1,P007056   ,1.0,1.0,MUN,31,"BOOKER, DEVIN",36:30,21,3,9,2,3,9,10,3,2,5,3,0,2,1,0,3,8,25,0.0
2024,308,1,Team,0.0,0.0,MUN,,Team,,0,0,0,0,0,0,0,2,3,5,0,0,0,0,0,0,0,5,
2024,308,1,Total,,,MUN,,Total,225:00,97,18,35,14,31,19,22,13,25,38,20,8,16,2,1,25,24,110,
2024,308,0,P009048   ,1.0,1.0,RED,0,"MILLER-MCINTYRE, CODI",40:24,13,6,8,0,4,1,2,0,7,7,8,3,1,0,0,4,4,23,-6.0
2024,308,0,P010588   ,1.0,0.0,RED,1,"BROWN III, JOHN",11:02,0,0,2,0,0,0,0,2,0,2,0,0,3,0,0,3,1,-5,-4.0
2024,308,0,P010612   ,0.0,1.0,RED,3,"CANAAN, ISAIAH",24:41,6,0,1,1,5,3,3,0,3,3,2,1,1,0,0,4,1,3,5.0
2024,308,0,P007960   ,0.0,0.0,RED,7,"DAVIDOVAC, DEJAN",01:54,2,1,1,0,0,0,3,0,0,0,0,0,0,0,0,0,1,0,5.0
2024,308,0,P002553   ,0.0,0.0,RED,9,"MITROVIC, LUKA",12:51,2,1,1,0,0,0,0,0,0,0,1,1,0,0,0,1,2,5,-11.0
2024,308,0,PLUO      ,0.0,0.0,RED,10,"LAZIC, BRANKO",DNP,0,0,0,0,0,0,0,0,0,0,0,0,0,0,0,0,0,0,0.0
2024,308,0,P004866   ,1.0,1.0,RED,12,"KALINIC, NIKOLA",36:59,20,6,9,2,3,2,4,4,3,7,4,1,2,0,0,3,3,24,8.0
2024,308,0,P004007   ,0.0,0.0,RED,13,"DOBRIC, OGNJEN",02:09,0,0,0,0,1,0,0,0,0,0,0,0,0,0,0,0,0,-1,-5.0
2024,308,0,P011194   ,1.0,1.0,RED,30,"PETRUSEV, FILIP",38:37,30,12,14,1,3,3,7,2,3,5,4,2,5,1,1,4,8,32,0.0
2024,308,0,P006436   ,1.0,0.0,RED,31,"GIEDRAITIS, ROKAS",22:47,7,2,3,1,3,0,0,0,1,1,2,1,0,0,0,1,1,8,-7.0
2024,308,0,P000848   ,0.0,1.0,RED,36,"NEDOVIC, NEMANJA",26:18,13,4,7,0,2,5,6,0,1,1,1,1,2,0,1,3,4,8,-10.0
2024,308,0,P012044   ,0.0,0.0,RED,99,"DOS SANTOS, YAGO",07:18,0,0,0,0,1,0,0,1,3,4,1,0,0,0,0,1,0,3,5.0
2024,308,0,Team,0.0,0.0,RED,,Team,,0,0,0,0,0,0,0,3,0,3,0,0,0,0,0,0,0,3,
2024,308,0,Total,,,RED,,Total,225:00,93,32,46,5,22,14,25,12,21,33,23,10,14,1,2,24,25,103,
2024,309,1,P003733   ,1.0,1.0,MAD,6,"ABALDE, ALBERTO",25:06,13,1,1,3,3,2,2,0,1,1,3,0,0,0,0,1,1,17,22.0
2024,309,1,P005928   ,1.0,0.0,MAD,7,"CAMPAZZO, FACUNDO",20:03,12,2,4,2,3,2,2,2,2,4,5,1,0,0,0,0,3,22,11.0
2024,309,1,P013378   ,0.0,1.0,MAD,8,"RATHAN-MAYES, XAVIER",03:08,0,0,1,0,1,0,0,0,0,0,2,0,0,0,1,0,0,-1,0.0
2024,309,1,P011649   ,0.0,1.0,MAD,9,"GONZALEZ, HUGO",03:34,3,0,0,1,1,0,0,0,0,0,0,0,0,0,0,1,0,2,0.0
2024,309,1,P003108   ,1.0,0.0,MAD,11,"HEZONJA, MARIO",25:09,19,5,5,2,4,3,3,1,6,7,1,0,1,0,0,1,1,24,24.0
2024,309,1,P006540   ,0.0,1.0,MAD,13,"MUSA, DZANAN",21:32,16,2,3,3,5,3,4,0,5,5,1,0,2,0,0,2,5,19,2.0
2024,309,1,P009005   ,1.0,0.0,MAD,14,"DECK, GABRIEL",23:48,7,2,3,1,3,0,0,0,3,3,2,2,0,0,0,3,1,9,17.0
2024,309,1,P007630   ,0.0,1.0,MAD,16,"GARUBA, USMAN",16:09,3,0,1,1,1,0,0,1,1,2,1,1,1,1,1,1,0,4,5.0
2024,309,1,P003583   ,0.0,0.0,MAD,18,"IBAKA, SERGE",18:22,7,1,3,1,2,2,2,0,3,3,4,1,5,1,0,3,1,6,8.0
2024,309,1,P005791   ,1.0,0.0,MAD,22,"TAVARES, WALTER",18:30,10,5,8,0,0,0,0,1,2,3,1,0,1,0,0,2,3,11,14.0
2024,309,1,PTGB      ,0.0,0.0,MAD,23,"LLULL, SERGIO",16:06,0,0,1,0,4,0,0,0,0,0,3,0,0,0,0,2,1,-3,-3.0
2024,309,1,P011247   ,0.0,0.0,MAD,24,"FELIZ, ANDRES",08:33,3,0,0,1,1,0,0,0,2,2,1,0,0,1,0,1,0,6,10.0
2024,309,1,Team,0.0,0.0,MAD,,Team,,0,0,0,0,0,0,0,0,3,3,0,0,0,0,0,0,0,3,
2024,309,1,Total,,,MAD,,Total,200:00,93,18,30,15,28,12,13,5,28,33,24,5,10,3,2,17,16,119,
2024,309,0,P010391   ,1.0,0.0,MUN,0,"WEILER-BABB, NICK",19:43,3,0,3,1,2,0,0,1,1,2,4,0,1,0,1,3,2,2,-18.0
2024,309,0,P001557   ,0.0,1.0,MUN,5,"GIFFEY, NIELS",20:16,5,1,2,1,3,0,0,0,0,0,1,0,0,1,0,2,2,4,-3.0
2024,309,0,P007201   ,1.0,1.0,MUN,7,"VOIGTMANN, JOHANNES",24:30,5,1,3,1,2,0,0,1,3,4,4,0,2,0,0,2,2,8,-13.0
2024,309,0,P011224   ,0.0,0.0,MUN,8,"NAPIER, SHABAZZ",22:38,19,4,6,2,5,5,5,1,3,4,3,2,4,0,1,0,4,22,-8.0
2024,309,0,P012123   ,0.0,1.0,MUN,10,"KHARCHENKOV, IVAN",16:04,4,2,3,0,1,0,0,0,2,2,1,0,0,1,0,2,1,5,-5.0
2024,309,0,P001288   ,1.0,1.0,MUN,11,"LUCIC, VLADIMIR",24:22,7,0,1,1,2,4,5,0,2,2,0,0,1,0,0,1,4,8,-19.0
2024,309,0,P004508   ,1.0,1.0,MUN,13,"OBST, ANDREAS",26:44,12,0,1,4,9,0,0,2,1,3,0,0,2,0,0,1,0,6,-16.0
2024,309,0,P007929   ,0.0,0.0,MUN,17,"BITIM, ONURALP",DNP,0,0,0,0,0,0,0,0,0,0,0,0,0,0,0,0,0,0,0.0
2024,309,0,P005460   ,0.0,0.0,MUN,20,"HARRIS, ELIAS",12:37,2,1,3,0,0,0,0,0,1,1,1,0,0,0,0,1,0,1,-3.0
2024,309,0,P007639   ,0.0,0.0,MUN,22,"BRANKOVIC, DANKO",05:22,4,2,2,0,2,0,0,0,0,0,0,1,0,0,0,1,1,3,-4.0
2024,309,0,P007056   ,1.0,0.0,MUN,31,"BOOKER, DEVIN",27:44,10,2,7,2,4,0,0,1,2,3,1,1,2,0,1,3,1,3,-21.0
2024,309,0,Team,0.0,0.0,MUN,,Team,,0,0,0,0,0,0,0,2,4,6,0,0,0,0,0,0,0,6,
2024,309,0,Total,,,MUN,,Total,200:00,71,13,31,12,30,9,10,8,19,27,15,4,12,2,3,16,17,68,
2024,310,1,P008855   ,0.0,1.0,OLY,0,"WALKUP, THOMAS",14:17,3,0,1,1,1,0,0,1,1,2,3,0,1,0,0,1,1,6,-5.0
2024,310,1,P007982   ,1.0,1.0,OLY,1,"WILLIAMS-GOSS, NIGEL",15:59,5,2,3,0,1,1,3,0,1,1,1,0,0,1,0,4,4,4,13.0
2024,310,1,P010392   ,0.0,0.0,OLY,5,"LARENTZAKIS, GIANNOULIS",01:28,0,0,0,0,0,0,0,0,0,0,1,0,0,0,0,1,0,0,1.0
2024,310,1,P007947   ,0.0,0.0,OLY,8,"VILDOZA, LUCA",17:59,2,1,1,0,4,0,0,0,0,0,5,2,1,0,0,2,4,6,0.0
2024,310,1,P013389   ,0.0,0.0,OLY,9,"LEE, SABEN",06:50,2,1,1,0,1,0,0,0,0,0,1,2,0,0,0,0,1,5,3.0
2024,310,1,P008811   ,1.0,0.0,OLY,10,"FALL, MOUSTAPHA",17:22,5,2,4,0,0,1,2,0,0,0,0,0,1,1,0,1,2,3,14.0
2024,310,1,P003469   ,1.0,1.0,OLY,14,"VEZENKOV, SASHA",26:52,23,5,7,3,4,4,6,1,6,7,0,3,0,0,0,0,3,31,10.0
2024,310,1,P001255   ,1.0,0.0,OLY,16,"PAPANIKOLAOU, KOSTAS",19:40,4,2,2,0,1,0,0,0,2,2,0,0,1,1,0,2,0,3,8.0
2024,310,1,P008829   ,0.0,1.0,OLY,25,"PETERS, ALEC",17:07,10,2,4,2,3,0,0,1,2,3,2,0,0,0,1,2,1,10,3.0
2024,310,1,P003941   ,0.0,0.0,OLY,33,"MILUTINOV, NIKOLA",20:30,11,5,11,0,0,1,2,5,3,8,0,1,1,0,1,0,2,13,-2.0
2024,310,1,P007853   ,0.0,0.0,OLY,77,"MCKISSIC, SHAQUIELLE",15:11,6,2,3,0,4,2,2,0,2,2,0,0,1,0,0,3,2,1,5.0
2024,310,1,P013380   ,1.0,1.0,OLY,94,"FOURNIER, EVAN",26:45,13,5,6,1,8,0,0,1,3,4,3,1,2,0,1,2,2,10,10.0
2024,310,1,Team,0.0,0.0,OLY,,Team,,0,0,0,0,0,0,0,2,1,3,0,0,0,0,0,0,0,3,
2024,310,1,Total,,,OLY,,Total,200:00,84,27,43,7,27,9,15,11,21,32,16,9,8,3,3,18,22,95,
2024,310,0,P003733   ,0.0,0.0,MAD,6,"ABALDE, ALBERTO",17:04,3,1,2,0,0,1,2,0,2,2,2,0,0,0,0,0,1,6,1.0
2024,310,0,P005928   ,1.0,0.0,MAD,7,"CAMPAZZO, FACUNDO",24:24,7,1,1,1,2,2,3,0,2,2,5,0,5,0,0,4,6,9,-11.0
2024,310,0,P013378   ,0.0,1.0,MAD,8,"RATHAN-MAYES, XAVIER",03:11,0,0,0,0,1,0,0,0,0,0,0,0,0,0,0,2,0,-3,1.0
2024,310,0,P003108   ,0.0,0.0,MAD,11,"HEZONJA, MARIO",26:56,13,5,8,1,6,0,0,2,3,5,1,2,3,0,0,3,2,9,-4.0
2024,310,0,P006540   ,1.0,1.0,MAD,13,"MUSA, DZANAN",16:38,11,3,5,0,4,5,5,0,4,4,0,0,1,0,2,0,4,10,-16.0
2024,310,0,P009005   ,1.0,0.0,MAD,14,"DECK, GABRIEL",17:55,2,1,1,0,0,0,0,0,1,1,1,0,3,0,0,3,0,-2,-14.0
2024,310,0,P007630   ,1.0,1.0,MAD,16,"GARUBA, USMAN",17:38,0,0,0,0,1,0,0,2,3,5,0,0,1,2,0,2,0,3,-7.0
2024,310,0,P003583   ,0.0,0.0,MAD,18,"IBAKA, SERGE",12:48,5,1,3,1,1,0,0,0,4,4,1,0,0,0,0,1,0,7,1.0
2024,310,0,P013667   ,0.0,0.0,MAD,20,"FERNANDO, BRUNO",06:49,0,0,0,0,0,0,0,2,1,3,1,0,0,0,0,0,0,4,-5.0
2024,310,0,P005791   ,1.0,1.0,MAD,22,"TAVARES, WALTER",19:44,7,3,6,0,0,1,2,0,2,2,0,0,4,1,0,3,1,0,-4.0
2024,310,0,PTGB      ,0.0,0.0,MAD,23,"LLULL, SERGIO",19:36,16,1,2,4,8,2,3,1,1,2,0,0,0,0,1,2,3,12,-3.0
2024,310,0,P011247   ,0.0,1.0,MAD,24,"FELIZ, ANDRES",17:17,8,4,5,0,1,0,0,0,1,1,3,4,2,0,0,2,1,11,1.0
2024,310,0,Team,0.0,0.0,MAD,,Team,,0,0,0,0,0,0,0,1,3,4,0,0,0,0,0,0,0,4,
2024,310,0,Total,,,MAD,,Total,200:00,72,20,33,7,24,11,15,8,27,35,14,6,19,3,3,22,18,70,
2024,311,1,P011212   ,1.0,1.0,MCO,0,"OKOBO, ELIE",29:15,19,5,7,2,3,3,4,1,1,2,7,2,3,0,0,1,4,26,22.0
2024,311,1,P011231   ,1.0,0.0,MCO,4,"BLOSSOMGAME, JARON",21:36,3,1,2,0,0,1,2,1,2,3,0,0,0,0,0,4,2,2,13.0
2024,311,1,P009754   ,0.0,0.0,MCO,8,"LOYD, JORDAN",19:47,1,0,2,0,1,1,1,0,1,1,2,0,0,0,0,1,1,1,18.0
2024,311,1,P004132   ,1.0,0.0,MCO,10,"THEIS, DANIEL",22:40,22,6,7,2,5,4,4,0,5,5,1,0,2,2,0,3,2,23,15.0
2024,311,1,P011226   ,1.0,0.0,MCO,11,"DIALLO, ALPHA",20:00,3,0,1,1,3,0,0,0,0,0,1,1,0,0,0,5,3,0,-3.0
2024,311,1,P004790   ,0.0,1.0,MCO,12,"CORNELIE, PETR",01:29,0,0,0,0,1,0,0,0,0,0,1,0,0,0,0,0,0,0,1.0
2024,311,1,P002581   ,0.0,1.0,MCO,14,"JAITEH, MAM",17:20,10,5,9,0,0,0,0,2,2,4,1,0,1,0,1,3,1,7,2.0
2024,311,1,PLCZ      ,0.0,0.0,MCO,20,"MOTIEJUNAS, DONATAS",DNP,0,0,0,0,0,0,0,0,0,0,0,0,0,0,0,0,0,0,0.0
2024,311,1,P012515   ,0.0,1.0,MCO,22,"TARPEY, TERRY",17:08,4,1,2,0,1,2,2,1,5,6,0,2,0,2,0,3,2,11,5.0
2024,311,1,P013365   ,0.0,0.0,MCO,30,"BROWN, VITTO",DNP,0,0,0,0,0,0,0,0,0,0,0,0,0,0,0,0,0,0,0.0
2024,311,1,P008099   ,0.0,1.0,MCO,32,"STRAZEL, MATTHEW",22:59,13,2,4,2,5,3,4,1,3,4,4,2,1,0,0,1,6,21,6.0
2024,311,1,P005985   ,1.0,0.0,MCO,55,"JAMES, MIKE",27:46,22,3,6,5,9,1,3,0,1,1,4,2,1,0,0,3,3,19,6.0
2024,311,1,Team,0.0,0.0,MCO,,Team,,0,0,0,0,0,0,0,2,2,4,0,0,0,0,0,0,0,4,
2024,311,1,Total,,,MCO,,Total,200:00,97,23,40,12,28,15,20,8,22,30,21,9,8,4,1,24,24,114,
2024,311,0,P009862   ,1.0,0.0,BAR,0,"PUNTER, KEVIN",27:39,16,1,4,3,7,5,5,1,1,2,1,1,3,0,1,3,4,10,0.0
2024,311,0,P012795   ,1.0,0.0,BAR,1,"ANDERSON, JUSTIN",25:53,5,2,6,0,1,1,1,2,1,3,0,0,2,0,1,4,2,-2,-21.0
2024,311,0,P000925   ,0.0,0.0,BAR,6,"VESELY, JAN",15:27,8,0,4,0,0,8,10,1,3,4,3,1,1,0,0,2,7,14,-7.0
2024,311,0,P009992   ,0.0,0.0,BAR,8,"BRIZUELA, DARIO",21:47,13,2,5,3,3,0,0,0,1,1,2,0,4,0,2,2,1,6,3.0
2024,311,0,P002939   ,1.0,0.0,BAR,13,"SATORANSKY, TOMAS",24:15,2,1,2,0,2,0,0,2,3,5,2,2,2,0,0,3,2,5,-14.0
2024,311,0,P003196   ,0.0,1.0,BAR,14,"HERNANGOMEZ, WILLY",06:13,3,1,1,0,0,1,2,0,1,1,0,0,2,0,0,3,1,-1,-8.0
2024,311,0,P006568   ,1.0,0.0,BAR,19,"FALL, YOUSSOUPHA",18:20,13,5,5,0,0,3,3,5,9,14,0,1,1,0,0,4,2,25,-3.0
2024,311,0,P003478   ,0.0,1.0,BAR,21,"ABRINES, ALEX",14:05,5,0,0,1,4,2,2,1,0,1,1,0,1,0,0,2,1,2,-16.0
2024,311,0,P012745   ,1.0,0.0,BAR,22,"PARKER, JABARI",19:27,7,3,6,0,3,1,2,0,1,1,1,0,0,0,0,1,2,3,-5.0
2024,311,0,P007464   ,0.0,1.0,BAR,44,"PARRA, JOEL",20:33,5,2,2,0,1,1,2,0,5,5,1,0,0,1,0,2,1,9,-12.0
2024,311,0,P012317   ,0.0,1.0,BAR,45,"VILLAR, RAUL",04:52,1,0,0,0,0,1,2,0,0,0,0,0,1,0,0,0,1,0,-1.0
2024,311,0,P012103   ,0.0,1.0,BAR,46,"GRUJICIC, MATHIEU",01:29,2,1,1,0,1,0,0,0,1,1,0,0,0,0,0,0,0,2,-1.0
2024,311,0,Team,0.0,0.0,BAR,,Team,,0,0,0,0,0,0,0,1,0,1,0,0,1,0,0,0,0,0,
2024,311,0,Total,,,BAR,,Total,200:00,80,18,36,7,22,23,29,13,26,39,11,5,18,1,4,26,24,73,
2024,312,1,P011209   ,0.0,1.0,PAN,0,"KALAITZAKIS, PANAGIOTIS",08:02,2,0,1,0,0,2,2,0,0,0,1,1,0,0,0,1,1,3,1.0
2024,312,1,P009622   ,0.0,0.0,PAN,2,"BROWN, LORENZO",09:13,5,1,2,1,1,0,0,0,0,0,0,2,2,0,0,2,0,2,-4.0
2024,312,1,P001926   ,0.0,0.0,PAN,10,"SLOUKAS, KOSTAS",26:25,13,2,2,1,3,6,6,1,1,2,4,0,1,0,0,1,3,18,12.0
2024,312,1,P004088   ,1.0,1.0,PAN,16,"OSMAN, CEDI",21:06,11,1,5,2,6,3,4,1,3,4,1,1,0,0,1,1,3,9,-5.0
2024,312,1,P011442   ,0.0,0.0,PAN,20,"SAMODUROV, ALEXANDROS",DNP,0,0,0,0,0,0,0,0,0,0,0,0,0,0,0,0,0,0,0.0
2024,312,1,P011204   ,1.0,1.0,PAN,22,"GRANT, JERIAN",25:25,3,0,2,1,4,0,0,1,0,1,1,0,0,0,0,1,2,1,-1.0
2024,312,1,PLHK      ,0.0,0.0,PAN,24,"PLEISS, TIBOR",DNP,0,0,0,0,0,0,0,0,0,0,0,0,0,0,0,0,0,0,0.0
2024,312,1,P012774   ,1.0,1.0,PAN,25,"NUNN, KENDRICK",31:01,15,1,5,3,10,4,4,0,1,1,5,0,4,0,0,4,5,7,1.0
2024,312,1,P013383   ,0.0,0.0,PAN,32,"GABRIEL, WENYEN",11:15,2,0,1,0,0,2,2,2,0,2,1,1,2,0,1,5,2,-1,8.0
2024,312,1,P012712   ,1.0,1.0,PAN,41,"HERNANGOMEZ, JUANCHO",39:04,20,7,7,2,5,0,2,2,14,16,3,3,0,2,0,2,3,40,11.0
2024,312,1,P007866   ,0.0,0.0,PAN,44,"MITOGLOU, KONSTANTINOS",04:53,2,1,3,0,1,0,0,0,1,1,0,1,0,0,1,0,0,0,3.0
2024,312,1,P005353   ,1.0,0.0,PAN,77,"YURTSEVEN, OMER",23:36,14,6,10,0,0,2,2,4,3,7,1,0,2,0,3,2,1,12,-6.0
2024,312,1,Team,0.0,0.0,PAN,,Team,,0,0,0,0,0,0,0,1,2,3,0,0,1,0,0,0,0,2,
2024,312,1,Total,,,PAN,,Total,200:00,87,19,38,10,30,19,22,12,25,37,17,9,12,2,6,19,20,93,
2024,312,0,P007200   ,1.0,1.0,IST,0,"LARKIN, SHANE",31:20,17,2,4,3,9,4,5,1,6,7,4,1,2,0,1,0,2,19,1.0
2024,312,0,P013363   ,0.0,1.0,IST,3,"NWORA, JORDAN",14:08,3,0,1,1,3,0,0,0,2,2,2,0,1,0,0,0,0,3,10.0
2024,312,0,P009846   ,1.0,1.0,IST,6,"BRYANT, ELIJAH",28:31,14,5,9,0,4,4,4,1,3,4,1,0,2,0,0,4,5,10,-20.0
2024,312,0,P007109   ,0.0,1.0,IST,11,"SMITS, ROLANDS",12:15,3,0,0,1,1,0,0,0,1,1,0,0,1,0,0,2,2,3,-6.0
2024,312,0,P011078   ,1.0,1.0,IST,13,"THOMPSON, DARIUS",27:50,8,1,6,2,6,0,0,1,1,2,5,0,1,0,1,0,1,5,-4.0
2024,312,0,P012742   ,0.0,0.0,IST,15,"DOZIER JR, PERRY",18:46,8,3,5,0,3,2,2,0,4,4,1,1,3,0,0,5,2,3,2.0
2024,312,0,P004887   ,1.0,0.0,IST,17,"POIRIER, VINCENT",26:39,17,7,8,0,0,3,4,4,4,8,2,1,3,5,0,3,4,29,-9.0
2024,312,0,P006640   ,0.0,0.0,IST,18,"OZDEMIROGLU, DOGUS",DNP,0,0,0,0,0,0,0,0,0,0,0,0,0,0,0,0,0,0,0.0
2024,312,0,P012710   ,1.0,0.0,IST,24,"OSMANI, ERCAN",05:45,0,0,0,0,1,0,0,0,1,1,1,0,0,0,0,1,0,0,-5.0
2024,312,0,P012788   ,0.0,0.0,IST,25,"OTURU, DAN",13:00,2,1,2,0,0,0,0,2,1,3,0,0,1,1,0,2,1,3,4.0
2024,312,0,P006372   ,0.0,0.0,IST,33,"YILMAZ, ERKAN",DNP,0,0,0,0,0,0,0,0,0,0,0,0,0,0,0,0,0,0,0.0
2024,312,0,P009664   ,0.0,0.0,IST,35,"WILLIS, DEREK",21:46,11,2,2,2,4,1,2,1,2,3,2,0,2,0,0,3,1,9,7.0
2024,312,0,Team,0.0,0.0,IST,,Team,,0,0,0,0,0,0,0,3,2,5,0,0,0,0,0,0,0,5,
2024,312,0,Total,,,IST,,Total,200:00,83,21,37,9,31,14,17,13,27,40,18,3,16,6,2,20,18,89,
2024,313,1,P005216   ,0.0,1.0,ULK,0,"MCCOLLUM, ERRICK",20:17,11,1,6,3,8,0,2,2,1,3,2,1,0,0,1,1,3,6,-1.0
2024,313,1,P009863   ,0.0,1.0,ULK,2,"BALDWIN IV, WADE",20:09,15,6,11,1,2,0,0,0,0,0,2,3,1,0,0,3,2,12,6.0
2024,313,1,P002849   ,0.0,0.0,ULK,4,"MELLI, NICOLO",18:50,0,0,2,0,1,0,0,2,2,4,2,1,0,0,0,2,5,7,2.0
2024,313,1,P002968   ,0.0,0.0,ULK,5,"SANLI, SERTAC",07:37,0,0,1,0,2,0,0,3,1,4,0,0,1,0,1,0,0,-1,-1.0
2024,313,1,P008962   ,1.0,1.0,ULK,11,"HAYES-DAVIS, NIGEL",28:05,14,3,4,1,6,5,6,3,3,6,3,1,2,0,0,4,4,15,7.0
2024,313,1,P006961   ,0.0,1.0,ULK,13,"BIBEROVIC, TARIK",24:12,11,1,1,3,7,0,0,1,3,4,1,1,0,0,0,1,0,12,6.0
2024,313,1,P011205   ,1.0,1.0,ULK,20,"HALL, DEVON",26:47,13,4,5,1,1,2,2,0,3,3,4,0,3,0,0,2,3,17,3.0
2024,313,1,P010560   ,0.0,0.0,ULK,21,"PIERRE, DYSHAWN",08:32,3,0,1,1,1,0,0,0,1,1,0,0,0,0,0,0,0,3,1.0
2024,313,1,P004004   ,1.0,0.0,ULK,23,"GUDURIC, MARKO",16:46,0,0,2,0,2,0,0,0,1,1,3,0,1,0,1,1,0,-3,4.0
2024,313,1,P013696   ,0.0,0.0,ULK,44,"BANGO, JILSON",DNP,0,0,0,0,0,0,0,0,0,0,0,0,0,0,0,0,0,0,0.0
2024,313,1,P009783   ,1.0,0.0,ULK,50,"COLSON, BONZIE",13:51,10,2,3,2,3,0,0,1,2,3,0,0,0,0,0,1,0,10,0.0
2024,313,1,P007182   ,1.0,0.0,ULK,92,"BIRCH, KHEM",14:54,6,2,2,0,0,2,2,2,2,4,1,1,2,0,0,3,2,9,-2.0
2024,313,1,Team,0.0,0.0,ULK,,Team,,0,0,0,0,0,0,0,5,2,7,0,0,0,0,0,0,0,7,
2024,313,1,Total,,,ULK,,Total,200:00,83,19,38,12,33,9,12,19,21,40,18,8,10,0,3,18,19,94,
2024,313,0,P012608   ,1.0,1.0,PRS,0,"SHORTS, TJ",28:57,17,6,8,1,5,2,4,0,2,2,7,1,3,0,0,2,7,21,-6.0
2024,313,0,P012609   ,0.0,0.0,PRS,1,"MALCOLM, COLLIN",15:38,6,1,3,1,2,1,2,0,3,3,1,0,1,1,0,0,1,7,-4.0
2024,313,0,P012640   ,0.0,1.0,PRS,2,"HIFI, NADIR",22:36,21,3,7,5,9,0,0,0,1,1,0,0,1,0,0,0,1,14,-3.0
2024,313,0,P012610   ,1.0,1.0,PRS,3,"WARD, TYSON",27:20,19,4,4,3,7,2,2,0,5,5,1,0,1,1,0,2,4,23,-8.0
2024,313,0,P013373   ,0.0,0.0,PRS,4,"CAVALIERE, LEOPOLD",DNP,0,0,0,0,0,0,0,0,0,0,0,0,0,0,0,0,0,0,0.0
2024,313,0,P005793   ,0.0,0.0,PRS,5,"SY, BANDJA",14:09,0,0,0,0,1,0,0,1,1,2,0,1,2,0,0,2,0,-2,-4.0
2024,313,0,P012611   ,1.0,0.0,PRS,7,"HERRERA, SEBASTIAN",13:30,0,0,0,0,4,0,0,1,0,1,2,1,0,0,0,3,0,-3,3.0
2024,313,0,P004512   ,0.0,0.0,PRS,8,"KRATZER, LEON",11:11,0,0,0,0,0,0,0,0,2,2,0,1,2,0,0,2,0,-1,2.0
2024,313,0,P010390   ,1.0,1.0,PRS,13,"HAYES, KEVARRIUS",25:07,8,3,3,0,0,2,2,1,2,3,1,2,0,1,0,3,2,14,2.0
2024,313,0,P012613   ,1.0,1.0,PRS,20,"JANTUNEN, MIKAEL",28:49,3,0,0,1,4,0,0,2,3,5,2,1,0,0,0,3,2,7,-8.0
2024,313,0,P007483   ,0.0,0.0,PRS,21,"DOSSOU-YOVO, MATHIS",DNP,0,0,0,0,0,0,0,0,0,0,0,0,0,0,0,0,0,0,0.0
2024,313,0,P004197   ,0.0,0.0,PRS,24,"OUATTARA, YAKUBA",12:43,4,2,2,0,1,0,0,0,1,1,0,0,1,0,0,2,1,2,1.0
2024,313,0,Team,0.0,0.0,PRS,,Team,,0,0,0,0,0,0,0,3,2,5,0,0,1,0,0,0,0,4,
2024,313,0,Total,,,PRS,,Total,200:00,78,19,27,11,33,7,10,8,22,30,14,7,12,3,0,19,18,86,
2024,314,1,P008855   ,0.0,0.0,OLY,0,"WALKUP, THOMAS",15:03,0,0,2,0,1,0,2,0,0,0,6,0,0,0,0,2,3,2,-1.0
2024,314,1,P007982   ,1.0,1.0,OLY,1,"WILLIAMS-GOSS, NIGEL",23:00,6,0,3,2,4,0,0,0,2,2,0,1,2,0,1,1,4,4,-11.0
2024,314,1,P010392   ,0.0,0.0,OLY,5,"LARENTZAKIS, GIANNOULIS",00:21,0,0,0,0,0,0,0,0,0,0,0,0,0,0,0,0,0,0,-2.0
2024,314,1,P007947   ,0.0,1.0,OLY,8,"VILDOZA, LUCA",10:36,3,0,0,1,3,0,0,0,0,0,0,0,0,0,0,4,2,-1,6.0
2024,314,1,P013389   ,0.0,0.0,OLY,9,"LEE, SABEN",16:09,6,1,1,1,2,1,2,0,2,2,1,1,0,1,0,1,2,10,10.0
2024,314,1,P008811   ,1.0,0.0,OLY,10,"FALL, MOUSTAPHA",15:24,4,1,2,0,0,2,4,3,1,4,1,0,1,0,0,3,2,4,-14.0
2024,314,1,P003469   ,1.0,1.0,OLY,14,"VEZENKOV, SASHA",33:30,22,6,10,2,8,4,5,5,4,9,2,0,2,0,0,2,2,20,4.0
2024,314,1,P001255   ,1.0,0.0,OLY,16,"PAPANIKOLAOU, KOSTAS",13:27,0,0,0,0,2,0,0,0,2,2,1,0,2,0,0,1,0,-2,-15.0
2024,314,1,P008829   ,0.0,1.0,OLY,25,"PETERS, ALEC",12:04,9,1,2,1,2,4,5,1,0,1,2,0,1,0,1,0,4,11,15.0
2024,314,1,P003941   ,0.0,0.0,OLY,33,"MILUTINOV, NIKOLA",24:00,10,3,4,0,0,4,5,3,3,6,3,3,0,0,0,0,3,23,20.0
2024,314,1,P007853   ,0.0,0.0,OLY,77,"MCKISSIC, SHAQUIELLE",03:49,0,0,0,0,0,0,0,1,0,1,0,0,1,0,0,2,0,-2,5.0
2024,314,1,P013380   ,1.0,1.0,OLY,94,"FOURNIER, EVAN",32:37,17,1,6,2,10,9,10,1,2,3,2,3,1,0,1,3,6,12,13.0
2024,314,1,Team,0.0,0.0,OLY,,Team,,0,0,0,0,0,0,0,2,4,6,0,0,1,0,0,0,0,5,
2024,314,1,Total,,,OLY,,Total,200:00,77,13,30,9,32,24,33,16,20,36,18,8,11,1,3,19,28,86,
2024,314,0,P003733   ,1.0,0.0,MAD,6,"ABALDE, ALBERTO",13:44,6,0,0,2,2,0,0,0,2,2,0,0,0,0,0,3,0,5,6.0
2024,314,0,P005928   ,1.0,1.0,MAD,7,"CAMPAZZO, FACUNDO",23:39,9,1,3,2,2,1,2,1,4,5,3,0,4,0,0,3,4,11,4.0
2024,314,0,P011649   ,0.0,0.0,MAD,9,"GONZALEZ, HUGO",00:25,0,0,0,0,0,0,0,0,0,0,0,0,0,0,0,0,0,0,0.0
2024,314,0,P003108   ,1.0,1.0,MAD,11,"HEZONJA, MARIO",27:14,22,8,9,1,6,3,5,0,8,8,2,0,1,0,0,1,2,24,10.0
2024,314,0,P006540   ,0.0,0.0,MAD,13,"MUSA, DZANAN",17:15,2,1,5,0,2,0,0,1,1,2,1,0,1,0,0,2,4,0,-14.0
2024,314,0,P009005   ,0.0,0.0,MAD,14,"DECK, GABRIEL",23:26,7,2,3,1,1,0,2,1,0,1,1,0,0,0,0,2,1,5,-21.0
2024,314,0,P007630   ,0.0,1.0,MAD,16,"GARUBA, USMAN",08:37,5,1,1,1,2,0,0,1,1,2,1,0,2,0,0,4,0,1,-5.0
2024,314,0,P003583   ,0.0,0.0,MAD,18,"IBAKA, SERGE",08:09,4,2,2,0,2,0,0,1,1,2,0,0,1,0,0,2,0,1,3.0
2024,314,0,P013667   ,0.0,0.0,MAD,20,"FERNANDO, BRUNO",08:23,2,1,2,0,0,0,0,2,2,4,0,0,3,1,0,2,0,1,-9.0
2024,314,0,P005791   ,1.0,1.0,MAD,22,"TAVARES, WALTER",23:01,6,3,5,0,0,0,0,1,6,7,2,2,3,2,0,3,1,12,-2.0
2024,314,0,PTGB      ,1.0,1.0,MAD,23,"LLULL, SERGIO",23:47,4,0,2,0,5,4,4,3,1,4,4,0,2,0,0,2,2,3,3.0
2024,314,0,P011247   ,0.0,0.0,MAD,24,"FELIZ, ANDRES",22:20,4,1,1,0,2,2,4,0,2,2,2,6,1,0,1,5,5,8,-5.0
2024,314,0,Team,0.0,0.0,MAD,,Team,,0,0,0,0,0,0,0,1,1,2,0,0,0,0,0,0,0,2,
2024,314,0,Total,,,MAD,,Total,200:00,71,20,33,7,24,10,17,12,29,41,16,8,18,3,1,29,19,73,
2024,315,1,P011212   ,1.0,1.0,MCO,0,"OKOBO, ELIE",27:47,11,3,6,1,6,2,3,0,2,2,8,0,2,0,0,4,4,10,4.0
2024,315,1,P011231   ,1.0,1.0,MCO,4,"BLOSSOMGAME, JARON",27:52,2,1,3,0,1,0,0,2,2,4,3,2,0,1,0,4,0,5,4.0
2024,315,1,P009754   ,0.0,0.0,MCO,8,"LOYD, JORDAN",15:42,13,1,1,3,4,2,3,0,3,3,3,0,0,0,0,2,2,17,9.0
2024,315,1,P004132   ,1.0,1.0,MCO,10,"THEIS, DANIEL",24:12,6,3,6,0,1,0,0,0,2,2,1,0,1,0,0,1,2,5,-9.0
2024,315,1,P011226   ,1.0,0.0,MCO,11,"DIALLO, ALPHA",32:07,21,7,7,2,5,1,1,2,4,6,1,0,0,1,0,4,2,24,8.0
2024,315,1,P004790   ,0.0,0.0,MCO,12,"CORNELIE, PETR",DNP,0,0,0,0,0,0,0,0,0,0,0,0,0,0,0,0,0,0,0.0
2024,315,1,P002581   ,0.0,0.0,MCO,14,"JAITEH, MAM",15:48,20,9,9,0,0,2,2,2,2,4,1,2,0,0,0,2,2,27,22.0
2024,315,1,PLCZ      ,0.0,0.0,MCO,20,"MOTIEJUNAS, DONATAS",DNP,0,0,0,0,0,0,0,0,0,0,0,0,0,0,0,0,0,0,0.0
2024,315,1,P012515   ,0.0,0.0,MCO,22,"TARPEY, TERRY",10:09,2,1,1,0,1,0,0,2,1,3,0,0,0,0,0,3,0,1,12.0
2024,315,1,P013365   ,0.0,0.0,MCO,30,"BROWN, VITTO",DNP,0,0,0,0,0,0,0,0,0,0,0,0,0,0,0,0,0,0,0.0
2024,315,1,P008099   ,0.0,1.0,MCO,32,"STRAZEL, MATTHEW",16:11,12,3,4,1,4,3,4,0,1,1,5,0,0,0,1,4,3,11,7.0
2024,315,1,P005985   ,1.0,1.0,MCO,55,"JAMES, MIKE",30:12,5,0,2,1,4,2,2,0,0,0,6,0,4,0,0,3,6,5,8.0
2024,315,1,Team,0.0,0.0,MCO,,Team,,0,0,0,0,0,0,0,2,3,5,0,0,1,0,0,0,0,4,
2024,315,1,Total,,,MCO,,Total,200:00,92,28,39,8,26,12,15,10,20,30,28,4,8,2,1,27,21,109,
2024,315,0,P009862   ,1.0,0.0,BAR,0,"PUNTER, KEVIN",32:39,14,4,4,0,4,6,6,0,2,2,3,1,1,0,0,3,8,20,-2.0
2024,315,0,P012795   ,0.0,0.0,BAR,1,"ANDERSON, JUSTIN",16:17,4,2,2,0,1,0,0,0,2,2,1,1,0,0,0,2,1,6,-7.0
2024,315,0,P000925   ,1.0,0.0,BAR,6,"VESELY, JAN",09:47,2,1,3,0,0,0,0,0,0,0,0,0,2,0,0,1,0,-3,-3.0
2024,315,0,P009992   ,0.0,0.0,BAR,8,"BRIZUELA, DARIO",20:35,11,1,2,3,4,0,0,0,1,1,1,0,3,0,1,3,2,6,-7.0
2024,315,0,P002939   ,1.0,0.0,BAR,13,"SATORANSKY, TOMAS",22:29,9,3,9,1,3,0,0,0,3,3,5,1,1,1,0,4,1,7,-8.0
2024,315,0,P003196   ,0.0,1.0,BAR,14,"HERNANGOMEZ, WILLY",12:07,8,1,3,0,0,6,6,1,1,2,0,0,0,0,0,1,5,12,-6.0
2024,315,0,P006568   ,0.0,0.0,BAR,19,"FALL, YOUSSOUPHA",08:40,0,0,0,0,0,0,0,0,1,1,0,0,1,0,0,1,0,-1,-3.0
2024,315,0,P003478   ,0.0,1.0,BAR,21,"ABRINES, ALEX",13:56,3,0,0,1,2,0,0,0,1,1,1,0,0,0,0,3,0,1,-5.0
2024,315,0,P012745   ,1.0,0.0,BAR,22,"PARKER, JABARI",35:17,16,4,7,2,5,2,4,2,7,9,6,0,3,0,1,3,5,21,-12.0
2024,315,0,P007464   ,1.0,1.0,BAR,44,"PARRA, JOEL",25:44,9,3,5,1,2,0,0,5,2,7,0,1,0,0,0,1,2,15,-9.0
2024,315,0,P012317   ,0.0,1.0,BAR,45,"VILLAR, RAUL",01:30,2,1,1,0,0,0,0,0,0,0,0,0,0,0,0,0,0,2,-3.0
2024,315,0,P012103   ,0.0,1.0,BAR,46,"GRUJICIC, MATHIEU",00:59,1,0,0,0,0,1,2,0,0,0,0,0,0,0,0,1,1,0,0.0
2024,315,0,Team,0.0,0.0,BAR,,Team,,0,0,0,0,0,0,0,0,1,1,0,0,0,0,0,0,0,1,
2024,315,0,Total,,,BAR,,Total,200:00,79,20,36,8,21,15,18,8,21,29,17,4,11,1,2,23,25,87,
2024,316,1,P011209   ,0.0,0.0,PAN,0,"KALAITZAKIS, PANAGIOTIS",00:47,2,0,0,0,0,2,2,0,0,0,0,0,0,0,0,1,1,2,1.0
2024,316,1,P009622   ,0.0,0.0,PAN,2,"BROWN, LORENZO",12:14,5,1,2,1,1,0,0,2,1,3,2,0,1,0,0,0,0,8,-5.0
2024,316,1,P001926   ,0.0,1.0,PAN,10,"SLOUKAS, KOSTAS",20:27,9,0,1,2,5,3,4,0,1,1,4,1,1,0,0,3,3,9,-14.0
2024,316,1,P004088   ,1.0,0.0,PAN,16,"OSMAN, CEDI",24:32,16,2,3,2,5,6,11,0,1,1,0,0,0,1,1,1,6,13,10.0
2024,316,1,P011442   ,0.0,0.0,PAN,20,"SAMODUROV, ALEXANDROS",DNP,0,0,0,0,0,0,0,0,0,0,0,0,0,0,0,0,0,0,0.0
2024,316,1,P011204   ,1.0,1.0,PAN,22,"GRANT, JERIAN",28:49,11,1,2,3,4,0,0,0,4,4,2,4,0,0,0,3,2,18,-1.0
2024,316,1,PLHK      ,0.0,0.0,PAN,24,"PLEISS, TIBOR",DNP,0,0,0,0,0,0,0,0,0,0,0,0,0,0,0,0,0,0,0.0
2024,316,1,P012774   ,1.0,1.0,PAN,25,"NUNN, KENDRICK",33:11,14,5,11,1,6,1,1,0,4,4,6,1,4,0,2,1,4,11,0.0
2024,316,1,P013383   ,0.0,0.0,PAN,32,"GABRIEL, WENYEN",08:10,0,0,0,0,0,0,0,1,1,2,0,1,3,0,0,1,0,-1,-2.0
2024,316,1,P012712   ,1.0,1.0,PAN,41,"HERNANGOMEZ, JUANCHO",28:59,4,0,1,1,5,1,2,2,3,5,1,0,0,0,0,3,2,3,-10.0
2024,316,1,P007866   ,0.0,1.0,PAN,44,"MITOGLOU, KONSTANTINOS",22:53,5,1,2,1,3,0,0,2,4,6,0,0,1,0,0,4,0,3,2.0
2024,316,1,P005353   ,1.0,0.0,PAN,77,"YURTSEVEN, OMER",19:58,10,3,5,1,1,1,1,2,3,5,2,3,3,0,0,4,1,12,4.0
2024,316,1,Team,0.0,0.0,PAN,,Team,,0,0,0,0,0,0,0,2,1,3,0,0,1,0,0,0,0,2,
2024,316,1,Total,,,PAN,,Total,200:00,76,13,27,12,30,14,21,11,23,34,17,10,14,1,3,21,19,80,
2024,316,0,P007200   ,1.0,1.0,IST,0,"LARKIN, SHANE",32:36,20,1,2,4,6,6,7,1,2,3,5,1,3,0,0,0,5,27,2.0
2024,316,0,P013363   ,0.0,0.0,IST,3,"NWORA, JORDAN",07:18,0,0,0,0,2,0,0,0,1,1,1,0,0,0,0,1,1,0,-5.0
2024,316,0,P009846   ,1.0,1.0,IST,6,"BRYANT, ELIJAH",20:09,5,0,5,1,4,2,2,1,4,5,3,1,5,0,0,3,4,2,-10.0
2024,316,0,P007109   ,0.0,0.0,IST,11,"SMITS, ROLANDS",10:13,3,0,1,1,3,0,0,0,0,0,0,0,0,0,0,5,0,-5,-5.0
2024,316,0,P011078   ,0.0,1.0,IST,13,"THOMPSON, DARIUS",26:31,6,0,0,2,4,0,0,0,3,3,3,1,1,0,0,2,0,8,9.0
2024,316,0,P012742   ,1.0,1.0,IST,15,"DOZIER JR, PERRY",29:25,14,4,6,1,2,3,3,0,2,2,5,1,1,0,0,3,4,19,9.0
2024,316,0,P004887   ,1.0,1.0,IST,17,"POIRIER, VINCENT",24:31,16,7,11,0,0,2,4,6,4,10,1,0,0,2,0,2,2,23,-3.0
2024,316,0,P006640   ,0.0,0.0,IST,18,"OZDEMIROGLU, DOGUS",DNP,0,0,0,0,0,0,0,0,0,0,0,0,0,0,0,0,0,0,0.0
2024,316,0,P012710   ,1.0,0.0,IST,24,"OSMANI, ERCAN",15:15,2,1,4,0,0,0,0,1,1,2,1,0,1,0,1,0,2,2,-7.0
2024,316,0,P012788   ,0.0,0.0,IST,25,"OTURU, DAN",15:29,11,5,6,0,0,1,3,0,4,4,0,2,0,1,0,2,2,15,6.0
2024,316,0,P006372   ,0.0,0.0,IST,33,"YILMAZ, ERKAN",04:22,0,0,0,0,0,0,0,0,1,1,0,1,0,0,0,1,0,1,3.0
2024,316,0,P009664   ,0.0,0.0,IST,35,"WILLIS, DEREK",14:11,2,1,2,0,2,0,0,1,0,1,0,0,1,0,0,0,0,-1,16.0
2024,316,0,Team,0.0,0.0,IST,,Team,,0,0,0,0,0,0,0,2,1,3,0,0,0,0,0,0,0,3,
2024,316,0,Total,,,IST,,Total,200:00,79,19,37,9,23,14,19,12,23,35,19,7,12,3,1,19,20,94,
2024,317,1,P005216   ,0.0,1.0,ULK,0,"MCCOLLUM, ERRICK",15:29,2,1,2,0,1,0,0,1,2,3,3,0,1,1,0,1,1,6,2.0
2024,317,1,P009863   ,0.0,0.0,ULK,2,"BALDWIN IV, WADE",24:12,11,4,5,1,2,0,0,0,3,3,4,0,3,0,0,3,3,13,7.0
2024,317,1,P002849   ,0.0,0.0,ULK,4,"MELLI, NICOLO",15:23,7,2,3,1,3,0,0,0,4,4,0,1,1,0,0,3,1,6,15.0
2024,317,1,P002968   ,0.0,0.0,ULK,5,"SANLI, SERTAC",01:50,0,0,0,0,0,0,0,0,0,0,0,0,0,0,0,0,0,0,7.0
2024,317,1,P008962   ,1.0,0.0,ULK,11,"HAYES-DAVIS, NIGEL",25:48,16,4,6,1,5,5,5,0,7,7,2,1,0,1,0,0,5,26,22.0
2024,317,1,P006961   ,0.0,1.0,ULK,13,"BIBEROVIC, TARIK",22:02,20,4,4,3,5,3,4,1,3,4,0,0,0,0,0,2,2,21,6.0
2024,317,1,P011205   ,1.0,0.0,ULK,20,"HALL, DEVON",18:48,9,1,2,2,2,1,2,0,1,1,3,1,0,0,0,2,1,11,5.0
2024,317,1,P010560   ,0.0,1.0,ULK,21,"PIERRE, DYSHAWN",14:12,5,1,2,1,1,0,0,0,0,0,0,2,0,0,0,0,1,7,-5.0
2024,317,1,P004004   ,1.0,0.0,ULK,23,"GUDURIC, MARKO",20:14,13,3,3,1,2,4,5,0,1,1,5,0,3,0,0,2,4,16,22.0
2024,317,1,P013696   ,0.0,1.0,ULK,44,"BANGO, JILSON",07:06,0,0,2,0,0,0,0,0,1,1,0,0,0,0,0,1,0,-2,-4.0
2024,317,1,P009783   ,1.0,1.0,ULK,50,"COLSON, BONZIE",18:17,6,1,5,1,2,1,1,2,1,3,0,0,0,1,0,2,2,5,5.0
2024,317,1,P007182   ,1.0,0.0,ULK,92,"BIRCH, KHEM",16:39,0,0,0,0,0,0,0,0,2,2,0,0,1,1,0,1,1,2,3.0
2024,317,1,Team,0.0,0.0,ULK,,Team,,0,0,0,0,0,0,0,1,1,2,0,0,0,0,0,0,0,2,
2024,317,1,Total,,,ULK,,Total,200:00,89,21,34,11,23,14,17,5,26,31,17,5,9,4,0,17,21,113,
2024,317,0,P012608   ,1.0,0.0,PRS,0,"SHORTS, TJ",24:23,18,5,13,0,1,8,10,1,1,2,4,0,4,0,0,1,9,17,-14.0
2024,317,0,P012609   ,0.0,1.0,PRS,1,"MALCOLM, COLLIN",17:46,8,1,3,2,6,0,0,1,3,4,0,0,1,0,1,1,2,5,3.0
2024,317,0,P012640   ,0.0,0.0,PRS,2,"HIFI, NADIR",19:32,15,5,12,1,5,2,2,2,0,2,1,1,0,0,1,5,1,3,-18.0
2024,317,0,P012610   ,1.0,0.0,PRS,3,"WARD, TYSON",24:59,10,3,4,1,4,1,2,0,3,3,2,1,2,0,0,3,2,8,-18.0
2024,317,0,P013373   ,0.0,1.0,PRS,4,"CAVALIERE, LEOPOLD",11:53,0,0,2,0,1,0,0,2,4,6,0,0,1,0,0,2,0,0,1.0
2024,317,0,P005793   ,0.0,0.0,PRS,5,"SY, BANDJA",13:28,3,1,1,0,1,1,2,1,0,1,0,1,0,0,0,2,1,2,-4.0
2024,317,0,P012611   ,1.0,1.0,PRS,7,"HERRERA, SEBASTIAN",12:23,0,0,0,0,3,0,0,0,1,1,2,0,0,0,0,1,0,-1,-1.0
2024,317,0,P004512   ,0.0,0.0,PRS,8,"KRATZER, LEON",06:54,0,0,0,0,0,0,0,0,1,1,0,0,0,0,0,3,0,-2,-5.0
2024,317,0,P010390   ,1.0,0.0,PRS,13,"HAYES, KEVARRIUS",19:03,4,2,2,0,0,0,0,1,1,2,0,2,0,0,0,1,0,7,-10.0
2024,317,0,P012613   ,1.0,0.0,PRS,20,"JANTUNEN, MIKAEL",24:59,9,3,4,1,2,0,0,4,2,6,1,0,0,0,1,1,0,12,-18.0
2024,317,0,P007483   ,0.0,1.0,PRS,21,"DOSSOU-YOVO, MATHIS",03:43,0,0,0,0,0,0,0,0,0,0,0,0,0,0,0,0,0,0,2.0
2024,317,0,P004197   ,0.0,1.0,PRS,24,"OUATTARA, YAKUBA",20:57,5,0,1,1,3,2,2,1,2,3,0,0,1,0,1,1,2,4,-3.0
2024,317,0,Team,0.0,0.0,PRS,,Team,,0,0,0,0,0,0,0,3,3,6,0,0,0,0,0,0,0,6,
2024,317,0,Total,,,PRS,,Total,200:00,72,20,42,6,26,14,18,16,21,37,10,5,9,0,4,21,17,61,
2024,318,1,P003733   ,1.0,1.0,MAD,6,"ABALDE, ALBERTO",27:12,9,2,3,1,2,2,2,1,4,5,6,0,0,0,0,3,1,16,16.0
2024,318,1,P005928   ,1.0,1.0,MAD,7,"CAMPAZZO, FACUNDO",23:46,9,1,6,1,2,4,4,0,1,1,2,1,2,0,0,1,5,9,4.0
2024,318,1,P011649   ,0.0,0.0,MAD,9,"GONZALEZ, HUGO",DNP,0,0,0,0,0,0,0,0,0,0,0,0,0,0,0,0,0,0,0.0
2024,318,1,P003108   ,1.0,1.0,MAD,11,"HEZONJA, MARIO",25:52,14,4,7,2,4,0,1,0,2,2,1,2,1,0,1,3,2,10,8.0
2024,318,1,P006540   ,1.0,0.0,MAD,13,"MUSA, DZANAN",23:16,14,3,4,2,4,2,2,1,4,5,4,2,3,0,1,2,4,20,5.0
2024,318,1,P009005   ,0.0,0.0,MAD,14,"DECK, GABRIEL",10:05,2,1,2,0,0,0,0,3,1,4,0,0,0,0,0,0,1,6,-13.0
2024,318,1,P007630   ,0.0,1.0,MAD,16,"GARUBA, USMAN",12:44,5,2,4,0,0,1,3,0,1,1,0,1,1,1,0,4,2,1,4.0
2024,318,1,P003583   ,0.0,0.0,MAD,18,"IBAKA, SERGE",13:03,4,2,4,0,2,0,0,1,1,2,0,0,1,1,0,3,1,0,0.0
2024,318,1,P013667   ,0.0,0.0,MAD,20,"FERNANDO, BRUNO",DNP,0,0,0,0,0,0,0,0,0,0,0,0,0,0,0,0,0,0,0.0
2024,318,1,P005791   ,1.0,0.0,MAD,22,"TAVARES, WALTER",26:14,15,5,6,0,0,5,6,1,4,5,1,2,2,0,0,2,3,20,6.0
2024,318,1,PTGB      ,0.0,0.0,MAD,23,"LLULL, SERGIO",18:55,4,2,3,0,4,0,0,0,2,2,2,2,0,0,0,1,2,6,2.0
2024,318,1,P011247   ,0.0,1.0,MAD,24,"FELIZ, ANDRES",18:53,4,2,4,0,1,0,0,1,1,2,2,1,0,0,0,3,1,4,8.0
2024,318,1,Team,0.0,0.0,MAD,,Team,,0,0,0,0,0,0,0,2,1,3,0,0,0,0,0,0,0,3,
2024,318,1,Total,,,MAD,,Total,200:00,80,24,43,6,19,14,18,10,22,32,18,11,10,2,2,22,22,95,
2024,318,0,P008855   ,0.0,1.0,OLY,0,"WALKUP, THOMAS",19:26,5,1,3,1,3,0,2,1,2,3,6,0,1,0,0,1,2,8,7.0
2024,318,0,P007982   ,1.0,0.0,OLY,1,"WILLIAMS-GOSS, NIGEL",32:22,17,3,5,2,3,5,6,0,3,3,4,1,4,0,0,5,5,17,2.0
2024,318,0,P012878   ,0.0,0.0,OLY,2,"WRIGHT, MOSES",08:33,4,2,3,0,0,0,0,0,1,1,1,0,1,0,0,0,0,4,11.0
2024,318,0,P010392   ,0.0,0.0,OLY,5,"LARENTZAKIS, GIANNOULIS",DNP,0,0,0,0,0,0,0,0,0,0,0,0,0,0,0,0,0,0,0.0
2024,318,0,P007947   ,1.0,1.0,OLY,8,"VILDOZA, LUCA",18:45,5,1,1,1,3,0,0,0,0,0,2,0,3,0,0,3,4,3,-7.0
2024,318,0,P013389   ,0.0,1.0,OLY,9,"LEE, SABEN",17:09,11,3,4,1,2,2,2,2,2,4,0,0,2,0,0,3,4,12,-7.0
2024,318,0,P008811   ,1.0,0.0,OLY,10,"FALL, MOUSTAPHA",13:29,0,0,0,0,0,0,0,1,1,2,0,0,1,2,0,4,2,1,-9.0
2024,318,0,P003469   ,1.0,1.0,OLY,14,"VEZENKOV, SASHA",33:45,21,7,11,2,7,1,1,2,7,9,4,1,1,0,0,2,3,26,-10.0
2024,318,0,P001255   ,1.0,0.0,OLY,16,"PAPANIKOLAOU, KOSTAS",15:54,2,1,1,0,1,0,0,1,1,2,1,1,1,0,0,1,0,3,-11.0
2024,318,0,P008829   ,0.0,1.0,OLY,25,"PETERS, ALEC",12:43,3,1,2,0,2,1,1,1,1,2,0,0,1,0,0,0,1,2,-8.0
2024,318,0,P003941   ,0.0,0.0,OLY,33,"MILUTINOV, NIKOLA",17:15,4,2,4,0,0,0,0,2,1,3,1,0,0,0,0,1,0,5,-8.0
2024,318,0,P007853   ,0.0,0.0,OLY,77,"MCKISSIC, SHAQUIELLE",10:39,0,0,3,0,1,0,0,0,1,1,1,0,0,0,2,2,0,-6,0.0
2024,318,0,Team,0.0,0.0,OLY,,Team,,0,0,0,0,0,0,0,1,3,4,0,0,0,0,0,0,0,4,
2024,318,0,Total,,,OLY,,Total,200:00,72,21,37,7,22,9,12,11,23,34,20,3,15,2,2,22,21,79,
2024,319,1,P009862   ,1.0,1.0,BAR,0,"PUNTER, KEVIN",23:38,14,3,6,1,6,5,5,0,2,2,5,2,1,0,0,4,5,15,-2.0
2024,319,1,P012795   ,1.0,0.0,BAR,1,"ANDERSON, JUSTIN",25:17,10,1,4,2,4,2,2,0,3,3,4,0,0,0,0,1,2,13,-8.0
2024,319,1,P009992   ,0.0,0.0,BAR,8,"BRIZUELA, DARIO",16:13,14,4,4,2,3,0,0,0,0,0,4,1,2,0,0,4,0,12,16.0
2024,319,1,P002939   ,1.0,1.0,BAR,13,"SATORANSKY, TOMAS",32:30,6,3,5,0,2,0,0,0,3,3,7,1,3,0,0,3,2,9,12.0
2024,319,1,P003196   ,0.0,1.0,BAR,14,"HERNANGOMEZ, WILLY",27:47,19,8,9,0,0,3,4,7,3,10,0,1,0,0,0,2,5,31,9.0
2024,319,1,P006568   ,1.0,0.0,BAR,19,"FALL, YOUSSOUPHA",07:19,4,2,3,0,0,0,0,2,0,2,0,0,0,0,0,0,0,5,-2.0
2024,319,1,P003478   ,0.0,0.0,BAR,21,"ABRINES, ALEX",15:18,8,1,2,2,2,0,0,0,0,0,1,0,1,0,0,4,2,5,12.0
2024,319,1,P012745   ,1.0,1.0,BAR,22,"PARKER, JABARI",25:39,16,2,5,4,7,0,2,1,2,3,0,1,1,0,1,1,1,10,0.0
2024,319,1,P012885   ,0.0,0.0,BAR,41,"KEITA, SAYON",DNP,0,0,0,0,0,0,0,0,0,0,0,0,0,0,0,0,0,0,0.0
2024,319,1,P007464   ,0.0,1.0,BAR,44,"PARRA, JOEL",23:56,9,2,4,1,1,2,2,0,3,3,0,0,0,0,0,2,3,11,19.0
2024,319,1,P012317   ,0.0,0.0,BAR,45,"VILLAR, RAUL",02:23,0,0,0,0,1,0,0,0,0,0,0,0,0,0,0,0,0,-1,-1.0
2024,319,1,P012103   ,0.0,0.0,BAR,46,"GRUJICIC, MATHIEU",DNP,0,0,0,0,0,0,0,0,0,0,0,0,0,0,0,0,0,0,0.0
2024,319,1,Team,0.0,0.0,BAR,,Team,,0,0,0,0,0,0,0,4,2,6,0,0,0,0,0,0,0,6,
2024,319,1,Total,,,BAR,,Total,200:00,100,26,42,12,26,12,15,14,18,32,21,6,8,0,1,21,20,116,
2024,319,0,P011212   ,1.0,0.0,MCO,0,"OKOBO, ELIE",32:32,19,3,4,3,6,4,5,0,2,2,4,0,1,0,0,2,6,23,-16.0
2024,319,0,P011231   ,1.0,0.0,MCO,4,"BLOSSOMGAME, JARON",27:13,12,6,7,0,2,0,0,4,2,6,2,0,1,0,0,1,2,17,0.0
2024,319,0,P009754   ,0.0,1.0,MCO,8,"LOYD, JORDAN",13:40,0,0,2,0,2,0,0,0,0,0,0,0,0,0,0,2,0,-6,-19.0
2024,319,0,P004132   ,1.0,0.0,MCO,10,"THEIS, DANIEL",24:21,10,2,3,1,2,3,4,1,5,6,2,0,4,0,0,5,3,9,-5.0
2024,319,0,P011226   ,1.0,0.0,MCO,11,"DIALLO, ALPHA",27:09,16,2,3,4,4,0,0,0,1,1,0,0,1,1,0,4,3,15,-7.0
2024,319,0,P004790   ,0.0,0.0,MCO,12,"CORNELIE, PETR",DNP,0,0,0,0,0,0,0,0,0,0,0,0,0,0,0,0,0,0,0.0
2024,319,0,P002581   ,0.0,1.0,MCO,14,"JAITEH, MAM",15:39,7,3,5,0,0,1,4,1,1,2,1,0,2,0,0,3,2,2,-6.0
2024,319,0,PLCZ      ,0.0,0.0,MCO,20,"MOTIEJUNAS, DONATAS",DNP,0,0,0,0,0,0,0,0,0,0,0,0,0,0,0,0,0,0,0.0
2024,319,0,P012515   ,0.0,1.0,MCO,22,"TARPEY, TERRY",04:46,0,0,0,0,2,0,0,0,0,0,0,0,0,0,0,0,0,-2,1.0
2024,319,0,P013365   ,0.0,0.0,MCO,30,"BROWN, VITTO",DNP,0,0,0,0,0,0,0,0,0,0,0,0,0,0,0,0,0,0,0.0
2024,319,0,P008099   ,0.0,1.0,MCO,32,"STRAZEL, MATTHEW",22:07,5,1,3,1,1,0,0,1,1,2,2,0,2,0,0,2,1,4,-4.0
2024,319,0,P005985   ,1.0,1.0,MCO,55,"JAMES, MIKE",32:33,20,3,5,4,8,2,2,0,5,5,12,0,1,0,0,1,4,33,1.0
2024,319,0,Team,0.0,0.0,MCO,,Team,,0,0,0,0,0,0,0,2,1,3,0,0,0,0,0,0,0,3,
2024,319,0,Total,,,MCO,,Total,200:00,89,20,32,13,27,10,15,9,18,27,23,0,12,1,0,20,21,98,
2024,320,1,P007200   ,1.0,1.0,IST,0,"LARKIN, SHANE",35:00,17,2,5,3,6,4,4,0,0,0,4,1,3,0,1,1,6,17,-1.0
2024,320,1,P013363   ,0.0,0.0,IST,3,"NWORA, JORDAN",07:32,2,1,2,0,2,0,0,0,2,2,0,1,0,0,0,1,1,2,-10.0
2024,320,1,P009846   ,1.0,1.0,IST,6,"BRYANT, ELIJAH",30:17,13,2,6,2,6,3,3,2,5,7,3,0,1,0,1,4,5,14,5.0
2024,320,1,P007109   ,0.0,0.0,IST,11,"SMITS, ROLANDS",20:26,4,2,3,0,1,0,0,1,0,1,2,2,0,0,0,2,0,5,1.0
2024,320,1,P011078   ,0.0,1.0,IST,13,"THOMPSON, DARIUS",22:13,6,0,2,2,3,0,0,1,1,2,3,0,2,0,1,2,0,3,-9.0
2024,320,1,P012742   ,1.0,1.0,IST,15,"DOZIER JR, PERRY",25:04,9,3,6,1,1,0,0,0,2,2,2,1,2,0,0,3,2,8,4.0
2024,320,1,P004887   ,1.0,0.0,IST,17,"POIRIER, VINCENT",16:08,2,1,2,0,0,0,0,2,1,3,0,0,1,1,0,2,1,3,-3.0
2024,320,1,P006640   ,0.0,0.0,IST,18,"OZDEMIROGLU, DOGUS",DNP,0,0,0,0,0,0,0,0,0,0,0,0,0,0,0,0,0,0,0.0
2024,320,1,P012710   ,1.0,0.0,IST,24,"OSMANI, ERCAN",13:37,10,2,2,2,3,0,0,0,2,2,0,0,2,0,0,4,0,5,0.0
2024,320,1,P012788   ,0.0,1.0,IST,25,"OTURU, DAN",23:43,14,6,8,0,0,2,2,2,3,5,0,0,1,5,2,2,2,19,-3.0
2024,320,1,P006372   ,0.0,0.0,IST,33,"YILMAZ, ERKAN",00:07,0,0,0,0,0,0,0,0,0,0,0,0,0,0,0,0,0,0,-1.0
2024,320,1,P009664   ,0.0,0.0,IST,35,"WILLIS, DEREK",05:53,0,0,0,0,1,0,0,0,1,1,0,0,1,0,0,1,0,-2,-3.0
2024,320,1,Team,0.0,0.0,IST,,Team,,0,0,0,0,0,0,0,1,0,1,0,0,0,0,0,0,0,1,
2024,320,1,Total,,,IST,,Total,200:00,77,19,36,10,23,9,9,9,17,26,14,5,13,6,5,22,17,75,
2024,320,0,P011209   ,0.0,0.0,PAN,0,"KALAITZAKIS, PANAGIOTIS",DNP,0,0,0,0,0,0,0,0,0,0,0,0,0,0,0,0,0,0,0.0
2024,320,0,P009622   ,0.0,0.0,PAN,2,"BROWN, LORENZO",09:37,2,0,0,0,1,2,2,0,1,1,2,0,1,0,0,1,1,3,3.0
2024,320,0,P001926   ,0.0,0.0,PAN,10,"SLOUKAS, KOSTAS",26:07,10,2,5,1,5,3,3,1,2,3,3,0,1,0,2,1,4,9,9.0
2024,320,0,P004088   ,1.0,1.0,PAN,16,"OSMAN, CEDI",17:22,9,2,3,1,3,2,2,0,4,4,0,1,0,0,1,1,2,11,-2.0
2024,320,0,P005161   ,0.0,0.0,PAN,21,"PAPAPETROU, IOANNIS",DNP,0,0,0,0,0,0,0,0,0,0,0,0,0,0,0,0,0,0,0.0
2024,320,0,P011204   ,1.0,1.0,PAN,22,"GRANT, JERIAN",34:36,5,0,0,1,6,2,2,0,2,2,2,1,2,0,0,3,4,4,6.0
2024,320,0,PLHK      ,0.0,0.0,PAN,24,"PLEISS, TIBOR",DNP,0,0,0,0,0,0,0,0,0,0,0,0,0,0,0,0,0,0,0.0
2024,320,0,P012774   ,1.0,1.0,PAN,25,"NUNN, KENDRICK",33:06,25,9,13,0,2,7,7,2,3,5,4,2,3,1,1,2,6,31,1.0
2024,320,0,P013383   ,1.0,0.0,PAN,32,"GABRIEL, WENYEN",14:16,4,2,2,0,0,0,0,1,1,2,1,0,3,0,0,5,0,-1,-3.0
2024,320,0,P012712   ,0.0,1.0,PAN,41,"HERNANGOMEZ, JUANCHO",17:14,0,0,1,0,2,0,0,2,3,5,1,0,2,1,0,0,2,4,6.0
2024,320,0,P007866   ,1.0,1.0,PAN,44,"MITOGLOU, KONSTANTINOS",29:46,18,3,6,4,5,0,0,3,3,6,2,1,0,1,0,2,3,25,-2.0
2024,320,0,P005353   ,0.0,0.0,PAN,77,"YURTSEVEN, OMER",17:56,8,4,9,0,0,0,0,4,0,4,1,2,1,2,2,2,0,7,2.0
2024,320,0,Team,0.0,0.0,PAN,,Team,,0,0,0,0,0,0,0,2,1,3,0,0,0,0,0,0,0,3,
2024,320,0,Total,,,PAN,,Total,200:00,81,22,39,7,24,16,16,15,20,35,16,7,13,5,6,17,22,96,
2024,321,1,P012608   ,1.0,0.0,PRS,0,"SHORTS, TJ",32:12,29,12,19,1,7,2,3,0,0,0,4,1,2,0,1,5,4,16,-7.0
2024,321,1,P012609   ,1.0,1.0,PRS,1,"MALCOLM, COLLIN",21:59,3,1,3,0,3,1,2,1,2,3,2,0,0,0,0,1,4,5,-3.0
2024,321,1,P012640   ,0.0,1.0,PRS,2,"HIFI, NADIR",24:31,24,7,11,3,9,1,1,0,1,1,2,1,2,0,0,2,2,16,-11.0
2024,321,1,P012610   ,1.0,1.0,PRS,3,"WARD, TYSON",32:57,7,2,3,1,2,0,0,1,2,3,0,0,1,0,0,3,3,7,-8.0
2024,321,1,P013373   ,0.0,0.0,PRS,4,"CAVALIERE, LEOPOLD",08:27,4,1,1,0,0,2,2,0,5,5,1,0,1,0,0,0,1,10,-1.0
2024,321,1,P005793   ,0.0,0.0,PRS,5,"SY, BANDJA",12:03,3,0,0,1,1,0,0,0,1,1,1,0,1,2,0,0,0,6,-2.0
2024,321,1,P012611   ,0.0,1.0,PRS,7,"HERRERA, SEBASTIAN",09:06,6,0,1,2,3,0,0,0,1,1,0,0,0,0,0,2,0,3,3.0
2024,321,1,P004512   ,0.0,0.0,PRS,8,"KRATZER, LEON",05:16,0,0,0,0,0,0,0,0,1,1,0,0,1,0,0,2,0,-2,-5.0
2024,321,1,P007032   ,0.0,0.0,PRS,12,"LO, MAODO",05:39,2,1,1,0,1,0,0,1,1,2,0,0,0,0,0,0,0,3,-6.0
2024,321,1,P010390   ,1.0,0.0,PRS,13,"HAYES, KEVARRIUS",23:54,8,3,3,0,0,2,2,4,4,8,1,0,0,0,0,4,4,17,0.0
2024,321,1,P012613   ,1.0,1.0,PRS,20,"JANTUNEN, MIKAEL",31:54,0,0,0,0,3,0,0,2,5,7,1,0,1,0,0,2,2,4,-6.0
2024,321,1,P004197   ,0.0,0.0,PRS,24,"OUATTARA, YAKUBA",17:02,2,1,1,0,1,0,0,0,1,1,0,0,1,0,0,3,0,-2,-4.0
2024,321,1,Team,0.0,0.0,PRS,,Team,,0,0,0,0,0,0,0,1,1,2,0,0,0,0,0,0,0,2,
2024,321,1,Total,,,PRS,,Total,225:00,88,28,43,8,30,8,10,10,25,35,12,2,10,2,1,24,20,85,
2024,321,0,P005216   ,0.0,0.0,ULK,0,"MCCOLLUM, ERRICK",18:42,8,2,4,1,4,1,2,1,1,2,2,0,1,0,0,1,1,5,4.0
2024,321,0,P003091   ,0.0,0.0,ULK,1,"BIRSEN, METECAN",DNP,0,0,0,0,0,0,0,0,0,0,0,0,0,0,0,0,0,0,0.0
2024,321,0,P009863   ,0.0,1.0,ULK,2,"BALDWIN IV, WADE",28:29,8,4,10,0,1,0,1,0,4,4,6,0,0,0,0,1,4,13,11.0
2024,321,0,P008962   ,1.0,1.0,ULK,11,"HAYES-DAVIS, NIGEL",37:40,18,4,6,2,4,4,4,0,3,3,4,1,1,0,1,2,6,24,6.0
2024,321,0,P006961   ,0.0,1.0,ULK,13,"BIBEROVIC, TARIK",29:22,21,3,7,5,7,0,0,1,0,1,3,3,2,0,0,1,0,19,22.0
2024,321,0,P011205   ,1.0,1.0,ULK,20,"HALL, DEVON",23:06,9,1,1,0,0,7,7,1,3,4,1,0,1,0,0,3,4,14,4.0
2024,321,0,P010560   ,0.0,1.0,ULK,21,"PIERRE, DYSHAWN",21:56,8,3,5,0,2,2,2,1,2,3,2,1,1,1,1,3,2,8,1.0
2024,321,0,P004004   ,1.0,0.0,ULK,23,"GUDURIC, MARKO",27:09,14,3,6,2,4,2,2,1,3,4,3,0,1,0,0,1,2,16,-3.0
2024,321,0,P008104   ,0.0,0.0,ULK,32,"ZAGARS, ARTURS",DNP,0,0,0,0,0,0,0,0,0,0,0,0,0,0,0,0,0,0,0.0
2024,321,0,P013696   ,0.0,0.0,ULK,44,"BANGO, JILSON",06:47,6,2,2,0,0,2,3,1,2,3,0,0,1,0,0,2,2,7,7.0
2024,321,0,P009783   ,1.0,0.0,ULK,50,"COLSON, BONZIE",11:09,2,1,1,0,2,0,0,0,2,2,0,0,0,0,0,2,0,0,-5.0
2024,321,0,P007182   ,1.0,0.0,ULK,92,"BIRCH, KHEM",20:40,4,1,1,0,0,2,4,3,6,9,0,0,2,0,0,4,3,8,3.0
2024,321,0,Team,0.0,0.0,ULK,,Team,,0,0,0,0,0,0,0,1,2,3,0,0,1,0,0,0,0,2,
2024,321,0,Total,,,ULK,,Total,225:00,98,24,43,10,24,20,25,10,28,38,21,5,11,1,2,20,24,116,
2024,322,1,P003733   ,1.0,1.0,MAD,6,"ABALDE, ALBERTO",24:24,7,2,3,1,4,0,0,0,2,2,7,3,0,0,0,3,0,12,7.0
2024,322,1,P005928   ,0.0,1.0,MAD,7,"CAMPAZZO, FACUNDO",24:59,9,0,0,2,3,3,4,0,3,3,4,0,2,0,0,2,6,16,0.0
2024,322,1,P013378   ,0.0,0.0,MAD,8,"RATHAN-MAYES, XAVIER",DNP,0,0,0,0,0,0,0,0,0,0,0,0,0,0,0,0,0,0,0.0
2024,322,1,P011649   ,0.0,0.0,MAD,9,"GONZALEZ, HUGO",06:33,5,1,2,1,2,0,0,0,1,1,2,1,1,0,0,1,0,5,-4.0
2024,322,1,P003108   ,1.0,1.0,MAD,11,"HEZONJA, MARIO",32:00,21,6,10,3,7,0,0,1,5,6,1,1,3,1,0,2,1,18,-1.0
2024,322,1,P006540   ,1.0,1.0,MAD,13,"MUSA, DZANAN",22:38,12,2,3,0,2,8,9,0,0,0,1,0,1,0,0,2,6,12,4.0
2024,322,1,P007630   ,0.0,0.0,MAD,16,"GARUBA, USMAN",12:15,0,0,0,0,1,0,0,0,1,1,0,0,1,0,0,2,0,-3,-16.0
2024,322,1,P013667   ,0.0,0.0,MAD,20,"FERNANDO, BRUNO",22:19,6,2,3,0,0,2,2,1,2,3,1,1,1,0,0,2,1,8,-7.0
2024,322,1,P005791   ,1.0,0.0,MAD,22,"TAVARES, WALTER",16:17,4,2,2,0,0,0,0,0,2,2,1,1,2,0,0,5,1,2,9.0
2024,322,1,PTGB      ,0.0,1.0,MAD,23,"LLULL, SERGIO",18:22,11,1,4,2,4,3,3,0,3,3,2,1,1,0,0,2,3,12,1.0
2024,322,1,P011247   ,1.0,0.0,MAD,24,"FELIZ, ANDRES",20:03,9,3,7,1,1,0,1,3,3,6,1,0,1,0,2,3,3,8,-1.0
2024,322,1,P009213   ,0.0,0.0,MAD,30,"NDIAYE, ELI",00:10,0,0,0,0,0,0,0,0,0,0,0,0,0,0,0,0,0,0,-2.0
2024,322,1,Team,0.0,0.0,MAD,,Team,,0,0,0,0,0,0,0,2,1,3,0,0,1,0,0,0,0,2,
2024,322,1,Total,,,MAD,,Total,200:00,84,19,34,10,24,16,19,7,23,30,20,8,14,1,2,24,21,92,
2024,322,0,P008855   ,0.0,1.0,OLY,0,"WALKUP, THOMAS",17:10,0,0,0,0,4,0,0,0,3,3,2,2,0,0,0,3,4,4,11.0
2024,322,0,P007982   ,1.0,1.0,OLY,1,"WILLIAMS-GOSS, NIGEL",24:28,10,2,5,1,1,3,3,0,3,3,1,0,3,0,0,4,2,6,-8.0
2024,322,0,P012878   ,0.0,0.0,OLY,2,"WRIGHT, MOSES",03:24,2,1,2,0,0,0,0,0,0,0,0,0,0,0,0,1,0,0,1.0
2024,322,0,P007947   ,0.0,0.0,OLY,8,"VILDOZA, LUCA",18:55,5,0,2,1,3,2,2,0,2,2,3,1,2,0,1,3,2,3,7.0
2024,322,0,P013389   ,0.0,0.0,OLY,9,"LEE, SABEN",05:12,2,1,1,0,0,0,0,0,0,0,0,0,0,0,0,0,0,2,1.0
2024,322,0,P008811   ,1.0,0.0,OLY,10,"FALL, MOUSTAPHA",12:35,6,3,5,0,0,0,0,3,4,7,0,1,0,2,0,3,0,11,4.0
2024,322,0,P003469   ,1.0,1.0,OLY,14,"VEZENKOV, SASHA",27:30,10,2,5,1,5,3,3,2,1,3,6,1,0,0,0,1,2,14,1.0
2024,322,0,P001255   ,1.0,0.0,OLY,16,"PAPANIKOLAOU, KOSTAS",24:12,12,0,0,4,6,0,1,0,2,2,1,1,0,0,0,3,1,11,1.0
2024,322,0,P008829   ,0.0,1.0,OLY,25,"PETERS, ALEC",12:54,9,3,3,0,1,3,3,0,1,1,0,0,0,0,0,1,2,10,2.0
2024,322,0,P003941   ,0.0,0.0,OLY,33,"MILUTINOV, NIKOLA",23:37,7,2,5,0,0,3,4,3,5,8,3,0,0,0,0,1,2,15,-5.0
2024,322,0,P007853   ,0.0,0.0,OLY,77,"MCKISSIC, SHAQUIELLE",04:48,0,0,0,0,0,0,0,0,0,0,0,0,1,0,0,1,0,-2,-1.0
2024,322,0,P013380   ,1.0,1.0,OLY,94,"FOURNIER, EVAN",25:15,23,5,5,1,5,10,13,0,0,0,0,1,5,0,0,1,7,18,-4.0
2024,322,0,Team,0.0,0.0,OLY,,Team,,0,0,0,0,0,0,0,1,0,1,0,0,0,0,0,0,0,1,
2024,322,0,Total,,,OLY,,Total,200:00,86,19,33,8,25,24,29,9,21,30,16,7,11,2,1,22,22,93,
2024,323,1,P009862   ,1.0,1.0,BAR,0,"PUNTER, KEVIN",26:01,11,1,4,1,5,6,6,0,3,3,2,2,2,0,0,2,6,13,4.0
2024,323,1,P012795   ,1.0,0.0,BAR,1,"ANDERSON, JUSTIN",18:25,7,3,3,0,1,1,1,2,2,4,3,0,2,0,0,1,2,12,13.0
2024,323,1,P009992   ,0.0,1.0,BAR,8,"BRIZUELA, DARIO",20:31,17,3,4,3,8,2,2,0,1,1,1,0,1,0,0,3,3,12,3.0
2024,323,1,P002939   ,1.0,0.0,BAR,13,"SATORANSKY, TOMAS",30:41,3,0,1,1,2,0,0,0,3,3,7,2,6,1,0,4,0,4,1.0
2024,323,1,P003196   ,0.0,0.0,BAR,14,"HERNANGOMEZ, WILLY",22:06,6,1,3,0,0,4,4,1,2,3,1,0,0,0,0,0,7,15,7.0
2024,323,1,P006568   ,1.0,0.0,BAR,19,"FALL, YOUSSOUPHA",17:27,9,3,5,0,0,3,4,2,6,8,0,0,1,0,0,2,4,15,-4.0
2024,323,1,P003478   ,0.0,1.0,BAR,21,"ABRINES, ALEX",15:04,0,0,1,0,2,0,0,1,1,2,1,2,0,0,0,4,0,-2,-4.0
2024,323,1,P012745   ,1.0,1.0,BAR,22,"PARKER, JABARI",26:31,22,2,4,4,8,6,6,0,2,2,0,2,5,0,0,3,3,15,12.0
2024,323,1,P007464   ,0.0,1.0,BAR,44,"PARRA, JOEL",22:50,4,1,4,0,1,2,2,1,3,4,0,0,1,0,0,2,1,2,1.0
2024,323,1,P012317   ,0.0,0.0,BAR,45,"VILLAR, RAUL",00:24,0,0,0,0,0,0,0,0,0,0,0,0,0,0,0,0,0,0,2.0
2024,323,1,P012103   ,0.0,0.0,BAR,46,"GRUJICIC, MATHIEU",DNP,0,0,0,0,0,0,0,0,0,0,0,0,0,0,0,0,0,0,0.0
2024,323,1,Team,0.0,0.0,BAR,,Team,,0,0,0,0,0,0,0,2,3,5,0,0,1,0,0,0,0,4,
2024,323,1,Total,,,BAR,,Total,200:00,79,14,29,9,27,24,25,9,26,35,15,8,19,1,0,21,26,90,
2024,323,0,P011212   ,1.0,0.0,MCO,0,"OKOBO, ELIE",24:36,6,3,6,0,4,0,0,0,4,4,1,1,2,0,0,5,1,-1,-3.0
2024,323,0,P011231   ,1.0,0.0,MCO,4,"BLOSSOMGAME, JARON",25:50,8,3,5,0,3,2,2,2,2,4,0,0,0,0,0,2,4,9,-7.0
2024,323,0,P009754   ,0.0,1.0,MCO,8,"LOYD, JORDAN",17:49,7,1,2,1,5,2,2,2,2,4,1,0,4,0,0,3,1,1,-2.0
2024,323,0,P004132   ,1.0,1.0,MCO,10,"THEIS, DANIEL",23:11,7,2,4,1,3,0,0,2,4,6,2,0,2,0,0,4,0,5,-3.0
2024,323,0,P011226   ,1.0,1.0,MCO,11,"DIALLO, ALPHA",32:19,13,3,4,2,4,1,1,1,4,5,2,2,3,0,0,3,3,16,-14.0
2024,323,0,P004790   ,0.0,0.0,MCO,12,"CORNELIE, PETR",DNP,0,0,0,0,0,0,0,0,0,0,0,0,0,0,0,0,0,0,0.0
2024,323,0,P002581   ,0.0,0.0,MCO,14,"JAITEH, MAM",16:49,3,1,2,0,0,1,4,1,3,4,0,0,1,0,0,2,3,3,-4.0
2024,323,0,PLCZ      ,0.0,0.0,MCO,20,"MOTIEJUNAS, DONATAS",DNP,0,0,0,0,0,0,0,0,0,0,0,0,0,0,0,0,0,0,0.0
2024,323,0,P012515   ,0.0,0.0,MCO,22,"TARPEY, TERRY",DNP,0,0,0,0,0,0,0,0,0,0,0,0,0,0,0,0,0,0,0.0
2024,323,0,P013365   ,0.0,0.0,MCO,30,"BROWN, VITTO",07:36,2,0,1,0,1,2,2,0,2,2,1,1,0,0,0,2,1,3,9.0
2024,323,0,P008099   ,0.0,1.0,MCO,32,"STRAZEL, MATTHEW",21:02,10,0,0,2,7,4,4,1,0,1,4,1,4,0,0,3,2,6,-1.0
2024,323,0,P005985   ,1.0,1.0,MCO,55,"JAMES, MIKE",30:48,16,3,7,1,5,7,7,1,3,4,5,3,2,0,1,3,5,19,-10.0
2024,323,0,Team,0.0,0.0,MCO,,Team,,0,0,0,0,0,0,0,3,0,3,0,0,1,0,0,0,0,2,
2024,323,0,Total,,,MCO,,Total,200:00,72,16,31,7,32,19,22,13,24,37,16,8,19,0,1,27,20,63,
2024,324,1,P007200   ,1.0,0.0,IST,0,"LARKIN, SHANE",30:51,9,3,3,1,4,0,0,1,3,4,9,1,1,0,0,3,1,17,4.0
2024,324,1,P013363   ,0.0,0.0,IST,3,"NWORA, JORDAN",02:03,0,0,0,0,0,0,0,0,0,0,0,0,0,0,0,0,0,0,-6.0
2024,324,1,P009846   ,0.0,1.0,IST,6,"BRYANT, ELIJAH",30:45,19,3,7,4,9,1,1,1,3,4,1,3,2,1,0,2,1,16,0.0
2024,324,1,P007109   ,0.0,1.0,IST,11,"SMITS, ROLANDS",20:23,15,3,4,3,4,0,1,0,1,1,1,0,1,0,0,3,3,13,4.0
2024,324,1,P011078   ,1.0,1.0,IST,13,"THOMPSON, DARIUS",27:01,9,0,0,2,4,3,4,0,2,2,5,0,1,1,0,1,2,14,8.0
2024,324,1,P012742   ,0.0,1.0,IST,15,"DOZIER JR, PERRY",08:49,4,1,4,0,0,2,2,1,1,2,2,0,1,1,0,2,1,4,-1.0
2024,324,1,P004887   ,1.0,0.0,IST,17,"POIRIER, VINCENT",20:57,3,1,5,0,0,1,2,2,2,4,2,0,1,1,0,5,3,2,2.0
2024,324,1,P006640   ,0.0,1.0,IST,18,"OZDEMIROGLU, DOGUS",03:26,0,0,0,0,0,0,0,0,0,0,0,1,0,0,0,0,1,2,-2.0
2024,324,1,P012710   ,1.0,0.0,IST,24,"OSMANI, ERCAN",28:23,14,3,6,2,5,2,3,1,1,2,1,1,1,0,0,0,4,14,4.0
2024,324,1,P012788   ,0.0,0.0,IST,25,"OTURU, DAN",09:23,6,3,4,0,0,0,1,1,0,1,0,1,2,0,0,1,1,4,-2.0
2024,324,1,P006372   ,1.0,0.0,IST,33,"YILMAZ, ERKAN",17:21,6,1,2,1,1,1,4,2,2,4,3,3,1,0,0,2,2,11,6.0
2024,324,1,P009664   ,0.0,0.0,IST,35,"WILLIS, DEREK",00:38,0,0,0,0,0,0,0,0,0,0,0,0,0,0,0,0,0,0,-2.0
2024,324,1,Team,0.0,0.0,IST,,Team,,0,0,0,0,0,0,0,1,3,4,0,0,1,0,0,0,0,3,
2024,324,1,Total,,,IST,,Total,200:00,85,18,35,13,27,10,18,10,18,28,24,10,12,4,0,19,19,100,
2024,324,0,P011209   ,0.0,0.0,PAN,0,"KALAITZAKIS, PANAGIOTIS",DNP,0,0,0,0,0,0,0,0,0,0,0,0,0,0,0,0,0,0,0.0
2024,324,0,P009622   ,0.0,0.0,PAN,2,"BROWN, LORENZO",04:52,0,0,2,0,1,0,0,0,1,1,0,0,1,0,0,0,0,-3,-8.0
2024,324,0,P001926   ,0.0,1.0,PAN,10,"SLOUKAS, KOSTAS",28:08,14,2,4,1,1,7,7,0,3,3,6,1,2,0,0,0,6,26,8.0
2024,324,0,P004088   ,1.0,1.0,PAN,16,"OSMAN, CEDI",35:15,22,7,9,2,8,2,2,0,3,3,2,1,1,0,1,3,4,19,-4.0
2024,324,0,P005161   ,0.0,0.0,PAN,21,"PAPAPETROU, IOANNIS",DNP,0,0,0,0,0,0,0,0,0,0,0,0,0,0,0,0,0,0,0.0
2024,324,0,P011204   ,1.0,1.0,PAN,22,"GRANT, JERIAN",19:47,3,0,0,1,1,0,0,2,5,7,4,0,2,0,0,1,1,12,-2.0
2024,324,0,PLHK      ,0.0,0.0,PAN,24,"PLEISS, TIBOR",DNP,0,0,0,0,0,0,0,0,0,0,0,0,0,0,0,0,0,0,0.0
2024,324,0,P012774   ,1.0,1.0,PAN,25,"NUNN, KENDRICK",32:14,12,1,8,2,4,4,6,1,2,3,2,0,2,0,2,4,5,3,-3.0
2024,324,0,P013383   ,1.0,0.0,PAN,32,"GABRIEL, WENYEN",08:52,0,0,2,0,0,0,0,1,0,1,1,2,2,0,0,3,0,-3,-5.0
2024,324,0,P012712   ,0.0,1.0,PAN,41,"HERNANGOMEZ, JUANCHO",23:42,15,3,3,3,4,0,0,3,4,7,3,0,4,0,0,3,1,18,14.0
2024,324,0,P007866   ,1.0,0.0,PAN,44,"MITOGLOU, KONSTANTINOS",24:23,7,2,4,1,3,0,0,1,1,2,1,0,0,0,0,5,0,1,-15.0
2024,324,0,P005353   ,0.0,0.0,PAN,77,"YURTSEVEN, OMER",22:47,9,4,8,0,0,1,2,6,2,8,1,1,1,0,1,1,2,13,0.0
2024,324,0,Team,0.0,0.0,PAN,,Team,,0,0,0,0,0,0,0,2,4,6,0,0,1,0,0,0,0,5,
2024,324,0,Total,,,PAN,,Total,200:00,82,19,40,10,22,14,17,16,25,41,20,5,16,0,4,20,19,91,
2024,325,1,P011212   ,0.0,1.0,MCO,0,"OKOBO, ELIE",21:55,7,3,8,0,0,1,1,0,0,0,3,3,0,0,0,1,1,8,1.0
2024,325,1,P011231   ,1.0,1.0,MCO,4,"BLOSSOMGAME, JARON",34:09,9,3,6,1,3,0,0,2,4,6,0,1,0,0,0,1,1,11,1.0
2024,325,1,P009754   ,0.0,0.0,MCO,8,"LOYD, JORDAN",11:28,2,0,2,0,1,2,2,0,1,1,0,0,0,0,0,3,2,-1,-8.0
2024,325,1,P005844   ,0.0,1.0,MCO,9,"PAPAGIANNIS, GEORGIOS",18:57,17,4,5,3,3,0,0,2,3,5,0,0,1,1,0,3,3,21,8.0
2024,325,1,P004132   ,1.0,0.0,MCO,10,"THEIS, DANIEL",10:23,4,1,3,0,0,2,2,1,1,2,0,0,1,0,0,3,2,2,-4.0
2024,325,1,P011226   ,1.0,0.0,MCO,11,"DIALLO, ALPHA",25:03,11,4,6,1,3,0,0,0,3,3,0,1,0,0,0,3,1,9,-6.0
2024,325,1,P004790   ,0.0,0.0,MCO,12,"CORNELIE, PETR",DNP,0,0,0,0,0,0,0,0,0,0,0,0,0,0,0,0,0,0,0.0
2024,325,1,P002581   ,0.0,0.0,MCO,14,"JAITEH, MAM",10:40,4,2,3,0,0,0,2,3,2,5,1,0,3,0,0,2,1,3,-3.0
2024,325,1,P012515   ,0.0,0.0,MCO,22,"TARPEY, TERRY",09:14,0,0,1,0,1,0,0,0,2,2,0,0,0,0,0,0,0,0,6.0
2024,325,1,P013365   ,0.0,0.0,MCO,30,"BROWN, VITTO",DNP,0,0,0,0,0,0,0,0,0,0,0,0,0,0,0,0,0,0,0.0
2024,325,1,P008099   ,1.0,1.0,MCO,32,"STRAZEL, MATTHEW",29:02,11,3,5,1,2,2,3,0,2,2,4,0,0,0,0,4,6,15,5.0
2024,325,1,P005985   ,1.0,1.0,MCO,55,"JAMES, MIKE",29:09,20,7,9,1,3,3,4,0,1,1,5,1,4,0,1,2,4,19,5.0
2024,325,1,Team,0.0,0.0,MCO,,Team,,0,0,0,0,0,0,0,1,1,2,0,0,1,0,0,0,0,1,
2024,325,1,Total,,,MCO,,Total,200:00,85,27,48,7,16,10,14,9,20,29,13,6,10,1,1,22,21,88,
2024,325,0,P009862   ,1.0,1.0,BAR,0,"PUNTER, KEVIN",30:08,19,4,4,2,8,5,5,1,5,6,4,0,2,0,0,3,5,23,1.0
2024,325,0,P012795   ,1.0,1.0,BAR,1,"ANDERSON, JUSTIN",30:54,16,3,4,3,5,1,1,2,0,2,4,1,1,0,0,2,2,19,-2.0
2024,325,0,P009992   ,0.0,0.0,BAR,8,"BRIZUELA, DARIO",24:24,6,0,2,2,3,0,0,1,2,3,5,0,2,0,0,2,0,7,-7.0
2024,325,0,P002939   ,1.0,1.0,BAR,13,"SATORANSKY, TOMAS",23:09,8,1,2,2,4,0,2,1,0,1,5,1,1,0,0,4,4,9,10.0
2024,325,0,P003196   ,0.0,1.0,BAR,14,"HERNANGOMEZ, WILLY",22:44,16,6,8,0,0,4,7,1,2,3,0,0,3,0,0,4,8,15,0.0
2024,325,0,P006568   ,1.0,0.0,BAR,19,"FALL, YOUSSOUPHA",16:47,10,5,7,0,0,0,0,4,6,10,0,0,3,0,0,3,1,13,2.0
2024,325,0,P003478   ,0.0,0.0,BAR,21,"ABRINES, ALEX",08:12,2,1,1,0,1,0,0,0,0,0,1,0,0,0,0,3,1,0,-1.0
2024,325,0,P012745   ,1.0,1.0,BAR,22,"PARKER, JABARI",26:30,7,2,7,1,7,0,0,1,1,2,1,1,0,1,1,0,0,0,-8.0
2024,325,0,P012885   ,0.0,0.0,BAR,41,"KEITA, SAYON",DNP,0,0,0,0,0,0,0,0,0,0,0,0,0,0,0,0,0,0,0.0
2024,325,0,P007464   ,0.0,0.0,BAR,44,"PARRA, JOEL",16:12,0,0,1,0,1,0,0,0,3,3,0,3,0,0,0,0,1,5,3.0
2024,325,0,P012317   ,0.0,0.0,BAR,45,"VILLAR, RAUL",01:00,0,0,0,0,0,0,0,0,0,0,0,0,0,0,0,0,0,0,-3.0
2024,325,0,P012103   ,0.0,0.0,BAR,46,"GRUJICIC, MATHIEU",DNP,0,0,0,0,0,0,0,0,0,0,0,0,0,0,0,0,0,0,0.0
2024,325,0,Team,0.0,0.0,BAR,,Team,,0,0,0,0,0,0,0,1,2,3,0,0,2,0,0,0,0,1,
2024,325,0,Total,,,BAR,,Total,200:00,84,22,36,10,29,10,15,12,21,33,20,6,14,1,1,21,22,92,
2024,326,1,P011209   ,0.0,1.0,PAN,0,"KALAITZAKIS, PANAGIOTIS",02:47,0,0,0,0,0,0,0,0,0,0,0,0,0,0,0,0,0,0,-2.0
2024,326,1,P009622   ,0.0,0.0,PAN,2,"BROWN, LORENZO",DNP,0,0,0,0,0,0,0,0,0,0,0,0,0,0,0,0,0,0,0.0
2024,326,1,P001926   ,0.0,0.0,PAN,10,"SLOUKAS, KOSTAS",19:16,6,0,2,0,3,6,6,1,3,4,8,0,4,0,1,0,3,11,12.0
2024,326,1,P004088   ,1.0,1.0,PAN,16,"OSMAN, CEDI",30:15,28,4,8,4,7,8,8,2,6,8,0,1,1,0,1,3,7,32,-2.0
2024,326,1,P005161   ,0.0,0.0,PAN,21,"PAPAPETROU, IOANNIS",DNP,0,0,0,0,0,0,0,0,0,0,0,0,0,0,0,0,0,0,0.0
2024,326,1,P011204   ,1.0,1.0,PAN,22,"GRANT, JERIAN",37:20,11,2,5,2,5,1,2,1,7,8,3,2,1,0,1,1,2,16,7.0
2024,326,1,PLHK      ,0.0,0.0,PAN,24,"PLEISS, TIBOR",01:44,0,0,2,0,0,0,0,0,0,0,0,0,0,0,0,0,0,-2,-5.0
2024,326,1,P012774   ,1.0,0.0,PAN,25,"NUNN, KENDRICK",30:38,12,2,5,2,11,2,2,1,3,4,5,1,4,0,1,5,4,4,9.0
2024,326,1,P013383   ,1.0,1.0,PAN,32,"GABRIEL, WENYEN",25:47,8,3,5,0,0,2,4,5,0,5,0,1,1,1,1,4,3,8,21.0
2024,326,1,P012712   ,1.0,0.0,PAN,41,"HERNANGOMEZ, JUANCHO",28:08,3,0,3,1,2,0,0,3,8,11,1,2,0,1,0,0,1,15,5.0
2024,326,1,P007866   ,0.0,1.0,PAN,44,"MITOGLOU, KONSTANTINOS",17:20,5,1,2,1,2,0,0,1,1,2,1,0,0,0,0,3,1,4,-3.0
2024,326,1,P005353   ,0.0,0.0,PAN,77,"YURTSEVEN, OMER",06:45,2,0,0,0,0,2,2,1,0,1,0,0,3,1,0,2,1,0,-2.0
2024,326,1,Team,0.0,0.0,PAN,,Team,,0,0,0,0,0,0,0,3,4,7,0,0,2,0,0,0,0,5,
2024,326,1,Total,,,PAN,,Total,200:00,75,12,32,10,30,21,24,18,32,50,18,7,16,3,5,18,22,93,
2024,326,0,P007200   ,1.0,1.0,IST,0,"LARKIN, SHANE",31:29,11,2,8,2,5,1,2,0,1,1,4,2,3,0,0,0,4,9,3.0
2024,326,0,P013363   ,0.0,0.0,IST,3,"NWORA, JORDAN",DNP,0,0,0,0,0,0,0,0,0,0,0,0,0,0,0,0,0,0,0.0
2024,326,0,P009846   ,1.0,1.0,IST,6,"BRYANT, ELIJAH",35:58,16,1,5,3,8,5,6,1,3,4,4,1,2,1,0,4,3,13,-8.0
2024,326,0,P007109   ,0.0,1.0,IST,11,"SMITS, ROLANDS",27:04,7,0,1,2,5,1,2,2,4,6,2,1,1,0,0,1,1,10,1.0
2024,326,0,P011078   ,0.0,1.0,IST,13,"THOMPSON, DARIUS",15:16,7,2,3,1,3,0,0,0,2,2,0,3,1,0,1,1,0,6,-15.0
2024,326,0,P012742   ,1.0,0.0,IST,15,"DOZIER JR, PERRY",22:42,8,1,7,2,4,0,2,2,3,5,2,1,3,1,2,5,1,-2,-16.0
2024,326,0,P004887   ,1.0,0.0,IST,17,"POIRIER, VINCENT",26:02,6,2,4,0,0,2,5,0,3,3,1,0,1,2,0,3,4,7,-8.0
2024,326,0,P006640   ,0.0,0.0,IST,18,"OZDEMIROGLU, DOGUS",00:12,0,0,0,0,0,0,0,0,0,0,0,0,0,0,0,0,0,0,0.0
2024,326,0,P012710   ,1.0,0.0,IST,24,"OSMANI, ERCAN",04:37,0,0,2,0,2,0,0,1,1,2,1,0,0,0,0,1,1,-1,-9.0
2024,326,0,P012788   ,0.0,1.0,IST,25,"OTURU, DAN",13:42,8,2,2,0,0,4,4,1,2,3,0,0,0,1,0,4,3,11,0.0
2024,326,0,P006372   ,0.0,0.0,IST,33,"YILMAZ, ERKAN",14:38,3,0,0,1,2,0,0,1,3,4,4,3,0,0,0,3,0,10,10.0
2024,326,0,P009664   ,0.0,0.0,IST,35,"WILLIS, DEREK",08:20,1,0,0,0,0,1,2,1,2,3,1,0,0,0,0,0,1,5,2.0
2024,326,0,Team,0.0,0.0,IST,,Team,,0,0,0,0,0,0,0,2,0,2,0,0,0,0,0,0,0,2,
2024,326,0,Total,,,IST,,Total,200:00,67,10,32,11,29,14,23,11,24,35,19,11,11,5,3,22,18,70,
2024,327,1,P008855   ,0.0,1.0,OLY,0,"WALKUP, THOMAS",21:01,2,1,1,0,2,0,0,1,2,3,2,1,2,0,0,1,1,4,-4.0
2024,327,1,P007982   ,1.0,1.0,OLY,1,"WILLIAMS-GOSS, NIGEL",32:31,12,3,8,1,5,3,4,0,4,4,2,1,0,0,1,2,3,9,0.0
2024,327,1,P012878   ,0.0,0.0,OLY,2,"WRIGHT, MOSES",DNP,0,0,0,0,0,0,0,0,0,0,0,0,0,0,0,0,0,0,0.0
2024,327,1,P007947   ,0.0,0.0,OLY,8,"VILDOZA, LUCA",06:44,0,0,0,0,1,0,0,0,0,0,0,0,0,0,0,3,1,-3,-6.0
2024,327,1,P013389   ,0.0,0.0,OLY,9,"LEE, SABEN",08:00,1,0,0,0,0,1,2,1,0,1,1,0,1,0,0,0,2,3,-4.0
2024,327,1,P008811   ,1.0,0.0,OLY,10,"FALL, MOUSTAPHA",19:14,2,1,2,0,0,0,0,2,1,3,1,0,0,1,0,2,0,4,-7.0
2024,327,1,P003469   ,1.0,1.0,OLY,14,"VEZENKOV, SASHA",32:33,7,2,4,0,6,3,5,1,7,8,1,2,2,0,0,4,5,7,-6.0
2024,327,1,P001255   ,1.0,0.0,OLY,16,"PAPANIKOLAOU, KOSTAS",13:35,2,1,1,0,2,0,0,1,2,3,0,1,0,1,0,3,1,3,-6.0
2024,327,1,P008829   ,0.0,1.0,OLY,25,"PETERS, ALEC",10:02,3,1,3,0,1,1,1,1,0,1,1,0,1,0,1,1,1,0,-3.0
2024,327,1,P003941   ,0.0,0.0,OLY,33,"MILUTINOV, NIKOLA",18:11,8,3,4,0,0,2,2,1,1,2,0,0,1,4,0,0,3,15,-4.0
2024,327,1,P007853   ,0.0,0.0,OLY,77,"MCKISSIC, SHAQUIELLE",02:55,0,0,0,0,1,0,0,0,1,1,0,0,2,0,0,0,0,-2,-3.0
2024,327,1,P013380   ,1.0,1.0,OLY,94,"FOURNIER, EVAN",35:14,31,6,9,4,9,7,9,0,3,3,2,2,4,0,0,3,6,27,-7.0
2024,327,1,Team,0.0,0.0,OLY,,Team,,0,0,0,0,0,0,0,1,3,4,0,0,1,0,0,0,0,3,
2024,327,1,Total,,,OLY,,Total,200:00,68,18,32,5,27,17,23,9,24,33,10,7,14,6,2,19,23,70,
2024,327,0,P011212   ,0.0,1.0,MCO,0,"OKOBO, ELIE",24:18,7,2,7,1,2,0,0,0,3,3,3,1,2,0,2,1,1,4,6.0
2024,327,0,P011231   ,1.0,1.0,MCO,4,"BLOSSOMGAME, JARON",37:10,12,4,7,1,2,1,1,0,5,5,0,1,1,1,1,2,2,13,9.0
2024,327,0,P009754   ,0.0,0.0,MCO,8,"LOYD, JORDAN",09:08,0,0,0,0,2,0,0,0,2,2,1,0,1,0,0,3,1,-2,4.0
2024,327,0,P005844   ,0.0,0.0,MCO,9,"PAPAGIANNIS, GEORGIOS",DNP,0,0,0,0,0,0,0,0,0,0,0,0,0,0,0,0,0,0,0.0
2024,327,0,P004132   ,1.0,0.0,MCO,10,"THEIS, DANIEL",17:49,5,1,4,1,2,0,0,1,3,4,0,0,4,0,2,3,1,-3,-1.0
2024,327,0,P011226   ,1.0,1.0,MCO,11,"DIALLO, ALPHA",30:14,22,10,12,0,3,2,4,2,4,6,3,1,1,0,0,2,3,25,11.0
2024,327,0,P002581   ,0.0,0.0,MCO,14,"JAITEH, MAM",20:42,11,4,6,0,0,3,3,3,3,6,1,2,0,0,1,4,5,18,8.0
2024,327,0,P012515   ,0.0,0.0,MCO,22,"TARPEY, TERRY",DNP,0,0,0,0,0,0,0,0,0,0,0,0,0,0,0,0,0,0,0.0
2024,327,0,P013365   ,0.0,0.0,MCO,30,"BROWN, VITTO",DNP,0,0,0,0,0,0,0,0,0,0,0,0,0,0,0,0,0,0,0.0
2024,327,0,P008099   ,1.0,1.0,MCO,32,"STRAZEL, MATTHEW",17:11,2,0,2,0,2,2,2,2,1,3,3,1,0,0,0,4,1,2,5.0
2024,327,0,P001932   ,0.0,0.0,MCO,33,"CALATHES, NICK",11:30,2,1,2,0,0,0,0,0,1,1,3,1,2,0,0,2,0,2,-1.0
2024,327,0,P005985   ,1.0,1.0,MCO,55,"JAMES, MIKE",31:58,17,3,7,2,4,5,5,1,6,7,7,3,3,1,0,2,5,29,9.0
2024,327,0,Team,0.0,0.0,MCO,,Team,,0,0,0,0,0,0,0,3,1,4,0,0,0,0,0,0,0,4,
2024,327,0,Total,,,MCO,,Total,200:00,78,25,47,5,17,13,15,12,29,41,21,10,14,2,6,23,19,92,
2024,328,1,P005216   ,0.0,0.0,ULK,0,"MCCOLLUM, ERRICK",23:46,13,1,3,3,6,2,5,0,3,3,2,2,0,1,0,2,3,14,12.0
2024,328,1,P009863   ,0.0,1.0,ULK,2,"BALDWIN IV, WADE",24:05,10,3,8,0,2,4,4,0,5,5,5,2,3,0,0,3,3,12,9.0
2024,328,1,P002849   ,0.0,1.0,ULK,4,"MELLI, NICOLO",17:57,9,2,2,1,4,2,2,1,5,6,1,0,1,1,0,4,4,13,2.0
2024,328,1,P002968   ,0.0,0.0,ULK,5,"SANLI, SERTAC",01:30,0,0,0,0,0,0,0,0,0,0,0,0,1,0,0,1,0,-2,-4.0
2024,328,1,P008962   ,1.0,1.0,ULK,11,"HAYES-DAVIS, NIGEL",34:39,7,1,1,1,4,2,2,2,1,3,5,0,0,2,0,2,0,12,8.0
2024,328,1,P006961   ,0.0,1.0,ULK,13,"BIBEROVIC, TARIK",20:37,15,2,3,3,6,2,2,1,2,3,0,0,0,0,1,2,1,12,-4.0
2024,328,1,P011205   ,1.0,1.0,ULK,20,"HALL, DEVON",25:56,18,3,4,4,6,0,0,0,1,1,2,1,2,0,0,2,3,18,-4.0
2024,328,1,P010560   ,0.0,0.0,ULK,21,"PIERRE, DYSHAWN",05:19,2,1,1,0,1,0,0,0,1,1,0,0,0,0,0,1,0,1,-4.0
2024,328,1,P004004   ,1.0,0.0,ULK,23,"GUDURIC, MARKO",14:25,3,0,2,1,3,0,0,0,2,2,1,0,1,0,0,2,2,1,1.0
2024,328,1,P013696   ,0.0,0.0,ULK,44,"BANGO, JILSON",DNP,0,0,0,0,0,0,0,0,0,0,0,0,0,0,0,0,0,0,0.0
2024,328,1,P009783   ,1.0,0.0,ULK,50,"COLSON, BONZIE",11:46,3,0,2,1,2,0,0,1,0,1,1,2,1,0,0,0,2,5,6.0
2024,328,1,P007182   ,1.0,0.0,ULK,92,"BIRCH, KHEM",20:00,2,1,2,0,0,0,0,2,2,4,0,0,0,0,0,3,1,3,8.0
2024,328,1,Team,0.0,0.0,ULK,,Team,,0,0,0,0,0,0,0,3,1,4,0,0,0,0,0,0,0,4,
2024,328,1,Total,,,ULK,,Total,200:00,82,14,28,14,34,12,15,10,23,33,17,7,9,4,1,22,19,93,
2024,328,0,P011209   ,0.0,1.0,PAN,0,"KALAITZAKIS, PANAGIOTIS",05:16,0,0,1,0,0,0,0,1,0,1,0,0,0,0,0,0,0,0,2.0
2024,328,0,P009622   ,0.0,0.0,PAN,2,"BROWN, LORENZO",04:45,0,0,1,0,0,0,0,0,1,1,0,0,0,0,0,0,0,0,-8.0
2024,328,0,P001926   ,0.0,0.0,PAN,10,"SLOUKAS, KOSTAS",15:38,2,1,3,0,0,0,0,0,0,0,3,0,2,0,0,0,0,1,-13.0
2024,328,0,P004088   ,1.0,1.0,PAN,16,"OSMAN, CEDI",34:59,22,4,7,3,7,5,7,1,5,6,0,1,3,0,2,3,4,16,-8.0
2024,328,0,P005161   ,0.0,0.0,PAN,21,"PAPAPETROU, IOANNIS",00:25,0,0,0,0,0,0,0,0,0,0,0,0,0,0,0,0,0,0,-1.0
2024,328,0,P011204   ,1.0,1.0,PAN,22,"GRANT, JERIAN",35:18,15,2,6,3,4,2,3,0,2,2,4,0,1,0,0,4,7,17,2.0
2024,328,0,P012774   ,1.0,0.0,PAN,25,"NUNN, KENDRICK",23:39,19,7,10,0,5,5,6,1,2,3,0,1,3,0,2,5,5,9,8.0
2024,328,0,P003842   ,0.0,0.0,PAN,26,"LESSORT, MATHIAS",14:37,7,1,2,0,0,5,6,0,1,1,1,1,0,1,0,1,5,13,-9.0
2024,328,0,P013383   ,1.0,0.0,PAN,32,"GABRIEL, WENYEN",18:40,4,2,2,0,0,0,0,1,2,3,2,0,1,0,0,3,0,5,1.0
2024,328,0,P012712   ,1.0,1.0,PAN,41,"HERNANGOMEZ, JUANCHO",29:00,5,1,3,1,1,0,0,1,4,5,0,0,0,0,0,1,1,8,-12.0
2024,328,0,P007866   ,0.0,1.0,PAN,44,"MITOGLOU, KONSTANTINOS",13:30,0,0,0,0,0,0,0,0,2,2,0,0,1,0,0,2,0,-1,6.0
2024,328,0,P005353   ,0.0,0.0,PAN,77,"YURTSEVEN, OMER",04:13,2,1,1,0,0,0,0,0,2,2,0,0,1,0,0,0,0,3,2.0
2024,328,0,Team,0.0,0.0,PAN,,Team,,0,0,0,0,0,0,0,1,2,3,0,0,0,0,0,0,0,3,
2024,328,0,Total,,,PAN,,Total,200:00,76,19,36,7,17,17,22,6,23,29,10,3,12,1,4,19,22,74,
2024,329,1,P008855   ,1.0,1.0,OLY,0,"WALKUP, THOMAS",12:56,0,0,1,0,1,0,0,0,1,1,8,1,1,0,0,3,0,4,11.0
2024,329,1,P012878   ,0.0,0.0,OLY,2,"WRIGHT, MOSES",23:10,19,7,11,0,0,5,6,2,2,4,1,0,3,0,0,2,4,18,-6.0
2024,329,1,P011965   ,0.0,0.0,OLY,3,"MITROU-LONG, NAZ",DNP,0,0,0,0,0,0,0,0,0,0,0,0,0,0,0,0,0,0,0.0
2024,329,1,P010392   ,0.0,1.0,OLY,5,"LARENTZAKIS, GIANNOULIS",15:51,5,0,1,1,4,2,2,1,3,4,1,0,1,0,0,1,3,7,-10.0
2024,329,1,P007947   ,0.0,0.0,OLY,8,"VILDOZA, LUCA",27:04,0,0,0,0,3,0,0,0,3,3,9,1,1,0,0,3,1,7,-7.0
2024,329,1,P013389   ,0.0,1.0,OLY,9,"LEE, SABEN",22:48,8,3,4,0,0,2,2,1,4,5,6,0,2,0,1,2,4,17,-10.0
2024,329,1,P008811   ,1.0,0.0,OLY,10,"FALL, MOUSTAPHA",16:09,5,2,4,0,0,1,2,0,0,0,3,2,0,0,0,2,1,6,13.0
2024,329,1,P003469   ,1.0,1.0,OLY,14,"VEZENKOV, SASHA",27:50,23,4,8,5,6,0,0,0,2,2,1,3,0,0,0,3,0,21,13.0
2024,329,1,P008829   ,1.0,1.0,OLY,25,"PETERS, ALEC",37:00,32,5,7,6,11,4,4,2,5,7,1,0,3,0,0,3,4,31,2.0
2024,329,1,P003941   ,0.0,0.0,OLY,33,"MILUTINOV, NIKOLA",DNP,0,0,0,0,0,0,0,0,0,0,0,0,0,0,0,0,0,0,0.0
2024,329,1,P007853   ,0.0,0.0,OLY,77,"MCKISSIC, SHAQUIELLE",DNP,0,0,0,0,0,0,0,0,0,0,0,0,0,0,0,0,0,0,0.0
2024,329,1,P013380   ,1.0,0.0,OLY,94,"FOURNIER, EVAN",17:12,5,1,2,1,2,0,0,0,1,1,4,0,2,0,0,2,0,4,14.0
2024,329,1,Team,0.0,0.0,OLY,,Team,,0,0,0,0,0,0,0,0,2,2,0,0,1,0,0,0,0,1,
2024,329,1,Total,,,OLY,,Total,200:00,97,22,38,13,27,14,16,6,23,29,34,7,14,0,1,21,17,116,
2024,329,0,P011209   ,1.0,1.0,PAN,0,"KALAITZAKIS, PANAGIOTIS",22:39,7,2,3,1,5,0,0,1,0,1,1,4,1,0,0,3,2,6,-12.0
2024,329,0,P009622   ,1.0,1.0,PAN,2,"BROWN, LORENZO",26:45,2,1,2,0,3,0,0,0,5,5,12,1,6,0,0,1,2,11,10.0
2024,329,0,P001926   ,0.0,0.0,PAN,10,"SLOUKAS, KOSTAS",DNP,0,0,0,0,0,0,0,0,0,0,0,0,0,0,0,0,0,0,0.0
2024,329,0,P004088   ,0.0,0.0,PAN,16,"OSMAN, CEDI",23:33,14,3,4,1,3,5,6,1,1,2,3,0,1,0,0,2,4,16,-1.0
2024,329,0,P011442   ,0.0,0.0,PAN,20,"SAMODUROV, ALEXANDROS",12:50,8,1,1,2,2,0,0,0,4,4,1,0,0,0,0,5,0,8,3.0
2024,329,0,P011204   ,0.0,0.0,PAN,22,"GRANT, JERIAN",23:33,8,1,1,2,3,0,0,0,3,3,3,0,2,0,0,1,2,12,-1.0
2024,329,0,PLHK      ,0.0,0.0,PAN,24,"PLEISS, TIBOR",03:00,2,1,4,0,0,0,0,1,0,1,0,0,0,0,0,0,0,0,-2.0
2024,329,0,P012774   ,1.0,0.0,PAN,25,"NUNN, KENDRICK",17:03,9,4,4,0,3,1,1,1,2,3,1,0,1,1,0,0,3,13,-18.0
2024,329,0,P003842   ,0.0,1.0,PAN,26,"LESSORT, MATHIAS",17:15,12,3,6,0,0,6,6,0,4,4,3,0,0,0,0,2,5,19,8.0
2024,329,0,P013383   ,0.0,0.0,PAN,32,"GABRIEL, WENYEN",DNP,0,0,0,0,0,0,0,0,0,0,0,0,0,0,0,0,0,0,0.0
2024,329,0,P007866   ,1.0,1.0,PAN,44,"MITOGLOU, KONSTANTINOS",23:22,8,4,7,0,2,0,0,3,0,3,1,1,0,0,0,1,0,7,-1.0
2024,329,0,P005353   ,1.0,1.0,PAN,77,"YURTSEVEN, OMER",30:00,23,10,12,0,2,3,5,2,6,8,0,1,2,0,0,2,3,25,-6.0
2024,329,0,Team,0.0,0.0,PAN,,Team,,0,0,0,0,0,0,0,0,0,0,0,0,0,0,0,0,0,0,
2024,329,0,Total,,,PAN,,Total,200:00,93,30,44,6,23,15,18,9,25,34,25,7,13,1,0,17,21,117,
2024,330,1,P011212   ,0.0,1.0,MCO,0,"OKOBO, ELIE",26:38,0,0,6,0,2,0,0,0,1,1,5,1,0,0,0,3,1,-3,-19.0
2024,330,1,P011231   ,1.0,1.0,MCO,4,"BLOSSOMGAME, JARON",31:16,5,1,2,1,2,0,0,2,4,6,0,1,1,0,0,2,3,10,-12.0
2024,330,1,P009754   ,0.0,1.0,MCO,8,"LOYD, JORDAN",14:41,3,0,1,0,2,3,3,0,1,1,1,0,1,0,0,2,2,1,-6.0
2024,330,1,P005844   ,0.0,0.0,MCO,9,"PAPAGIANNIS, GEORGIOS",DNP,0,0,0,0,0,0,0,0,0,0,0,0,0,0,0,0,0,0,0.0
2024,330,1,P004132   ,1.0,0.0,MCO,10,"THEIS, DANIEL",27:38,12,4,6,1,1,1,1,2,6,8,0,0,2,0,1,5,2,12,4.0
2024,330,1,P011226   ,1.0,0.0,MCO,11,"DIALLO, ALPHA",27:14,19,5,9,3,4,0,0,1,2,3,2,0,2,0,0,5,1,13,9.0
2024,330,1,P002581   ,0.0,0.0,MCO,14,"JAITEH, MAM",12:09,1,0,1,0,0,1,2,4,1,5,0,0,2,1,0,2,3,4,-14.0
2024,330,1,P012515   ,0.0,0.0,MCO,22,"TARPEY, TERRY",DNP,0,0,0,0,0,0,0,0,0,0,0,0,0,0,0,0,0,0,0.0
2024,330,1,P013365   ,0.0,0.0,MCO,30,"BROWN, VITTO",DNP,0,0,0,0,0,0,0,0,0,0,0,0,0,0,0,0,0,0,0.0
2024,330,1,P008099   ,1.0,1.0,MCO,32,"STRAZEL, MATTHEW",17:59,13,2,5,2,2,3,4,3,0,3,1,1,3,0,1,3,3,10,-2.0
2024,330,1,P001932   ,0.0,0.0,MCO,33,"CALATHES, NICK",13:05,0,0,0,0,1,0,0,0,1,1,2,0,0,0,0,1,0,1,-2.0
2024,330,1,P005985   ,1.0,1.0,MCO,55,"JAMES, MIKE",29:20,17,4,12,2,7,3,4,0,5,5,2,0,2,0,0,3,6,11,-13.0
2024,330,1,Team,0.0,0.0,MCO,,Team,,0,0,0,0,0,0,0,3,0,3,0,0,1,0,0,0,0,2,
2024,330,1,Total,,,MCO,,Total,200:00,70,16,42,9,21,11,14,15,21,36,13,3,14,1,2,26,21,61,
2024,330,0,P005216   ,0.0,0.0,ULK,0,"MCCOLLUM, ERRICK",15:35,3,1,4,0,2,1,1,2,1,3,1,1,1,0,0,2,4,4,8.0
2024,330,0,P009863   ,0.0,0.0,ULK,2,"BALDWIN IV, WADE",27:25,13,3,9,2,4,1,2,0,2,2,3,1,0,0,0,4,2,8,13.0
2024,330,0,P002849   ,0.0,0.0,ULK,4,"MELLI, NICOLO",17:51,5,0,0,1,3,2,4,1,2,3,0,1,2,0,0,4,4,3,6.0
2024,330,0,P002968   ,0.0,0.0,ULK,5,"SANLI, SERTAC",01:36,0,0,0,0,0,0,0,0,0,0,0,0,0,0,0,1,0,-1,0.0
2024,330,0,P008962   ,1.0,1.0,ULK,11,"HAYES-DAVIS, NIGEL",36:40,23,3,11,1,2,14,14,2,7,9,1,2,1,1,1,2,7,30,17.0
2024,330,0,P006961   ,0.0,1.0,ULK,13,"BIBEROVIC, TARIK",17:56,3,1,1,0,3,1,2,0,1,1,0,0,1,0,0,2,1,-2,9.0
2024,330,0,P011205   ,1.0,1.0,ULK,20,"HALL, DEVON",27:01,13,3,5,2,3,1,1,2,1,3,3,1,0,0,0,3,1,15,-1.0
2024,330,0,P010560   ,0.0,0.0,ULK,21,"PIERRE, DYSHAWN",03:01,0,0,0,0,0,0,0,0,1,1,0,0,0,0,0,0,1,2,-4.0
2024,330,0,P004004   ,1.0,1.0,ULK,23,"GUDURIC, MARKO",28:45,19,4,5,3,5,2,2,2,4,6,0,2,0,0,0,2,5,27,11.0
2024,330,0,P013696   ,0.0,0.0,ULK,44,"BANGO, JILSON",DNP,0,0,0,0,0,0,0,0,0,0,0,0,0,0,0,0,0,0,0.0
2024,330,0,P009783   ,1.0,0.0,ULK,50,"COLSON, BONZIE",03:54,0,0,0,0,0,0,0,0,0,0,0,0,1,0,0,0,0,-1,-7.0
2024,330,0,P007182   ,1.0,1.0,ULK,92,"BIRCH, KHEM",20:16,2,1,3,0,0,0,0,3,3,6,0,0,1,1,0,3,0,3,3.0
2024,330,0,Team,0.0,0.0,ULK,,Team,,0,0,0,0,0,0,0,2,2,4,0,0,2,0,0,0,0,2,
2024,330,0,Total,,,ULK,,Total,200:00,81,16,38,9,22,22,26,14,24,38,8,8,9,2,1,23,25,90,
